drawing,source_id,assoc_type,target_id
C025-V-HA24-P-_E-001-01,SD16169F96CA45FCF3C006E8DBCFD2F,is a collection including,SC51D0D8CEBD621CC8DAC7335C40D22
C025-V-HA24-P-_E-001-01,S671DC19C631A477C122E22A476B335,is a collection including,S4AF961655AC717AF4689A0B5D350BB
C025-V-HA24-P-_E-001-01,SB95A3D3E9B6CD9083B24BE5059B349,is a collection including,SD0EE04E34C6480DA412C0BF0214372
C025-V-HA24-P-_E-001-01,SB1F19DA35808633A7B5216792B4A73,is a collection including,S5CC2A4673D605D38B888E33EE4C0D5
C025-V-HA24-P-_E-001-01,S9D257B78182F1AAE3CCDBB87D6DACB,is a collection including,SAD4F85613E904B0C980896E91F06DD
C025-V-HA24-P-_E-001-01,SA93C5428D8F071A6F034971E6A67FF,is a collection including,SADBDF25F2DE8CEF92CA5065D8CFE3D
C025-V-HA24-P-_E-001-01,S3A003BFCE36D40F6D2F92DCAC97A8C,is a collection including,SD4A89626B8AFD06ACB01EB9A99CB93
C025-V-HA24-P-_E-001-01,S4B6DEB181B33B8DEF95B32C39286EB,is a collection including,S1ABC70738D25EA5AF1A3C86F1A99A2
C025-V-HA24-P-_E-001-01,S59EC3CCBA499D1C3E5DF0009E54C7F,is a collection including,S286F3F09DD43BABDA0112AA3A451A1
C025-V-HA24-P-_E-001-01,S1DE295607A79A356415B421DFA80BF,is a collection including,S245FCF5FE0708B9D62BB9F9032E3B1
C025-V-HA24-P-_E-001-01,S9AE49F7486CBBDA0B57DDD0075F154,is a collection including,S9D619910F4E080D189959A26031866
C025-V-HA24-P-_E-001-01,SA6CEE2F606B4B2864024E8BB5A7B0B,is a collection including,SFE7072D7F7E7D8ED53F27B8CAD38EA
C025-V-HA24-P-_E-001-01,SE307811D1D109D624933F82A737F7F,is a collection including,S1C8E1C7CE0B1828662D9E2D8C480ED
C025-V-HA24-P-_E-001-01,S770EF288F97A2BF4264E2242E0BFDD,is a collection including,SEC2C454A4FF76A2F3D918B35538599
C025-V-HA24-P-_E-001-01,SBC298713E6E9986A38F18E5A0E731C,is a collection including,S1E072418AABA5F921E8B06772F16F1
C025-V-HA24-P-_E-001-01,S51F53C583D039B9ED6689B5CA1D305,is a collection including,SA05C5B2FE36B48CCAC0137291C2CA1
C025-V-HA24-P-_E-001-01,S7DD69220DE5A61A6E2B49DD8819420,is a collection including,S36E41A063A5C9395C0DBF8C8F49823
C025-V-HA24-P-_E-001-01,S3A303B27FF01BC599FC0B56BCC0D09,is a collection including,SAD81F06857B45DD79744A3E6C30B05
C025-V-HA24-P-_E-001-01,SD363AEFE20C4DD4CF9EF6C6C245B27,is a collection including,S5D3B27D205C3FC196F03858E28BD75
C025-V-HA24-P-_E-001-01,S78CF9CF46E7C9CB71A180E30FA8D85,is a collection including,S3D1CE26C26FCEFB3A1927C1AB3B538
C025-V-HA24-P-_E-001-01,S48C2E6F491A29A80B19E6BC0C54A75,is a collection including,SF6C39D06B1CC66846230914282C5E0
C025-V-HA24-P-_E-001-01,S291E6BF2F7A1BDBB8A662CDCDFE44D,is a collection including,S2F73E2F34CF7ECE96115C938E6CACD
C025-V-HA24-P-_E-001-01,SA8F1546FAC582921D9A6C33F0F249E,is a collection including,SFE895A4A02CB06E876F35C73CC290A
C025-V-HA24-P-_E-001-01,SF06CFD4494A066749AEDC4258DE6F3,is a collection including,SF09B12B5ECB184E172DBF8385236A4
C025-V-HA24-P-_E-001-01,S6A263A9D3547407D90746CD4A10998,fulfills,S5C5BFB131E1316A90E554A25AE087D
C025-V-HA24-P-_E-001-01,SC00065453CF1EF8F8F7D466032168B,refers to,S12411B07BE35428C4D5B29EC7A341C
C025-V-HA24-P-_E-001-01,SF72F2173282ADDF89B0F0EB3216E7E,fulfills,S372FF35C4CAF868572FE0F28CA8695
C025-V-HA24-P-_E-001-01,S11F3D94D5C4F50778EDBD4719D42F0,refers to,SCEFE61451CDD7AA81CE8E80FF2F12A
C025-V-HA24-P-_E-001-01,S3EEAF2E3BFCA557B576D8D3F1D3E20,fulfills,SF7368DDBBF92C85C37B0B41CA3069C
C025-V-HA24-P-_E-001-01,SA49D693C7AC0B583C23F26A8E973A6,refers to,S20B90F88E51B2A8444118DA79B90C3
C025-V-HA24-P-_E-001-01,SB74A3D02AB6A54696E63B8C1A2AB24,fulfills,S79C632796B9EB3BAAE6829457ACCB3
C025-V-HA24-P-_E-001-01,SAD4C9C226F30C095227F77A9573CA8,refers to,S8B28ABD3956F46DFF33F933DD5403D
C025-V-HA24-P-_E-001-01,S1033332067AC7202BE29EE4DBF1B76,fulfills,S10F430B54FE806FA47D302EE21E794
C025-V-HA24-P-_E-001-01,S28E45DAD045A14A21CE533D15E16B2,refers to,S4E997AB454ADE6515486A7AD4CC826
C025-V-HA24-P-_E-001-01,S9DEC94CF34E1B57511509282D06BF9,fulfills,S995048F37A4E7D812A2F69F161DBEB
C025-V-HA24-P-_E-001-01,SC753880C2BB95FDC99529D797EAB7E,refers to,S2E6AB3688B2CADFE694F3FA5854992
C025-V-HA24-P-_E-001-01,S25CF52484EA6503DF8B81539F5244F,fulfills,SA6DF1B8BB12065A3163C964698F4CF
C025-V-HA24-P-_E-001-01,SECE66FE1DE4AC8D896912169A35817,refers to,S47204DAE1EA551DEEE9650F5720476
C025-V-HA24-P-_E-001-01,SC768A8C3950A2E5FDF401B9E0E9663,is the location of,SAA7B19339F7F62D980BE50E98BAF80
C025-V-HA24-P-_E-001-01,S6F041F660CC3C365ABEC3A170EEA67,is the location of,SF3811B0D39096685044D5051A54305
C025-V-HA24-P-_E-001-01,S5E2F923CBE9E574BCC68BC2924F581,is the location of,S5C5BFB131E1316A90E554A25AE087D
C025-V-HA24-P-_E-001-01,S12411B07BE35428C4D5B29EC7A341C,is referenced by,SC00065453CF1EF8F8F7D466032168B
C025-V-HA24-P-_E-001-01,S298F38704F966CCD8131FFD2FA92B7,is the location of,SF7368DDBBF92C85C37B0B41CA3069C
C025-V-HA24-P-_E-001-01,S20B90F88E51B2A8444118DA79B90C3,is referenced by,SA49D693C7AC0B583C23F26A8E973A6
C025-V-HA24-P-_E-001-01,SE2F405FFD597478DDBDF9B885D006F,is the location of,S10F430B54FE806FA47D302EE21E794
C025-V-HA24-P-_E-001-01,S4E997AB454ADE6515486A7AD4CC826,is referenced by,S28E45DAD045A14A21CE533D15E16B2
C025-V-HA24-P-_E-001-01,S6542E76590C6C0296B87C93A474441,is the location of,S79C632796B9EB3BAAE6829457ACCB3
C025-V-HA24-P-_E-001-01,S8B28ABD3956F46DFF33F933DD5403D,is referenced by,SAD4C9C226F30C095227F77A9573CA8
C025-V-HA24-P-_E-001-01,S4851FDF798E9D94FC7FF156D1F4DA6,is the location of,SA6DF1B8BB12065A3163C964698F4CF
C025-V-HA24-P-_E-001-01,S47204DAE1EA551DEEE9650F5720476,is referenced by,SECE66FE1DE4AC8D896912169A35817
C025-V-HA24-P-_E-001-01,S53D9E777F32A35F9EE2805DBF38138,is the location of,SE71D1D99732C62D247F92546224B02
C025-V-HA24-P-_E-001-01,S8B6DF0C4876DA7F79D27885EE2ECD8,is the location of,SD5BE34FA531F2F9E0EB4DCA7DA9068
C025-V-HA24-P-_E-001-01,S6DEE36358696508DA65D0AC91A0C05,is the location of,SFC16E0BD699B56D043D841416808C6
C025-V-HA24-P-_E-001-01,SC51D0D8CEBD621CC8DAC7335C40D22,is a part of,SD16169F96CA45FCF3C006E8DBCFD2F
C025-V-HA24-P-_E-001-01,SC51D0D8CEBD621CC8DAC7335C40D22,is logical end of,S99CF9C34C50BD312A6A413C0815DAE
C025-V-HA24-P-_E-001-01,SC51D0D8CEBD621CC8DAC7335C40D22,is logical end of,SF264B7AD328385EBF68FC1E5946297
C025-V-HA24-P-_E-001-01,S4AF961655AC717AF4689A0B5D350BB,is a part of,S671DC19C631A477C122E22A476B335
C025-V-HA24-P-_E-001-01,S4AF961655AC717AF4689A0B5D350BB,is logical end of,SE9A29DB2ED04335B25CF6993452386
C025-V-HA24-P-_E-001-01,S4AF961655AC717AF4689A0B5D350BB,is logical end of,S7BA0153871E222005BDE65DD60D18F
C025-V-HA24-P-_E-001-01,SE9A29DB2ED04335B25CF6993452386,has logical start,SFE895A4A02CB06E876F35C73CC290A
C025-V-HA24-P-_E-001-01,SE9A29DB2ED04335B25CF6993452386,has logical end,S4AF961655AC717AF4689A0B5D350BB
C025-V-HA24-P-_E-001-01,SD0EE04E34C6480DA412C0BF0214372,is a part of,SB95A3D3E9B6CD9083B24BE5059B349
C025-V-HA24-P-_E-001-01,SD0EE04E34C6480DA412C0BF0214372,is logical start of,S8335C16AECED98B5E99B4DD763DFB0
C025-V-HA24-P-_E-001-01,S8335C16AECED98B5E99B4DD763DFB0,has logical start,SD0EE04E34C6480DA412C0BF0214372
C025-V-HA24-P-_E-001-01,S8335C16AECED98B5E99B4DD763DFB0,has logical end,SF09B12B5ECB184E172DBF8385236A4
C025-V-HA24-P-_E-001-01,S5CC2A4673D605D38B888E33EE4C0D5,is a part of,SB1F19DA35808633A7B5216792B4A73
C025-V-HA24-P-_E-001-01,S5CC2A4673D605D38B888E33EE4C0D5,is logical start of,SEE2209FA6955A83FC0108DDCF1202A
C025-V-HA24-P-_E-001-01,SAD4F85613E904B0C980896E91F06DD,is a part of,S9D257B78182F1AAE3CCDBB87D6DACB
C025-V-HA24-P-_E-001-01,SAD4F85613E904B0C980896E91F06DD,is logical start of,S86A2F7C13A9259813A826072551530
C025-V-HA24-P-_E-001-01,S86A2F7C13A9259813A826072551530,has logical start,SAD4F85613E904B0C980896E91F06DD
C025-V-HA24-P-_E-001-01,S86A2F7C13A9259813A826072551530,has logical end,S9D619910F4E080D189959A26031866
C025-V-HA24-P-_E-001-01,SADBDF25F2DE8CEF92CA5065D8CFE3D,is a part of,SA93C5428D8F071A6F034971E6A67FF
C025-V-HA24-P-_E-001-01,SADBDF25F2DE8CEF92CA5065D8CFE3D,is logical end of,S21B1247DEB23FF67DA05A5E13B2AD9
C025-V-HA24-P-_E-001-01,SD4A89626B8AFD06ACB01EB9A99CB93,is a part of,S3A003BFCE36D40F6D2F92DCAC97A8C
C025-V-HA24-P-_E-001-01,SD4A89626B8AFD06ACB01EB9A99CB93,is logical start of,S2BDBD624EF6B40FDBC046B31DB58C8
C025-V-HA24-P-_E-001-01,SD4A89626B8AFD06ACB01EB9A99CB93,is logical end of,S44DCD059B36E2AB138F7025078FD8E
C025-V-HA24-P-_E-001-01,S2BDBD624EF6B40FDBC046B31DB58C8,has logical start,SD4A89626B8AFD06ACB01EB9A99CB93
C025-V-HA24-P-_E-001-01,S2BDBD624EF6B40FDBC046B31DB58C8,has logical end,S36E41A063A5C9395C0DBF8C8F49823
C025-V-HA24-P-_E-001-01,S1ABC70738D25EA5AF1A3C86F1A99A2,is a part of,S4B6DEB181B33B8DEF95B32C39286EB
C025-V-HA24-P-_E-001-01,S1ABC70738D25EA5AF1A3C86F1A99A2,is logical end of,SB8AEDDDE920E464E88D6B514E5722B
C025-V-HA24-P-_E-001-01,S1ABC70738D25EA5AF1A3C86F1A99A2,is logical start of,S44DCD059B36E2AB138F7025078FD8E
C025-V-HA24-P-_E-001-01,SB8AEDDDE920E464E88D6B514E5722B,has logical start,S36D8841D6D782D73B74898DA453EC5
C025-V-HA24-P-_E-001-01,SB8AEDDDE920E464E88D6B514E5722B,has logical end,S1ABC70738D25EA5AF1A3C86F1A99A2
C025-V-HA24-P-_E-001-01,S44DCD059B36E2AB138F7025078FD8E,has logical start,S1ABC70738D25EA5AF1A3C86F1A99A2
C025-V-HA24-P-_E-001-01,S44DCD059B36E2AB138F7025078FD8E,has logical end,SD4A89626B8AFD06ACB01EB9A99CB93
C025-V-HA24-P-_E-001-01,S36D8841D6D782D73B74898DA453EC5,is logical start of,SB8AEDDDE920E464E88D6B514E5722B
C025-V-HA24-P-_E-001-01,S36D8841D6D782D73B74898DA453EC5,is located in,SEF468677AE3FCF3158875052A6C9FA
C025-V-HA24-P-_E-001-01,SEF468677AE3FCF3158875052A6C9FA,is the location of,S36D8841D6D782D73B74898DA453EC5
C025-V-HA24-P-_E-001-01,S6BD5B5556E10CEEF3956A3B592957B,is the location of,S372FF35C4CAF868572FE0F28CA8695
C025-V-HA24-P-_E-001-01,SCEFE61451CDD7AA81CE8E80FF2F12A,is referenced by,S11F3D94D5C4F50778EDBD4719D42F0
C025-V-HA24-P-_E-001-01,SE770ABB5D9F8050AB3E45E8A6E48CF,is the location of,S995048F37A4E7D812A2F69F161DBEB
C025-V-HA24-P-_E-001-01,S2E6AB3688B2CADFE694F3FA5854992,is referenced by,SC753880C2BB95FDC99529D797EAB7E
C025-V-HA24-P-_E-001-01,S286F3F09DD43BABDA0112AA3A451A1,is a part of,S59EC3CCBA499D1C3E5DF0009E54C7F
C025-V-HA24-P-_E-001-01,S286F3F09DD43BABDA0112AA3A451A1,is logical end of,SCE9C88C6C83D7A15CDBE2D6B76EEDD
C025-V-HA24-P-_E-001-01,S286F3F09DD43BABDA0112AA3A451A1,is logical end of,S250F9731484BD08EF77A841E91D232
C025-V-HA24-P-_E-001-01,S286F3F09DD43BABDA0112AA3A451A1,is logical end of,S249B229F39FCD7DA63C6882B40D2C2
C025-V-HA24-P-_E-001-01,SCE9C88C6C83D7A15CDBE2D6B76EEDD,has logical start,SA6DF1B8BB12065A3163C964698F4CF
C025-V-HA24-P-_E-001-01,SCE9C88C6C83D7A15CDBE2D6B76EEDD,has logical end,S286F3F09DD43BABDA0112AA3A451A1
C025-V-HA24-P-_E-001-01,S250F9731484BD08EF77A841E91D232,has logical start,SE7F85CCCD661EE22191322B6479D24
C025-V-HA24-P-_E-001-01,S250F9731484BD08EF77A841E91D232,has logical end,S286F3F09DD43BABDA0112AA3A451A1
C025-V-HA24-P-_E-001-01,S249B229F39FCD7DA63C6882B40D2C2,has logical end,S286F3F09DD43BABDA0112AA3A451A1
C025-V-HA24-P-_E-001-01,SE7F85CCCD661EE22191322B6479D24,is logical start of,S250F9731484BD08EF77A841E91D232
C025-V-HA24-P-_E-001-01,SE7F85CCCD661EE22191322B6479D24,is located in,SD8B412F29B8B8A7132D2AFC07251F8
C025-V-HA24-P-_E-001-01,SA6DF1B8BB12065A3163C964698F4CF,is logical start of,SCE9C88C6C83D7A15CDBE2D6B76EEDD
C025-V-HA24-P-_E-001-01,SA6DF1B8BB12065A3163C964698F4CF,is fulfilled by,S25CF52484EA6503DF8B81539F5244F
C025-V-HA24-P-_E-001-01,SA6DF1B8BB12065A3163C964698F4CF,is located in,S4851FDF798E9D94FC7FF156D1F4DA6
C025-V-HA24-P-_E-001-01,SD8B412F29B8B8A7132D2AFC07251F8,is the location of,SE7F85CCCD661EE22191322B6479D24
C025-V-HA24-P-_E-001-01,S245FCF5FE0708B9D62BB9F9032E3B1,is a part of,S1DE295607A79A356415B421DFA80BF
C025-V-HA24-P-_E-001-01,S245FCF5FE0708B9D62BB9F9032E3B1,is logical start of,S2C9DDC7FECCEC95FC97C6C802AFEA0
C025-V-HA24-P-_E-001-01,S245FCF5FE0708B9D62BB9F9032E3B1,is logical start of,SCA768FEDEC5FFC7557BC1626CC9C77
C025-V-HA24-P-_E-001-01,S245FCF5FE0708B9D62BB9F9032E3B1,is logical end of,SF188312F5D6B1749A88867B28202BF
C025-V-HA24-P-_E-001-01,S2C9DDC7FECCEC95FC97C6C802AFEA0,has logical start,S245FCF5FE0708B9D62BB9F9032E3B1
C025-V-HA24-P-_E-001-01,S2C9DDC7FECCEC95FC97C6C802AFEA0,has logical end,SF7368DDBBF92C85C37B0B41CA3069C
C025-V-HA24-P-_E-001-01,SCA768FEDEC5FFC7557BC1626CC9C77,has logical start,S245FCF5FE0708B9D62BB9F9032E3B1
C025-V-HA24-P-_E-001-01,SF188312F5D6B1749A88867B28202BF,has logical start,SFB58210D761F1D76D1A989015AA97B
C025-V-HA24-P-_E-001-01,SF188312F5D6B1749A88867B28202BF,has logical end,S245FCF5FE0708B9D62BB9F9032E3B1
C025-V-HA24-P-_E-001-01,SFB58210D761F1D76D1A989015AA97B,is logical start of,SF188312F5D6B1749A88867B28202BF
C025-V-HA24-P-_E-001-01,SFB58210D761F1D76D1A989015AA97B,is located in,S3C74E74567E4FBFEECC2568E5749CD
C025-V-HA24-P-_E-001-01,SF7368DDBBF92C85C37B0B41CA3069C,is logical end of,S2C9DDC7FECCEC95FC97C6C802AFEA0
C025-V-HA24-P-_E-001-01,SF7368DDBBF92C85C37B0B41CA3069C,is fulfilled by,S3EEAF2E3BFCA557B576D8D3F1D3E20
C025-V-HA24-P-_E-001-01,SF7368DDBBF92C85C37B0B41CA3069C,is located in,S298F38704F966CCD8131FFD2FA92B7
C025-V-HA24-P-_E-001-01,S3C74E74567E4FBFEECC2568E5749CD,is the location of,SFB58210D761F1D76D1A989015AA97B
C025-V-HA24-P-_E-001-01,S9D619910F4E080D189959A26031866,is a part of,S9AE49F7486CBBDA0B57DDD0075F154
C025-V-HA24-P-_E-001-01,S9D619910F4E080D189959A26031866,is logical end of,S86A2F7C13A9259813A826072551530
C025-V-HA24-P-_E-001-01,S9D619910F4E080D189959A26031866,is logical end of,S78D4969EC8FCEB1DF2783957FEE908
C025-V-HA24-P-_E-001-01,S78D4969EC8FCEB1DF2783957FEE908,has logical start,S79C632796B9EB3BAAE6829457ACCB3
C025-V-HA24-P-_E-001-01,S78D4969EC8FCEB1DF2783957FEE908,has logical end,S9D619910F4E080D189959A26031866
C025-V-HA24-P-_E-001-01,S79C632796B9EB3BAAE6829457ACCB3,is logical start of,S78D4969EC8FCEB1DF2783957FEE908
C025-V-HA24-P-_E-001-01,S79C632796B9EB3BAAE6829457ACCB3,is fulfilled by,SB74A3D02AB6A54696E63B8C1A2AB24
C025-V-HA24-P-_E-001-01,S79C632796B9EB3BAAE6829457ACCB3,is located in,S6542E76590C6C0296B87C93A474441
C025-V-HA24-P-_E-001-01,SFE7072D7F7E7D8ED53F27B8CAD38EA,is a part of,SA6CEE2F606B4B2864024E8BB5A7B0B
C025-V-HA24-P-_E-001-01,SFE7072D7F7E7D8ED53F27B8CAD38EA,is logical end of,SEE2209FA6955A83FC0108DDCF1202A
C025-V-HA24-P-_E-001-01,SFE7072D7F7E7D8ED53F27B8CAD38EA,is logical start of,S47A9116A25370257032BE8A8465C4D
C025-V-HA24-P-_E-001-01,SEE2209FA6955A83FC0108DDCF1202A,has logical start,S5CC2A4673D605D38B888E33EE4C0D5
C025-V-HA24-P-_E-001-01,SEE2209FA6955A83FC0108DDCF1202A,has logical end,SFE7072D7F7E7D8ED53F27B8CAD38EA
C025-V-HA24-P-_E-001-01,S47A9116A25370257032BE8A8465C4D,has logical start,SFE7072D7F7E7D8ED53F27B8CAD38EA
C025-V-HA24-P-_E-001-01,S47A9116A25370257032BE8A8465C4D,has logical end,S5C5BFB131E1316A90E554A25AE087D
C025-V-HA24-P-_E-001-01,S5C5BFB131E1316A90E554A25AE087D,is logical end of,S47A9116A25370257032BE8A8465C4D
C025-V-HA24-P-_E-001-01,S5C5BFB131E1316A90E554A25AE087D,is fulfilled by,S6A263A9D3547407D90746CD4A10998
C025-V-HA24-P-_E-001-01,S5C5BFB131E1316A90E554A25AE087D,is located in,S5E2F923CBE9E574BCC68BC2924F581
C025-V-HA24-P-_E-001-01,S1C8E1C7CE0B1828662D9E2D8C480ED,is a part of,SE307811D1D109D624933F82A737F7F
C025-V-HA24-P-_E-001-01,S1C8E1C7CE0B1828662D9E2D8C480ED,is logical start of,S99CF9C34C50BD312A6A413C0815DAE
C025-V-HA24-P-_E-001-01,S1C8E1C7CE0B1828662D9E2D8C480ED,is logical end of,S91EBB10400D4582384DAF4DB342E9D
C025-V-HA24-P-_E-001-01,S1C8E1C7CE0B1828662D9E2D8C480ED,is logical start of,SFC91A29F5FA0481BE5203EC9CFE0D9
C025-V-HA24-P-_E-001-01,S99CF9C34C50BD312A6A413C0815DAE,has logical start,S1C8E1C7CE0B1828662D9E2D8C480ED
C025-V-HA24-P-_E-001-01,S99CF9C34C50BD312A6A413C0815DAE,has logical end,SC51D0D8CEBD621CC8DAC7335C40D22
C025-V-HA24-P-_E-001-01,S91EBB10400D4582384DAF4DB342E9D,has logical end,S1C8E1C7CE0B1828662D9E2D8C480ED
C025-V-HA24-P-_E-001-01,SFC91A29F5FA0481BE5203EC9CFE0D9,has logical start,S1C8E1C7CE0B1828662D9E2D8C480ED
C025-V-HA24-P-_E-001-01,SFC91A29F5FA0481BE5203EC9CFE0D9,has logical end,S10F430B54FE806FA47D302EE21E794
C025-V-HA24-P-_E-001-01,S10F430B54FE806FA47D302EE21E794,is logical end of,SFC91A29F5FA0481BE5203EC9CFE0D9
C025-V-HA24-P-_E-001-01,S10F430B54FE806FA47D302EE21E794,is fulfilled by,S1033332067AC7202BE29EE4DBF1B76
C025-V-HA24-P-_E-001-01,S10F430B54FE806FA47D302EE21E794,is located in,SE2F405FFD597478DDBDF9B885D006F
C025-V-HA24-P-_E-001-01,SEC2C454A4FF76A2F3D918B35538599,is a part of,S770EF288F97A2BF4264E2242E0BFDD
C025-V-HA24-P-_E-001-01,SEC2C454A4FF76A2F3D918B35538599,is logical start of,SF264B7AD328385EBF68FC1E5946297
C025-V-HA24-P-_E-001-01,SEC2C454A4FF76A2F3D918B35538599,is logical end of,SEF3ED83E35F5FD393F2BA2E3C993FF
C025-V-HA24-P-_E-001-01,SF264B7AD328385EBF68FC1E5946297,has logical start,SEC2C454A4FF76A2F3D918B35538599
C025-V-HA24-P-_E-001-01,SF264B7AD328385EBF68FC1E5946297,has logical end,SC51D0D8CEBD621CC8DAC7335C40D22
C025-V-HA24-P-_E-001-01,SEF3ED83E35F5FD393F2BA2E3C993FF,has logical start,SAA7B19339F7F62D980BE50E98BAF80
C025-V-HA24-P-_E-001-01,SEF3ED83E35F5FD393F2BA2E3C993FF,has logical end,SEC2C454A4FF76A2F3D918B35538599
C025-V-HA24-P-_E-001-01,SAA7B19339F7F62D980BE50E98BAF80,is logical start of,SEF3ED83E35F5FD393F2BA2E3C993FF
C025-V-HA24-P-_E-001-01,SAA7B19339F7F62D980BE50E98BAF80,is located in,SC768A8C3950A2E5FDF401B9E0E9663
C025-V-HA24-P-_E-001-01,S1E072418AABA5F921E8B06772F16F1,is a part of,SBC298713E6E9986A38F18E5A0E731C
C025-V-HA24-P-_E-001-01,S1E072418AABA5F921E8B06772F16F1,is logical end of,S539F9EFB71A2E250C6861D9893890F
C025-V-HA24-P-_E-001-01,S1E072418AABA5F921E8B06772F16F1,is logical end of,SC88A7BEC2CBF0AB037E5EE3C4946A6
C025-V-HA24-P-_E-001-01,S539F9EFB71A2E250C6861D9893890F,has logical start,SF09B12B5ECB184E172DBF8385236A4
C025-V-HA24-P-_E-001-01,S539F9EFB71A2E250C6861D9893890F,has logical end,S1E072418AABA5F921E8B06772F16F1
C025-V-HA24-P-_E-001-01,SC88A7BEC2CBF0AB037E5EE3C4946A6,has logical start,SF3811B0D39096685044D5051A54305
C025-V-HA24-P-_E-001-01,SC88A7BEC2CBF0AB037E5EE3C4946A6,has logical end,S1E072418AABA5F921E8B06772F16F1
C025-V-HA24-P-_E-001-01,SF3811B0D39096685044D5051A54305,is logical start of,SC88A7BEC2CBF0AB037E5EE3C4946A6
C025-V-HA24-P-_E-001-01,SF3811B0D39096685044D5051A54305,is located in,S6F041F660CC3C365ABEC3A170EEA67
C025-V-HA24-P-_E-001-01,SA05C5B2FE36B48CCAC0137291C2CA1,is a part of,S51F53C583D039B9ED6689B5CA1D305
C025-V-HA24-P-_E-001-01,SA05C5B2FE36B48CCAC0137291C2CA1,is logical start of,S21B1247DEB23FF67DA05A5E13B2AD9
C025-V-HA24-P-_E-001-01,SA05C5B2FE36B48CCAC0137291C2CA1,is logical end of,S72AF464B01E356C8E955EA214EB91C
C025-V-HA24-P-_E-001-01,S21B1247DEB23FF67DA05A5E13B2AD9,has logical start,SA05C5B2FE36B48CCAC0137291C2CA1
C025-V-HA24-P-_E-001-01,S21B1247DEB23FF67DA05A5E13B2AD9,has logical end,SADBDF25F2DE8CEF92CA5065D8CFE3D
C025-V-HA24-P-_E-001-01,S72AF464B01E356C8E955EA214EB91C,has logical start,SFC16E0BD699B56D043D841416808C6
C025-V-HA24-P-_E-001-01,S72AF464B01E356C8E955EA214EB91C,has logical end,SA05C5B2FE36B48CCAC0137291C2CA1
C025-V-HA24-P-_E-001-01,SFC16E0BD699B56D043D841416808C6,is logical start of,S72AF464B01E356C8E955EA214EB91C
C025-V-HA24-P-_E-001-01,SFC16E0BD699B56D043D841416808C6,is located in,S6DEE36358696508DA65D0AC91A0C05
C025-V-HA24-P-_E-001-01,S36E41A063A5C9395C0DBF8C8F49823,is a part of,S7DD69220DE5A61A6E2B49DD8819420
C025-V-HA24-P-_E-001-01,S36E41A063A5C9395C0DBF8C8F49823,is logical end of,S7C9D0C3AD59A68B715E1A8F65D63F3
C025-V-HA24-P-_E-001-01,S36E41A063A5C9395C0DBF8C8F49823,is logical end of,S2BDBD624EF6B40FDBC046B31DB58C8
C025-V-HA24-P-_E-001-01,S7C9D0C3AD59A68B715E1A8F65D63F3,has logical start,SD5BE34FA531F2F9E0EB4DCA7DA9068
C025-V-HA24-P-_E-001-01,S7C9D0C3AD59A68B715E1A8F65D63F3,has logical end,S36E41A063A5C9395C0DBF8C8F49823
C025-V-HA24-P-_E-001-01,SD5BE34FA531F2F9E0EB4DCA7DA9068,is logical start of,S7C9D0C3AD59A68B715E1A8F65D63F3
C025-V-HA24-P-_E-001-01,SD5BE34FA531F2F9E0EB4DCA7DA9068,is located in,S8B6DF0C4876DA7F79D27885EE2ECD8
C025-V-HA24-P-_E-001-01,SAD81F06857B45DD79744A3E6C30B05,is a part of,S3A303B27FF01BC599FC0B56BCC0D09
C025-V-HA24-P-_E-001-01,SAD81F06857B45DD79744A3E6C30B05,is logical start of,S87C88924CB4FE5AC572A69038246FA
C025-V-HA24-P-_E-001-01,S5D3B27D205C3FC196F03858E28BD75,is a part of,SD363AEFE20C4DD4CF9EF6C6C245B27
C025-V-HA24-P-_E-001-01,S5D3B27D205C3FC196F03858E28BD75,is logical start of,S9052EC62C82A658B8C2E26F2898B3F
C025-V-HA24-P-_E-001-01,S3D1CE26C26FCEFB3A1927C1AB3B538,is a part of,S78CF9CF46E7C9CB71A180E30FA8D85
C025-V-HA24-P-_E-001-01,S3D1CE26C26FCEFB3A1927C1AB3B538,is logical end of,SDACFA257895A78152313956666D0C6
C025-V-HA24-P-_E-001-01,SDACFA257895A78152313956666D0C6,has logical start,SE71D1D99732C62D247F92546224B02
C025-V-HA24-P-_E-001-01,SDACFA257895A78152313956666D0C6,has logical end,S3D1CE26C26FCEFB3A1927C1AB3B538
C025-V-HA24-P-_E-001-01,SE71D1D99732C62D247F92546224B02,is logical start of,SDACFA257895A78152313956666D0C6
C025-V-HA24-P-_E-001-01,SE71D1D99732C62D247F92546224B02,is located in,S53D9E777F32A35F9EE2805DBF38138
C025-V-HA24-P-_E-001-01,SF6C39D06B1CC66846230914282C5E0,is a part of,S48C2E6F491A29A80B19E6BC0C54A75
C025-V-HA24-P-_E-001-01,SF6C39D06B1CC66846230914282C5E0,is logical end of,S9D3C042180A58894F904D406D01826
C025-V-HA24-P-_E-001-01,S2F73E2F34CF7ECE96115C938E6CACD,is a part of,S291E6BF2F7A1BDBB8A662CDCDFE44D
C025-V-HA24-P-_E-001-01,S2F73E2F34CF7ECE96115C938E6CACD,is logical start of,SBBEE325DD3B3E8C145364AA8E1EB31
C025-V-HA24-P-_E-001-01,S2F73E2F34CF7ECE96115C938E6CACD,is logical end of,S87C88924CB4FE5AC572A69038246FA
C025-V-HA24-P-_E-001-01,S2F73E2F34CF7ECE96115C938E6CACD,is logical start of,S7BA0153871E222005BDE65DD60D18F
C025-V-HA24-P-_E-001-01,SBBEE325DD3B3E8C145364AA8E1EB31,has logical start,S2F73E2F34CF7ECE96115C938E6CACD
C025-V-HA24-P-_E-001-01,SBBEE325DD3B3E8C145364AA8E1EB31,has logical end,S995048F37A4E7D812A2F69F161DBEB
C025-V-HA24-P-_E-001-01,S87C88924CB4FE5AC572A69038246FA,has logical start,SAD81F06857B45DD79744A3E6C30B05
C025-V-HA24-P-_E-001-01,S87C88924CB4FE5AC572A69038246FA,has logical end,S2F73E2F34CF7ECE96115C938E6CACD
C025-V-HA24-P-_E-001-01,S7BA0153871E222005BDE65DD60D18F,has logical start,S2F73E2F34CF7ECE96115C938E6CACD
C025-V-HA24-P-_E-001-01,S7BA0153871E222005BDE65DD60D18F,has logical end,S4AF961655AC717AF4689A0B5D350BB
C025-V-HA24-P-_E-001-01,S995048F37A4E7D812A2F69F161DBEB,is logical end of,SBBEE325DD3B3E8C145364AA8E1EB31
C025-V-HA24-P-_E-001-01,S995048F37A4E7D812A2F69F161DBEB,is fulfilled by,S9DEC94CF34E1B57511509282D06BF9
C025-V-HA24-P-_E-001-01,S995048F37A4E7D812A2F69F161DBEB,is located in,SE770ABB5D9F8050AB3E45E8A6E48CF
C025-V-HA24-P-_E-001-01,SFE895A4A02CB06E876F35C73CC290A,is a part of,SA8F1546FAC582921D9A6C33F0F249E
C025-V-HA24-P-_E-001-01,SFE895A4A02CB06E876F35C73CC290A,is logical start of,S546F5E9FCDA4DB6340AF4D6B9DC7F2
C025-V-HA24-P-_E-001-01,SFE895A4A02CB06E876F35C73CC290A,is logical start of,SE9A29DB2ED04335B25CF6993452386
C025-V-HA24-P-_E-001-01,SFE895A4A02CB06E876F35C73CC290A,is logical end of,S9052EC62C82A658B8C2E26F2898B3F
C025-V-HA24-P-_E-001-01,S546F5E9FCDA4DB6340AF4D6B9DC7F2,has logical start,SFE895A4A02CB06E876F35C73CC290A
C025-V-HA24-P-_E-001-01,S546F5E9FCDA4DB6340AF4D6B9DC7F2,has logical end,S372FF35C4CAF868572FE0F28CA8695
C025-V-HA24-P-_E-001-01,S9052EC62C82A658B8C2E26F2898B3F,has logical start,S5D3B27D205C3FC196F03858E28BD75
C025-V-HA24-P-_E-001-01,S9052EC62C82A658B8C2E26F2898B3F,has logical end,SFE895A4A02CB06E876F35C73CC290A
C025-V-HA24-P-_E-001-01,S372FF35C4CAF868572FE0F28CA8695,is logical end of,S546F5E9FCDA4DB6340AF4D6B9DC7F2
C025-V-HA24-P-_E-001-01,S372FF35C4CAF868572FE0F28CA8695,is fulfilled by,SF72F2173282ADDF89B0F0EB3216E7E
C025-V-HA24-P-_E-001-01,S372FF35C4CAF868572FE0F28CA8695,is located in,S6BD5B5556E10CEEF3956A3B592957B
C025-V-HA24-P-_E-001-01,SF09B12B5ECB184E172DBF8385236A4,is a part of,SF06CFD4494A066749AEDC4258DE6F3
C025-V-HA24-P-_E-001-01,SF09B12B5ECB184E172DBF8385236A4,is logical start of,S539F9EFB71A2E250C6861D9893890F
C025-V-HA24-P-_E-001-01,SF09B12B5ECB184E172DBF8385236A4,is logical end of,S8335C16AECED98B5E99B4DD763DFB0
C025-V-HA24-P-_E-001-01,SF09B12B5ECB184E172DBF8385236A4,is logical start of,S9D3C042180A58894F904D406D01826
C025-V-HA24-P-_E-001-01,S9D3C042180A58894F904D406D01826,has logical start,SF09B12B5ECB184E172DBF8385236A4
C025-V-HA24-P-_E-001-01,S9D3C042180A58894F904D406D01826,has logical end,SF6C39D06B1CC66846230914282C5E0
C025-V-HO27-P-_E-001-01,S65D2ADF4E49FD03FE33AEFD949DF65,is a collection including,S4602D8E4E948C06C554378223E7C12
C025-V-HO27-P-_E-001-01,S4B929D61ADC7931EE2CFC3A0C46358,is a collection including,S6DA0FE0E4B9CDD01866F8AE6236FB7
C025-V-HO27-P-_E-001-01,S3E63234A2FC4BBD8EFEAE65D0A2FEA,is a collection including,S53EB4B01A3B983153947D78BE78779
C025-V-HO27-P-_E-001-01,S1E2AD464A81BBC71DEC8E1E1CED4E4,is a collection including,S20B298B02556031F5021888D17E28C
C025-V-HO27-P-_E-001-01,S78B14B698C85E72524C986AF5E370A,is a collection including,S21CB11B2BC10A42265C8DC015CC401
C025-V-HO27-P-_E-001-01,S115740963A1BC96414D22BF5ABFEE0,is a collection including,S84F01F46215C2AE5EC6940E45B5B14
C025-V-HO27-P-_E-001-01,SA52C35B6A1E19498F8281C34209949,is a collection including,S665B17A84BD218E8A3942728E4D321
C025-V-HO27-P-_E-001-01,S3404B5437E178ECADA2D7AC7281BA4,is a collection including,S6D533E5A63745838BA094F1769FF21
C025-V-HO27-P-_E-001-01,SC96E888B0158C16D54B7789818B773,is a collection including,SBC5D7881E8E1AEE977A611193AD5DF
C025-V-HO27-P-_E-001-01,S4F0A79C46C183A5C60C005BD929A44,is a collection including,SF8BB1B084AA809FD040724AA89E040
C025-V-HO27-P-_E-001-01,S42F403259DA7DB5EAC5570AD0D1350,is a collection including,SE4A5B7CF8A648454D4345924B007CE
C025-V-HO27-P-_E-001-01,S726B69567CB4B1AB5A91D32700D264,is a collection including,SBBDA6CEB81FAE08710A7024CC08768
C025-V-HO27-P-_E-001-01,S87997F60A64F3F3C11D3B150D14057,is a collection including,S70A48D0FA97ECB086CDF2DAAC43A93
C025-V-HO27-P-_E-001-01,SB3086CF9FDD4318B0C78F6E285BF74,is a collection including,S3BA04636DD5981F58EA6230C46BC4F
C025-V-HO27-P-_E-001-01,SE4DA6FDD6A7FECBBAD3D2E5CD0094C,is a collection including,SDE3EF697249E4CED4E92FE8E025898
C025-V-HO27-P-_E-001-01,S7C314750BD58B5005231A173091996,is a collection including,S631FDFF2BCA361CF02F526686FF1EA
C025-V-HO27-P-_E-001-01,SD9BBDCBAB3CB1976A15374BA385441,is a collection including,SBB0928CF6F9FAD5244FD2D3B7891B6
C025-V-HO27-P-_E-001-01,SA3CB9FE59ED81086178E45DC023CBC,is a collection including,S831E3C8D2670320988AB1212DA71F7
C025-V-HO27-P-_E-001-01,S3D60A57AC9AAA5A3B26F0166E299D4,is a collection including,SE434F20B14FA71E9E9E23D615C5DE7
C025-V-HO27-P-_E-001-01,S898D584F2FFAC5A62E916B85670D63,is a collection including,S54AD2BF418455843322C4FD68255A6
C025-V-HO27-P-_E-001-01,S8B322C6758DC2DB7C6A3E190A779DD,is a collection including,S4623C0847D1C1DC6881837ABDD75F0
C025-V-HO27-P-_E-001-01,S714EF362781820A62F15A3CD846014,is a collection including,SA7D5A482E94B0046761DD7D9F4AC58
C025-V-HO27-P-_E-001-01,S6BDA0B76A1A865E5E660E2237A930B,is a collection including,SDB7D353B175EFE53D4A73DB8C84307
C025-V-HO27-P-_E-001-01,S433234C3A27903C310BC10910631F3,is a collection including,SA42860C118E0D131B66744706BDF6B
C025-V-HO27-P-_E-001-01,S48975871BB78E06810972BDCD84EA8,is a collection including,S7EB121CEEAA0C0A533C6DC494E9437
C025-V-HO27-P-_E-001-01,S610AC98DBB07AF79516DF6718DDC8A,is a collection including,SEFEC53A000E154EDEBF89B39BBF7AB
C025-V-HO27-P-_E-001-01,S535099DA9E24F9CD14C1838E4F6F94,is a collection including,S68252D4407782FBEDE3EB9221DF892
C025-V-HO27-P-_E-001-01,S7121E7514EBBD228A5D2CAD9F16708,is a collection including,S694D58AE7F83F2DDBA85DDE3B275E3
C025-V-HO27-P-_E-001-01,S4511A70EA7A272B61D577A29DF9B0B,is a collection including,SF0284D923D5DD4E663860A8F2D59CA
C025-V-HO27-P-_E-001-01,S6B56A60F6DBA8C691FBE7CE4BDD57B,is a collection including,SFBCBB7CAFBD57ECE968983243FAC24
C025-V-HO27-P-_E-001-01,SA25CE64B902C8A74166388CD3A3B6F,is a collection including,S44CB9081BF88DE1E3E2EDD7E865127
C025-V-HO27-P-_E-001-01,S4E60BAD0C43558A2A7A1FA8860EFA6,is a collection including,S9B91AB5EA8905DFDE222EAF6AC3B93
C025-V-HO27-P-_E-001-01,S615BA1B4DCD066DE5914867F7E8BB7,is a collection including,S6F7408CC9D6A2AD5B1573B08BF8E39
C025-V-HO27-P-_E-001-01,S7AD466620AD35288CC0F4421628402,is a collection including,S6342328471520017A9480C238B75FE
C025-V-HO27-P-_E-001-01,SC92000F7FB4984F9CC69A44F2A5DB3,is a collection including,S90A95B2009740EE72287CA29892559
C025-V-HO27-P-_E-001-01,S546DF5CF333D829B0CBD6E81F4C16A,is a collection including,SD2121B8218A58335AB8A8D7A7BA874
C025-V-HO27-P-_E-001-01,S1DDC92A8099FD4327D3D0BFC8AB698,is a collection including,SE2CA2FBBDC5DE259CA447E449B8855
C025-V-HO27-P-_E-001-01,SD0B9B5F654849AAF287AC8B608AB7B,is a collection including,SD977C2B42E7B87F77A410059A9A54A
C025-V-HO27-P-_E-001-01,SDDF9AF4E78A63A3A871EFF8514B248,is a collection including,S9FBD09304A2010C234A8C5708EDBCC
C025-V-HO27-P-_E-001-01,SC323EC33B6574100510AB8765C0E42,is a collection including,SE00E04A90381EC57770A59E6799476
C025-V-HO27-P-_E-001-01,S6708D3F862E160268AD51E723453DA,is a collection including,S2D3D1D27B2287BE75F2D6E26594B68
C025-V-HO27-P-_E-001-01,S2898CD40F78BD4392B4251E4603BC4,is a collection including,S3985D791ABB05EA01AF9CF11BB36AB
C025-V-HO27-P-_E-001-01,S69EC42BDF2FF1FD73490537D89CE7E,is a collection including,S6E87B8030AEE10C8DEEA2637B3D8B5
C025-V-HO27-P-_E-001-01,S40EC008943D07179EFD31B590FC7F9,is a collection including,S3D40F9BEA6B86522DCC423E8E2A598
C025-V-HO27-P-_E-001-01,SEF5E076BB65BC4D168E82AD3E116ED,is a collection including,S7A8D189644D041CA44ECFDD298FD1D
C025-V-HO27-P-_E-001-01,S1A25E2B003F3534891740C34D18F43,is a collection including,SD77B482699C7A858E636CA204A7AF4
C025-V-HO27-P-_E-001-01,S141FCF9BDF7A5D6CED9BCA962D19FD,is a collection including,SE7AA5C5511F9BB7C85B99376276309
C025-V-HO27-P-_E-001-01,S4BD04C3AF2ADD857627ECBCC82B81E,is a collection including,SFD95707F7FFF054C7FB651A558572A
C025-V-HO27-P-_E-001-01,S79D86EE5DE16AF8580628B891ED8EB,is a collection including,S170BD9BD04B62F61D7E5452861AA47
C025-V-HO27-P-_E-001-01,S402ADF67E305D134BB43DA8D26644C,is a collection including,S8A99420B85274EBEE00C6EFA1A5E76
C025-V-HO27-P-_E-001-01,SA14181FE823B95AF5FC1555FCB0C88,is a collection including,S99A1D1CD6204795465AA61B8707E79
C025-V-HO27-P-_E-001-01,SBC5F961ECB037E08898D738DD41BCC,is a collection including,S47CFB396E37E008834814BA95B8C06
C025-V-HO27-P-_E-001-01,S62B0E6F4490DF15B6E0E65799CB082,is a collection including,S2A6D9C47DAB32BE4CCACCE9E2C0BB6
C025-V-HO27-P-_E-001-01,S8DE242E65396B391B4AB56A95ED000,is a collection including,S2706AD38187472289B8DE839E1334B
C025-V-HO27-P-_E-001-01,SBD6F9DD0F8F2C979D7BD36D29D6C9F,is a collection including,S9D25386B0DDC7CC10D9A4B1EE0ECF3
C025-V-HO27-P-_E-001-01,S8D7ECD956D21CCEF00E5ABEF1B2C1E,is a collection including,SC1BC27318E58833B4C3FC1C96D8AA4
C025-V-HO27-P-_E-001-01,SCCE19528F55BF6CE0DC06AC424C11F,is a collection including,S57CE682289CFFA41583DF51E54062A
C025-V-HO27-P-_E-001-01,S2C20F6CCD0987C864B1FE7D2813270,is a collection including,S872AB7442E0E1B242315377D599225
C025-V-HO27-P-_E-001-01,S87FC996ED721300554897C540C042D,is a collection including,S394BE1C3082446F6386858432632F7
C025-V-HO27-P-_E-001-01,SB1AF46271902F57ED96A5EB81A43D8,is a collection including,S366305206B5F57461AB54D688D7A7B
C025-V-HO27-P-_E-001-01,S9DDAD1333F9C02B16CF858736F8894,is a collection including,S776B097475EADCB5DD89D2FBE34B38
C025-V-HO27-P-_E-001-01,S20547B0A416113074E4E7855652DAA,is a collection including,S12E7D562701339C2659F21676AC886
C025-V-HO27-P-_E-001-01,S2A01EBB8A1432F603DFE48FB53E174,is a collection including,S16F6D7581D51CA85AB5753F1BB0EAB
C025-V-HO27-P-_E-001-01,S132CEDE3E88941780FE8C28AF8100D,is a collection including,SA98627314AB073663CBFC2D3C00CB9
C025-V-HO27-P-_E-001-01,SE9F966A15ED066D9FE7130A9BD2196,is a collection including,SC48621565B6D57F55637C11D10D204
C025-V-HO27-P-_E-001-01,SC13E0198159A34D2BB98C3C4C3B6DB,is a collection including,SECF74967D5939D1B35E6419024DE78
C025-V-HO27-P-_E-001-01,S45CA1912A18E5102152FB506D96232,fulfills,S1471B6973B3301156610F3C4D2CBF7
C025-V-HO27-P-_E-001-01,S6991C39C4506B6DC784C6019D6C915,refers to,S7193FDDF138A9797265885FEB6B2C1
C025-V-HO27-P-_E-001-01,S52169825741F2799CFD3B0716FD90B,fulfills,S436AF005E9B52DAC254BE17312F396
C025-V-HO27-P-_E-001-01,S13201F402DEAAB35E7A51E1506228D,refers to,S21D469BFC033A2CE60AB40B6929A99
C025-V-HO27-P-_E-001-01,SCFC1DCFE1EDDC51138DEA8013600E8,fulfills,S233EB17A4F92122DDA2148EE0B3268
C025-V-HO27-P-_E-001-01,S36666B1913AE4D09EC0E61BDAF7CD1,refers to,SBA4EF7253D9120FE6AEAD45A6B6E4C
C025-V-HO27-P-_E-001-01,S183AB6863AE1AE7B9B14EEE355C4E2,fulfills,S40CB80ACC34CB0A81EF36B2E8C7F1F
C025-V-HO27-P-_E-001-01,SC208E43F64EACB58C641FEC3569FD6,refers to,SFEF2BE7345B11827499C2911081152
C025-V-HO27-P-_E-001-01,S1E7E20A37ED9BA19C6F460EC26280C,fulfills,SAFACA01E80F612627109E3B84374A4
C025-V-HO27-P-_E-001-01,SD84CD6F7C462DBA8BD863A1F830C5E,refers to,SF728F94E3DCF234FD93591652DEE69
C025-V-HO27-P-_E-001-01,S892161AF607BE2BACDCD3E156DE3FC,refers to,S876609E4D0D26DEB28351672282E12
C025-V-HO27-P-_E-001-01,S9B27B385A449AB16E1C0A69C338E3D,fulfills,SFA707D0880350312022245D068361C
C025-V-HO27-P-_E-001-01,S33282BB791209640F2F8A866D5F659,refers to,S45E61521D85680804DDD3E2AC294F5
C025-V-HO27-P-_E-001-01,S58E7E42A8FE80591F637941EE1E23A,fulfills,SF7B67545801A1DC830614337EE248A
C025-V-HO27-P-_E-001-01,S99DDB893AEEDDA0945DD233F9D9487,refers to,SEEDDE62A31BCCC934113842309CC31
C025-V-HO27-P-_E-001-01,S30CCC13558411BC91F3A5694EC954B,fulfills,S595BF9DFFFFD4854D78D1F9FACE333
C025-V-HO27-P-_E-001-01,SADC248B44FAD42AEF6885F0533799D,refers to,S1144134C61E39513E4EBE5D4ABD9A2
C025-V-HO27-P-_E-001-01,SA5A096926B73F8CD9B5A122F07D523,fulfills,S491431DDF94B9E4838E63A8412F1A3
C025-V-HO27-P-_E-001-01,S4322313E379947FDD6AEAA1FFF6C73,refers to,SAC5A35018EE23670D71DDBE21EB28E
C025-V-HO27-P-_E-001-01,S4FDC25F268DA6E8FC161636E2A648A,fulfills,S9FF6DC613D695E89726A5065C6A3F0
C025-V-HO27-P-_E-001-01,S330DEB29CF710065EE92EF5293F7EF,refers to,S2197F24F1315F2DC81965FF751C7AF
C025-V-HO27-P-_E-001-01,S7ADCA5F5B6E84611A9EE8F7951092C,fulfills,S2FF7613672BA9DCD25FD8B777AB40F
C025-V-HO27-P-_E-001-01,S617EB17094FEB5A3534363252F5E70,refers to,S5426F8A64202B5C086BF5BE95CEBF1
C025-V-HO27-P-_E-001-01,S99972376767506320F7E5F1CC91411,is the location of,SAFACA01E80F612627109E3B84374A4
C025-V-HO27-P-_E-001-01,S99972376767506320F7E5F1CC91411,is the location of,S1471B6973B3301156610F3C4D2CBF7
C025-V-HO27-P-_E-001-01,SF728F94E3DCF234FD93591652DEE69,is referenced by,SD84CD6F7C462DBA8BD863A1F830C5E
C025-V-HO27-P-_E-001-01,SF728F94E3DCF234FD93591652DEE69,is the location of,SA1F838A1042E48743ED1AFE5A296E0
C025-V-HO27-P-_E-001-01,S7193FDDF138A9797265885FEB6B2C1,is referenced by,S6991C39C4506B6DC784C6019D6C915
C025-V-HO27-P-_E-001-01,S876609E4D0D26DEB28351672282E12,is referenced by,S892161AF607BE2BACDCD3E156DE3FC
C025-V-HO27-P-_E-001-01,S5C1EBE81D3E5F82702329A086A6CB7,is the location of,S595BF9DFFFFD4854D78D1F9FACE333
C025-V-HO27-P-_E-001-01,S5C1EBE81D3E5F82702329A086A6CB7,is the location of,S436AF005E9B52DAC254BE17312F396
C025-V-HO27-P-_E-001-01,S21D469BFC033A2CE60AB40B6929A99,is referenced by,S13201F402DEAAB35E7A51E1506228D
C025-V-HO27-P-_E-001-01,S1144134C61E39513E4EBE5D4ABD9A2,is referenced by,SADC248B44FAD42AEF6885F0533799D
C025-V-HO27-P-_E-001-01,SE5A24BC753D6A28D7E2A1CDC22C6FB,is the location of,S895769A9348776629D431F55BF1318
C025-V-HO27-P-_E-001-01,SEBC3B85A954DD562BF34C293EBC4C6,is the location of,S1996158DDF6781BA15A54584BCF116
C025-V-HO27-P-_E-001-01,S2365A97C7D3CF8BA37301260605629,is the location of,SB46BF999DC2376B267883ADBBA0871
C025-V-HO27-P-_E-001-01,S101B900724657EE4FA645BBAC0BA9C,is the location of,S1016E45C5739319F939801CAD3981A
C025-V-HO27-P-_E-001-01,S821FD6007C1DCBE15C5A46E9A73E9C,is the location of,SAFA840D795EB2D4B4FE31DE303E454
C025-V-HO27-P-_E-001-01,S3FCB4987F6ABC179FA1FD39E11EAEA,is the location of,SE2CF2678DB129AE29ADB6DF386DC74
C025-V-HO27-P-_E-001-01,S4C4252B7892E0A423E12AF9828D138,is the location of,S964381E3016A461E03E54F31D2AEF5
C025-V-HO27-P-_E-001-01,S24C2648F40C34FCDB21A313D0BF03F,is the location of,SE5827C9ECC786C58E01AC2D78D0E02
C025-V-HO27-P-_E-001-01,S868145057AE7C332B0425BE435DDE6,is the location of,S6B0C3FFA7A596E6B61FCC752978124
C025-V-HO27-P-_E-001-01,S3CDE13BB36BFB4CBB5C9F2BFE45575,is the location of,S9FF6DC613D695E89726A5065C6A3F0
C025-V-HO27-P-_E-001-01,S2197F24F1315F2DC81965FF751C7AF,is referenced by,S330DEB29CF710065EE92EF5293F7EF
C025-V-HO27-P-_E-001-01,S66995B45AA1A36CB9CCFAD6A4F5615,is the location of,SE6AB05B98DA68A886EE3F24532568E
C025-V-HO27-P-_E-001-01,SA1FBCDFF094B48628EEBB618EB5FCF,is the location of,SC40F0585058551EBEA6F3F50B20A66
C025-V-HO27-P-_E-001-01,S63C7A59AF29725F8759AB79C2A5934,is the location of,SF7B67545801A1DC830614337EE248A
C025-V-HO27-P-_E-001-01,SEEDDE62A31BCCC934113842309CC31,is referenced by,S99DDB893AEEDDA0945DD233F9D9487
C025-V-HO27-P-_E-001-01,SF5CCB990A0A79957B2C2599CFFDF83,is the location of,SDBC308DDAD73067281C997E4480051
C025-V-HO27-P-_E-001-01,SDA789D966EB416076C701FF1AEB6D2,is the location of,S5C73D4B4FC86EBED4D6E35415EBFE9
C025-V-HO27-P-_E-001-01,SA7ECE69A26A8C1FA448AC9C2DAF333,is the location of,S233EB17A4F92122DDA2148EE0B3268
C025-V-HO27-P-_E-001-01,SBA4EF7253D9120FE6AEAD45A6B6E4C,is referenced by,S36666B1913AE4D09EC0E61BDAF7CD1
C025-V-HO27-P-_E-001-01,SABA036CBC5E23B7F037F7848061C88,is the location of,S5E501AE244E42F74DC0FFC3D54E72F
C025-V-HO27-P-_E-001-01,S754A2BC836ABFD8FE1ADA56843E2CF,is the location of,SC0527E10C34CA383191C32D7841B65
C025-V-HO27-P-_E-001-01,SADCACD5045BBD21AABC578CF498E0C,is the location of,SF990031863CD73B11F52A7E86486C9
C025-V-HO27-P-_E-001-01,SFF3200B668A1A6791027E623F07F86,is the location of,S64132D34B7D942347652DC65383D2C
C025-V-HO27-P-_E-001-01,SFBC468C23070822F9F544B35FD8B39,is the location of,SD744B077D0F756DC5941FE92404B7E
C025-V-HO27-P-_E-001-01,S1FD5DC3F097D2420B40D6AAB7C5B8C,is the location of,SDBD0EA644E7EEECD612FCD2F5F536F
C025-V-HO27-P-_E-001-01,SC8FF7596690E4390FC4763D2A920CA,is the location of,S9200544E81074D71C1D7DB6953A975
C025-V-HO27-P-_E-001-01,SCB3FA9E367E1772514D7C103EDE1BF,is the location of,S82443731E1CADC9DE1C262647C07FD
C025-V-HO27-P-_E-001-01,S4602D8E4E948C06C554378223E7C12,is a part of,S65D2ADF4E49FD03FE33AEFD949DF65
C025-V-HO27-P-_E-001-01,S4602D8E4E948C06C554378223E7C12,is logical end of,SFECAB88A79175469825A1A0060415D
C025-V-HO27-P-_E-001-01,S6DA0FE0E4B9CDD01866F8AE6236FB7,is a part of,S4B929D61ADC7931EE2CFC3A0C46358
C025-V-HO27-P-_E-001-01,S6DA0FE0E4B9CDD01866F8AE6236FB7,is logical end of,SCC449DDA7A5123DA49E9EFC4D3618E
C025-V-HO27-P-_E-001-01,S53EB4B01A3B983153947D78BE78779,is a part of,S3E63234A2FC4BBD8EFEAE65D0A2FEA
C025-V-HO27-P-_E-001-01,S53EB4B01A3B983153947D78BE78779,is logical end of,S1F33FEADD8ADBDF079516AC63A70E9
C025-V-HO27-P-_E-001-01,S20B298B02556031F5021888D17E28C,is a part of,S1E2AD464A81BBC71DEC8E1E1CED4E4
C025-V-HO27-P-_E-001-01,S20B298B02556031F5021888D17E28C,is logical start of,SF1CB9DCBD3E3814839D36137D24ACA
C025-V-HO27-P-_E-001-01,S21CB11B2BC10A42265C8DC015CC401,is a part of,S78B14B698C85E72524C986AF5E370A
C025-V-HO27-P-_E-001-01,S21CB11B2BC10A42265C8DC015CC401,is logical start of,S4665C3D6194857E5AE357B63FE8E8C
C025-V-HO27-P-_E-001-01,S21CB11B2BC10A42265C8DC015CC401,is logical start of,SD4665C6A30D21CAE2E85BEC160A54E
C025-V-HO27-P-_E-001-01,SD4665C6A30D21CAE2E85BEC160A54E,has logical start,S21CB11B2BC10A42265C8DC015CC401
C025-V-HO27-P-_E-001-01,SD4665C6A30D21CAE2E85BEC160A54E,has logical end,S9FBD09304A2010C234A8C5708EDBCC
C025-V-HO27-P-_E-001-01,S84F01F46215C2AE5EC6940E45B5B14,is a part of,S115740963A1BC96414D22BF5ABFEE0
C025-V-HO27-P-_E-001-01,S84F01F46215C2AE5EC6940E45B5B14,is logical start of,SD74A663AD5B84B0C2C9476CBE29171
C025-V-HO27-P-_E-001-01,S84F01F46215C2AE5EC6940E45B5B14,is logical end of,S4172CAF2788A340CBEB12714B7682C
C025-V-HO27-P-_E-001-01,SD74A663AD5B84B0C2C9476CBE29171,has logical start,S84F01F46215C2AE5EC6940E45B5B14
C025-V-HO27-P-_E-001-01,SD74A663AD5B84B0C2C9476CBE29171,has logical end,S9FBD09304A2010C234A8C5708EDBCC
C025-V-HO27-P-_E-001-01,S665B17A84BD218E8A3942728E4D321,is a part of,SA52C35B6A1E19498F8281C34209949
C025-V-HO27-P-_E-001-01,S665B17A84BD218E8A3942728E4D321,is logical start of,S52FAB34E47D38D5D3C7CAD8ABDEC8B
C025-V-HO27-P-_E-001-01,S6D533E5A63745838BA094F1769FF21,is a part of,S3404B5437E178ECADA2D7AC7281BA4
C025-V-HO27-P-_E-001-01,S6D533E5A63745838BA094F1769FF21,is logical end of,SBE870833C36BA11A8EC7B9C0E30E5C
C025-V-HO27-P-_E-001-01,SBC5D7881E8E1AEE977A611193AD5DF,is a part of,SC96E888B0158C16D54B7789818B773
C025-V-HO27-P-_E-001-01,SBC5D7881E8E1AEE977A611193AD5DF,is logical end of,S4B9D14BD3307C08250F3A267D9EF88
C025-V-HO27-P-_E-001-01,SF8BB1B084AA809FD040724AA89E040,is a part of,S4F0A79C46C183A5C60C005BD929A44
C025-V-HO27-P-_E-001-01,SF8BB1B084AA809FD040724AA89E040,is logical start of,S333EFA74FA622AE2801DB26FDF6F86
C025-V-HO27-P-_E-001-01,SF8BB1B084AA809FD040724AA89E040,is logical start of,SC8C3C36C88F7D847A83B1C282C0E3D
C025-V-HO27-P-_E-001-01,SE4A5B7CF8A648454D4345924B007CE,is a part of,S42F403259DA7DB5EAC5570AD0D1350
C025-V-HO27-P-_E-001-01,SE4A5B7CF8A648454D4345924B007CE,is logical end of,SE995B7C5BCC5A298F21C43B31B3419
C025-V-HO27-P-_E-001-01,SBBDA6CEB81FAE08710A7024CC08768,is a part of,S726B69567CB4B1AB5A91D32700D264
C025-V-HO27-P-_E-001-01,SBBDA6CEB81FAE08710A7024CC08768,is logical end of,S26229CCFADCBB0887D1DA30421E14D
C025-V-HO27-P-_E-001-01,S70A48D0FA97ECB086CDF2DAAC43A93,is a part of,S87997F60A64F3F3C11D3B150D14057
C025-V-HO27-P-_E-001-01,S70A48D0FA97ECB086CDF2DAAC43A93,is logical end of,S74C8EE7CCC6815D8FE6DFC446AA944
C025-V-HO27-P-_E-001-01,S3BA04636DD5981F58EA6230C46BC4F,is a part of,SB3086CF9FDD4318B0C78F6E285BF74
C025-V-HO27-P-_E-001-01,S3BA04636DD5981F58EA6230C46BC4F,is logical start of,S2862CE65417E7F55F362A9560D4AAB
C025-V-HO27-P-_E-001-01,S3BA04636DD5981F58EA6230C46BC4F,is logical start of,SC47AA69737A99AF32446051230D9AC
C025-V-HO27-P-_E-001-01,SC47AA69737A99AF32446051230D9AC,has logical start,S3BA04636DD5981F58EA6230C46BC4F
C025-V-HO27-P-_E-001-01,SC47AA69737A99AF32446051230D9AC,has logical end,S6F7408CC9D6A2AD5B1573B08BF8E39
C025-V-HO27-P-_E-001-01,SDE3EF697249E4CED4E92FE8E025898,is a part of,SE4DA6FDD6A7FECBBAD3D2E5CD0094C
C025-V-HO27-P-_E-001-01,SDE3EF697249E4CED4E92FE8E025898,is logical end of,SC2B4D53671D247BCCA949037E6E54D
C025-V-HO27-P-_E-001-01,SC2B4D53671D247BCCA949037E6E54D,has logical start,S16F6D7581D51CA85AB5753F1BB0EAB
C025-V-HO27-P-_E-001-01,SC2B4D53671D247BCCA949037E6E54D,has logical end,SDE3EF697249E4CED4E92FE8E025898
C025-V-HO27-P-_E-001-01,S631FDFF2BCA361CF02F526686FF1EA,is a part of,S7C314750BD58B5005231A173091996
C025-V-HO27-P-_E-001-01,S631FDFF2BCA361CF02F526686FF1EA,is logical end of,S8A2282BFD56DC37C09CA4D1163B8C5
C025-V-HO27-P-_E-001-01,S8A2282BFD56DC37C09CA4D1163B8C5,has logical start,S44CB9081BF88DE1E3E2EDD7E865127
C025-V-HO27-P-_E-001-01,S8A2282BFD56DC37C09CA4D1163B8C5,has logical end,S631FDFF2BCA361CF02F526686FF1EA
C025-V-HO27-P-_E-001-01,SBB0928CF6F9FAD5244FD2D3B7891B6,is a part of,SD9BBDCBAB3CB1976A15374BA385441
C025-V-HO27-P-_E-001-01,SBB0928CF6F9FAD5244FD2D3B7891B6,is logical start of,SEC15719D70C48BCFD637989E6F864F
C025-V-HO27-P-_E-001-01,S831E3C8D2670320988AB1212DA71F7,is a part of,SA3CB9FE59ED81086178E45DC023CBC
C025-V-HO27-P-_E-001-01,S831E3C8D2670320988AB1212DA71F7,is logical start of,S40866D720EF5DB12E6E7D10BD02581
C025-V-HO27-P-_E-001-01,S831E3C8D2670320988AB1212DA71F7,is logical start of,S18E59DD26FB1F3C65A6F7AE56F7644
C025-V-HO27-P-_E-001-01,S40866D720EF5DB12E6E7D10BD02581,has logical start,S831E3C8D2670320988AB1212DA71F7
C025-V-HO27-P-_E-001-01,S40866D720EF5DB12E6E7D10BD02581,has logical end,S90A95B2009740EE72287CA29892559
C025-V-HO27-P-_E-001-01,S18E59DD26FB1F3C65A6F7AE56F7644,has logical start,S831E3C8D2670320988AB1212DA71F7
C025-V-HO27-P-_E-001-01,S18E59DD26FB1F3C65A6F7AE56F7644,has logical end,SA7D5A482E94B0046761DD7D9F4AC58
C025-V-HO27-P-_E-001-01,SE434F20B14FA71E9E9E23D615C5DE7,is a part of,S3D60A57AC9AAA5A3B26F0166E299D4
C025-V-HO27-P-_E-001-01,SE434F20B14FA71E9E9E23D615C5DE7,is logical end of,S9CB6B1E5159B01EEEDDBFC2A112B70
C025-V-HO27-P-_E-001-01,SE434F20B14FA71E9E9E23D615C5DE7,is logical end of,S33C8D68AA997DD21027BE59097B817
C025-V-HO27-P-_E-001-01,S9CB6B1E5159B01EEEDDBFC2A112B70,has logical start,SECF74967D5939D1B35E6419024DE78
C025-V-HO27-P-_E-001-01,S9CB6B1E5159B01EEEDDBFC2A112B70,has logical end,SE434F20B14FA71E9E9E23D615C5DE7
C025-V-HO27-P-_E-001-01,S33C8D68AA997DD21027BE59097B817,has logical start,S82443731E1CADC9DE1C262647C07FD
C025-V-HO27-P-_E-001-01,S33C8D68AA997DD21027BE59097B817,has logical end,SE434F20B14FA71E9E9E23D615C5DE7
C025-V-HO27-P-_E-001-01,S82443731E1CADC9DE1C262647C07FD,is logical start of,S33C8D68AA997DD21027BE59097B817
C025-V-HO27-P-_E-001-01,S82443731E1CADC9DE1C262647C07FD,is located in,SCB3FA9E367E1772514D7C103EDE1BF
C025-V-HO27-P-_E-001-01,S54AD2BF418455843322C4FD68255A6,is a part of,S898D584F2FFAC5A62E916B85670D63
C025-V-HO27-P-_E-001-01,S54AD2BF418455843322C4FD68255A6,is logical end of,S34DBF8326974495DE4D435240964BF
C025-V-HO27-P-_E-001-01,S54AD2BF418455843322C4FD68255A6,is logical end of,S8EEFB9B01EFF60A9DBC8C4A4760AEA
C025-V-HO27-P-_E-001-01,S34DBF8326974495DE4D435240964BF,has logical start,SA98627314AB073663CBFC2D3C00CB9
C025-V-HO27-P-_E-001-01,S34DBF8326974495DE4D435240964BF,has logical end,S54AD2BF418455843322C4FD68255A6
C025-V-HO27-P-_E-001-01,S8EEFB9B01EFF60A9DBC8C4A4760AEA,has logical start,SC48621565B6D57F55637C11D10D204
C025-V-HO27-P-_E-001-01,S8EEFB9B01EFF60A9DBC8C4A4760AEA,has logical end,S54AD2BF418455843322C4FD68255A6
C025-V-HO27-P-_E-001-01,S7EAC3F8E97E9B7B41FAAA3E4B86044,is the location of,S2FF7613672BA9DCD25FD8B777AB40F
C025-V-HO27-P-_E-001-01,S5426F8A64202B5C086BF5BE95CEBF1,is referenced by,S617EB17094FEB5A3534363252F5E70
C025-V-HO27-P-_E-001-01,S8E3AE3122B9343F82751D132E36617,is the location of,SFA707D0880350312022245D068361C
C025-V-HO27-P-_E-001-01,S45E61521D85680804DDD3E2AC294F5,is referenced by,S33282BB791209640F2F8A866D5F659
C025-V-HO27-P-_E-001-01,S7EA4FB4ADCEF23E4FE7C2ABE07BAF3,is the location of,S491431DDF94B9E4838E63A8412F1A3
C025-V-HO27-P-_E-001-01,SAC5A35018EE23670D71DDBE21EB28E,is referenced by,S4322313E379947FDD6AEAA1FFF6C73
C025-V-HO27-P-_E-001-01,S969405D8774A2F8F0CBE36925DFE07,is the location of,S40CB80ACC34CB0A81EF36B2E8C7F1F
C025-V-HO27-P-_E-001-01,SFEF2BE7345B11827499C2911081152,is referenced by,SC208E43F64EACB58C641FEC3569FD6
C025-V-HO27-P-_E-001-01,S4623C0847D1C1DC6881837ABDD75F0,is a part of,S8B322C6758DC2DB7C6A3E190A779DD
C025-V-HO27-P-_E-001-01,S4623C0847D1C1DC6881837ABDD75F0,is logical end of,S6E54AA4801CF8B6458B19872DC1E97
C025-V-HO27-P-_E-001-01,S6E54AA4801CF8B6458B19872DC1E97,has logical start,S6B0C3FFA7A596E6B61FCC752978124
C025-V-HO27-P-_E-001-01,S6E54AA4801CF8B6458B19872DC1E97,has logical end,S4623C0847D1C1DC6881837ABDD75F0
C025-V-HO27-P-_E-001-01,S6B0C3FFA7A596E6B61FCC752978124,is logical start of,S6E54AA4801CF8B6458B19872DC1E97
C025-V-HO27-P-_E-001-01,S6B0C3FFA7A596E6B61FCC752978124,is located in,S868145057AE7C332B0425BE435DDE6
C025-V-HO27-P-_E-001-01,SA7D5A482E94B0046761DD7D9F4AC58,is a part of,S714EF362781820A62F15A3CD846014
C025-V-HO27-P-_E-001-01,SA7D5A482E94B0046761DD7D9F4AC58,is logical end of,S18E59DD26FB1F3C65A6F7AE56F7644
C025-V-HO27-P-_E-001-01,SA7D5A482E94B0046761DD7D9F4AC58,is logical end of,S43804BD3E9F5FCE290576994399629
C025-V-HO27-P-_E-001-01,S43804BD3E9F5FCE290576994399629,has logical start,S895769A9348776629D431F55BF1318
C025-V-HO27-P-_E-001-01,S43804BD3E9F5FCE290576994399629,has logical end,SA7D5A482E94B0046761DD7D9F4AC58
C025-V-HO27-P-_E-001-01,S895769A9348776629D431F55BF1318,is logical start of,S43804BD3E9F5FCE290576994399629
C025-V-HO27-P-_E-001-01,S895769A9348776629D431F55BF1318,is located in,SE5A24BC753D6A28D7E2A1CDC22C6FB
C025-V-HO27-P-_E-001-01,SDB7D353B175EFE53D4A73DB8C84307,is a part of,S6BDA0B76A1A865E5E660E2237A930B
C025-V-HO27-P-_E-001-01,SDB7D353B175EFE53D4A73DB8C84307,is logical start of,SFECAB88A79175469825A1A0060415D
C025-V-HO27-P-_E-001-01,SDB7D353B175EFE53D4A73DB8C84307,is logical start of,S5E420CF68AB11590A4BB7248A560B6
C025-V-HO27-P-_E-001-01,SFECAB88A79175469825A1A0060415D,has logical start,SDB7D353B175EFE53D4A73DB8C84307
C025-V-HO27-P-_E-001-01,SFECAB88A79175469825A1A0060415D,has logical end,S4602D8E4E948C06C554378223E7C12
C025-V-HO27-P-_E-001-01,S5E420CF68AB11590A4BB7248A560B6,has logical start,SDB7D353B175EFE53D4A73DB8C84307
C025-V-HO27-P-_E-001-01,S5E420CF68AB11590A4BB7248A560B6,has logical end,S233EB17A4F92122DDA2148EE0B3268
C025-V-HO27-P-_E-001-01,S233EB17A4F92122DDA2148EE0B3268,is logical end of,S5E420CF68AB11590A4BB7248A560B6
C025-V-HO27-P-_E-001-01,S233EB17A4F92122DDA2148EE0B3268,is fulfilled by,SCFC1DCFE1EDDC51138DEA8013600E8
C025-V-HO27-P-_E-001-01,S233EB17A4F92122DDA2148EE0B3268,is located in,SA7ECE69A26A8C1FA448AC9C2DAF333
C025-V-HO27-P-_E-001-01,SA42860C118E0D131B66744706BDF6B,is a part of,S433234C3A27903C310BC10910631F3
C025-V-HO27-P-_E-001-01,SA42860C118E0D131B66744706BDF6B,is logical start of,SD30FBECC9E0E57D81160AF38A2B142
C025-V-HO27-P-_E-001-01,SA42860C118E0D131B66744706BDF6B,is logical start of,SCC449DDA7A5123DA49E9EFC4D3618E
C025-V-HO27-P-_E-001-01,SD30FBECC9E0E57D81160AF38A2B142,has logical start,SA42860C118E0D131B66744706BDF6B
C025-V-HO27-P-_E-001-01,SD30FBECC9E0E57D81160AF38A2B142,has logical end,S9FF6DC613D695E89726A5065C6A3F0
C025-V-HO27-P-_E-001-01,SCC449DDA7A5123DA49E9EFC4D3618E,has logical start,SA42860C118E0D131B66744706BDF6B
C025-V-HO27-P-_E-001-01,SCC449DDA7A5123DA49E9EFC4D3618E,has logical end,S6DA0FE0E4B9CDD01866F8AE6236FB7
C025-V-HO27-P-_E-001-01,S9FF6DC613D695E89726A5065C6A3F0,is logical end of,SD30FBECC9E0E57D81160AF38A2B142
C025-V-HO27-P-_E-001-01,S9FF6DC613D695E89726A5065C6A3F0,is fulfilled by,S4FDC25F268DA6E8FC161636E2A648A
C025-V-HO27-P-_E-001-01,S9FF6DC613D695E89726A5065C6A3F0,is located in,S3CDE13BB36BFB4CBB5C9F2BFE45575
C025-V-HO27-P-_E-001-01,S7EB121CEEAA0C0A533C6DC494E9437,is a part of,S48975871BB78E06810972BDCD84EA8
C025-V-HO27-P-_E-001-01,S7EB121CEEAA0C0A533C6DC494E9437,is logical end of,S721EB7D11CB6DB221F65859B958361
C025-V-HO27-P-_E-001-01,S721EB7D11CB6DB221F65859B958361,has logical start,SE6AB05B98DA68A886EE3F24532568E
C025-V-HO27-P-_E-001-01,S721EB7D11CB6DB221F65859B958361,has logical end,S7EB121CEEAA0C0A533C6DC494E9437
C025-V-HO27-P-_E-001-01,SE6AB05B98DA68A886EE3F24532568E,is logical start of,S721EB7D11CB6DB221F65859B958361
C025-V-HO27-P-_E-001-01,SE6AB05B98DA68A886EE3F24532568E,is located in,S66995B45AA1A36CB9CCFAD6A4F5615
C025-V-HO27-P-_E-001-01,SEFEC53A000E154EDEBF89B39BBF7AB,is a part of,S610AC98DBB07AF79516DF6718DDC8A
C025-V-HO27-P-_E-001-01,SEFEC53A000E154EDEBF89B39BBF7AB,is logical start of,S1CE359DE9B5EC1AA38A9B69D5B84B5
C025-V-HO27-P-_E-001-01,SEFEC53A000E154EDEBF89B39BBF7AB,is logical end of,S4BDF2BDA06DAAC4EECD312A879D356
C025-V-HO27-P-_E-001-01,S4BDF2BDA06DAAC4EECD312A879D356,has logical start,SDBC308DDAD73067281C997E4480051
C025-V-HO27-P-_E-001-01,S4BDF2BDA06DAAC4EECD312A879D356,has logical end,SEFEC53A000E154EDEBF89B39BBF7AB
C025-V-HO27-P-_E-001-01,SDBC308DDAD73067281C997E4480051,is logical start of,S4BDF2BDA06DAAC4EECD312A879D356
C025-V-HO27-P-_E-001-01,SDBC308DDAD73067281C997E4480051,is located in,SF5CCB990A0A79957B2C2599CFFDF83
C025-V-HO27-P-_E-001-01,S68252D4407782FBEDE3EB9221DF892,is a part of,S535099DA9E24F9CD14C1838E4F6F94
C025-V-HO27-P-_E-001-01,S68252D4407782FBEDE3EB9221DF892,is logical end of,S174580FFDE7F23CBBE2796CEB56D03
C025-V-HO27-P-_E-001-01,S68252D4407782FBEDE3EB9221DF892,is logical end of,S17E8585580C54BD7E9D76505F0CE97
C025-V-HO27-P-_E-001-01,S174580FFDE7F23CBBE2796CEB56D03,has logical start,SE5827C9ECC786C58E01AC2D78D0E02
C025-V-HO27-P-_E-001-01,S174580FFDE7F23CBBE2796CEB56D03,has logical end,S68252D4407782FBEDE3EB9221DF892
C025-V-HO27-P-_E-001-01,SE5827C9ECC786C58E01AC2D78D0E02,is logical start of,S174580FFDE7F23CBBE2796CEB56D03
C025-V-HO27-P-_E-001-01,SE5827C9ECC786C58E01AC2D78D0E02,is located in,S24C2648F40C34FCDB21A313D0BF03F
C025-V-HO27-P-_E-001-01,S694D58AE7F83F2DDBA85DDE3B275E3,is a part of,S7121E7514EBBD228A5D2CAD9F16708
C025-V-HO27-P-_E-001-01,S694D58AE7F83F2DDBA85DDE3B275E3,is logical end of,SA1E4FB7E31F5781736BD14E04F5548
C025-V-HO27-P-_E-001-01,S694D58AE7F83F2DDBA85DDE3B275E3,is logical start of,S4172CAF2788A340CBEB12714B7682C
C025-V-HO27-P-_E-001-01,SA1E4FB7E31F5781736BD14E04F5548,has logical start,SB46BF999DC2376B267883ADBBA0871
C025-V-HO27-P-_E-001-01,SA1E4FB7E31F5781736BD14E04F5548,has logical end,S694D58AE7F83F2DDBA85DDE3B275E3
C025-V-HO27-P-_E-001-01,S4172CAF2788A340CBEB12714B7682C,has logical start,S694D58AE7F83F2DDBA85DDE3B275E3
C025-V-HO27-P-_E-001-01,S4172CAF2788A340CBEB12714B7682C,has logical end,S84F01F46215C2AE5EC6940E45B5B14
C025-V-HO27-P-_E-001-01,SB46BF999DC2376B267883ADBBA0871,is logical start of,SA1E4FB7E31F5781736BD14E04F5548
C025-V-HO27-P-_E-001-01,SB46BF999DC2376B267883ADBBA0871,is located in,S2365A97C7D3CF8BA37301260605629
C025-V-HO27-P-_E-001-01,SF0284D923D5DD4E663860A8F2D59CA,is a part of,S4511A70EA7A272B61D577A29DF9B0B
C025-V-HO27-P-_E-001-01,SF0284D923D5DD4E663860A8F2D59CA,is logical start of,SDF4F8F1254148DBA84196964A71C43
C025-V-HO27-P-_E-001-01,SF0284D923D5DD4E663860A8F2D59CA,is logical end of,S3D79D3B114275085ABA80F02EF820D
C025-V-HO27-P-_E-001-01,SDF4F8F1254148DBA84196964A71C43,has logical start,SF0284D923D5DD4E663860A8F2D59CA
C025-V-HO27-P-_E-001-01,SDF4F8F1254148DBA84196964A71C43,has logical end,S776B097475EADCB5DD89D2FBE34B38
C025-V-HO27-P-_E-001-01,S3D79D3B114275085ABA80F02EF820D,has logical start,SE2CF2678DB129AE29ADB6DF386DC74
C025-V-HO27-P-_E-001-01,S3D79D3B114275085ABA80F02EF820D,has logical end,SF0284D923D5DD4E663860A8F2D59CA
C025-V-HO27-P-_E-001-01,SE2CF2678DB129AE29ADB6DF386DC74,is logical start of,S3D79D3B114275085ABA80F02EF820D
C025-V-HO27-P-_E-001-01,SE2CF2678DB129AE29ADB6DF386DC74,is located in,S3FCB4987F6ABC179FA1FD39E11EAEA
C025-V-HO27-P-_E-001-01,SFBCBB7CAFBD57ECE968983243FAC24,is a part of,S6B56A60F6DBA8C691FBE7CE4BDD57B
C025-V-HO27-P-_E-001-01,SFBCBB7CAFBD57ECE968983243FAC24,is logical start of,SDCD67F034BBF78529BA4D1229124E3
C025-V-HO27-P-_E-001-01,SFBCBB7CAFBD57ECE968983243FAC24,is logical start of,S4B9D14BD3307C08250F3A267D9EF88
C025-V-HO27-P-_E-001-01,SDCD67F034BBF78529BA4D1229124E3,has logical start,SFBCBB7CAFBD57ECE968983243FAC24
C025-V-HO27-P-_E-001-01,SDCD67F034BBF78529BA4D1229124E3,has logical end,SF7B67545801A1DC830614337EE248A
C025-V-HO27-P-_E-001-01,S4B9D14BD3307C08250F3A267D9EF88,has logical start,SFBCBB7CAFBD57ECE968983243FAC24
C025-V-HO27-P-_E-001-01,S4B9D14BD3307C08250F3A267D9EF88,has logical end,SBC5D7881E8E1AEE977A611193AD5DF
C025-V-HO27-P-_E-001-01,SF7B67545801A1DC830614337EE248A,is logical end of,SDCD67F034BBF78529BA4D1229124E3
C025-V-HO27-P-_E-001-01,SF7B67545801A1DC830614337EE248A,is fulfilled by,S58E7E42A8FE80591F637941EE1E23A
C025-V-HO27-P-_E-001-01,SF7B67545801A1DC830614337EE248A,is located in,S63C7A59AF29725F8759AB79C2A5934
C025-V-HO27-P-_E-001-01,S44CB9081BF88DE1E3E2EDD7E865127,is a part of,SA25CE64B902C8A74166388CD3A3B6F
C025-V-HO27-P-_E-001-01,S44CB9081BF88DE1E3E2EDD7E865127,is logical start of,S8A2282BFD56DC37C09CA4D1163B8C5
C025-V-HO27-P-_E-001-01,S44CB9081BF88DE1E3E2EDD7E865127,is logical start of,S88E1D1CC90C0718DEE1058E3FA53A3
C025-V-HO27-P-_E-001-01,S88E1D1CC90C0718DEE1058E3FA53A3,has logical start,S44CB9081BF88DE1E3E2EDD7E865127
C025-V-HO27-P-_E-001-01,S88E1D1CC90C0718DEE1058E3FA53A3,has logical end,S595BF9DFFFFD4854D78D1F9FACE333
C025-V-HO27-P-_E-001-01,S595BF9DFFFFD4854D78D1F9FACE333,is logical end of,S88E1D1CC90C0718DEE1058E3FA53A3
C025-V-HO27-P-_E-001-01,S595BF9DFFFFD4854D78D1F9FACE333,is fulfilled by,S30CCC13558411BC91F3A5694EC954B
C025-V-HO27-P-_E-001-01,S595BF9DFFFFD4854D78D1F9FACE333,is located in,S5C1EBE81D3E5F82702329A086A6CB7
C025-V-HO27-P-_E-001-01,S9B91AB5EA8905DFDE222EAF6AC3B93,is a part of,S4E60BAD0C43558A2A7A1FA8860EFA6
C025-V-HO27-P-_E-001-01,S9B91AB5EA8905DFDE222EAF6AC3B93,is logical end of,SC80C8BF53857CC08E25CF845721328
C025-V-HO27-P-_E-001-01,S9B91AB5EA8905DFDE222EAF6AC3B93,is logical start of,SF3D6A5ADEA318F7A5B149FE6C23546
C025-V-HO27-P-_E-001-01,SC80C8BF53857CC08E25CF845721328,has logical start,S5C73D4B4FC86EBED4D6E35415EBFE9
C025-V-HO27-P-_E-001-01,SC80C8BF53857CC08E25CF845721328,has logical end,S9B91AB5EA8905DFDE222EAF6AC3B93
C025-V-HO27-P-_E-001-01,SF3D6A5ADEA318F7A5B149FE6C23546,has logical start,S9B91AB5EA8905DFDE222EAF6AC3B93
C025-V-HO27-P-_E-001-01,SF3D6A5ADEA318F7A5B149FE6C23546,has logical end,S16F6D7581D51CA85AB5753F1BB0EAB
C025-V-HO27-P-_E-001-01,S5C73D4B4FC86EBED4D6E35415EBFE9,is logical start of,SC80C8BF53857CC08E25CF845721328
C025-V-HO27-P-_E-001-01,S5C73D4B4FC86EBED4D6E35415EBFE9,is located in,SDA789D966EB416076C701FF1AEB6D2
C025-V-HO27-P-_E-001-01,S6F7408CC9D6A2AD5B1573B08BF8E39,is a part of,S615BA1B4DCD066DE5914867F7E8BB7
C025-V-HO27-P-_E-001-01,S6F7408CC9D6A2AD5B1573B08BF8E39,is logical end of,SC47AA69737A99AF32446051230D9AC
C025-V-HO27-P-_E-001-01,S6F7408CC9D6A2AD5B1573B08BF8E39,is logical end of,SD1B6DEE9C7C548E1AF46F7D7E69DD3
C025-V-HO27-P-_E-001-01,SD1B6DEE9C7C548E1AF46F7D7E69DD3,has logical start,SC40F0585058551EBEA6F3F50B20A66
C025-V-HO27-P-_E-001-01,SD1B6DEE9C7C548E1AF46F7D7E69DD3,has logical end,S6F7408CC9D6A2AD5B1573B08BF8E39
C025-V-HO27-P-_E-001-01,SC40F0585058551EBEA6F3F50B20A66,is logical start of,SD1B6DEE9C7C548E1AF46F7D7E69DD3
C025-V-HO27-P-_E-001-01,SC40F0585058551EBEA6F3F50B20A66,is located in,SA1FBCDFF094B48628EEBB618EB5FCF
C025-V-HO27-P-_E-001-01,S6342328471520017A9480C238B75FE,is a part of,S7AD466620AD35288CC0F4421628402
C025-V-HO27-P-_E-001-01,S6342328471520017A9480C238B75FE,is logical end of,S148304E5871C89021A839989687CDF
C025-V-HO27-P-_E-001-01,S6342328471520017A9480C238B75FE,is logical end of,S6417F3D4AC34630DCE506A71A8E935
C025-V-HO27-P-_E-001-01,S6342328471520017A9480C238B75FE,is logical end of,SA12064F972D3979DF1BB2E421014F9
C025-V-HO27-P-_E-001-01,S148304E5871C89021A839989687CDF,has logical end,S6342328471520017A9480C238B75FE
C025-V-HO27-P-_E-001-01,S6417F3D4AC34630DCE506A71A8E935,has logical start,SA1F838A1042E48743ED1AFE5A296E0
C025-V-HO27-P-_E-001-01,S6417F3D4AC34630DCE506A71A8E935,has logical end,S6342328471520017A9480C238B75FE
C025-V-HO27-P-_E-001-01,SA12064F972D3979DF1BB2E421014F9,has logical start,S9FBD09304A2010C234A8C5708EDBCC
C025-V-HO27-P-_E-001-01,SA12064F972D3979DF1BB2E421014F9,has logical end,S6342328471520017A9480C238B75FE
C025-V-HO27-P-_E-001-01,SA1F838A1042E48743ED1AFE5A296E0,is logical start of,S6417F3D4AC34630DCE506A71A8E935
C025-V-HO27-P-_E-001-01,SA1F838A1042E48743ED1AFE5A296E0,is located in,SF728F94E3DCF234FD93591652DEE69
C025-V-HO27-P-_E-001-01,S90A95B2009740EE72287CA29892559,is a part of,SC92000F7FB4984F9CC69A44F2A5DB3
C025-V-HO27-P-_E-001-01,S90A95B2009740EE72287CA29892559,is logical end of,SAAC4C4F1CC32C7682965C8E0957C2D
C025-V-HO27-P-_E-001-01,S90A95B2009740EE72287CA29892559,is logical end of,S23C227D65081196FC53AA0664ABA15
C025-V-HO27-P-_E-001-01,S90A95B2009740EE72287CA29892559,is logical end of,S40866D720EF5DB12E6E7D10BD02581
C025-V-HO27-P-_E-001-01,SAAC4C4F1CC32C7682965C8E0957C2D,has logical start,S436AF005E9B52DAC254BE17312F396
C025-V-HO27-P-_E-001-01,SAAC4C4F1CC32C7682965C8E0957C2D,has logical end,S90A95B2009740EE72287CA29892559
C025-V-HO27-P-_E-001-01,S23C227D65081196FC53AA0664ABA15,has logical end,S90A95B2009740EE72287CA29892559
C025-V-HO27-P-_E-001-01,S436AF005E9B52DAC254BE17312F396,is logical start of,SAAC4C4F1CC32C7682965C8E0957C2D
C025-V-HO27-P-_E-001-01,S436AF005E9B52DAC254BE17312F396,is fulfilled by,S52169825741F2799CFD3B0716FD90B
C025-V-HO27-P-_E-001-01,S436AF005E9B52DAC254BE17312F396,is located in,S5C1EBE81D3E5F82702329A086A6CB7
C025-V-HO27-P-_E-001-01,SD2121B8218A58335AB8A8D7A7BA874,is a part of,S546DF5CF333D829B0CBD6E81F4C16A
C025-V-HO27-P-_E-001-01,SD2121B8218A58335AB8A8D7A7BA874,is logical end of,S4E8CDECF11607D4DA43378A7ADE2E0
C025-V-HO27-P-_E-001-01,S4E8CDECF11607D4DA43378A7ADE2E0,has logical start,S5E501AE244E42F74DC0FFC3D54E72F
C025-V-HO27-P-_E-001-01,S4E8CDECF11607D4DA43378A7ADE2E0,has logical end,SD2121B8218A58335AB8A8D7A7BA874
C025-V-HO27-P-_E-001-01,S5E501AE244E42F74DC0FFC3D54E72F,is logical start of,S4E8CDECF11607D4DA43378A7ADE2E0
C025-V-HO27-P-_E-001-01,S5E501AE244E42F74DC0FFC3D54E72F,is located in,SABA036CBC5E23B7F037F7848061C88
C025-V-HO27-P-_E-001-01,SE2CA2FBBDC5DE259CA447E449B8855,is a part of,S1DDC92A8099FD4327D3D0BFC8AB698
C025-V-HO27-P-_E-001-01,SE2CA2FBBDC5DE259CA447E449B8855,is logical end of,S7D44F1891B5EC96B32FD609895B609
C025-V-HO27-P-_E-001-01,SE2CA2FBBDC5DE259CA447E449B8855,is logical end of,S4665C3D6194857E5AE357B63FE8E8C
C025-V-HO27-P-_E-001-01,SE2CA2FBBDC5DE259CA447E449B8855,is logical end of,S5517E3CE18EC12A21E42723C517710
C025-V-HO27-P-_E-001-01,S7D44F1891B5EC96B32FD609895B609,has logical start,SAFA840D795EB2D4B4FE31DE303E454
C025-V-HO27-P-_E-001-01,S7D44F1891B5EC96B32FD609895B609,has logical end,SE2CA2FBBDC5DE259CA447E449B8855
C025-V-HO27-P-_E-001-01,S4665C3D6194857E5AE357B63FE8E8C,has logical start,S21CB11B2BC10A42265C8DC015CC401
C025-V-HO27-P-_E-001-01,S4665C3D6194857E5AE357B63FE8E8C,has logical end,SE2CA2FBBDC5DE259CA447E449B8855
C025-V-HO27-P-_E-001-01,S5517E3CE18EC12A21E42723C517710,has logical start,S1016E45C5739319F939801CAD3981A
C025-V-HO27-P-_E-001-01,S5517E3CE18EC12A21E42723C517710,has logical end,SE2CA2FBBDC5DE259CA447E449B8855
C025-V-HO27-P-_E-001-01,SAFA840D795EB2D4B4FE31DE303E454,is logical start of,S7D44F1891B5EC96B32FD609895B609
C025-V-HO27-P-_E-001-01,SAFA840D795EB2D4B4FE31DE303E454,is located in,S821FD6007C1DCBE15C5A46E9A73E9C
C025-V-HO27-P-_E-001-01,S1016E45C5739319F939801CAD3981A,is logical start of,S5517E3CE18EC12A21E42723C517710
C025-V-HO27-P-_E-001-01,S1016E45C5739319F939801CAD3981A,is located in,S101B900724657EE4FA645BBAC0BA9C
C025-V-HO27-P-_E-001-01,SD977C2B42E7B87F77A410059A9A54A,is a part of,SD0B9B5F654849AAF287AC8B608AB7B
C025-V-HO27-P-_E-001-01,SD977C2B42E7B87F77A410059A9A54A,is logical end of,S1043C730B256EC9986167B8A0EAEB3
C025-V-HO27-P-_E-001-01,SD977C2B42E7B87F77A410059A9A54A,is logical end of,S4AE2BF7C3D09007FC9B3E7F202D657
C025-V-HO27-P-_E-001-01,SD977C2B42E7B87F77A410059A9A54A,is logical end of,SF651BAE8E8F33821768FF5FF52A0D0
C025-V-HO27-P-_E-001-01,S1043C730B256EC9986167B8A0EAEB3,has logical start,S964381E3016A461E03E54F31D2AEF5
C025-V-HO27-P-_E-001-01,S1043C730B256EC9986167B8A0EAEB3,has logical end,SD977C2B42E7B87F77A410059A9A54A
C025-V-HO27-P-_E-001-01,S4AE2BF7C3D09007FC9B3E7F202D657,has logical start,S1996158DDF6781BA15A54584BCF116
C025-V-HO27-P-_E-001-01,S4AE2BF7C3D09007FC9B3E7F202D657,has logical end,SD977C2B42E7B87F77A410059A9A54A
C025-V-HO27-P-_E-001-01,S964381E3016A461E03E54F31D2AEF5,is logical start of,S1043C730B256EC9986167B8A0EAEB3
C025-V-HO27-P-_E-001-01,S964381E3016A461E03E54F31D2AEF5,is located in,S4C4252B7892E0A423E12AF9828D138
C025-V-HO27-P-_E-001-01,S1996158DDF6781BA15A54584BCF116,is logical start of,S4AE2BF7C3D09007FC9B3E7F202D657
C025-V-HO27-P-_E-001-01,S1996158DDF6781BA15A54584BCF116,is located in,SEBC3B85A954DD562BF34C293EBC4C6
C025-V-HO27-P-_E-001-01,S9FBD09304A2010C234A8C5708EDBCC,is a part of,SDDF9AF4E78A63A3A871EFF8514B248
C025-V-HO27-P-_E-001-01,S9FBD09304A2010C234A8C5708EDBCC,is logical end of,S2862CE65417E7F55F362A9560D4AAB
C025-V-HO27-P-_E-001-01,S9FBD09304A2010C234A8C5708EDBCC,is logical start of,S5F97C52AAF539E4CABE239442E14D6
C025-V-HO27-P-_E-001-01,S9FBD09304A2010C234A8C5708EDBCC,is logical end of,SD4665C6A30D21CAE2E85BEC160A54E
C025-V-HO27-P-_E-001-01,S9FBD09304A2010C234A8C5708EDBCC,is logical start of,SA12064F972D3979DF1BB2E421014F9
C025-V-HO27-P-_E-001-01,S9FBD09304A2010C234A8C5708EDBCC,is logical end of,SD74A663AD5B84B0C2C9476CBE29171
C025-V-HO27-P-_E-001-01,S2862CE65417E7F55F362A9560D4AAB,has logical start,S3BA04636DD5981F58EA6230C46BC4F
C025-V-HO27-P-_E-001-01,S2862CE65417E7F55F362A9560D4AAB,has logical end,S9FBD09304A2010C234A8C5708EDBCC
C025-V-HO27-P-_E-001-01,S5F97C52AAF539E4CABE239442E14D6,has logical start,S9FBD09304A2010C234A8C5708EDBCC
C025-V-HO27-P-_E-001-01,S5F97C52AAF539E4CABE239442E14D6,has logical end,SAFACA01E80F612627109E3B84374A4
C025-V-HO27-P-_E-001-01,SAFACA01E80F612627109E3B84374A4,is logical end of,S5F97C52AAF539E4CABE239442E14D6
C025-V-HO27-P-_E-001-01,SAFACA01E80F612627109E3B84374A4,is fulfilled by,S1E7E20A37ED9BA19C6F460EC26280C
C025-V-HO27-P-_E-001-01,SAFACA01E80F612627109E3B84374A4,is located in,S99972376767506320F7E5F1CC91411
C025-V-HO27-P-_E-001-01,SE00E04A90381EC57770A59E6799476,is a part of,SC323EC33B6574100510AB8765C0E42
C025-V-HO27-P-_E-001-01,SE00E04A90381EC57770A59E6799476,is logical start of,S1B927A926264C91B3C689B4478AC9E
C025-V-HO27-P-_E-001-01,S2D3D1D27B2287BE75F2D6E26594B68,is a part of,S6708D3F862E160268AD51E723453DA
C025-V-HO27-P-_E-001-01,S2D3D1D27B2287BE75F2D6E26594B68,is logical start of,SEE853785A50857747F52660A4EECE8
C025-V-HO27-P-_E-001-01,SEE853785A50857747F52660A4EECE8,has logical start,S2D3D1D27B2287BE75F2D6E26594B68
C025-V-HO27-P-_E-001-01,SEE853785A50857747F52660A4EECE8,has logical end,S394BE1C3082446F6386858432632F7
C025-V-HO27-P-_E-001-01,S3985D791ABB05EA01AF9CF11BB36AB,is a part of,S2898CD40F78BD4392B4251E4603BC4
C025-V-HO27-P-_E-001-01,S3985D791ABB05EA01AF9CF11BB36AB,is logical end of,S9D176D082954EF35C70A5CB21218F0
C025-V-HO27-P-_E-001-01,S6E87B8030AEE10C8DEEA2637B3D8B5,is a part of,S69EC42BDF2FF1FD73490537D89CE7E
C025-V-HO27-P-_E-001-01,S6E87B8030AEE10C8DEEA2637B3D8B5,is logical end of,SEEF58A5FE9D5C03389A5D792D53473
C025-V-HO27-P-_E-001-01,SEEF58A5FE9D5C03389A5D792D53473,has logical start,S776B097475EADCB5DD89D2FBE34B38
C025-V-HO27-P-_E-001-01,SEEF58A5FE9D5C03389A5D792D53473,has logical end,S6E87B8030AEE10C8DEEA2637B3D8B5
C025-V-HO27-P-_E-001-01,S3D40F9BEA6B86522DCC423E8E2A598,is a part of,S40EC008943D07179EFD31B590FC7F9
C025-V-HO27-P-_E-001-01,S3D40F9BEA6B86522DCC423E8E2A598,is logical end of,S7663306D4B1F8899FBAF49A74F4F18
C025-V-HO27-P-_E-001-01,S7663306D4B1F8899FBAF49A74F4F18,has logical start,S16F6D7581D51CA85AB5753F1BB0EAB
C025-V-HO27-P-_E-001-01,S7663306D4B1F8899FBAF49A74F4F18,has logical end,S3D40F9BEA6B86522DCC423E8E2A598
C025-V-HO27-P-_E-001-01,S7A8D189644D041CA44ECFDD298FD1D,is a part of,SEF5E076BB65BC4D168E82AD3E116ED
C025-V-HO27-P-_E-001-01,S7A8D189644D041CA44ECFDD298FD1D,is logical start of,SAC77C188CCF9CC9AA6628AB2A6F696
C025-V-HO27-P-_E-001-01,SD77B482699C7A858E636CA204A7AF4,is a part of,S1A25E2B003F3534891740C34D18F43
C025-V-HO27-P-_E-001-01,SD77B482699C7A858E636CA204A7AF4,is logical start of,S3FC723F994D4697E1E716221227FC0
C025-V-HO27-P-_E-001-01,S3FC723F994D4697E1E716221227FC0,has logical start,SD77B482699C7A858E636CA204A7AF4
C025-V-HO27-P-_E-001-01,S3FC723F994D4697E1E716221227FC0,has logical end,S9D25386B0DDC7CC10D9A4B1EE0ECF3
C025-V-HO27-P-_E-001-01,SE7AA5C5511F9BB7C85B99376276309,is a part of,S141FCF9BDF7A5D6CED9BCA962D19FD
C025-V-HO27-P-_E-001-01,SE7AA5C5511F9BB7C85B99376276309,is logical end of,SD9F2722F1457FD2A35DAEA84809787
C025-V-HO27-P-_E-001-01,SFD95707F7FFF054C7FB651A558572A,is a part of,S4BD04C3AF2ADD857627ECBCC82B81E
C025-V-HO27-P-_E-001-01,SFD95707F7FFF054C7FB651A558572A,is logical start of,S847C6CE9B2A64CD7696602664B34C1
C025-V-HO27-P-_E-001-01,S847C6CE9B2A64CD7696602664B34C1,has logical start,SFD95707F7FFF054C7FB651A558572A
C025-V-HO27-P-_E-001-01,S847C6CE9B2A64CD7696602664B34C1,has logical end,S872AB7442E0E1B242315377D599225
C025-V-HO27-P-_E-001-01,S170BD9BD04B62F61D7E5452861AA47,is a part of,S79D86EE5DE16AF8580628B891ED8EB
C025-V-HO27-P-_E-001-01,S170BD9BD04B62F61D7E5452861AA47,is logical end of,S16B49C698BE72CA7359057C12D178A
C025-V-HO27-P-_E-001-01,S16B49C698BE72CA7359057C12D178A,has logical start,S9200544E81074D71C1D7DB6953A975
C025-V-HO27-P-_E-001-01,S16B49C698BE72CA7359057C12D178A,has logical end,S170BD9BD04B62F61D7E5452861AA47
C025-V-HO27-P-_E-001-01,S9200544E81074D71C1D7DB6953A975,is logical start of,S16B49C698BE72CA7359057C12D178A
C025-V-HO27-P-_E-001-01,S9200544E81074D71C1D7DB6953A975,is located in,SC8FF7596690E4390FC4763D2A920CA
C025-V-HO27-P-_E-001-01,S8A99420B85274EBEE00C6EFA1A5E76,is a part of,S402ADF67E305D134BB43DA8D26644C
C025-V-HO27-P-_E-001-01,S8A99420B85274EBEE00C6EFA1A5E76,is logical end of,S80FB70DE094CCC37DDADF5A0F8854B
C025-V-HO27-P-_E-001-01,S80FB70DE094CCC37DDADF5A0F8854B,has logical start,S64132D34B7D942347652DC65383D2C
C025-V-HO27-P-_E-001-01,S80FB70DE094CCC37DDADF5A0F8854B,has logical end,S8A99420B85274EBEE00C6EFA1A5E76
C025-V-HO27-P-_E-001-01,S64132D34B7D942347652DC65383D2C,is logical start of,S80FB70DE094CCC37DDADF5A0F8854B
C025-V-HO27-P-_E-001-01,S64132D34B7D942347652DC65383D2C,is located in,SFF3200B668A1A6791027E623F07F86
C025-V-HO27-P-_E-001-01,S99A1D1CD6204795465AA61B8707E79,is a part of,SA14181FE823B95AF5FC1555FCB0C88
C025-V-HO27-P-_E-001-01,S99A1D1CD6204795465AA61B8707E79,is logical end of,S4B2E0963242BA0E8F02EAFA987F510
C025-V-HO27-P-_E-001-01,S4B2E0963242BA0E8F02EAFA987F510,has logical start,SD744B077D0F756DC5941FE92404B7E
C025-V-HO27-P-_E-001-01,S4B2E0963242BA0E8F02EAFA987F510,has logical end,S99A1D1CD6204795465AA61B8707E79
C025-V-HO27-P-_E-001-01,SD744B077D0F756DC5941FE92404B7E,is logical start of,S4B2E0963242BA0E8F02EAFA987F510
C025-V-HO27-P-_E-001-01,SD744B077D0F756DC5941FE92404B7E,is located in,SFBC468C23070822F9F544B35FD8B39
C025-V-HO27-P-_E-001-01,S47CFB396E37E008834814BA95B8C06,is a part of,SBC5F961ECB037E08898D738DD41BCC
C025-V-HO27-P-_E-001-01,S47CFB396E37E008834814BA95B8C06,is logical end of,SCD7BD22B0D4CAC18C1184F21CA5D79
C025-V-HO27-P-_E-001-01,SCD7BD22B0D4CAC18C1184F21CA5D79,has logical start,SF990031863CD73B11F52A7E86486C9
C025-V-HO27-P-_E-001-01,SCD7BD22B0D4CAC18C1184F21CA5D79,has logical end,S47CFB396E37E008834814BA95B8C06
C025-V-HO27-P-_E-001-01,SF990031863CD73B11F52A7E86486C9,is logical start of,SCD7BD22B0D4CAC18C1184F21CA5D79
C025-V-HO27-P-_E-001-01,SF990031863CD73B11F52A7E86486C9,is located in,SADCACD5045BBD21AABC578CF498E0C
C025-V-HO27-P-_E-001-01,S2A6D9C47DAB32BE4CCACCE9E2C0BB6,is a part of,S62B0E6F4490DF15B6E0E65799CB082
C025-V-HO27-P-_E-001-01,S2A6D9C47DAB32BE4CCACCE9E2C0BB6,is logical end of,S4DE77903370644E2E983D39EAEF86B
C025-V-HO27-P-_E-001-01,S4DE77903370644E2E983D39EAEF86B,has logical start,SC0527E10C34CA383191C32D7841B65
C025-V-HO27-P-_E-001-01,S4DE77903370644E2E983D39EAEF86B,has logical end,S2A6D9C47DAB32BE4CCACCE9E2C0BB6
C025-V-HO27-P-_E-001-01,SC0527E10C34CA383191C32D7841B65,is logical start of,S4DE77903370644E2E983D39EAEF86B
C025-V-HO27-P-_E-001-01,SC0527E10C34CA383191C32D7841B65,is located in,S754A2BC836ABFD8FE1ADA56843E2CF
C025-V-HO27-P-_E-001-01,S2706AD38187472289B8DE839E1334B,is a part of,S8DE242E65396B391B4AB56A95ED000
C025-V-HO27-P-_E-001-01,S2706AD38187472289B8DE839E1334B,is logical end of,S28AA0DB36C3B6E9FB8CDFEB63C87FE
C025-V-HO27-P-_E-001-01,S28AA0DB36C3B6E9FB8CDFEB63C87FE,has logical start,SDBD0EA644E7EEECD612FCD2F5F536F
C025-V-HO27-P-_E-001-01,S28AA0DB36C3B6E9FB8CDFEB63C87FE,has logical end,S2706AD38187472289B8DE839E1334B
C025-V-HO27-P-_E-001-01,SDBD0EA644E7EEECD612FCD2F5F536F,is logical start of,S28AA0DB36C3B6E9FB8CDFEB63C87FE
C025-V-HO27-P-_E-001-01,SDBD0EA644E7EEECD612FCD2F5F536F,is located in,S1FD5DC3F097D2420B40D6AAB7C5B8C
C025-V-HO27-P-_E-001-01,S9D25386B0DDC7CC10D9A4B1EE0ECF3,is a part of,SBD6F9DD0F8F2C979D7BD36D29D6C9F
C025-V-HO27-P-_E-001-01,S9D25386B0DDC7CC10D9A4B1EE0ECF3,is logical end of,S3FC723F994D4697E1E716221227FC0
C025-V-HO27-P-_E-001-01,S9D25386B0DDC7CC10D9A4B1EE0ECF3,is logical start of,S7B7C4B5098BC16ECAA3D5353D74432
C025-V-HO27-P-_E-001-01,S9D25386B0DDC7CC10D9A4B1EE0ECF3,is logical end of,SEC15719D70C48BCFD637989E6F864F
C025-V-HO27-P-_E-001-01,S7B7C4B5098BC16ECAA3D5353D74432,has logical start,S9D25386B0DDC7CC10D9A4B1EE0ECF3
C025-V-HO27-P-_E-001-01,S7B7C4B5098BC16ECAA3D5353D74432,has logical end,SFA707D0880350312022245D068361C
C025-V-HO27-P-_E-001-01,SEC15719D70C48BCFD637989E6F864F,has logical start,SBB0928CF6F9FAD5244FD2D3B7891B6
C025-V-HO27-P-_E-001-01,SEC15719D70C48BCFD637989E6F864F,has logical end,S9D25386B0DDC7CC10D9A4B1EE0ECF3
C025-V-HO27-P-_E-001-01,SFA707D0880350312022245D068361C,is logical end of,S7B7C4B5098BC16ECAA3D5353D74432
C025-V-HO27-P-_E-001-01,SFA707D0880350312022245D068361C,is fulfilled by,S9B27B385A449AB16E1C0A69C338E3D
C025-V-HO27-P-_E-001-01,SFA707D0880350312022245D068361C,is located in,S8E3AE3122B9343F82751D132E36617
C025-V-HO27-P-_E-001-01,SC1BC27318E58833B4C3FC1C96D8AA4,is a part of,S8D7ECD956D21CCEF00E5ABEF1B2C1E
C025-V-HO27-P-_E-001-01,SC1BC27318E58833B4C3FC1C96D8AA4,is logical start of,SE995B7C5BCC5A298F21C43B31B3419
C025-V-HO27-P-_E-001-01,SC1BC27318E58833B4C3FC1C96D8AA4,is logical start of,S938136D8095E456B1F66512544287B
C025-V-HO27-P-_E-001-01,SC1BC27318E58833B4C3FC1C96D8AA4,is logical end of,S1B927A926264C91B3C689B4478AC9E
C025-V-HO27-P-_E-001-01,SE995B7C5BCC5A298F21C43B31B3419,has logical start,SC1BC27318E58833B4C3FC1C96D8AA4
C025-V-HO27-P-_E-001-01,SE995B7C5BCC5A298F21C43B31B3419,has logical end,SE4A5B7CF8A648454D4345924B007CE
C025-V-HO27-P-_E-001-01,S938136D8095E456B1F66512544287B,has logical start,SC1BC27318E58833B4C3FC1C96D8AA4
C025-V-HO27-P-_E-001-01,S938136D8095E456B1F66512544287B,has logical end,S2FF7613672BA9DCD25FD8B777AB40F
C025-V-HO27-P-_E-001-01,S1B927A926264C91B3C689B4478AC9E,has logical start,SE00E04A90381EC57770A59E6799476
C025-V-HO27-P-_E-001-01,S1B927A926264C91B3C689B4478AC9E,has logical end,SC1BC27318E58833B4C3FC1C96D8AA4
C025-V-HO27-P-_E-001-01,S2FF7613672BA9DCD25FD8B777AB40F,is logical end of,S938136D8095E456B1F66512544287B
C025-V-HO27-P-_E-001-01,S2FF7613672BA9DCD25FD8B777AB40F,is fulfilled by,S7ADCA5F5B6E84611A9EE8F7951092C
C025-V-HO27-P-_E-001-01,S2FF7613672BA9DCD25FD8B777AB40F,is located in,S7EAC3F8E97E9B7B41FAAA3E4B86044
C025-V-HO27-P-_E-001-01,S57CE682289CFFA41583DF51E54062A,is a part of,SCCE19528F55BF6CE0DC06AC424C11F
C025-V-HO27-P-_E-001-01,S57CE682289CFFA41583DF51E54062A,is logical start of,SD9F2722F1457FD2A35DAEA84809787
C025-V-HO27-P-_E-001-01,S57CE682289CFFA41583DF51E54062A,is logical start of,S1F33FEADD8ADBDF079516AC63A70E9
C025-V-HO27-P-_E-001-01,S57CE682289CFFA41583DF51E54062A,is logical start of,SF85AB3A73430127D6D42506B41C7BE
C025-V-HO27-P-_E-001-01,SD9F2722F1457FD2A35DAEA84809787,has logical start,S57CE682289CFFA41583DF51E54062A
C025-V-HO27-P-_E-001-01,SD9F2722F1457FD2A35DAEA84809787,has logical end,SE7AA5C5511F9BB7C85B99376276309
C025-V-HO27-P-_E-001-01,S1F33FEADD8ADBDF079516AC63A70E9,has logical start,S57CE682289CFFA41583DF51E54062A
C025-V-HO27-P-_E-001-01,S1F33FEADD8ADBDF079516AC63A70E9,has logical end,S53EB4B01A3B983153947D78BE78779
C025-V-HO27-P-_E-001-01,SF85AB3A73430127D6D42506B41C7BE,has logical start,S57CE682289CFFA41583DF51E54062A
C025-V-HO27-P-_E-001-01,SF85AB3A73430127D6D42506B41C7BE,has logical end,S491431DDF94B9E4838E63A8412F1A3
C025-V-HO27-P-_E-001-01,S491431DDF94B9E4838E63A8412F1A3,is logical end of,SF85AB3A73430127D6D42506B41C7BE
C025-V-HO27-P-_E-001-01,S491431DDF94B9E4838E63A8412F1A3,is fulfilled by,SA5A096926B73F8CD9B5A122F07D523
C025-V-HO27-P-_E-001-01,S491431DDF94B9E4838E63A8412F1A3,is located in,S7EA4FB4ADCEF23E4FE7C2ABE07BAF3
C025-V-HO27-P-_E-001-01,S872AB7442E0E1B242315377D599225,is a part of,S2C20F6CCD0987C864B1FE7D2813270
C025-V-HO27-P-_E-001-01,S872AB7442E0E1B242315377D599225,is logical end of,S847C6CE9B2A64CD7696602664B34C1
C025-V-HO27-P-_E-001-01,S872AB7442E0E1B242315377D599225,is logical end of,SF1CB9DCBD3E3814839D36137D24ACA
C025-V-HO27-P-_E-001-01,S872AB7442E0E1B242315377D599225,is logical start of,S601FFF3CF0258909624224BE2404F7
C025-V-HO27-P-_E-001-01,SF1CB9DCBD3E3814839D36137D24ACA,has logical start,S20B298B02556031F5021888D17E28C
C025-V-HO27-P-_E-001-01,SF1CB9DCBD3E3814839D36137D24ACA,has logical end,S872AB7442E0E1B242315377D599225
C025-V-HO27-P-_E-001-01,S601FFF3CF0258909624224BE2404F7,has logical start,S872AB7442E0E1B242315377D599225
C025-V-HO27-P-_E-001-01,S601FFF3CF0258909624224BE2404F7,has logical end,S40CB80ACC34CB0A81EF36B2E8C7F1F
C025-V-HO27-P-_E-001-01,S40CB80ACC34CB0A81EF36B2E8C7F1F,is logical end of,S601FFF3CF0258909624224BE2404F7
C025-V-HO27-P-_E-001-01,S40CB80ACC34CB0A81EF36B2E8C7F1F,is fulfilled by,S183AB6863AE1AE7B9B14EEE355C4E2
C025-V-HO27-P-_E-001-01,S40CB80ACC34CB0A81EF36B2E8C7F1F,is located in,S969405D8774A2F8F0CBE36925DFE07
C025-V-HO27-P-_E-001-01,S394BE1C3082446F6386858432632F7,is a part of,S87FC996ED721300554897C540C042D
C025-V-HO27-P-_E-001-01,S394BE1C3082446F6386858432632F7,is logical start of,S9A5FCFE8AA93FE8F7215467233D4AD
C025-V-HO27-P-_E-001-01,S394BE1C3082446F6386858432632F7,is logical start of,S26229CCFADCBB0887D1DA30421E14D
C025-V-HO27-P-_E-001-01,S394BE1C3082446F6386858432632F7,is logical end of,SEE853785A50857747F52660A4EECE8
C025-V-HO27-P-_E-001-01,S9A5FCFE8AA93FE8F7215467233D4AD,has logical start,S394BE1C3082446F6386858432632F7
C025-V-HO27-P-_E-001-01,S9A5FCFE8AA93FE8F7215467233D4AD,has logical end,S1471B6973B3301156610F3C4D2CBF7
C025-V-HO27-P-_E-001-01,S26229CCFADCBB0887D1DA30421E14D,has logical start,S394BE1C3082446F6386858432632F7
C025-V-HO27-P-_E-001-01,S26229CCFADCBB0887D1DA30421E14D,has logical end,SBBDA6CEB81FAE08710A7024CC08768
C025-V-HO27-P-_E-001-01,S1471B6973B3301156610F3C4D2CBF7,is logical end of,S9A5FCFE8AA93FE8F7215467233D4AD
C025-V-HO27-P-_E-001-01,S1471B6973B3301156610F3C4D2CBF7,is fulfilled by,S45CA1912A18E5102152FB506D96232
C025-V-HO27-P-_E-001-01,S1471B6973B3301156610F3C4D2CBF7,is located in,S99972376767506320F7E5F1CC91411
C025-V-HO27-P-_E-001-01,S366305206B5F57461AB54D688D7A7B,is a part of,SB1AF46271902F57ED96A5EB81A43D8
C025-V-HO27-P-_E-001-01,S366305206B5F57461AB54D688D7A7B,is logical start of,S9D176D082954EF35C70A5CB21218F0
C025-V-HO27-P-_E-001-01,S366305206B5F57461AB54D688D7A7B,is logical end of,S52FAB34E47D38D5D3C7CAD8ABDEC8B
C025-V-HO27-P-_E-001-01,S366305206B5F57461AB54D688D7A7B,is logical start of,SF651BAE8E8F33821768FF5FF52A0D0
C025-V-HO27-P-_E-001-01,S9D176D082954EF35C70A5CB21218F0,has logical start,S366305206B5F57461AB54D688D7A7B
C025-V-HO27-P-_E-001-01,S9D176D082954EF35C70A5CB21218F0,has logical end,S3985D791ABB05EA01AF9CF11BB36AB
C025-V-HO27-P-_E-001-01,S52FAB34E47D38D5D3C7CAD8ABDEC8B,has logical start,S665B17A84BD218E8A3942728E4D321
C025-V-HO27-P-_E-001-01,S52FAB34E47D38D5D3C7CAD8ABDEC8B,has logical end,S366305206B5F57461AB54D688D7A7B
C025-V-HO27-P-_E-001-01,SF651BAE8E8F33821768FF5FF52A0D0,has logical start,S366305206B5F57461AB54D688D7A7B
C025-V-HO27-P-_E-001-01,SF651BAE8E8F33821768FF5FF52A0D0,has logical end,SD977C2B42E7B87F77A410059A9A54A
C025-V-HO27-P-_E-001-01,S776B097475EADCB5DD89D2FBE34B38,is a part of,S9DDAD1333F9C02B16CF858736F8894
C025-V-HO27-P-_E-001-01,S776B097475EADCB5DD89D2FBE34B38,is logical start of,SEEF58A5FE9D5C03389A5D792D53473
C025-V-HO27-P-_E-001-01,S776B097475EADCB5DD89D2FBE34B38,is logical end of,SDF4F8F1254148DBA84196964A71C43
C025-V-HO27-P-_E-001-01,S776B097475EADCB5DD89D2FBE34B38,is logical start of,SBE870833C36BA11A8EC7B9C0E30E5C
C025-V-HO27-P-_E-001-01,SBE870833C36BA11A8EC7B9C0E30E5C,has logical start,S776B097475EADCB5DD89D2FBE34B38
C025-V-HO27-P-_E-001-01,SBE870833C36BA11A8EC7B9C0E30E5C,has logical end,S6D533E5A63745838BA094F1769FF21
C025-V-HO27-P-_E-001-01,S12E7D562701339C2659F21676AC886,is a part of,S20547B0A416113074E4E7855652DAA
C025-V-HO27-P-_E-001-01,S12E7D562701339C2659F21676AC886,is logical end of,S1CE359DE9B5EC1AA38A9B69D5B84B5
C025-V-HO27-P-_E-001-01,S12E7D562701339C2659F21676AC886,is logical end of,SAC77C188CCF9CC9AA6628AB2A6F696
C025-V-HO27-P-_E-001-01,S12E7D562701339C2659F21676AC886,is logical start of,S74C8EE7CCC6815D8FE6DFC446AA944
C025-V-HO27-P-_E-001-01,S1CE359DE9B5EC1AA38A9B69D5B84B5,has logical start,SEFEC53A000E154EDEBF89B39BBF7AB
C025-V-HO27-P-_E-001-01,S1CE359DE9B5EC1AA38A9B69D5B84B5,has logical end,S12E7D562701339C2659F21676AC886
C025-V-HO27-P-_E-001-01,SAC77C188CCF9CC9AA6628AB2A6F696,has logical start,S7A8D189644D041CA44ECFDD298FD1D
C025-V-HO27-P-_E-001-01,SAC77C188CCF9CC9AA6628AB2A6F696,has logical end,S12E7D562701339C2659F21676AC886
C025-V-HO27-P-_E-001-01,S74C8EE7CCC6815D8FE6DFC446AA944,has logical start,S12E7D562701339C2659F21676AC886
C025-V-HO27-P-_E-001-01,S74C8EE7CCC6815D8FE6DFC446AA944,has logical end,S70A48D0FA97ECB086CDF2DAAC43A93
C025-V-HO27-P-_E-001-01,S16F6D7581D51CA85AB5753F1BB0EAB,is a part of,S2A01EBB8A1432F603DFE48FB53E174
C025-V-HO27-P-_E-001-01,S16F6D7581D51CA85AB5753F1BB0EAB,is logical start of,S7663306D4B1F8899FBAF49A74F4F18
C025-V-HO27-P-_E-001-01,S16F6D7581D51CA85AB5753F1BB0EAB,is logical start of,SC2B4D53671D247BCCA949037E6E54D
C025-V-HO27-P-_E-001-01,S16F6D7581D51CA85AB5753F1BB0EAB,is logical end of,SF3D6A5ADEA318F7A5B149FE6C23546
C025-V-HO27-P-_E-001-01,SA98627314AB073663CBFC2D3C00CB9,is a part of,S132CEDE3E88941780FE8C28AF8100D
C025-V-HO27-P-_E-001-01,SA98627314AB073663CBFC2D3C00CB9,is logical end of,S333EFA74FA622AE2801DB26FDF6F86
C025-V-HO27-P-_E-001-01,SA98627314AB073663CBFC2D3C00CB9,is logical start of,S6F1CE5D61654F69B03F4479F0145A0
C025-V-HO27-P-_E-001-01,SA98627314AB073663CBFC2D3C00CB9,is logical start of,S34DBF8326974495DE4D435240964BF
C025-V-HO27-P-_E-001-01,S333EFA74FA622AE2801DB26FDF6F86,has logical start,SF8BB1B084AA809FD040724AA89E040
C025-V-HO27-P-_E-001-01,S333EFA74FA622AE2801DB26FDF6F86,has logical end,SA98627314AB073663CBFC2D3C00CB9
C025-V-HO27-P-_E-001-01,S6F1CE5D61654F69B03F4479F0145A0,has logical start,SA98627314AB073663CBFC2D3C00CB9
C025-V-HO27-P-_E-001-01,S6F1CE5D61654F69B03F4479F0145A0,has logical end,SF90E9E5C98650F2D1B485B65EF3E31
C025-V-HO27-P-_E-001-01,SF90E9E5C98650F2D1B485B65EF3E31,is logical end of,S6F1CE5D61654F69B03F4479F0145A0
C025-V-HO27-P-_E-001-01,SF90E9E5C98650F2D1B485B65EF3E31,is located in,S3FBCB8D597584D7AEE860EF7E80EDB
C025-V-HO27-P-_E-001-01,S3FBCB8D597584D7AEE860EF7E80EDB,is the location of,SF90E9E5C98650F2D1B485B65EF3E31
C025-V-HO27-P-_E-001-01,SC48621565B6D57F55637C11D10D204,is a part of,SE9F966A15ED066D9FE7130A9BD2196
C025-V-HO27-P-_E-001-01,SC48621565B6D57F55637C11D10D204,is logical start of,SCD4A38A4F8E9DB434FC2625A3F570A
C025-V-HO27-P-_E-001-01,SC48621565B6D57F55637C11D10D204,is logical end of,SC8C3C36C88F7D847A83B1C282C0E3D
C025-V-HO27-P-_E-001-01,SC48621565B6D57F55637C11D10D204,is logical start of,S8EEFB9B01EFF60A9DBC8C4A4760AEA
C025-V-HO27-P-_E-001-01,SC8C3C36C88F7D847A83B1C282C0E3D,has logical start,SF8BB1B084AA809FD040724AA89E040
C025-V-HO27-P-_E-001-01,SC8C3C36C88F7D847A83B1C282C0E3D,has logical end,SC48621565B6D57F55637C11D10D204
C025-V-HO27-P-_E-001-01,SECF74967D5939D1B35E6419024DE78,is a part of,SC13E0198159A34D2BB98C3C4C3B6DB
C025-V-HO27-P-_E-001-01,SECF74967D5939D1B35E6419024DE78,is logical start of,S9CB6B1E5159B01EEEDDBFC2A112B70
C025-V-HO27-P-_E-001-01,SECF74967D5939D1B35E6419024DE78,is logical end of,SCD4A38A4F8E9DB434FC2625A3F570A
C025-V-HO27-P-_E-001-01,SECF74967D5939D1B35E6419024DE78,is logical start of,S17E8585580C54BD7E9D76505F0CE97
C025-V-HO27-P-_E-001-01,SCD4A38A4F8E9DB434FC2625A3F570A,has logical start,SC48621565B6D57F55637C11D10D204
C025-V-HO27-P-_E-001-01,SCD4A38A4F8E9DB434FC2625A3F570A,has logical end,SECF74967D5939D1B35E6419024DE78
C025-V-HO27-P-_E-001-01,S17E8585580C54BD7E9D76505F0CE97,has logical start,SECF74967D5939D1B35E6419024DE78
C025-V-HO27-P-_E-001-01,S17E8585580C54BD7E9D76505F0CE97,has logical end,S68252D4407782FBEDE3EB9221DF892
C025-V-HO27-P-_E-002-01,S2AAEBD029C854891189212A1951606,is a collection including,SD3384E24C143A2FE030E5AE9953341
C025-V-HO27-P-_E-002-01,S18D31F3E74AFE8E1F64F122BADAC56,is a collection including,SB6B2D82518E75ED122C25B0CC84451
C025-V-HO27-P-_E-002-01,SE3F2F5687F82D512A381E5A8504D7C,is a collection including,SAECE3CBF935EB3DD26C4FFC12E47C4
C025-V-HO27-P-_E-002-01,SE73FCDE04E35111ED93C8C2D9822E6,is a collection including,S10F640B85CADE31BC2B036FE65FA31
C025-V-HO27-P-_E-002-01,S9FDDDDE4CCC9A50D525E8E5E4B69A6,is a collection including,S1E526BC4DC38BD312F8C2DC7C79A1D
C025-V-HO27-P-_E-002-01,SA55AAB725987FC447FB8E12E3BFE04,is a collection including,S5CCC7528D295C0A1A64B1198C12108
C025-V-HO27-P-_E-002-01,S86BBF14949133D1465393BF176B73E,is a collection including,S2E9C31FF5A680B0D7034DE97B67DBB
C025-V-HO27-P-_E-002-01,SE300FA6E80479B7ACE38DB5BD52D9F,is a collection including,S5A0A389F52D8E234E32B9D8ED6A4E1
C025-V-HO27-P-_E-002-01,SCAF6482A0EC442B7D299170A11BF6F,is a collection including,SB61448E0110379C15244B4DFEA350B
C025-V-HO27-P-_E-002-01,S8A2F661CA49C2582024B5DBDCDEFC3,is a collection including,S9CC266134E4A30BD09E5FB7A85A84B
C025-V-HO27-P-_E-002-01,S4AA897628A4D293A3CC3F114C743C9,is a collection including,S8A55526F7EDCDDDD43E29C5103908F
C025-V-HO27-P-_E-002-01,S1D71C509BD8AA5E36EB4FA3B2587DC,is a collection including,S5875E1F666D8E2517F67A88657CDAD
C025-V-HO27-P-_E-002-01,S97EAAD81EA9C1A1E896D27799F0386,is a collection including,SB5AF39E4F2752E6D4ED14809E281AD
C025-V-HO27-P-_E-002-01,S5C529C3831E836109D45EB1D196F7C,is a collection including,S585F42B5F8DA3DB0EDDB74BE82AD3A
C025-V-HO27-P-_E-002-01,S7B52CA5BFEC2B49DB01606C0616A68,is a collection including,S26E4A7FD4604FC64D1680119C1B580
C025-V-HO27-P-_E-002-01,S62254305E381D52FF46E3D4C509DE5,is a collection including,S793380201B5823C617B58CCA5BF99B
C025-V-HO27-P-_E-002-01,SAFA0E1224233ADE3D4454A7536B7F3,is a collection including,SFB5A8FAE2492FEAC18D69D81F1C255
C025-V-HO27-P-_E-002-01,S48D1F1BA757E35274F84B7650C979F,is a collection including,S2238427FF538D480BBD6B359962670
C025-V-HO27-P-_E-002-01,S8160A61F12EF88D980D9DF52D53773,is a collection including,S71A7E3F478C546F880688C3A248FCC
C025-V-HO27-P-_E-002-01,S3E3679E7697394E2BAC9FE3D8FA5D1,is a collection including,S229F19B849234991A7A13FFEE97CA1
C025-V-HO27-P-_E-002-01,S783A2EAD588CD832BD830CE0EC6F3B,is a collection including,S6ED0C19A28398C63E5E7AA5AF0E552
C025-V-HO27-P-_E-002-01,S8E5078833E29D83A1112CD1577B2CA,is a collection including,S30FCFA54A4574ADA5B22E1D8F7F615
C025-V-HO27-P-_E-002-01,S8B3854CDEEA04F868CB303B0E86135,is a collection including,SD99FAFCA3ECC9726FBD02EC3760949
C025-V-HO27-P-_E-002-01,SBA49064FA172AAB129C5B0DC7F1C9C,is a collection including,S5E0699D4D92CC86CE30DF0586402C4
C025-V-HO27-P-_E-002-01,S603DE7507DE9EA199E19BBE8CC412D,is a collection including,SB451651A4F3EA061C0ACDB3578B5A2
C025-V-HO27-P-_E-002-01,S8A4E1D733A775527929FF424F642BC,is a collection including,SAEDCF0E8300133B012F6D0ACFF1BE8
C025-V-HO27-P-_E-002-01,S9E67044C36490CF50014F595C5E5A9,is a collection including,SDC87AE7A8188D07927B7DE480375E4
C025-V-HO27-P-_E-002-01,S3E0AFB2115AABE2F0E4007297AEDA7,is a collection including,SAC0A8897D32476E6F89A6AD9AF37D5
C025-V-HO27-P-_E-002-01,SB1DFAE750823161F73BEE4F20F6CDA,is a collection including,SDF93A0F98A11E14A1FEC169AD76181
C025-V-HO27-P-_E-002-01,SB89841168321CEBB3FE652CB8B2CE8,is a collection including,SCB924536CDD1BA122547D850808E9B
C025-V-HO27-P-_E-002-01,SEADDB2EAF38067B922C80735ED1E4C,is a collection including,S2BB6F70D2793EE095572E32DAF369A
C025-V-HO27-P-_E-002-01,S89F051D7A873179FBB8ADFC26403D0,is a collection including,S33083C41220301E189AA3E14355421
C025-V-HO27-P-_E-002-01,S18231E12BBFA61FBA3598780561816,is a collection including,S912996FDF090F8925F064F7FE4B6CF
C025-V-HO27-P-_E-002-01,S94F064471920B94078C13299FA69FE,is a collection including,SBB493D49384205E40407546241973E
C025-V-HO27-P-_E-002-01,S3C2F3772CA9611EBEB59EA6E0658BC,is a collection including,S4C4B4B0005E06AB3EDF4563C48DF0A
C025-V-HO27-P-_E-002-01,S637B0FB5B68B36AB52D864EF0A750E,is a collection including,S1B0918E8341A194ADCC4A93EA5B1C6
C025-V-HO27-P-_E-002-01,S761AB131222758EEBCDE8D040183AB,is a collection including,S90A629016A0ED8FDC6F0A301E4658E
C025-V-HO27-P-_E-002-01,SE0745BCA0F551841C25F0CBBC97902,is a collection including,S620F7CBBA1D6DE2A93777DCC482D35
C025-V-HO27-P-_E-002-01,SDFE6C27B5069E86DD42E892A82E02F,is a collection including,S62DFE73DD7A10A5841608063FED29F
C025-V-HO27-P-_E-002-01,S18B60719B8B4BFA888E50D8A9E9A45,is a collection including,S77902904AA227C9AF983CFA5A47E7D
C025-V-HO27-P-_E-002-01,S507C5C4E2EACFB5C9123D07CC88129,is a collection including,S61409C104834BDFB1F40E86B1113CC
C025-V-HO27-P-_E-002-01,SC79A261C7B610EBCAB7A605B89C738,is a collection including,SA7D08555BE5E67D78BEF9F9BEF7026
C025-V-HO27-P-_E-002-01,S69AF7FE47BDF4E750231113A1A507E,is a collection including,SCE7D7210798FF2901AC46291937FC1
C025-V-HO27-P-_E-002-01,SEBE1945723581285B5BE0472CF5DBB,is a collection including,SCF229246B7F435053EE71F2FE8CA75
C025-V-HO27-P-_E-002-01,S398145CF1EA52FFAEB27906E1D3CC1,is a collection including,S6B0E72774305C48795A2839452E272
C025-V-HO27-P-_E-002-01,S5FB9F22AEF7591EB370DE70F1BA871,is a collection including,S7E9D10D8B6BCD78D9ACDAD93ECB828
C025-V-HO27-P-_E-002-01,SA287A169BBAAD1F931D5551E3404DB,is a collection including,S14F0F8290A3649AE922D9F6E443217
C025-V-HO27-P-_E-002-01,S30AB1DC89033CF4D2BF76646C86DF9,is a collection including,S62569A63AFFEFB660314412E5F7A44
C025-V-HO27-P-_E-002-01,SD9DA2782B59D03B6F9C31274EE6D70,is a collection including,S888763951CDEEC28C562421E7A837F
C025-V-HO27-P-_E-002-01,S1F0B5924CA2E5D59B4B5CEFF8B4CA9,is a collection including,SCCB4621B93B5668B3A9B15FB2B19FA
C025-V-HO27-P-_E-002-01,S841C90C071A833A1F2606D029FA52E,is a collection including,S98DE41826A6788104091E654FA988B
C025-V-HO27-P-_E-002-01,SDDEE317A5F36289FD0232BE0A90A37,is a collection including,SD52E83E4B1B3610558E7CC8982A4E0
C025-V-HO27-P-_E-002-01,S29D4890B781A9FEFF84E4AD6BBFFBE,is a collection including,S9BADA7E0C6AD42AEE3C9F0D04CDB8B
C025-V-HO27-P-_E-002-01,S5D91E245ACFC957AE4B09CCF560540,is a collection including,SC22B8BC4A808059EE4EE91EFAFD087
C025-V-HO27-P-_E-002-01,S856C873BB12A52C6835E8F1C2D1A91,fulfills,SD94A6BB0E30346133F3C6156216724
C025-V-HO27-P-_E-002-01,S126A3DA582FCA1944DA027322292BC,refers to,SCE0BF4FF984624F2E9256492568259
C025-V-HO27-P-_E-002-01,SC6CB6B5C84957F330C32F81E6EA63B,fulfills,S72AA4BD31199436BF911E084F0656D
C025-V-HO27-P-_E-002-01,S1FB2D968000CD393553A39A8139A6E,refers to,SD6CE87F9F45575D58FD1A518E0167B
C025-V-HO27-P-_E-002-01,S4817D75BB4A93C1E37F1FB7CA894B7,fulfills,SC3314D47F0696715647470AE8AE549
C025-V-HO27-P-_E-002-01,S56F07975AA36168610D83B65AE5CFD,refers to,S66DF8609FCE26B66FC85AD89F31BD2
C025-V-HO27-P-_E-002-01,S90B49BB7D6830C6AF58F7FD0FD70F9,fulfills,S1427FADB05571DDBFD858A515331E2
C025-V-HO27-P-_E-002-01,SDAD8EF29F2A36AD7359FE8C822A4CF,refers to,S4ABDBFC09F44FF72A48403462C2D54
C025-V-HO27-P-_E-002-01,SE5EDF063C8280BD54E8E010AA87DF6,fulfills,S5744F1F4B1052CEB773F29379EC792
C025-V-HO27-P-_E-002-01,SDD68BAC32AC1FC9E6145B3806EA4EF,refers to,SF1B0059FE4508D3786B307F778E91E
C025-V-HO27-P-_E-002-01,S636FD4A66D4C7745AC2D2C78B02F0C,fulfills,S6C4D03605D867AB2A71C8776F81354
C025-V-HO27-P-_E-002-01,SB7E81F859EA25ADFE7231F6BA57EE6,refers to,S15444DEF5A11BDE8E5C51A6FEDCE85
C025-V-HO27-P-_E-002-01,SE21FEB07C4D4882B8D7DFF540F60FB,is the location of,SE3572557293C8D0B42872155BF9E48
C025-V-HO27-P-_E-002-01,S45A4EEAD22AAE7B2E0BDEF897A2B66,is the location of,S5730070DE4AC067CC8E850DA3CDAE6
C025-V-HO27-P-_E-002-01,SDE9DE3FB9329DF8291F4D89078C7EC,is the location of,SB052AA1B333E396FC3BA93FAB1DDE1
C025-V-HO27-P-_E-002-01,SF17929823782E31765A9E21FDAA90F,is the location of,S758A78EF5CE74712653A0EA722B20C
C025-V-HO27-P-_E-002-01,SC3D30FE31F12723AAADDED9F6B8581,is the location of,S4A02144731C45FEBC9CB66C701F3B61
C025-V-HO27-P-_E-002-01,SC3D30FE31F12723AAADDED9F6B8581,is the location of,S4A02144731C45FEBC9CB66C701F3B6
C025-V-HO27-P-_E-002-01,S5EA5AA9EAB0ACD17AD16528C49591D,is the location of,SBDF2A004CE8B335130F14B389A588A
C025-V-HO27-P-_E-002-01,S169DC4FF51CB7E5FF4B242973F3B52,is the location of,SEBAE6FE14EAFF59A355F5C243D5B40
C025-V-HO27-P-_E-002-01,S3F7D3A82CC844E8E88AE08748E8B02,is the location of,S52380C8DD401EBB617F3C1225A833C
C025-V-HO27-P-_E-002-01,SF80841FE828450EACD52796F2EF8C6,is the location of,S6C4D03605D867AB2A71C8776F81354
C025-V-HO27-P-_E-002-01,S15444DEF5A11BDE8E5C51A6FEDCE85,is referenced by,SB7E81F859EA25ADFE7231F6BA57EE6
C025-V-HO27-P-_E-002-01,S9D27A9FD902D10E5C24DF840FF6E79,is the location of,S49BF1036F6AE5EE7DDEC2ECA6FBD8D
C025-V-HO27-P-_E-002-01,S1BFBFBB97F7B5B62AA9F123833BEDB,is the location of,S97166D4F598AB0C089431D9EE502C5
C025-V-HO27-P-_E-002-01,S55D749C49978285D865D31642D05AD,is the location of,S7E8617AC7350549C3A00524EC4A031
C025-V-HO27-P-_E-002-01,S176D94306B2FA633E83F461A8DF1F7,is the location of,SD94A6BB0E30346133F3C6156216724
C025-V-HO27-P-_E-002-01,SCE0BF4FF984624F2E9256492568259,is referenced by,S126A3DA582FCA1944DA027322292BC
C025-V-HO27-P-_E-002-01,S93C6004980FFDB42778BEF2F9BB68F,is the location of,SD10BE4F103FB3BCE0297133925FC44
C025-V-HO27-P-_E-002-01,SEAE9235059DB714A8EA6B7624062EC,is the location of,S72AA4BD31199436BF911E084F0656D
C025-V-HO27-P-_E-002-01,SD6CE87F9F45575D58FD1A518E0167B,is referenced by,S1FB2D968000CD393553A39A8139A6E
C025-V-HO27-P-_E-002-01,S26C32FD56E879973624C00728C5826,is the location of,S5744F1F4B1052CEB773F29379EC792
C025-V-HO27-P-_E-002-01,SF1B0059FE4508D3786B307F778E91E,is referenced by,SDD68BAC32AC1FC9E6145B3806EA4EF
C025-V-HO27-P-_E-002-01,S8B67562B44D26AFEFAD1F5331D4F18,is the location of,S1956558A64AD13F7B2D972090B5A75
C025-V-HO27-P-_E-002-01,S883C976DD7F07149AA9A3369772ECB,is the location of,S1427FADB05571DDBFD858A515331E2
C025-V-HO27-P-_E-002-01,S4ABDBFC09F44FF72A48403462C2D54,is referenced by,SDAD8EF29F2A36AD7359FE8C822A4CF
C025-V-HO27-P-_E-002-01,SC9BBFB1700BA91AA47F9C8778B726A,is the location of,S1FB47EDAB955929C3697F0E14FF05D
C025-V-HO27-P-_E-002-01,S803D41FA2614271C68964F21AF5366,is the location of,S45FA3659305E00C804BAB4C1F12E6B
C025-V-HO27-P-_E-002-01,SA1F7D99C16D55531DED24F6FAE2F99,is the location of,SC2539845AAE33E82692741482ACEAC
C025-V-HO27-P-_E-002-01,SD3384E24C143A2FE030E5AE9953341,is a part of,S2AAEBD029C854891189212A1951606
C025-V-HO27-P-_E-002-01,SD3384E24C143A2FE030E5AE9953341,is logical start of,S4B65AC43A77A19E4FA80F18A3CF42B
C025-V-HO27-P-_E-002-01,SD3384E24C143A2FE030E5AE9953341,is logical end of,S1DE57463CE017C5024E2B36E617B9E
C025-V-HO27-P-_E-002-01,SD3384E24C143A2FE030E5AE9953341,is logical end of,S6B7A218B020966FE6591B9FCD5D65D
C025-V-HO27-P-_E-002-01,S1DE57463CE017C5024E2B36E617B9E,has logical start,SAA64ACE5DC2606B8852EA4039B0793
C025-V-HO27-P-_E-002-01,S1DE57463CE017C5024E2B36E617B9E,has logical end,SD3384E24C143A2FE030E5AE9953341
C025-V-HO27-P-_E-002-01,SAA64ACE5DC2606B8852EA4039B0793,is logical start of,S1DE57463CE017C5024E2B36E617B9E
C025-V-HO27-P-_E-002-01,SAA64ACE5DC2606B8852EA4039B0793,is located in,SD3C0431F6000B4842593D04BD6C6CA
C025-V-HO27-P-_E-002-01,SD3C0431F6000B4842593D04BD6C6CA,is the location of,SAA64ACE5DC2606B8852EA4039B0793
C025-V-HO27-P-_E-002-01,SB6B2D82518E75ED122C25B0CC84451,is a part of,S18D31F3E74AFE8E1F64F122BADAC56
C025-V-HO27-P-_E-002-01,SB6B2D82518E75ED122C25B0CC84451,is logical end of,SC2D0A00EF7F5BE02C536AF3B3F11A6
C025-V-HO27-P-_E-002-01,SB6B2D82518E75ED122C25B0CC84451,is logical end of,S7A6DADC5088C1D6106C18CA77360E1
C025-V-HO27-P-_E-002-01,S7A6DADC5088C1D6106C18CA77360E1,has logical start,S71A7E3F478C546F880688C3A248FCC
C025-V-HO27-P-_E-002-01,S7A6DADC5088C1D6106C18CA77360E1,has logical end,SB6B2D82518E75ED122C25B0CC84451
C025-V-HO27-P-_E-002-01,SAECE3CBF935EB3DD26C4FFC12E47C4,is a part of,SE3F2F5687F82D512A381E5A8504D7C
C025-V-HO27-P-_E-002-01,SAECE3CBF935EB3DD26C4FFC12E47C4,is logical start of,S2C53B7B76DDEB0658EA2B0038E610E
C025-V-HO27-P-_E-002-01,S10F640B85CADE31BC2B036FE65FA31,is a part of,SE73FCDE04E35111ED93C8C2D9822E6
C025-V-HO27-P-_E-002-01,S10F640B85CADE31BC2B036FE65FA31,is logical start of,S9987C2EEEA934DE05440F0DA3067A3
C025-V-HO27-P-_E-002-01,S9987C2EEEA934DE05440F0DA3067A3,has logical start,S10F640B85CADE31BC2B036FE65FA31
C025-V-HO27-P-_E-002-01,S9987C2EEEA934DE05440F0DA3067A3,has logical end,SC22B8BC4A808059EE4EE91EFAFD087
C025-V-HO27-P-_E-002-01,S1E526BC4DC38BD312F8C2DC7C79A1D,is a part of,S9FDDDDE4CCC9A50D525E8E5E4B69A6
C025-V-HO27-P-_E-002-01,S1E526BC4DC38BD312F8C2DC7C79A1D,is logical start of,SB19EE2D935C58F400B31A71D1E2096
C025-V-HO27-P-_E-002-01,SB19EE2D935C58F400B31A71D1E2096,has logical start,S1E526BC4DC38BD312F8C2DC7C79A1D
C025-V-HO27-P-_E-002-01,SB19EE2D935C58F400B31A71D1E2096,has logical end,S9BADA7E0C6AD42AEE3C9F0D04CDB8B
C025-V-HO27-P-_E-002-01,S5CCC7528D295C0A1A64B1198C12108,is a part of,SA55AAB725987FC447FB8E12E3BFE04
C025-V-HO27-P-_E-002-01,S5CCC7528D295C0A1A64B1198C12108,is logical start of,S4391DA31638553F171957A74D9876A
C025-V-HO27-P-_E-002-01,S4391DA31638553F171957A74D9876A,has logical start,S5CCC7528D295C0A1A64B1198C12108
C025-V-HO27-P-_E-002-01,S4391DA31638553F171957A74D9876A,has logical end,SD52E83E4B1B3610558E7CC8982A4E0
C025-V-HO27-P-_E-002-01,S2E9C31FF5A680B0D7034DE97B67DBB,is a part of,S86BBF14949133D1465393BF176B73E
C025-V-HO27-P-_E-002-01,S2E9C31FF5A680B0D7034DE97B67DBB,is logical end of,S6B28D525E15BACC4CE6AE14ECDE8C7
C025-V-HO27-P-_E-002-01,S6B28D525E15BACC4CE6AE14ECDE8C7,has logical start,S2BB6F70D2793EE095572E32DAF369A
C025-V-HO27-P-_E-002-01,S6B28D525E15BACC4CE6AE14ECDE8C7,has logical end,S2E9C31FF5A680B0D7034DE97B67DBB
C025-V-HO27-P-_E-002-01,S5A0A389F52D8E234E32B9D8ED6A4E1,is a part of,SE300FA6E80479B7ACE38DB5BD52D9F
C025-V-HO27-P-_E-002-01,S5A0A389F52D8E234E32B9D8ED6A4E1,is logical end of,SCC08F3300A0FEB29DF5E24F6DB72EC
C025-V-HO27-P-_E-002-01,S5A0A389F52D8E234E32B9D8ED6A4E1,is logical start of,SDD9CC568ED068734959F4BEB719134
C025-V-HO27-P-_E-002-01,SCC08F3300A0FEB29DF5E24F6DB72EC,has logical start,S912996FDF090F8925F064F7FE4B6CF
C025-V-HO27-P-_E-002-01,SCC08F3300A0FEB29DF5E24F6DB72EC,has logical end,S5A0A389F52D8E234E32B9D8ED6A4E1
C025-V-HO27-P-_E-002-01,SDD9CC568ED068734959F4BEB719134,has logical start,S5A0A389F52D8E234E32B9D8ED6A4E1
C025-V-HO27-P-_E-002-01,SDD9CC568ED068734959F4BEB719134,has logical end,SFB5A8FAE2492FEAC18D69D81F1C255
C025-V-HO27-P-_E-002-01,SB61448E0110379C15244B4DFEA350B,is a part of,SCAF6482A0EC442B7D299170A11BF6F
C025-V-HO27-P-_E-002-01,SB61448E0110379C15244B4DFEA350B,is logical start of,SAF8A8013A7B23DF8DE427591D5468C
C025-V-HO27-P-_E-002-01,SAF8A8013A7B23DF8DE427591D5468C,has logical start,SB61448E0110379C15244B4DFEA350B
C025-V-HO27-P-_E-002-01,SAF8A8013A7B23DF8DE427591D5468C,has logical end,SCCB4621B93B5668B3A9B15FB2B19FA
C025-V-HO27-P-_E-002-01,S9CC266134E4A30BD09E5FB7A85A84B,is a part of,S8A2F661CA49C2582024B5DBDCDEFC3
C025-V-HO27-P-_E-002-01,S9CC266134E4A30BD09E5FB7A85A84B,is logical start of,SC301B61110F26300C4F7F49454056E
C025-V-HO27-P-_E-002-01,S8A55526F7EDCDDDD43E29C5103908F,is a part of,S4AA897628A4D293A3CC3F114C743C9
C025-V-HO27-P-_E-002-01,S8A55526F7EDCDDDD43E29C5103908F,is logical end of,SBFAF0BE562B95A68642A425B8F8C76
C025-V-HO27-P-_E-002-01,SBFAF0BE562B95A68642A425B8F8C76,has logical start,S98DE41826A6788104091E654FA988B
C025-V-HO27-P-_E-002-01,SBFAF0BE562B95A68642A425B8F8C76,has logical end,S8A55526F7EDCDDDD43E29C5103908F
C025-V-HO27-P-_E-002-01,S5875E1F666D8E2517F67A88657CDAD,is a part of,S1D71C509BD8AA5E36EB4FA3B2587DC
C025-V-HO27-P-_E-002-01,S5875E1F666D8E2517F67A88657CDAD,is logical end of,S50D7A3E53F4BC55C829B646F0EA89D
C025-V-HO27-P-_E-002-01,S5875E1F666D8E2517F67A88657CDAD,is logical end of,S885241179FF0BF87BCF66481F9D850
C025-V-HO27-P-_E-002-01,S50D7A3E53F4BC55C829B646F0EA89D,has logical start,SEBAE6FE14EAFF59A355F5C243D5B40
C025-V-HO27-P-_E-002-01,S50D7A3E53F4BC55C829B646F0EA89D,has logical end,S5875E1F666D8E2517F67A88657CDAD
C025-V-HO27-P-_E-002-01,SEBAE6FE14EAFF59A355F5C243D5B40,is logical start of,S50D7A3E53F4BC55C829B646F0EA89D
C025-V-HO27-P-_E-002-01,SEBAE6FE14EAFF59A355F5C243D5B40,is located in,S169DC4FF51CB7E5FF4B242973F3B52
C025-V-HO27-P-_E-002-01,SB5AF39E4F2752E6D4ED14809E281AD,is a part of,S97EAAD81EA9C1A1E896D27799F0386
C025-V-HO27-P-_E-002-01,SB5AF39E4F2752E6D4ED14809E281AD,is logical end of,S219D7BEADF25BAA04D1B1BC44EC4C8
C025-V-HO27-P-_E-002-01,S585F42B5F8DA3DB0EDDB74BE82AD3A,is a part of,S5C529C3831E836109D45EB1D196F7C
C025-V-HO27-P-_E-002-01,S585F42B5F8DA3DB0EDDB74BE82AD3A,is logical start of,SEECDEA9EF72DD7C56CFD01B6EEF424
C025-V-HO27-P-_E-002-01,S26E4A7FD4604FC64D1680119C1B580,is a part of,S7B52CA5BFEC2B49DB01606C0616A68
C025-V-HO27-P-_E-002-01,S26E4A7FD4604FC64D1680119C1B580,is logical start of,SA4F26AB1727A6F21F6A2BE5E8AA378
C025-V-HO27-P-_E-002-01,S26E4A7FD4604FC64D1680119C1B580,is logical start of,SE65F3FC1B365E5B796654A94BA0AA3
C025-V-HO27-P-_E-002-01,SE65F3FC1B365E5B796654A94BA0AA3,has logical start,S26E4A7FD4604FC64D1680119C1B580
C025-V-HO27-P-_E-002-01,SE65F3FC1B365E5B796654A94BA0AA3,has logical end,S793380201B5823C617B58CCA5BF99B
C025-V-HO27-P-_E-002-01,SC3FEFB15250837DD9963B780DF55A5,is the location of,SC3314D47F0696715647470AE8AE549
C025-V-HO27-P-_E-002-01,S66DF8609FCE26B66FC85AD89F31BD2,is referenced by,S56F07975AA36168610D83B65AE5CFD
C025-V-HO27-P-_E-002-01,S793380201B5823C617B58CCA5BF99B,is a part of,S62254305E381D52FF46E3D4C509DE5
C025-V-HO27-P-_E-002-01,S793380201B5823C617B58CCA5BF99B,is logical end of,SE65F3FC1B365E5B796654A94BA0AA3
C025-V-HO27-P-_E-002-01,S793380201B5823C617B58CCA5BF99B,is logical end of,S3AB6302E50CF1EE0137D5A4E5AD768
C025-V-HO27-P-_E-002-01,S3AB6302E50CF1EE0137D5A4E5AD768,has logical start,S1956558A64AD13F7B2D972090B5A75
C025-V-HO27-P-_E-002-01,S3AB6302E50CF1EE0137D5A4E5AD768,has logical end,S793380201B5823C617B58CCA5BF99B
C025-V-HO27-P-_E-002-01,S1956558A64AD13F7B2D972090B5A75,is logical start of,S3AB6302E50CF1EE0137D5A4E5AD768
C025-V-HO27-P-_E-002-01,S1956558A64AD13F7B2D972090B5A75,is located in,S8B67562B44D26AFEFAD1F5331D4F18
C025-V-HO27-P-_E-002-01,SFB5A8FAE2492FEAC18D69D81F1C255,is a part of,SAFA0E1224233ADE3D4454A7536B7F3
C025-V-HO27-P-_E-002-01,SFB5A8FAE2492FEAC18D69D81F1C255,is logical end of,S8DE5871BF4E4741157066A2D47A2F4
C025-V-HO27-P-_E-002-01,SFB5A8FAE2492FEAC18D69D81F1C255,is logical start of,S3FD9A7832B8C7347FFDD8E9BB5B6B4
C025-V-HO27-P-_E-002-01,SFB5A8FAE2492FEAC18D69D81F1C255,is logical end of,SDD9CC568ED068734959F4BEB719134
C025-V-HO27-P-_E-002-01,S8DE5871BF4E4741157066A2D47A2F4,has logical end,SFB5A8FAE2492FEAC18D69D81F1C255
C025-V-HO27-P-_E-002-01,S3FD9A7832B8C7347FFDD8E9BB5B6B4,has logical start,SFB5A8FAE2492FEAC18D69D81F1C255
C025-V-HO27-P-_E-002-01,S3FD9A7832B8C7347FFDD8E9BB5B6B4,has logical end,SD94A6BB0E30346133F3C6156216724
C025-V-HO27-P-_E-002-01,SD94A6BB0E30346133F3C6156216724,is logical end of,S3FD9A7832B8C7347FFDD8E9BB5B6B4
C025-V-HO27-P-_E-002-01,SD94A6BB0E30346133F3C6156216724,is fulfilled by,S856C873BB12A52C6835E8F1C2D1A91
C025-V-HO27-P-_E-002-01,SD94A6BB0E30346133F3C6156216724,is located in,S176D94306B2FA633E83F461A8DF1F7
C025-V-HO27-P-_E-002-01,S2238427FF538D480BBD6B359962670,is a part of,S48D1F1BA757E35274F84B7650C979F
C025-V-HO27-P-_E-002-01,S2238427FF538D480BBD6B359962670,is logical end of,S3BBE4DA6CAA656BBB14272F3FEE456
C025-V-HO27-P-_E-002-01,S2238427FF538D480BBD6B359962670,is logical end of,S9025CE457CC10255FB17776AF1D4B9
C025-V-HO27-P-_E-002-01,S3BBE4DA6CAA656BBB14272F3FEE456,has logical start,S52380C8DD401EBB617F3C1225A833C
C025-V-HO27-P-_E-002-01,S3BBE4DA6CAA656BBB14272F3FEE456,has logical end,S2238427FF538D480BBD6B359962670
C025-V-HO27-P-_E-002-01,S9025CE457CC10255FB17776AF1D4B9,has logical start,S14F0F8290A3649AE922D9F6E443217
C025-V-HO27-P-_E-002-01,S9025CE457CC10255FB17776AF1D4B9,has logical end,S2238427FF538D480BBD6B359962670
C025-V-HO27-P-_E-002-01,S52380C8DD401EBB617F3C1225A833C,is logical start of,S3BBE4DA6CAA656BBB14272F3FEE456
C025-V-HO27-P-_E-002-01,S52380C8DD401EBB617F3C1225A833C,is located in,S3F7D3A82CC844E8E88AE08748E8B02
C025-V-HO27-P-_E-002-01,S71A7E3F478C546F880688C3A248FCC,is a part of,S8160A61F12EF88D980D9DF52D53773
C025-V-HO27-P-_E-002-01,S71A7E3F478C546F880688C3A248FCC,is logical start of,S7A6DADC5088C1D6106C18CA77360E1
C025-V-HO27-P-_E-002-01,S71A7E3F478C546F880688C3A248FCC,is logical end of,S774DFD051BC808903212FF41E5D209
C025-V-HO27-P-_E-002-01,S774DFD051BC808903212FF41E5D209,has logical start,S4A02144731C45FEBC9CB66C701F3B6
C025-V-HO27-P-_E-002-01,S774DFD051BC808903212FF41E5D209,has logical end,S71A7E3F478C546F880688C3A248FCC
C025-V-HO27-P-_E-002-01,S4A02144731C45FEBC9CB66C701F3B6,is logical start of,S774DFD051BC808903212FF41E5D209
C025-V-HO27-P-_E-002-01,S4A02144731C45FEBC9CB66C701F3B6,is located in,SC3D30FE31F12723AAADDED9F6B8581
C025-V-HO27-P-_E-002-01,S229F19B849234991A7A13FFEE97CA1,is a part of,S3E3679E7697394E2BAC9FE3D8FA5D1
C025-V-HO27-P-_E-002-01,S229F19B849234991A7A13FFEE97CA1,is logical start of,SB42DC5EDAE9DC2F879E0987C17861B
C025-V-HO27-P-_E-002-01,S229F19B849234991A7A13FFEE97CA1,is logical end of,SAE55ADB3FC8BEA772D2A183639009E
C025-V-HO27-P-_E-002-01,SB42DC5EDAE9DC2F879E0987C17861B,has logical start,S229F19B849234991A7A13FFEE97CA1
C025-V-HO27-P-_E-002-01,SB42DC5EDAE9DC2F879E0987C17861B,has logical end,S4C4B4B0005E06AB3EDF4563C48DF0A
C025-V-HO27-P-_E-002-01,SAE55ADB3FC8BEA772D2A183639009E,has logical start,S4A02144731C45FEBC9CB66C701F3B61
C025-V-HO27-P-_E-002-01,SAE55ADB3FC8BEA772D2A183639009E,has logical end,S229F19B849234991A7A13FFEE97CA1
C025-V-HO27-P-_E-002-01,S4A02144731C45FEBC9CB66C701F3B61,is logical start of,SAE55ADB3FC8BEA772D2A183639009E
C025-V-HO27-P-_E-002-01,S4A02144731C45FEBC9CB66C701F3B61,is located in,SC3D30FE31F12723AAADDED9F6B8581
C025-V-HO27-P-_E-002-01,S6ED0C19A28398C63E5E7AA5AF0E552,is a part of,S783A2EAD588CD832BD830CE0EC6F3B
C025-V-HO27-P-_E-002-01,S6ED0C19A28398C63E5E7AA5AF0E552,is logical end of,S2C53B7B76DDEB0658EA2B0038E610E
C025-V-HO27-P-_E-002-01,S6ED0C19A28398C63E5E7AA5AF0E552,is logical end of,S4ADE37280CFBD83A3E5F53AB1913C8
C025-V-HO27-P-_E-002-01,S2C53B7B76DDEB0658EA2B0038E610E,has logical start,SAECE3CBF935EB3DD26C4FFC12E47C4
C025-V-HO27-P-_E-002-01,S2C53B7B76DDEB0658EA2B0038E610E,has logical end,S6ED0C19A28398C63E5E7AA5AF0E552
C025-V-HO27-P-_E-002-01,S4ADE37280CFBD83A3E5F53AB1913C8,has logical start,S758A78EF5CE74712653A0EA722B20C
C025-V-HO27-P-_E-002-01,S4ADE37280CFBD83A3E5F53AB1913C8,has logical end,S6ED0C19A28398C63E5E7AA5AF0E552
C025-V-HO27-P-_E-002-01,S758A78EF5CE74712653A0EA722B20C,is logical start of,S4ADE37280CFBD83A3E5F53AB1913C8
C025-V-HO27-P-_E-002-01,S758A78EF5CE74712653A0EA722B20C,is located in,SF17929823782E31765A9E21FDAA90F
C025-V-HO27-P-_E-002-01,S30FCFA54A4574ADA5B22E1D8F7F615,is a part of,S8E5078833E29D83A1112CD1577B2CA
C025-V-HO27-P-_E-002-01,S30FCFA54A4574ADA5B22E1D8F7F615,is logical start of,S6E4B64B113B9095B30E24EEB84B107
C025-V-HO27-P-_E-002-01,S30FCFA54A4574ADA5B22E1D8F7F615,is logical end of,S43A574669F49A05FFFFABA68023DCE
C025-V-HO27-P-_E-002-01,S30FCFA54A4574ADA5B22E1D8F7F615,is logical start of,S4562AE15FCEA1D76F3145489AC534A
C025-V-HO27-P-_E-002-01,S6E4B64B113B9095B30E24EEB84B107,has logical start,S30FCFA54A4574ADA5B22E1D8F7F615
C025-V-HO27-P-_E-002-01,S6E4B64B113B9095B30E24EEB84B107,has logical end,S72AA4BD31199436BF911E084F0656D
C025-V-HO27-P-_E-002-01,S43A574669F49A05FFFFABA68023DCE,has logical start,SBDF2A004CE8B335130F14B389A588A
C025-V-HO27-P-_E-002-01,S43A574669F49A05FFFFABA68023DCE,has logical end,S30FCFA54A4574ADA5B22E1D8F7F615
C025-V-HO27-P-_E-002-01,S4562AE15FCEA1D76F3145489AC534A,has logical start,S30FCFA54A4574ADA5B22E1D8F7F615
C025-V-HO27-P-_E-002-01,SBDF2A004CE8B335130F14B389A588A,is logical start of,S43A574669F49A05FFFFABA68023DCE
C025-V-HO27-P-_E-002-01,SBDF2A004CE8B335130F14B389A588A,is located in,S5EA5AA9EAB0ACD17AD16528C49591D
C025-V-HO27-P-_E-002-01,S72AA4BD31199436BF911E084F0656D,is logical end of,S6E4B64B113B9095B30E24EEB84B107
C025-V-HO27-P-_E-002-01,S72AA4BD31199436BF911E084F0656D,is fulfilled by,SC6CB6B5C84957F330C32F81E6EA63B
C025-V-HO27-P-_E-002-01,S72AA4BD31199436BF911E084F0656D,is located in,SEAE9235059DB714A8EA6B7624062EC
C025-V-HO27-P-_E-002-01,SD99FAFCA3ECC9726FBD02EC3760949,is a part of,S8B3854CDEEA04F868CB303B0E86135
C025-V-HO27-P-_E-002-01,SD99FAFCA3ECC9726FBD02EC3760949,is logical start of,S692A42879DD834A77F0DD743C3C463
C025-V-HO27-P-_E-002-01,SD99FAFCA3ECC9726FBD02EC3760949,is logical end of,S58DC57D0CEB8FEDCC40855AFFFF6C5
C025-V-HO27-P-_E-002-01,S692A42879DD834A77F0DD743C3C463,has logical start,SD99FAFCA3ECC9726FBD02EC3760949
C025-V-HO27-P-_E-002-01,S692A42879DD834A77F0DD743C3C463,has logical end,SD52E83E4B1B3610558E7CC8982A4E0
C025-V-HO27-P-_E-002-01,S58DC57D0CEB8FEDCC40855AFFFF6C5,has logical start,SE3572557293C8D0B42872155BF9E48
C025-V-HO27-P-_E-002-01,S58DC57D0CEB8FEDCC40855AFFFF6C5,has logical end,SD99FAFCA3ECC9726FBD02EC3760949
C025-V-HO27-P-_E-002-01,SE3572557293C8D0B42872155BF9E48,is logical start of,S58DC57D0CEB8FEDCC40855AFFFF6C5
C025-V-HO27-P-_E-002-01,SE3572557293C8D0B42872155BF9E48,is located in,SE21FEB07C4D4882B8D7DFF540F60FB
C025-V-HO27-P-_E-002-01,S5E0699D4D92CC86CE30DF0586402C4,is a part of,SBA49064FA172AAB129C5B0DC7F1C9C
C025-V-HO27-P-_E-002-01,S5E0699D4D92CC86CE30DF0586402C4,is logical end of,SE98538E4140DC39BAF0A162BD83A73
C025-V-HO27-P-_E-002-01,S5E0699D4D92CC86CE30DF0586402C4,is logical end of,S769896CB9E43EFDF1B188BFA291934
C025-V-HO27-P-_E-002-01,SE98538E4140DC39BAF0A162BD83A73,has logical start,S5730070DE4AC067CC8E850DA3CDAE6
C025-V-HO27-P-_E-002-01,SE98538E4140DC39BAF0A162BD83A73,has logical end,S5E0699D4D92CC86CE30DF0586402C4
C025-V-HO27-P-_E-002-01,S769896CB9E43EFDF1B188BFA291934,has logical start,S9BADA7E0C6AD42AEE3C9F0D04CDB8B
C025-V-HO27-P-_E-002-01,S769896CB9E43EFDF1B188BFA291934,has logical end,S5E0699D4D92CC86CE30DF0586402C4
C025-V-HO27-P-_E-002-01,S5730070DE4AC067CC8E850DA3CDAE6,is logical start of,SE98538E4140DC39BAF0A162BD83A73
C025-V-HO27-P-_E-002-01,S5730070DE4AC067CC8E850DA3CDAE6,is located in,S45A4EEAD22AAE7B2E0BDEF897A2B66
C025-V-HO27-P-_E-002-01,SB451651A4F3EA061C0ACDB3578B5A2,is a part of,S603DE7507DE9EA199E19BBE8CC412D
C025-V-HO27-P-_E-002-01,SB451651A4F3EA061C0ACDB3578B5A2,is logical end of,S62A03B41A0E76FF7394400336DE233
C025-V-HO27-P-_E-002-01,SB451651A4F3EA061C0ACDB3578B5A2,is logical start of,S6B7A218B020966FE6591B9FCD5D65D
C025-V-HO27-P-_E-002-01,S62A03B41A0E76FF7394400336DE233,has logical start,S7E8617AC7350549C3A00524EC4A031
C025-V-HO27-P-_E-002-01,S62A03B41A0E76FF7394400336DE233,has logical end,SB451651A4F3EA061C0ACDB3578B5A2
C025-V-HO27-P-_E-002-01,S6B7A218B020966FE6591B9FCD5D65D,has logical start,SB451651A4F3EA061C0ACDB3578B5A2
C025-V-HO27-P-_E-002-01,S6B7A218B020966FE6591B9FCD5D65D,has logical end,SD3384E24C143A2FE030E5AE9953341
C025-V-HO27-P-_E-002-01,S7E8617AC7350549C3A00524EC4A031,is logical start of,S62A03B41A0E76FF7394400336DE233
C025-V-HO27-P-_E-002-01,S7E8617AC7350549C3A00524EC4A031,is located in,S55D749C49978285D865D31642D05AD
C025-V-HO27-P-_E-002-01,SAEDCF0E8300133B012F6D0ACFF1BE8,is a part of,S8A4E1D733A775527929FF424F642BC
C025-V-HO27-P-_E-002-01,SAEDCF0E8300133B012F6D0ACFF1BE8,is logical end of,S60005DB58A6E6519197D9AB89AAD2B
C025-V-HO27-P-_E-002-01,SAEDCF0E8300133B012F6D0ACFF1BE8,is logical start of,S885241179FF0BF87BCF66481F9D850
C025-V-HO27-P-_E-002-01,S60005DB58A6E6519197D9AB89AAD2B,has logical start,SB052AA1B333E396FC3BA93FAB1DDE1
C025-V-HO27-P-_E-002-01,S60005DB58A6E6519197D9AB89AAD2B,has logical end,SAEDCF0E8300133B012F6D0ACFF1BE8
C025-V-HO27-P-_E-002-01,S885241179FF0BF87BCF66481F9D850,has logical start,SAEDCF0E8300133B012F6D0ACFF1BE8
C025-V-HO27-P-_E-002-01,S885241179FF0BF87BCF66481F9D850,has logical end,S5875E1F666D8E2517F67A88657CDAD
C025-V-HO27-P-_E-002-01,SB052AA1B333E396FC3BA93FAB1DDE1,is logical start of,S60005DB58A6E6519197D9AB89AAD2B
C025-V-HO27-P-_E-002-01,SB052AA1B333E396FC3BA93FAB1DDE1,is located in,SDE9DE3FB9329DF8291F4D89078C7EC
C025-V-HO27-P-_E-002-01,SDC87AE7A8188D07927B7DE480375E4,is a part of,S9E67044C36490CF50014F595C5E5A9
C025-V-HO27-P-_E-002-01,SDC87AE7A8188D07927B7DE480375E4,is logical end of,S321661ED062B2E4D03B983AD8FC9DB
C025-V-HO27-P-_E-002-01,SDC87AE7A8188D07927B7DE480375E4,is logical end of,SDFAE411D263047A434E3D2A1F6889D
C025-V-HO27-P-_E-002-01,S321661ED062B2E4D03B983AD8FC9DB,has logical start,SCCB4621B93B5668B3A9B15FB2B19FA
C025-V-HO27-P-_E-002-01,S321661ED062B2E4D03B983AD8FC9DB,has logical end,SDC87AE7A8188D07927B7DE480375E4
C025-V-HO27-P-_E-002-01,SDFAE411D263047A434E3D2A1F6889D,has logical start,S1FB47EDAB955929C3697F0E14FF05D
C025-V-HO27-P-_E-002-01,SDFAE411D263047A434E3D2A1F6889D,has logical end,SDC87AE7A8188D07927B7DE480375E4
C025-V-HO27-P-_E-002-01,S1FB47EDAB955929C3697F0E14FF05D,is logical start of,SDFAE411D263047A434E3D2A1F6889D
C025-V-HO27-P-_E-002-01,S1FB47EDAB955929C3697F0E14FF05D,is located in,SC9BBFB1700BA91AA47F9C8778B726A
C025-V-HO27-P-_E-002-01,SAC0A8897D32476E6F89A6AD9AF37D5,is a part of,S3E0AFB2115AABE2F0E4007297AEDA7
C025-V-HO27-P-_E-002-01,SAC0A8897D32476E6F89A6AD9AF37D5,is logical end of,S524347F867F613B7B6AF421A83DE66
C025-V-HO27-P-_E-002-01,SAC0A8897D32476E6F89A6AD9AF37D5,is logical start of,SE8DBDD565539054C715E32498D000D
C025-V-HO27-P-_E-002-01,SAC0A8897D32476E6F89A6AD9AF37D5,is logical end of,S4B65AC43A77A19E4FA80F18A3CF42B
C025-V-HO27-P-_E-002-01,S524347F867F613B7B6AF421A83DE66,has logical end,SAC0A8897D32476E6F89A6AD9AF37D5
C025-V-HO27-P-_E-002-01,SE8DBDD565539054C715E32498D000D,has logical start,SAC0A8897D32476E6F89A6AD9AF37D5
C025-V-HO27-P-_E-002-01,SE8DBDD565539054C715E32498D000D,has logical end,S6C4D03605D867AB2A71C8776F81354
C025-V-HO27-P-_E-002-01,S4B65AC43A77A19E4FA80F18A3CF42B,has logical start,SD3384E24C143A2FE030E5AE9953341
C025-V-HO27-P-_E-002-01,S4B65AC43A77A19E4FA80F18A3CF42B,has logical end,SAC0A8897D32476E6F89A6AD9AF37D5
C025-V-HO27-P-_E-002-01,S6C4D03605D867AB2A71C8776F81354,is logical end of,SE8DBDD565539054C715E32498D000D
C025-V-HO27-P-_E-002-01,S6C4D03605D867AB2A71C8776F81354,is fulfilled by,S636FD4A66D4C7745AC2D2C78B02F0C
C025-V-HO27-P-_E-002-01,S6C4D03605D867AB2A71C8776F81354,is located in,SF80841FE828450EACD52796F2EF8C6
C025-V-HO27-P-_E-002-01,SDF93A0F98A11E14A1FEC169AD76181,is a part of,SB1DFAE750823161F73BEE4F20F6CDA
C025-V-HO27-P-_E-002-01,SDF93A0F98A11E14A1FEC169AD76181,is logical start of,S59C07BCA86DD2331A2CCD0B42104AD
C025-V-HO27-P-_E-002-01,SDF93A0F98A11E14A1FEC169AD76181,is logical end of,S85E32A88159E3EB2C5D1009FD693CD
C025-V-HO27-P-_E-002-01,S59C07BCA86DD2331A2CCD0B42104AD,has logical start,SDF93A0F98A11E14A1FEC169AD76181
C025-V-HO27-P-_E-002-01,S59C07BCA86DD2331A2CCD0B42104AD,has logical end,S888763951CDEEC28C562421E7A837F
C025-V-HO27-P-_E-002-01,S85E32A88159E3EB2C5D1009FD693CD,has logical start,SD10BE4F103FB3BCE0297133925FC44
C025-V-HO27-P-_E-002-01,S85E32A88159E3EB2C5D1009FD693CD,has logical end,SDF93A0F98A11E14A1FEC169AD76181
C025-V-HO27-P-_E-002-01,SD10BE4F103FB3BCE0297133925FC44,is logical start of,S85E32A88159E3EB2C5D1009FD693CD
C025-V-HO27-P-_E-002-01,SD10BE4F103FB3BCE0297133925FC44,is located in,S93C6004980FFDB42778BEF2F9BB68F
C025-V-HO27-P-_E-002-01,SCB924536CDD1BA122547D850808E9B,is a part of,SB89841168321CEBB3FE652CB8B2CE8
C025-V-HO27-P-_E-002-01,SCB924536CDD1BA122547D850808E9B,is logical end of,SC7EEDDC9ADB7A9B7E5352E03C8D1DB
C025-V-HO27-P-_E-002-01,SCB924536CDD1BA122547D850808E9B,is logical end of,S3308986C2429079F440BAC0D27B072
C025-V-HO27-P-_E-002-01,SC7EEDDC9ADB7A9B7E5352E03C8D1DB,has logical start,S98DE41826A6788104091E654FA988B
C025-V-HO27-P-_E-002-01,SC7EEDDC9ADB7A9B7E5352E03C8D1DB,has logical end,SCB924536CDD1BA122547D850808E9B
C025-V-HO27-P-_E-002-01,S3308986C2429079F440BAC0D27B072,has logical start,S45FA3659305E00C804BAB4C1F12E6B
C025-V-HO27-P-_E-002-01,S3308986C2429079F440BAC0D27B072,has logical end,SCB924536CDD1BA122547D850808E9B
C025-V-HO27-P-_E-002-01,S45FA3659305E00C804BAB4C1F12E6B,is logical start of,S3308986C2429079F440BAC0D27B072
C025-V-HO27-P-_E-002-01,S45FA3659305E00C804BAB4C1F12E6B,is located in,S803D41FA2614271C68964F21AF5366
C025-V-HO27-P-_E-002-01,S2BB6F70D2793EE095572E32DAF369A,is a part of,SEADDB2EAF38067B922C80735ED1E4C
C025-V-HO27-P-_E-002-01,S2BB6F70D2793EE095572E32DAF369A,is logical end of,S16BA35E1D8548838B7E6965163A308
C025-V-HO27-P-_E-002-01,S2BB6F70D2793EE095572E32DAF369A,is logical start of,S6B28D525E15BACC4CE6AE14ECDE8C7
C025-V-HO27-P-_E-002-01,S16BA35E1D8548838B7E6965163A308,has logical start,S5744F1F4B1052CEB773F29379EC792
C025-V-HO27-P-_E-002-01,S16BA35E1D8548838B7E6965163A308,has logical end,S2BB6F70D2793EE095572E32DAF369A
C025-V-HO27-P-_E-002-01,S5744F1F4B1052CEB773F29379EC792,is logical start of,S16BA35E1D8548838B7E6965163A308
C025-V-HO27-P-_E-002-01,S5744F1F4B1052CEB773F29379EC792,is fulfilled by,SE5EDF063C8280BD54E8E010AA87DF6
C025-V-HO27-P-_E-002-01,S5744F1F4B1052CEB773F29379EC792,is located in,S26C32FD56E879973624C00728C5826
C025-V-HO27-P-_E-002-01,S33083C41220301E189AA3E14355421,is a part of,S89F051D7A873179FBB8ADFC26403D0
C025-V-HO27-P-_E-002-01,S33083C41220301E189AA3E14355421,is logical end of,S9882928F539276499925E259EE46A9
C025-V-HO27-P-_E-002-01,S33083C41220301E189AA3E14355421,is logical end of,S13FFDBB349E637764970E8484BD543
C025-V-HO27-P-_E-002-01,S13FFDBB349E637764970E8484BD543,has logical start,S49BF1036F6AE5EE7DDEC2ECA6FBD8D
C025-V-HO27-P-_E-002-01,S13FFDBB349E637764970E8484BD543,has logical end,S33083C41220301E189AA3E14355421
C025-V-HO27-P-_E-002-01,S49BF1036F6AE5EE7DDEC2ECA6FBD8D,is logical start of,S13FFDBB349E637764970E8484BD543
C025-V-HO27-P-_E-002-01,S49BF1036F6AE5EE7DDEC2ECA6FBD8D,is located in,S9D27A9FD902D10E5C24DF840FF6E79
C025-V-HO27-P-_E-002-01,S912996FDF090F8925F064F7FE4B6CF,is a part of,S18231E12BBFA61FBA3598780561816
C025-V-HO27-P-_E-002-01,S912996FDF090F8925F064F7FE4B6CF,is logical end of,SD02466DF05EADF2C54A396F8B26633
C025-V-HO27-P-_E-002-01,S912996FDF090F8925F064F7FE4B6CF,is logical start of,SCC08F3300A0FEB29DF5E24F6DB72EC
C025-V-HO27-P-_E-002-01,SD02466DF05EADF2C54A396F8B26633,has logical start,S97166D4F598AB0C089431D9EE502C5
C025-V-HO27-P-_E-002-01,SD02466DF05EADF2C54A396F8B26633,has logical end,S912996FDF090F8925F064F7FE4B6CF
C025-V-HO27-P-_E-002-01,S97166D4F598AB0C089431D9EE502C5,is logical start of,SD02466DF05EADF2C54A396F8B26633
C025-V-HO27-P-_E-002-01,S97166D4F598AB0C089431D9EE502C5,is located in,S1BFBFBB97F7B5B62AA9F123833BEDB
C025-V-HO27-P-_E-002-01,SBB493D49384205E40407546241973E,is a part of,S94F064471920B94078C13299FA69FE
C025-V-HO27-P-_E-002-01,SBB493D49384205E40407546241973E,is logical end of,SA4F26AB1727A6F21F6A2BE5E8AA378
C025-V-HO27-P-_E-002-01,SBB493D49384205E40407546241973E,is logical start of,S387D6E04D4EE48889FD9BFF4FB5886
C025-V-HO27-P-_E-002-01,SBB493D49384205E40407546241973E,is logical end of,SBE5012D75CEBA4BEEB1D14D74E006E
C025-V-HO27-P-_E-002-01,SA4F26AB1727A6F21F6A2BE5E8AA378,has logical start,S26E4A7FD4604FC64D1680119C1B580
C025-V-HO27-P-_E-002-01,SA4F26AB1727A6F21F6A2BE5E8AA378,has logical end,SBB493D49384205E40407546241973E
C025-V-HO27-P-_E-002-01,S387D6E04D4EE48889FD9BFF4FB5886,has logical start,SBB493D49384205E40407546241973E
C025-V-HO27-P-_E-002-01,SBE5012D75CEBA4BEEB1D14D74E006E,has logical start,S1427FADB05571DDBFD858A515331E2
C025-V-HO27-P-_E-002-01,SBE5012D75CEBA4BEEB1D14D74E006E,has logical end,SBB493D49384205E40407546241973E
C025-V-HO27-P-_E-002-01,S1427FADB05571DDBFD858A515331E2,is logical start of,SBE5012D75CEBA4BEEB1D14D74E006E
C025-V-HO27-P-_E-002-01,S1427FADB05571DDBFD858A515331E2,is fulfilled by,S90B49BB7D6830C6AF58F7FD0FD70F9
C025-V-HO27-P-_E-002-01,S1427FADB05571DDBFD858A515331E2,is located in,S883C976DD7F07149AA9A3369772ECB
C025-V-HO27-P-_E-002-01,S4C4B4B0005E06AB3EDF4563C48DF0A,is a part of,S3C2F3772CA9611EBEB59EA6E0658BC
C025-V-HO27-P-_E-002-01,S4C4B4B0005E06AB3EDF4563C48DF0A,is logical end of,SB42DC5EDAE9DC2F879E0987C17861B
C025-V-HO27-P-_E-002-01,S1B0918E8341A194ADCC4A93EA5B1C6,is a part of,S637B0FB5B68B36AB52D864EF0A750E
C025-V-HO27-P-_E-002-01,S1B0918E8341A194ADCC4A93EA5B1C6,is logical end of,S57B19395317C08DFCC33773588FB61
C025-V-HO27-P-_E-002-01,S90A629016A0ED8FDC6F0A301E4658E,is a part of,S761AB131222758EEBCDE8D040183AB
C025-V-HO27-P-_E-002-01,S90A629016A0ED8FDC6F0A301E4658E,is logical start of,SC2D0A00EF7F5BE02C536AF3B3F11A6
C025-V-HO27-P-_E-002-01,SC2D0A00EF7F5BE02C536AF3B3F11A6,has logical start,S90A629016A0ED8FDC6F0A301E4658E
C025-V-HO27-P-_E-002-01,SC2D0A00EF7F5BE02C536AF3B3F11A6,has logical end,SB6B2D82518E75ED122C25B0CC84451
C025-V-HO27-P-_E-002-01,S620F7CBBA1D6DE2A93777DCC482D35,is a part of,SE0745BCA0F551841C25F0CBBC97902
C025-V-HO27-P-_E-002-01,S620F7CBBA1D6DE2A93777DCC482D35,is logical start of,S1D3B9F660BF3F17C948485C820E074
C025-V-HO27-P-_E-002-01,S62DFE73DD7A10A5841608063FED29F,is a part of,SDFE6C27B5069E86DD42E892A82E02F
C025-V-HO27-P-_E-002-01,S62DFE73DD7A10A5841608063FED29F,is logical end of,SDBA1C40095C4AE3E39E0B30F8401DE
C025-V-HO27-P-_E-002-01,S77902904AA227C9AF983CFA5A47E7D,is a part of,S18B60719B8B4BFA888E50D8A9E9A45
C025-V-HO27-P-_E-002-01,S77902904AA227C9AF983CFA5A47E7D,is logical start of,S93CD3DA007BA912B24CF2B1A207F60
C025-V-HO27-P-_E-002-01,S93CD3DA007BA912B24CF2B1A207F60,has logical start,S77902904AA227C9AF983CFA5A47E7D
C025-V-HO27-P-_E-002-01,S93CD3DA007BA912B24CF2B1A207F60,has logical end,S98DE41826A6788104091E654FA988B
C025-V-HO27-P-_E-002-01,S61409C104834BDFB1F40E86B1113CC,is a part of,S507C5C4E2EACFB5C9123D07CC88129
C025-V-HO27-P-_E-002-01,S61409C104834BDFB1F40E86B1113CC,is logical end of,SC5512DAB59DEA5B1E14FAACACECF55
C025-V-HO27-P-_E-002-01,SC5512DAB59DEA5B1E14FAACACECF55,has logical start,S888763951CDEEC28C562421E7A837F
C025-V-HO27-P-_E-002-01,SC5512DAB59DEA5B1E14FAACACECF55,has logical end,S61409C104834BDFB1F40E86B1113CC
C025-V-HO27-P-_E-002-01,SA7D08555BE5E67D78BEF9F9BEF7026,is a part of,SC79A261C7B610EBCAB7A605B89C738
C025-V-HO27-P-_E-002-01,SA7D08555BE5E67D78BEF9F9BEF7026,is logical start of,S36E8A14BEA19749DBA32530FC60FF9
C025-V-HO27-P-_E-002-01,SCE7D7210798FF2901AC46291937FC1,is a part of,S69AF7FE47BDF4E750231113A1A507E
C025-V-HO27-P-_E-002-01,SCE7D7210798FF2901AC46291937FC1,is logical start of,S1DF718871D960AB5CC846792F459C5
C025-V-HO27-P-_E-002-01,S1DF718871D960AB5CC846792F459C5,has logical start,SCE7D7210798FF2901AC46291937FC1
C025-V-HO27-P-_E-002-01,S1DF718871D960AB5CC846792F459C5,has logical end,SD52E83E4B1B3610558E7CC8982A4E0
C025-V-HO27-P-_E-002-01,SCF229246B7F435053EE71F2FE8CA75,is a part of,SEBE1945723581285B5BE0472CF5DBB
C025-V-HO27-P-_E-002-01,SCF229246B7F435053EE71F2FE8CA75,is logical start of,S984DB5B51B107B00003EF5D5C623CC
C025-V-HO27-P-_E-002-01,S984DB5B51B107B00003EF5D5C623CC,has logical start,SCF229246B7F435053EE71F2FE8CA75
C025-V-HO27-P-_E-002-01,S984DB5B51B107B00003EF5D5C623CC,has logical end,S7E9D10D8B6BCD78D9ACDAD93ECB828
C025-V-HO27-P-_E-002-01,S6B0E72774305C48795A2839452E272,is a part of,S398145CF1EA52FFAEB27906E1D3CC1
C025-V-HO27-P-_E-002-01,S6B0E72774305C48795A2839452E272,is logical end of,S62E654009E4AFEA4FE6C50EFD1D103
C025-V-HO27-P-_E-002-01,S7E9D10D8B6BCD78D9ACDAD93ECB828,is a part of,S5FB9F22AEF7591EB370DE70F1BA871
C025-V-HO27-P-_E-002-01,S7E9D10D8B6BCD78D9ACDAD93ECB828,is logical start of,SAD3212675E8B5B21EC0F597AC17E3B
C025-V-HO27-P-_E-002-01,S7E9D10D8B6BCD78D9ACDAD93ECB828,is logical end of,S984DB5B51B107B00003EF5D5C623CC
C025-V-HO27-P-_E-002-01,SAD3212675E8B5B21EC0F597AC17E3B,has logical start,S7E9D10D8B6BCD78D9ACDAD93ECB828
C025-V-HO27-P-_E-002-01,SAD3212675E8B5B21EC0F597AC17E3B,has logical end,SC2539845AAE33E82692741482ACEAC
C025-V-HO27-P-_E-002-01,SC2539845AAE33E82692741482ACEAC,is logical end of,SAD3212675E8B5B21EC0F597AC17E3B
C025-V-HO27-P-_E-002-01,SC2539845AAE33E82692741482ACEAC,is located in,SA1F7D99C16D55531DED24F6FAE2F99
C025-V-HO27-P-_E-002-01,S14F0F8290A3649AE922D9F6E443217,is a part of,SA287A169BBAAD1F931D5551E3404DB
C025-V-HO27-P-_E-002-01,S14F0F8290A3649AE922D9F6E443217,is logical start of,S9025CE457CC10255FB17776AF1D4B9
C025-V-HO27-P-_E-002-01,S14F0F8290A3649AE922D9F6E443217,is logical end of,S36E8A14BEA19749DBA32530FC60FF9
C025-V-HO27-P-_E-002-01,S14F0F8290A3649AE922D9F6E443217,is logical end of,SEECDEA9EF72DD7C56CFD01B6EEF424
C025-V-HO27-P-_E-002-01,S36E8A14BEA19749DBA32530FC60FF9,has logical start,SA7D08555BE5E67D78BEF9F9BEF7026
C025-V-HO27-P-_E-002-01,S36E8A14BEA19749DBA32530FC60FF9,has logical end,S14F0F8290A3649AE922D9F6E443217
C025-V-HO27-P-_E-002-01,SEECDEA9EF72DD7C56CFD01B6EEF424,has logical start,S585F42B5F8DA3DB0EDDB74BE82AD3A
C025-V-HO27-P-_E-002-01,SEECDEA9EF72DD7C56CFD01B6EEF424,has logical end,S14F0F8290A3649AE922D9F6E443217
C025-V-HO27-P-_E-002-01,S62569A63AFFEFB660314412E5F7A44,is a part of,S30AB1DC89033CF4D2BF76646C86DF9
C025-V-HO27-P-_E-002-01,S62569A63AFFEFB660314412E5F7A44,is logical start of,S62E654009E4AFEA4FE6C50EFD1D103
C025-V-HO27-P-_E-002-01,S62569A63AFFEFB660314412E5F7A44,is logical start of,S219D7BEADF25BAA04D1B1BC44EC4C8
C025-V-HO27-P-_E-002-01,S62569A63AFFEFB660314412E5F7A44,is logical start of,S9882928F539276499925E259EE46A9
C025-V-HO27-P-_E-002-01,S62E654009E4AFEA4FE6C50EFD1D103,has logical start,S62569A63AFFEFB660314412E5F7A44
C025-V-HO27-P-_E-002-01,S62E654009E4AFEA4FE6C50EFD1D103,has logical end,S6B0E72774305C48795A2839452E272
C025-V-HO27-P-_E-002-01,S219D7BEADF25BAA04D1B1BC44EC4C8,has logical start,S62569A63AFFEFB660314412E5F7A44
C025-V-HO27-P-_E-002-01,S219D7BEADF25BAA04D1B1BC44EC4C8,has logical end,SB5AF39E4F2752E6D4ED14809E281AD
C025-V-HO27-P-_E-002-01,S9882928F539276499925E259EE46A9,has logical start,S62569A63AFFEFB660314412E5F7A44
C025-V-HO27-P-_E-002-01,S9882928F539276499925E259EE46A9,has logical end,S33083C41220301E189AA3E14355421
C025-V-HO27-P-_E-002-01,S888763951CDEEC28C562421E7A837F,is a part of,SD9DA2782B59D03B6F9C31274EE6D70
C025-V-HO27-P-_E-002-01,S888763951CDEEC28C562421E7A837F,is logical start of,SC5512DAB59DEA5B1E14FAACACECF55
C025-V-HO27-P-_E-002-01,S888763951CDEEC28C562421E7A837F,is logical end of,S59C07BCA86DD2331A2CCD0B42104AD
C025-V-HO27-P-_E-002-01,S888763951CDEEC28C562421E7A837F,is logical end of,SC301B61110F26300C4F7F49454056E
C025-V-HO27-P-_E-002-01,SC301B61110F26300C4F7F49454056E,has logical start,S9CC266134E4A30BD09E5FB7A85A84B
C025-V-HO27-P-_E-002-01,SC301B61110F26300C4F7F49454056E,has logical end,S888763951CDEEC28C562421E7A837F
C025-V-HO27-P-_E-002-01,SCCB4621B93B5668B3A9B15FB2B19FA,is a part of,S1F0B5924CA2E5D59B4B5CEFF8B4CA9
C025-V-HO27-P-_E-002-01,SCCB4621B93B5668B3A9B15FB2B19FA,is logical start of,SDBA1C40095C4AE3E39E0B30F8401DE
C025-V-HO27-P-_E-002-01,SCCB4621B93B5668B3A9B15FB2B19FA,is logical end of,SAF8A8013A7B23DF8DE427591D5468C
C025-V-HO27-P-_E-002-01,SCCB4621B93B5668B3A9B15FB2B19FA,is logical start of,S321661ED062B2E4D03B983AD8FC9DB
C025-V-HO27-P-_E-002-01,SDBA1C40095C4AE3E39E0B30F8401DE,has logical start,SCCB4621B93B5668B3A9B15FB2B19FA
C025-V-HO27-P-_E-002-01,SDBA1C40095C4AE3E39E0B30F8401DE,has logical end,S62DFE73DD7A10A5841608063FED29F
C025-V-HO27-P-_E-002-01,S98DE41826A6788104091E654FA988B,is a part of,S841C90C071A833A1F2606D029FA52E
C025-V-HO27-P-_E-002-01,S98DE41826A6788104091E654FA988B,is logical start of,SC7EEDDC9ADB7A9B7E5352E03C8D1DB
C025-V-HO27-P-_E-002-01,S98DE41826A6788104091E654FA988B,is logical end of,S93CD3DA007BA912B24CF2B1A207F60
C025-V-HO27-P-_E-002-01,S98DE41826A6788104091E654FA988B,is logical start of,SBFAF0BE562B95A68642A425B8F8C76
C025-V-HO27-P-_E-002-01,SD52E83E4B1B3610558E7CC8982A4E0,is a part of,SDDEE317A5F36289FD0232BE0A90A37
C025-V-HO27-P-_E-002-01,SD52E83E4B1B3610558E7CC8982A4E0,is logical end of,S692A42879DD834A77F0DD743C3C463
C025-V-HO27-P-_E-002-01,SD52E83E4B1B3610558E7CC8982A4E0,is logical end of,S4391DA31638553F171957A74D9876A
C025-V-HO27-P-_E-002-01,SD52E83E4B1B3610558E7CC8982A4E0,is logical end of,S1DF718871D960AB5CC846792F459C5
C025-V-HO27-P-_E-002-01,S9BADA7E0C6AD42AEE3C9F0D04CDB8B,is a part of,S29D4890B781A9FEFF84E4AD6BBFFBE
C025-V-HO27-P-_E-002-01,S9BADA7E0C6AD42AEE3C9F0D04CDB8B,is logical end of,S1D3B9F660BF3F17C948485C820E074
C025-V-HO27-P-_E-002-01,S9BADA7E0C6AD42AEE3C9F0D04CDB8B,is logical end of,SB19EE2D935C58F400B31A71D1E2096
C025-V-HO27-P-_E-002-01,S9BADA7E0C6AD42AEE3C9F0D04CDB8B,is logical start of,S769896CB9E43EFDF1B188BFA291934
C025-V-HO27-P-_E-002-01,S1D3B9F660BF3F17C948485C820E074,has logical start,S620F7CBBA1D6DE2A93777DCC482D35
C025-V-HO27-P-_E-002-01,S1D3B9F660BF3F17C948485C820E074,has logical end,S9BADA7E0C6AD42AEE3C9F0D04CDB8B
C025-V-HO27-P-_E-002-01,SC22B8BC4A808059EE4EE91EFAFD087,is a part of,S5D91E245ACFC957AE4B09CCF560540
C025-V-HO27-P-_E-002-01,SC22B8BC4A808059EE4EE91EFAFD087,is logical start of,SDE38ABDDD364F29696BD4124A3B44E
C025-V-HO27-P-_E-002-01,SC22B8BC4A808059EE4EE91EFAFD087,is logical end of,S9987C2EEEA934DE05440F0DA3067A3
C025-V-HO27-P-_E-002-01,SC22B8BC4A808059EE4EE91EFAFD087,is logical start of,S57B19395317C08DFCC33773588FB61
C025-V-HO27-P-_E-002-01,SDE38ABDDD364F29696BD4124A3B44E,has logical start,SC22B8BC4A808059EE4EE91EFAFD087
C025-V-HO27-P-_E-002-01,SDE38ABDDD364F29696BD4124A3B44E,has logical end,SC3314D47F0696715647470AE8AE549
C025-V-HO27-P-_E-002-01,S57B19395317C08DFCC33773588FB61,has logical start,SC22B8BC4A808059EE4EE91EFAFD087
C025-V-HO27-P-_E-002-01,S57B19395317C08DFCC33773588FB61,has logical end,S1B0918E8341A194ADCC4A93EA5B1C6
C025-V-HO27-P-_E-002-01,SC3314D47F0696715647470AE8AE549,is logical end of,SDE38ABDDD364F29696BD4124A3B44E
C025-V-HO27-P-_E-002-01,SC3314D47F0696715647470AE8AE549,is fulfilled by,S4817D75BB4A93C1E37F1FB7CA894B7
C025-V-HO27-P-_E-002-01,SC3314D47F0696715647470AE8AE549,is located in,SC3FEFB15250837DD9963B780DF55A5
C025-V-HO45-P-_F-001-01,SFE9B3F0D04A883D68B397EC79920F7,is a collection including,S382C4E94322CB7562C34F6E355ADFD
C025-V-HO45-P-_F-001-01,S39F12950FB42380AF3F9BC9D8C15F9,is a collection including,S72DE084A4FB3329371902F4057133C
C025-V-HO45-P-_F-001-01,SBCCECE16A24DB9B7A050EA20F0532C,is a collection including,S222A5041AE80A24EEC16D10303BA80
C025-V-HO45-P-_F-001-01,S4E5C5497F0932ADE6593BB9356F16E,is a collection including,SD2B2A92F70BAE0D4260854794CCF50
C025-V-HO45-P-_F-001-01,S2EE1B49B49157CF0A563F8D34485E4,is a collection including,SB309EE7AC83E92EBBDB4FDE7F4EEE7
C025-V-HO45-P-_F-001-01,SEE6195FB4A263C24CAA56158C73CCB,is a collection including,S94FD0D3BD0EFE185CD7D0E9CAEEB49
C025-V-HO45-P-_F-001-01,SE1428FFA242554C174191E8B28F80B,is a collection including,S4387259AFAD6576A1D1A8553CCD21A
C025-V-HO45-P-_F-001-01,SBA71BCC39097DE6D9164E3222ADD68,is a collection including,SA75B26A9AE2AFC3297CBB5B3EB2739
C025-V-HO45-P-_F-001-01,S134C4577CE88106D80D2891D24C475,is a collection including,SFF7C0DBA23816CC6C4D3A15054ABF1
C025-V-HO45-P-_F-001-01,SEDA2D25CEE3B25CC737F8495B21FA4,is a collection including,SE5DFB1977E9C62F79CF6C4519A28C8
C025-V-HO45-P-_F-001-01,S69814C044DC60B27830FA591A62E17,is a collection including,S7FE9F669A29BB1086112DF35A58ADB
C025-V-HO45-P-_F-001-01,S236CD2B1495BA0A6DBD35A4849F690,is a collection including,S68D5762C0ECD12FB3F7B339E4DFDCE
C025-V-HO45-P-_F-001-01,S801D5C22F147F012287FE3700EF5DC,is a collection including,SFE3B5F1C2F8EBB24C1FF447F102529
C025-V-HO45-P-_F-001-01,SB2BEF47435352A59609D71CB0EEBA2,is a collection including,SBFD3E02B849EA4233117F7F59CC8D5
C025-V-HO45-P-_F-001-01,SC319D85DACF4F0A980523D86CAD785,is a collection including,S86BF78DCB699741F7144582B5CAC7B
C025-V-HO45-P-_F-001-01,SF5A30DDC4B9F246AA7245B2F08E09F,is a collection including,S521E180F84011A53E4246AB74DD449
C025-V-HO45-P-_F-001-01,S4908B8AEEC26707DF87F2A629BB524,is a collection including,SA7A8F8153A52C10BA92BD441A353B5
C025-V-HO45-P-_F-001-01,S26DA85F7C092CA8743DD54D8EDBF68,is a collection including,SC93FB02B79962043CAEA5FFE6395F9
C025-V-HO45-P-_F-001-01,SE8A8ADCB136C896D903BA74C6B3850,is a collection including,S34F787BCA92CCD4C4248680803757E
C025-V-HO45-P-_F-001-01,SEB03E58E66EF2A9AC6237C6AE4CD15,is a collection including,S72461AD8057DB4C2438FEDFD305DF3
C025-V-HO45-P-_F-001-01,SE29BC89DF975724850DC18C4A0D557,is a collection including,S3C70DB43F57D937CA1706DEDFD9A14
C025-V-HO45-P-_F-001-01,S444E620FC0E4F18938B294AEE205BC,is a collection including,S82A3F350D53781F68533318D577D05
C025-V-HO45-P-_F-001-01,S8C04868B113B97C7152D51927C908B,is a collection including,S7D067F07A02A7B04ECAF3506DDD6FF
C025-V-HO45-P-_F-001-01,S3C6B792F720C3210517E73624D6D93,is a collection including,S74C16C9BBADC03A84241D7EA3A62F2
C025-V-HO45-P-_F-001-01,S6C591468A9F3A9E7E5B44E36830901,fulfills,S7FE3AA9DAB70D8C898F54EAC43E2C3
C025-V-HO45-P-_F-001-01,SA4C30D7CBE1D61AC18D1A6FAFAE483,refers to,SA16BEA2893FE61C03D0B13DA6C7EBC
C025-V-HO45-P-_F-001-01,S38B81E88695079501FE1EDEC381C43,fulfills,SB543F1066DCD8DDE2C8035513CBA4F
C025-V-HO45-P-_F-001-01,SB9E44597FFD28948FD1DBAE1363CF6,refers to,S5D0B6E530D222AE95B348D5D9D2F1A
C025-V-HO45-P-_F-001-01,SF8F74628C95877177ABCCC82448786,fulfills,S246F48B423D97B20EDA84C7C1FBDA2
C025-V-HO45-P-_F-001-01,S8158667E55057B2DD858D79B544D67,refers to,S3FEB585D59E18DB5C4016AA7474AEB
C025-V-HO45-P-_F-001-01,S9975BD234E66974CEEBBDC801F9EE9,fulfills,S3FA7A159E433A1D3E0658816FE40DB
C025-V-HO45-P-_F-001-01,S81D47832C5E4D4326075F39B061347,refers to,S974675BAEEEB8F0AB5BB92C6A0801A
C025-V-HO45-P-_F-001-01,SF1FCCB04B2683CAE713208FF42F824,fulfills,S8B923D5BE2D80B3B60F45FF9B22125
C025-V-HO45-P-_F-001-01,S236F53D3251A96518EB474355F121E,refers to,SF6F0CE9043D17812A6ADCDC9F2189A
C025-V-HO45-P-_F-001-01,SC1D7038D1E03BDAA57C701823AC3FA,fulfills,SE13A16C29A976D1664FDB10FACC342
C025-V-HO45-P-_F-001-01,SFB7313A710DF7F45DFF52A7DA26C53,refers to,SEC917559A85F38D8D39F2FB6BB616E
C025-V-HO45-P-_F-001-01,S2D1D08E2CCD2A1D6B74F85E1B413EE,fulfills,SAAB11C1CFB927C34E26AF030B0529A
C025-V-HO45-P-_F-001-01,S5BF4935010DF84B403A2477EAEAD0D,refers to,SCE927DF262D526514486257B0A9524
C025-V-HO45-P-_F-001-01,S3E1DEC0113B74C8164055C7B02D7FC,is the location of,S372DC3F979924CD9A972A3A61B56D9
C025-V-HO45-P-_F-001-01,S2BEB7E5F137689D7104FBE1540671F,is the location of,S7FE3AA9DAB70D8C898F54EAC43E2C3
C025-V-HO45-P-_F-001-01,S2BEB7E5F137689D7104FBE1540671F,is the location of,SAAB11C1CFB927C34E26AF030B0529A
C025-V-HO45-P-_F-001-01,SA16BEA2893FE61C03D0B13DA6C7EBC,is referenced by,SA4C30D7CBE1D61AC18D1A6FAFAE483
C025-V-HO45-P-_F-001-01,SCE927DF262D526514486257B0A9524,is referenced by,S5BF4935010DF84B403A2477EAEAD0D
C025-V-HO45-P-_F-001-01,S7BA00A1BC43073E172C14756910DBF,is the location of,S8B923D5BE2D80B3B60F45FF9B22125
C025-V-HO45-P-_F-001-01,SF6F0CE9043D17812A6ADCDC9F2189A,is referenced by,S236F53D3251A96518EB474355F121E
C025-V-HO45-P-_F-001-01,S70DB8BE98B752EF73AEF65388FFF95,is the location of,S6A9626D958642B2B03EA786B6AE224
C025-V-HO45-P-_F-001-01,S9FF2F018032727CCEB52CD8E1735FE,is the location of,SB543F1066DCD8DDE2C8035513CBA4F
C025-V-HO45-P-_F-001-01,S5D0B6E530D222AE95B348D5D9D2F1A,is referenced by,SB9E44597FFD28948FD1DBAE1363CF6
C025-V-HO45-P-_F-001-01,S282C669B6C86338631F117ECBC1514,is the location of,S246F48B423D97B20EDA84C7C1FBDA2
C025-V-HO45-P-_F-001-01,S3FEB585D59E18DB5C4016AA7474AEB,is referenced by,S8158667E55057B2DD858D79B544D67
C025-V-HO45-P-_F-001-01,S885C15DA3742A294E167BEC2348058,is the location of,SEDDB389939DC04B2E823FB366795D1
C025-V-HO45-P-_F-001-01,S1E2C8E23B5225B999CC5ACE68799D9,is the location of,S7BB4F74AC8B4467691DFF0AC60924C
C025-V-HO45-P-_F-001-01,S382C4E94322CB7562C34F6E355ADFD,is a part of,SFE9B3F0D04A883D68B397EC79920F7
C025-V-HO45-P-_F-001-01,S382C4E94322CB7562C34F6E355ADFD,is logical start of,SC00EC5E347B6CB61D06C881A772DB6
C025-V-HO45-P-_F-001-01,SC00EC5E347B6CB61D06C881A772DB6,has logical start,S382C4E94322CB7562C34F6E355ADFD
C025-V-HO45-P-_F-001-01,SC00EC5E347B6CB61D06C881A772DB6,has logical end,S7FE3AA9DAB70D8C898F54EAC43E2C3
C025-V-HO45-P-_F-001-01,S7FE3AA9DAB70D8C898F54EAC43E2C3,is logical end of,SC00EC5E347B6CB61D06C881A772DB6
C025-V-HO45-P-_F-001-01,S7FE3AA9DAB70D8C898F54EAC43E2C3,is fulfilled by,S6C591468A9F3A9E7E5B44E36830901
C025-V-HO45-P-_F-001-01,S7FE3AA9DAB70D8C898F54EAC43E2C3,is located in,S2BEB7E5F137689D7104FBE1540671F
C025-V-HO45-P-_F-001-01,S72DE084A4FB3329371902F4057133C,is a part of,S39F12950FB42380AF3F9BC9D8C15F9
C025-V-HO45-P-_F-001-01,S72DE084A4FB3329371902F4057133C,is logical start of,S4566C0D0E574FEEA532183EFC1A088
C025-V-HO45-P-_F-001-01,S4566C0D0E574FEEA532183EFC1A088,has logical start,S72DE084A4FB3329371902F4057133C
C025-V-HO45-P-_F-001-01,S4566C0D0E574FEEA532183EFC1A088,has logical end,SC93FB02B79962043CAEA5FFE6395F9
C025-V-HO45-P-_F-001-01,S222A5041AE80A24EEC16D10303BA80,is a part of,SBCCECE16A24DB9B7A050EA20F0532C
C025-V-HO45-P-_F-001-01,S222A5041AE80A24EEC16D10303BA80,is logical start of,S485764579859B5E1F3C48CF2BF5F16
C025-V-HO45-P-_F-001-01,SD2B2A92F70BAE0D4260854794CCF50,is a part of,S4E5C5497F0932ADE6593BB9356F16E
C025-V-HO45-P-_F-001-01,SD2B2A92F70BAE0D4260854794CCF50,is logical start of,S72C99EC13327F3050773FB1F9874CE
C025-V-HO45-P-_F-001-01,SB309EE7AC83E92EBBDB4FDE7F4EEE7,is a part of,S2EE1B49B49157CF0A563F8D34485E4
C025-V-HO45-P-_F-001-01,SB309EE7AC83E92EBBDB4FDE7F4EEE7,is logical start of,S4914C0DD0BDB44E26C42E5AF54DEB0
C025-V-HO45-P-_F-001-01,S94FD0D3BD0EFE185CD7D0E9CAEEB49,is a part of,SEE6195FB4A263C24CAA56158C73CCB
C025-V-HO45-P-_F-001-01,S94FD0D3BD0EFE185CD7D0E9CAEEB49,is logical end of,S1102A1A5BE7C40F5931FD83342505A
C025-V-HO45-P-_F-001-01,S1102A1A5BE7C40F5931FD83342505A,has logical start,S521E180F84011A53E4246AB74DD449
C025-V-HO45-P-_F-001-01,S1102A1A5BE7C40F5931FD83342505A,has logical end,S94FD0D3BD0EFE185CD7D0E9CAEEB49
C025-V-HO45-P-_F-001-01,S4387259AFAD6576A1D1A8553CCD21A,is a part of,SE1428FFA242554C174191E8B28F80B
C025-V-HO45-P-_F-001-01,S4387259AFAD6576A1D1A8553CCD21A,is logical end of,SDBC861E3D2C91889582934C31E3041
C025-V-HO45-P-_F-001-01,SDBC861E3D2C91889582934C31E3041,has logical start,SFAC7B82A0682A8FC24D09F6A44DE5A
C025-V-HO45-P-_F-001-01,SDBC861E3D2C91889582934C31E3041,has logical end,S4387259AFAD6576A1D1A8553CCD21A
C025-V-HO45-P-_F-001-01,SFAC7B82A0682A8FC24D09F6A44DE5A,is logical start of,SDBC861E3D2C91889582934C31E3041
C025-V-HO45-P-_F-001-01,SFAC7B82A0682A8FC24D09F6A44DE5A,is located in,S8E46A79DF74584DCED7ED53701D038
C025-V-HO45-P-_F-001-01,SA75B26A9AE2AFC3297CBB5B3EB2739,is a part of,SBA71BCC39097DE6D9164E3222ADD68
C025-V-HO45-P-_F-001-01,SA75B26A9AE2AFC3297CBB5B3EB2739,is logical end of,SB59720D7339165B90ABA2D459C8023
C025-V-HO45-P-_F-001-01,SB59720D7339165B90ABA2D459C8023,has logical start,SFAD358ABA06A8F31B6C68942640800
C025-V-HO45-P-_F-001-01,SB59720D7339165B90ABA2D459C8023,has logical end,SA75B26A9AE2AFC3297CBB5B3EB2739
C025-V-HO45-P-_F-001-01,SFAD358ABA06A8F31B6C68942640800,is logical start of,SB59720D7339165B90ABA2D459C8023
C025-V-HO45-P-_F-001-01,SFAD358ABA06A8F31B6C68942640800,is located in,SF6B76484F2598BD1FCC1D17823AB76
C025-V-HO45-P-_F-001-01,SFF7C0DBA23816CC6C4D3A15054ABF1,is a part of,S134C4577CE88106D80D2891D24C475
C025-V-HO45-P-_F-001-01,SFF7C0DBA23816CC6C4D3A15054ABF1,is logical end of,S3B8EB2B9D41D984E0812A66FE8F2E1
C025-V-HO45-P-_F-001-01,S3B8EB2B9D41D984E0812A66FE8F2E1,has logical start,SD56FA13627191DAE3FC5185B082C7B
C025-V-HO45-P-_F-001-01,S3B8EB2B9D41D984E0812A66FE8F2E1,has logical end,SFF7C0DBA23816CC6C4D3A15054ABF1
C025-V-HO45-P-_F-001-01,SD56FA13627191DAE3FC5185B082C7B,is logical start of,S3B8EB2B9D41D984E0812A66FE8F2E1
C025-V-HO45-P-_F-001-01,SD56FA13627191DAE3FC5185B082C7B,is located in,SA81900CD341B510B5466D885A9E73F
C025-V-HO45-P-_F-001-01,SE5DFB1977E9C62F79CF6C4519A28C8,is a part of,SEDA2D25CEE3B25CC737F8495B21FA4
C025-V-HO45-P-_F-001-01,SE5DFB1977E9C62F79CF6C4519A28C8,is logical end of,SE898E07119AB6CDEC19110B0343183
C025-V-HO45-P-_F-001-01,SE898E07119AB6CDEC19110B0343183,has logical start,S6DEAB4A29E0F91C59B6A01006B4FE3
C025-V-HO45-P-_F-001-01,SE898E07119AB6CDEC19110B0343183,has logical end,SE5DFB1977E9C62F79CF6C4519A28C8
C025-V-HO45-P-_F-001-01,S6DEAB4A29E0F91C59B6A01006B4FE3,is logical start of,SE898E07119AB6CDEC19110B0343183
C025-V-HO45-P-_F-001-01,S6DEAB4A29E0F91C59B6A01006B4FE3,is located in,S5E312D5AA25D82205D45A186284E4B
C025-V-HO45-P-_F-001-01,S7FE9F669A29BB1086112DF35A58ADB,is a part of,S69814C044DC60B27830FA591A62E17
C025-V-HO45-P-_F-001-01,S7FE9F669A29BB1086112DF35A58ADB,is logical end of,SC350F6821645B87021E070B01162C3
C025-V-HO45-P-_F-001-01,SC350F6821645B87021E070B01162C3,has logical start,S95B1B9AE8308DC22C4AB63E0047837
C025-V-HO45-P-_F-001-01,SC350F6821645B87021E070B01162C3,has logical end,S7FE9F669A29BB1086112DF35A58ADB
C025-V-HO45-P-_F-001-01,S95B1B9AE8308DC22C4AB63E0047837,is logical start of,SC350F6821645B87021E070B01162C3
C025-V-HO45-P-_F-001-01,S95B1B9AE8308DC22C4AB63E0047837,is located in,SBF2CE4B15E3CA0C68084C78A125DC5
C025-V-HO45-P-_F-001-01,S17B78002F09136D8BDF48F86CDDB9E,is the location of,SE13A16C29A976D1664FDB10FACC342
C025-V-HO45-P-_F-001-01,SEC917559A85F38D8D39F2FB6BB616E,is referenced by,SFB7313A710DF7F45DFF52A7DA26C53
C025-V-HO45-P-_F-001-01,SFA8FCA267A2F6DCEBBB3144359C2B3,is the location of,S3FA7A159E433A1D3E0658816FE40DB
C025-V-HO45-P-_F-001-01,S974675BAEEEB8F0AB5BB92C6A0801A,is referenced by,S81D47832C5E4D4326075F39B061347
C025-V-HO45-P-_F-001-01,S68D5762C0ECD12FB3F7B339E4DFDCE,is a part of,S236CD2B1495BA0A6DBD35A4849F690
C025-V-HO45-P-_F-001-01,S68D5762C0ECD12FB3F7B339E4DFDCE,is logical start of,S5C782A469C9747A75B5D3E41E300AF
C025-V-HO45-P-_F-001-01,S5C782A469C9747A75B5D3E41E300AF,has logical start,S68D5762C0ECD12FB3F7B339E4DFDCE
C025-V-HO45-P-_F-001-01,S5C782A469C9747A75B5D3E41E300AF,has logical end,S74C16C9BBADC03A84241D7EA3A62F2
C025-V-HO45-P-_F-001-01,SFE3B5F1C2F8EBB24C1FF447F102529,is a part of,S801D5C22F147F012287FE3700EF5DC
C025-V-HO45-P-_F-001-01,SFE3B5F1C2F8EBB24C1FF447F102529,is logical end of,S155112004A5C1D967E577ED7F54273
C025-V-HO45-P-_F-001-01,SBFD3E02B849EA4233117F7F59CC8D5,is a part of,SB2BEF47435352A59609D71CB0EEBA2
C025-V-HO45-P-_F-001-01,SBFD3E02B849EA4233117F7F59CC8D5,is logical end of,SF47C2FE6260AD2911E0BB8FDA00A0D
C025-V-HO45-P-_F-001-01,SF47C2FE6260AD2911E0BB8FDA00A0D,has logical start,S96EEC54D2581500B09E6F4F2F77F33
C025-V-HO45-P-_F-001-01,SF47C2FE6260AD2911E0BB8FDA00A0D,has logical end,SBFD3E02B849EA4233117F7F59CC8D5
C025-V-HO45-P-_F-001-01,S96EEC54D2581500B09E6F4F2F77F33,is logical start of,SF47C2FE6260AD2911E0BB8FDA00A0D
C025-V-HO45-P-_F-001-01,S96EEC54D2581500B09E6F4F2F77F33,is located in,SE28ADAC4FBEBE2E13923726B6FA600
C025-V-HO45-P-_F-001-01,S86BF78DCB699741F7144582B5CAC7B,is a part of,SC319D85DACF4F0A980523D86CAD785
C025-V-HO45-P-_F-001-01,S86BF78DCB699741F7144582B5CAC7B,is logical end of,S4914C0DD0BDB44E26C42E5AF54DEB0
C025-V-HO45-P-_F-001-01,S86BF78DCB699741F7144582B5CAC7B,is logical start of,SFE1DDF935668710202EE4239983B5D
C025-V-HO45-P-_F-001-01,S4914C0DD0BDB44E26C42E5AF54DEB0,has logical start,SB309EE7AC83E92EBBDB4FDE7F4EEE7
C025-V-HO45-P-_F-001-01,S4914C0DD0BDB44E26C42E5AF54DEB0,has logical end,S86BF78DCB699741F7144582B5CAC7B
C025-V-HO45-P-_F-001-01,SFE1DDF935668710202EE4239983B5D,has logical start,S86BF78DCB699741F7144582B5CAC7B
C025-V-HO45-P-_F-001-01,SFE1DDF935668710202EE4239983B5D,has logical end,SB543F1066DCD8DDE2C8035513CBA4F
C025-V-HO45-P-_F-001-01,SB543F1066DCD8DDE2C8035513CBA4F,is logical end of,SFE1DDF935668710202EE4239983B5D
C025-V-HO45-P-_F-001-01,SB543F1066DCD8DDE2C8035513CBA4F,is fulfilled by,S38B81E88695079501FE1EDEC381C43
C025-V-HO45-P-_F-001-01,SB543F1066DCD8DDE2C8035513CBA4F,is located in,S9FF2F018032727CCEB52CD8E1735FE
C025-V-HO45-P-_F-001-01,S521E180F84011A53E4246AB74DD449,is a part of,SF5A30DDC4B9F246AA7245B2F08E09F
C025-V-HO45-P-_F-001-01,S521E180F84011A53E4246AB74DD449,is logical start of,SFD33F6AF22CB1BD54EA4A6ADA948EB
C025-V-HO45-P-_F-001-01,S521E180F84011A53E4246AB74DD449,is logical start of,S1102A1A5BE7C40F5931FD83342505A
C025-V-HO45-P-_F-001-01,SFD33F6AF22CB1BD54EA4A6ADA948EB,has logical start,S521E180F84011A53E4246AB74DD449
C025-V-HO45-P-_F-001-01,SFD33F6AF22CB1BD54EA4A6ADA948EB,has logical end,S246F48B423D97B20EDA84C7C1FBDA2
C025-V-HO45-P-_F-001-01,S246F48B423D97B20EDA84C7C1FBDA2,is logical end of,SFD33F6AF22CB1BD54EA4A6ADA948EB
C025-V-HO45-P-_F-001-01,S246F48B423D97B20EDA84C7C1FBDA2,is fulfilled by,SF8F74628C95877177ABCCC82448786
C025-V-HO45-P-_F-001-01,S246F48B423D97B20EDA84C7C1FBDA2,is located in,S282C669B6C86338631F117ECBC1514
C025-V-HO45-P-_F-001-01,SA7A8F8153A52C10BA92BD441A353B5,is a part of,S4908B8AEEC26707DF87F2A629BB524
C025-V-HO45-P-_F-001-01,SA7A8F8153A52C10BA92BD441A353B5,is logical end of,SA33A74032AB5D1409D0CCF49BD4DDD
C025-V-HO45-P-_F-001-01,SA7A8F8153A52C10BA92BD441A353B5,is logical end of,S73CED2098B7BC609CA4C8BBCBA5276
C025-V-HO45-P-_F-001-01,SA33A74032AB5D1409D0CCF49BD4DDD,has logical start,S372DC3F979924CD9A972A3A61B56D9
C025-V-HO45-P-_F-001-01,SA33A74032AB5D1409D0CCF49BD4DDD,has logical end,SA7A8F8153A52C10BA92BD441A353B5
C025-V-HO45-P-_F-001-01,S73CED2098B7BC609CA4C8BBCBA5276,has logical start,S6A9626D958642B2B03EA786B6AE224
C025-V-HO45-P-_F-001-01,S73CED2098B7BC609CA4C8BBCBA5276,has logical end,SA7A8F8153A52C10BA92BD441A353B5
C025-V-HO45-P-_F-001-01,S372DC3F979924CD9A972A3A61B56D9,is logical start of,SA33A74032AB5D1409D0CCF49BD4DDD
C025-V-HO45-P-_F-001-01,S372DC3F979924CD9A972A3A61B56D9,is located in,S3E1DEC0113B74C8164055C7B02D7FC
C025-V-HO45-P-_F-001-01,S6A9626D958642B2B03EA786B6AE224,is logical start of,S73CED2098B7BC609CA4C8BBCBA5276
C025-V-HO45-P-_F-001-01,S6A9626D958642B2B03EA786B6AE224,is located in,S70DB8BE98B752EF73AEF65388FFF95
C025-V-HO45-P-_F-001-01,SC93FB02B79962043CAEA5FFE6395F9,is a part of,S26DA85F7C092CA8743DD54D8EDBF68
C025-V-HO45-P-_F-001-01,SC93FB02B79962043CAEA5FFE6395F9,is logical start of,S19AC9EA70AB326B47C768F0D8923C1
C025-V-HO45-P-_F-001-01,SC93FB02B79962043CAEA5FFE6395F9,is logical end of,S4566C0D0E574FEEA532183EFC1A088
C025-V-HO45-P-_F-001-01,S19AC9EA70AB326B47C768F0D8923C1,has logical start,SC93FB02B79962043CAEA5FFE6395F9
C025-V-HO45-P-_F-001-01,S19AC9EA70AB326B47C768F0D8923C1,has logical end,S8B923D5BE2D80B3B60F45FF9B22125
C025-V-HO45-P-_F-001-01,S8B923D5BE2D80B3B60F45FF9B22125,is logical end of,S19AC9EA70AB326B47C768F0D8923C1
C025-V-HO45-P-_F-001-01,S8B923D5BE2D80B3B60F45FF9B22125,is fulfilled by,SF1FCCB04B2683CAE713208FF42F824
C025-V-HO45-P-_F-001-01,S8B923D5BE2D80B3B60F45FF9B22125,is located in,S7BA00A1BC43073E172C14756910DBF
C025-V-HO45-P-_F-001-01,S34F787BCA92CCD4C4248680803757E,is a part of,SE8A8ADCB136C896D903BA74C6B3850
C025-V-HO45-P-_F-001-01,S34F787BCA92CCD4C4248680803757E,is logical end of,S946D678AD05EC3CE7CF9A115A80D5D
C025-V-HO45-P-_F-001-01,S946D678AD05EC3CE7CF9A115A80D5D,has logical start,SAD47370ED3B14096DBF38315379833
C025-V-HO45-P-_F-001-01,S946D678AD05EC3CE7CF9A115A80D5D,has logical end,S34F787BCA92CCD4C4248680803757E
C025-V-HO45-P-_F-001-01,SAD47370ED3B14096DBF38315379833,is logical start of,S946D678AD05EC3CE7CF9A115A80D5D
C025-V-HO45-P-_F-001-01,SAD47370ED3B14096DBF38315379833,is located in,SD99397D8ED064E3C54FD387E1930F8
C025-V-HO45-P-_F-001-01,S72461AD8057DB4C2438FEDFD305DF3,is a part of,SEB03E58E66EF2A9AC6237C6AE4CD15
C025-V-HO45-P-_F-001-01,S72461AD8057DB4C2438FEDFD305DF3,is logical start of,S5CC4F3B131C563872635FE32031100
C025-V-HO45-P-_F-001-01,S5CC4F3B131C563872635FE32031100,has logical start,S72461AD8057DB4C2438FEDFD305DF3
C025-V-HO45-P-_F-001-01,S5CC4F3B131C563872635FE32031100,has logical end,SAAB11C1CFB927C34E26AF030B0529A
C025-V-HO45-P-_F-001-01,SAAB11C1CFB927C34E26AF030B0529A,is logical end of,S5CC4F3B131C563872635FE32031100
C025-V-HO45-P-_F-001-01,SAAB11C1CFB927C34E26AF030B0529A,is fulfilled by,S2D1D08E2CCD2A1D6B74F85E1B413EE
C025-V-HO45-P-_F-001-01,SAAB11C1CFB927C34E26AF030B0529A,is located in,S2BEB7E5F137689D7104FBE1540671F
C025-V-HO45-P-_F-001-01,S3C70DB43F57D937CA1706DEDFD9A14,is a part of,SE29BC89DF975724850DC18C4A0D557
C025-V-HO45-P-_F-001-01,S3C70DB43F57D937CA1706DEDFD9A14,is logical end of,S4633129DE2C2DDAAB05DCF3885EE17
C025-V-HO45-P-_F-001-01,S4633129DE2C2DDAAB05DCF3885EE17,has logical start,SEDDB389939DC04B2E823FB366795D1
C025-V-HO45-P-_F-001-01,S4633129DE2C2DDAAB05DCF3885EE17,has logical end,S3C70DB43F57D937CA1706DEDFD9A14
C025-V-HO45-P-_F-001-01,SEDDB389939DC04B2E823FB366795D1,is logical start of,S4633129DE2C2DDAAB05DCF3885EE17
C025-V-HO45-P-_F-001-01,SEDDB389939DC04B2E823FB366795D1,is located in,S885C15DA3742A294E167BEC2348058
C025-V-HO45-P-_F-001-01,S82A3F350D53781F68533318D577D05,is a part of,S444E620FC0E4F18938B294AEE205BC
C025-V-HO45-P-_F-001-01,S82A3F350D53781F68533318D577D05,is logical end of,S44BDF08AC08DE46AF8C3A4C8086F1D
C025-V-HO45-P-_F-001-01,S44BDF08AC08DE46AF8C3A4C8086F1D,has logical start,S7BB4F74AC8B4467691DFF0AC60924C
C025-V-HO45-P-_F-001-01,S44BDF08AC08DE46AF8C3A4C8086F1D,has logical end,S82A3F350D53781F68533318D577D05
C025-V-HO45-P-_F-001-01,S7BB4F74AC8B4467691DFF0AC60924C,is logical start of,S44BDF08AC08DE46AF8C3A4C8086F1D
C025-V-HO45-P-_F-001-01,S7BB4F74AC8B4467691DFF0AC60924C,is located in,S1E2C8E23B5225B999CC5ACE68799D9
C025-V-HO45-P-_F-001-01,S7D067F07A02A7B04ECAF3506DDD6FF,is a part of,S8C04868B113B97C7152D51927C908B
C025-V-HO45-P-_F-001-01,S7D067F07A02A7B04ECAF3506DDD6FF,is logical end of,S485764579859B5E1F3C48CF2BF5F16
C025-V-HO45-P-_F-001-01,S7D067F07A02A7B04ECAF3506DDD6FF,is logical start of,S155112004A5C1D967E577ED7F54273
C025-V-HO45-P-_F-001-01,S7D067F07A02A7B04ECAF3506DDD6FF,is logical end of,S6E3DB2105A1087EE0DB8A90365C9DC
C025-V-HO45-P-_F-001-01,S485764579859B5E1F3C48CF2BF5F16,has logical start,S222A5041AE80A24EEC16D10303BA80
C025-V-HO45-P-_F-001-01,S485764579859B5E1F3C48CF2BF5F16,has logical end,S7D067F07A02A7B04ECAF3506DDD6FF
C025-V-HO45-P-_F-001-01,S155112004A5C1D967E577ED7F54273,has logical start,S7D067F07A02A7B04ECAF3506DDD6FF
C025-V-HO45-P-_F-001-01,S155112004A5C1D967E577ED7F54273,has logical end,SFE3B5F1C2F8EBB24C1FF447F102529
C025-V-HO45-P-_F-001-01,S6E3DB2105A1087EE0DB8A90365C9DC,has logical start,SE13A16C29A976D1664FDB10FACC342
C025-V-HO45-P-_F-001-01,S6E3DB2105A1087EE0DB8A90365C9DC,has logical end,S7D067F07A02A7B04ECAF3506DDD6FF
C025-V-HO45-P-_F-001-01,SE13A16C29A976D1664FDB10FACC342,is logical start of,S6E3DB2105A1087EE0DB8A90365C9DC
C025-V-HO45-P-_F-001-01,SE13A16C29A976D1664FDB10FACC342,is fulfilled by,SC1D7038D1E03BDAA57C701823AC3FA
C025-V-HO45-P-_F-001-01,SE13A16C29A976D1664FDB10FACC342,is located in,S17B78002F09136D8BDF48F86CDDB9E
C025-V-HO45-P-_F-001-01,S74C16C9BBADC03A84241D7EA3A62F2,is a part of,S3C6B792F720C3210517E73624D6D93
C025-V-HO45-P-_F-001-01,S74C16C9BBADC03A84241D7EA3A62F2,is logical end of,S72C99EC13327F3050773FB1F9874CE
C025-V-HO45-P-_F-001-01,S74C16C9BBADC03A84241D7EA3A62F2,is logical end of,S5C782A469C9747A75B5D3E41E300AF
C025-V-HO45-P-_F-001-01,S74C16C9BBADC03A84241D7EA3A62F2,is logical end of,S19D533E16A6A16984312E165A8EA4A
C025-V-HO45-P-_F-001-01,S72C99EC13327F3050773FB1F9874CE,has logical start,SD2B2A92F70BAE0D4260854794CCF50
C025-V-HO45-P-_F-001-01,S72C99EC13327F3050773FB1F9874CE,has logical end,S74C16C9BBADC03A84241D7EA3A62F2
C025-V-HO45-P-_F-001-01,S19D533E16A6A16984312E165A8EA4A,has logical start,S3FA7A159E433A1D3E0658816FE40DB
C025-V-HO45-P-_F-001-01,S19D533E16A6A16984312E165A8EA4A,has logical end,S74C16C9BBADC03A84241D7EA3A62F2
C025-V-HO45-P-_F-001-01,S3FA7A159E433A1D3E0658816FE40DB,is logical start of,S19D533E16A6A16984312E165A8EA4A
C025-V-HO45-P-_F-001-01,S3FA7A159E433A1D3E0658816FE40DB,is fulfilled by,S9975BD234E66974CEEBBDC801F9EE9
C025-V-HO45-P-_F-001-01,S3FA7A159E433A1D3E0658816FE40DB,is located in,SFA8FCA267A2F6DCEBBB3144359C2B3
C025-V-HO45-P-_F-001-01,S5E312D5AA25D82205D45A186284E4B,is the location of,S6DEAB4A29E0F91C59B6A01006B4FE3
C025-V-HO45-P-_F-001-01,S8E46A79DF74584DCED7ED53701D038,is the location of,SFAC7B82A0682A8FC24D09F6A44DE5A
C025-V-HO45-P-_F-001-01,SF6B76484F2598BD1FCC1D17823AB76,is the location of,SFAD358ABA06A8F31B6C68942640800
C025-V-HO45-P-_F-001-01,SBF2CE4B15E3CA0C68084C78A125DC5,is the location of,S95B1B9AE8308DC22C4AB63E0047837
C025-V-HO45-P-_F-001-01,SA81900CD341B510B5466D885A9E73F,is the location of,SD56FA13627191DAE3FC5185B082C7B
C025-V-HO45-P-_F-001-01,SD99397D8ED064E3C54FD387E1930F8,is the location of,SAD47370ED3B14096DBF38315379833
C025-V-HO45-P-_F-001-01,SE28ADAC4FBEBE2E13923726B6FA600,is the location of,S96EEC54D2581500B09E6F4F2F77F33
C025-V-HO64-P-_U-001-01,S5FC4D20AC2778EE775CCBC6E47E947,is a collection including,S60A821F55D688A7E1D4EAB3E3214FE
C025-V-HO64-P-_U-001-01,S1918DC7719346B0734BDEDEF717907,is a collection including,S7BCB5E2CB33FC7EAE791AC36AC1FF6
C025-V-HO64-P-_U-001-01,S60A821F55D688A7E1D4EAB3E3214FE,is a part of,S5FC4D20AC2778EE775CCBC6E47E947
C025-V-HO64-P-_U-001-01,S60A821F55D688A7E1D4EAB3E3214FE,is logical end of,SEC8444C1236C1B5F89505F4A3D0A6A
C025-V-HO64-P-_U-001-01,SEC8444C1236C1B5F89505F4A3D0A6A,has logical start,SEEDCBCA0EDC4C2C7CFADA2FD9FE452
C025-V-HO64-P-_U-001-01,SEC8444C1236C1B5F89505F4A3D0A6A,has logical end,S60A821F55D688A7E1D4EAB3E3214FE
C025-V-HO64-P-_U-001-01,SEEDCBCA0EDC4C2C7CFADA2FD9FE452,is logical start of,SEC8444C1236C1B5F89505F4A3D0A6A
C025-V-HO64-P-_U-001-01,SEEDCBCA0EDC4C2C7CFADA2FD9FE452,is located in,SA22FC27E7B38DF02D89F3722677C3B
C025-V-HO64-P-_U-001-01,S7BCB5E2CB33FC7EAE791AC36AC1FF6,is a part of,S1918DC7719346B0734BDEDEF717907
C025-V-HO64-P-_U-001-01,S7BCB5E2CB33FC7EAE791AC36AC1FF6,is logical end of,SB9C5D127B0FA8755CD41D493D57CA5
C025-V-HO64-P-_U-001-01,SB9C5D127B0FA8755CD41D493D57CA5,has logical start,SB4518CFA9C43CE1F8911925C0D0980
C025-V-HO64-P-_U-001-01,SB9C5D127B0FA8755CD41D493D57CA5,has logical end,S7BCB5E2CB33FC7EAE791AC36AC1FF6
C025-V-HO64-P-_U-001-01,SB4518CFA9C43CE1F8911925C0D0980,is logical start of,SB9C5D127B0FA8755CD41D493D57CA5
C025-V-HO64-P-_U-001-01,SB4518CFA9C43CE1F8911925C0D0980,is located in,S142119FD0BF086C5854A1F680B56CF
C025-V-HO64-P-_U-001-01,SA22FC27E7B38DF02D89F3722677C3B,is the location of,SEEDCBCA0EDC4C2C7CFADA2FD9FE452
C025-V-HO64-P-_U-001-01,S142119FD0BF086C5854A1F680B56CF,is the location of,SB4518CFA9C43CE1F8911925C0D0980
C025-W-HO13-P-_E-004-01,SF36635CA59E5FF7122A07B04D24C5C,is a collection including,SD9428B4BE808A7310009FC6F91B473
C025-W-HO13-P-_E-004-01,SAF55CFC348B479FB1A561669621768,is a collection including,S8370F3342886A4865215B35D8EFB7E
C025-W-HO13-P-_E-004-01,SB498C700A03D63A23ED926513ABE8A,is a collection including,S7D1665E8E6D4DA5391F5DEDC6BBB04
C025-W-HO13-P-_E-004-01,S293C97BA44B21CCA38CAFC9EC91996,is a collection including,S4A636FBFFF99B186E0DCBA6046D5E8
C025-W-HO13-P-_E-004-01,S95FD3804575286AFB9D2DB5691DBF0,is a collection including,S445B07892E3FBC26EA6EDDB9A27D9D
C025-W-HO13-P-_E-004-01,SB2D22071AD831F0878E60DFDE6FFC5,is a collection including,S1F2720E6165D0D955E3644093CC844
C025-W-HO13-P-_E-004-01,S3227C267133DEB575F562D5315C526,is a collection including,SAC8AA19092DC4ED2BAEAFE1C381EFA
C025-W-HO13-P-_E-004-01,S70E0CDC64BA00573EF4939B5ED7DF8,is a collection including,S6156EAB61EC77E807A6C2F66137974
C025-W-HO13-P-_E-004-01,SD22D595532C6A0533AB5984533B7DD,is a collection including,S5948770E18E20140B93E5E5F6D6087
C025-W-HO13-P-_E-004-01,SF6F236671D120F366A4BDAB3E780AC,is a collection including,S51C51330AD0EB1127751BBFB183612
C025-W-HO13-P-_E-004-01,S24F38CE4424A1551DDC4A0958E68FF,is a collection including,S159DED4DD9E2FC7128EF67DC38CD87
C025-W-HO13-P-_E-004-01,SA3A1EF345F8EDE528993E17D59C8F3,is a collection including,SEBB0463BAB89E5A004881BAEF5DCA2
C025-W-HO13-P-_E-004-01,S37C4DF469E4878A56AB2456E317597,is a collection including,S89BEC154CA68FE0368210AEF3579EB
C025-W-HO13-P-_E-004-01,SF840F1FCBFC1FB9ED611FA2567357D,is a collection including,S2BA482AB8188C4FA42B6BCD1F317C6
C025-W-HO13-P-_E-004-01,S2E936D59433DF10031FEFFBF18F284,is a collection including,S11AC72EB8550EBAAFDBC8A8114E5E9
C025-W-HO13-P-_E-004-01,S5C208CC85A3EFC461B56BBB4E7F8DE,is a collection including,S8E0E1B87A84A50B55360223B5F50F0
C025-W-HO13-P-_E-004-01,S1712E77AF1B9720F1A8F468CAD32A2,is a collection including,S17BD3C7B9A23BD5E310D83AE390066
C025-W-HO13-P-_E-004-01,SC2279E2807BF81B608838F51B0CABA,is a collection including,S2AD8B5F006DAF65BBA4C934A5D8F8D
C025-W-HO13-P-_E-004-01,S4D3E75303979E407752134DA8C287E,is a collection including,S90E6A8EFB8D3B8C2112E29EF546B9B
C025-W-HO13-P-_E-004-01,S21F5CF385B32E022F4C3ECDC40A05E,is a collection including,S60D90A21169A890F1B37388FFFFFCB
C025-W-HO13-P-_E-004-01,S875DC42D34774073E53DBB083C8F1B,is a collection including,S2F834E22E486A9B64573D6A151C63C
C025-W-HO13-P-_E-004-01,S6DC3CB46E179D0C16D3FD724DBBFDB,is a collection including,SEA070AE9AD5433BA6427819FA227DE
C025-W-HO13-P-_E-004-01,S1D5CD0A28F406C4085126FCB0B9133,is a collection including,S588BCC3E42CCC2F2ACE093C15AB254
C025-W-HO13-P-_E-004-01,SB88AA6B7B5F67319B02F56AFA1110D,is a collection including,S2D7BCCB18957B80BFEFE2607DB3E29
C025-W-HO13-P-_E-004-01,S3928C4CF5E244B616EE0BAD49DDC4C,is a collection including,S9C366E11F75F01CCAD52F7C4768D5D
C025-W-HO13-P-_E-004-01,SAE3C8AD5179FCCC4F804D579A3BABD,is a collection including,SB9398D27B9AB8DA45AC095630F6CA9
C025-W-HO13-P-_E-004-01,S33E1448763EE709F0AD68630A9A728,is a collection including,S5E3584D8B5A5FF3168510E0FF6D1DA
C025-W-HO13-P-_E-004-01,SEB90AFE6D311C8742A5B46A87551E8,is a collection including,S87446CD33FCE2B08BECDED908549AE
C025-W-HO13-P-_E-004-01,S54A05E71A06620266B137BA7401480,is a collection including,S895C90F6BD9A39B583F4CB81291FC5
C025-W-HO13-P-_E-004-01,S6537BFC86A96DA58DDB997E51D65FC,is a collection including,S82EABA26854C08160B4A0BE1777135
C025-W-HO13-P-_E-004-01,S5D31815FC10E74497124C070C55F6F,is a collection including,S2976BC4D9485AB4DF97A8DE1FB0B41
C025-W-HO13-P-_E-004-01,S85C7F63858E57AD62CEBFBD516F11A,is a collection including,S22814CC2B92F0BDA9ECAB087F73F00
C025-W-HO13-P-_E-004-01,S6B34DFE4A65CDEFE77EC544E192C6C,is a collection including,S416DF7B1F6173441996E84F5B242EE
C025-W-HO13-P-_E-004-01,S8E24ED85A46BA57601C7A6667E5F40,is a collection including,S33E601CF7EBAA6B78ADE3763C3E00D
C025-W-HO13-P-_E-004-01,S8F0589F56B2C64DDEAFCE711DB233A,is a collection including,S9861D2625344D338BD66620E0CFB01
C025-W-HO13-P-_E-004-01,S38B9CC981B5156343AD028E4E70D45,is a collection including,S7BE58853107F6B3A39AA39DFC46450
C025-W-HO13-P-_E-004-01,SB7173063F505EE6728A92E5D7333CF,is a collection including,S5A478B439775C006BBFDE4CE5640AA
C025-W-HO13-P-_E-004-01,SF90723CCA286C03D591AB91EB72A4C,is a collection including,S11D51A7C60B1C665C4C500E351C42C
C025-W-HO13-P-_E-004-01,SFAC2B4E88489C63E9A6662E760B442,is a collection including,S55BA4C47CE106028E851301F61316F
C025-W-HO13-P-_E-004-01,SB460BD94910651AF9DD6186B64FD21,is a collection including,S248B74B44A5CEEBD8F86F32DF37034
C025-W-HO13-P-_E-004-01,S7EE375443A22D1E6677A727FCDF2D7,is a collection including,S7E03034BBFB25916921B04B5E6DB10
C025-W-HO13-P-_E-004-01,SF26C3EDF0E1A086C524133A12439C8,is a collection including,SCA37FAAEA131FB286469964A4FD4DD
C025-W-HO13-P-_E-004-01,SFCEB3C4804438A70066091DE442D13,is a collection including,SC3A249DD871938137C84102370A9FA
C025-W-HO13-P-_E-004-01,S8ACC03491EAE4F303D8813AEB5F352,is a collection including,S555CE6A876458FF3917D524FF5CF73
C025-W-HO13-P-_E-004-01,SA55BE91937DB70B988F73CA5974F36,is a collection including,S7D8B64FFC3D4610061EAB1A4D4AB3A
C025-W-HO13-P-_E-004-01,SD495A45480ABFFE7FD996048FDB863,is a collection including,SF4B45B7013072EB7BF233126B39B06
C025-W-HO13-P-_E-004-01,S76E405A8FE60A93E643FCF1EEA762D,is a collection including,S60A65077A1BCA1A9F96450954FDB1D
C025-W-HO13-P-_E-004-01,SD6ACBB0C2E0F2126289DEA13DF2CA7,is a collection including,SDCF68A34D0E68CB3CA40858FB44C38
C025-W-HO13-P-_E-004-01,S2745208A31217B73AE38F37F0E8E91,is a collection including,S86F621FAB781674E55B3C65DE4063D
C025-W-HO13-P-_E-004-01,S2B5F3BD3FE162ED73888C336929846,is a collection including,S9D5E03F36205AC7BB93A83CAFBBA2A
C025-W-HO13-P-_E-004-01,SD2F66AA82939A44F842108BA69A05A,is a collection including,S786522096FA2B200FB20BFBB96DCCE
C025-W-HO13-P-_E-004-01,SDDA63622ACE3FB3BA51E4ABC7663F3,is a collection including,S289C0C2E121069F41887CFB3ECCDCE
C025-W-HO13-P-_E-004-01,SC04B83C72311A591822FCE527609C3,is a collection including,SCB589BEDF572C1C7945DCA58618F99
C025-W-HO13-P-_E-004-01,S7D355DE5717E39E1D2A29CD4555D35,is a collection including,SA00FDE5203B3955BE31AC4FAE216E3
C025-W-HO13-P-_E-004-01,S132A951B2F82756DFCDD526E089E62,is a collection including,S3F37A6BC0A88A378491E1F89FE6E47
C025-W-HO13-P-_E-004-01,SD0D6C03063864B25692FD695B0674F,is a collection including,S696409C3CDEEA5759461C0FE4A09DD
C025-W-HO13-P-_E-004-01,SFA15BDA1CF5AFAF51F0E0FCF0E6410,is a collection including,S46D69ACC2FB2CDDDCAC975C3326F4E
C025-W-HO13-P-_E-004-01,SF8372EE88F5444AEC7A2C885CFADD6,is a collection including,S5E0488513069D86B7D126D18FA1D06
C025-W-HO13-P-_E-004-01,S20173AA13B4D0C38FFBB7B3377D9CC,is a collection including,S5A67848820219CBDB580510D057583
C025-W-HO13-P-_E-004-01,SB1863F047058B6E60353AF2AAD8C40,is a collection including,S14B120D5DD14E8682F89EDC07D577F
C025-W-HO13-P-_E-004-01,S291743D96294F86FCA7E295311E528,is a collection including,S51D0E72157970B5424CC4737A84AE9
C025-W-HO13-P-_E-004-01,S32E929A4E250BBE94901A89A420EA3,is a collection including,S8ACE8ECC284D9FE41574BA3FA8C637
C025-W-HO13-P-_E-004-01,SD3306F8B57231F560AC9FF3EA787DC,is a collection including,SC8A3ED0E2E331D1C7D7F916B2FD1E1
C025-W-HO13-P-_E-004-01,S56B1BFF6CEB98791528435D02DE634,is a collection including,SA06BAE64D3C58DF048FC906CF3CF2B
C025-W-HO13-P-_E-004-01,SDC0303885CE67D14DDD09C6D7DE5A6,is a collection including,SB42FE18AC9B0AC0DE42A3D8F8A4BEA
C025-W-HO13-P-_E-004-01,S9555100E71423616B937595776A76D,is a collection including,SA7810615232C065DD2107515CE718F
C025-W-HO13-P-_E-004-01,SDB1B732D8BFB8548146494C73DBFA0,is a collection including,S1FE6B9C56B68E186E1700C311FDEEB
C025-W-HO13-P-_E-004-01,SF6E05A7CD8B3A7446637E83DA84619,is a collection including,S837D4BC7B69920D355D7941F4E2295
C025-W-HO13-P-_E-004-01,SA390402BC438A9359C52AD25B3C63F,is a collection including,SF1F1400BA0134523FFFBD4EE02117C
C025-W-HO13-P-_E-004-01,SE3609EE0382298CD9639BE9A2324CB,is a collection including,S6D75202486D47FB0E3B043BBE7C959
C025-W-HO13-P-_E-004-01,S8CE729AF77E382F6EBCF03039599C4,is a collection including,SE0028074C5B1FA342544D9BE8F721B
C025-W-HO13-P-_E-004-01,SD5C358C6DB62B0E4670DE02EC38369,is a collection including,S4A9A631F0ABDD4A4E2FA033A1515B4
C025-W-HO13-P-_E-004-01,S25775E1FC60F00138CCB951EE2E5CB,is a collection including,S856B3347D90FA2075523D992ED00BE
C025-W-HO13-P-_E-004-01,SC4E36861CCCC1ACECD0E7CFA5E0C1E,is a collection including,S811AC741EA0BA4BC1D7FB87F208F8C
C025-W-HO13-P-_E-004-01,SE27679D80021BF5D4386CE735BF29A,is a collection including,S877E837D5B72712C30D92A23E45EBB
C025-W-HO13-P-_E-004-01,SDC8EA7EE092CA8D1184D3FDCBB52CF,is a collection including,S258953FA289399EA17DF9302F8CC8D
C025-W-HO13-P-_E-004-01,SB63CDB52F4BF36011E5900FC947DF5,is a collection including,S25D3623CAB7BED1B6F35CE01641553
C025-W-HO13-P-_E-004-01,S912A400C0236E27CE76CC6EC782482,is a collection including,SC29E6DE3A61D8007E9AA31090B1F66
C025-W-HO13-P-_E-004-01,S92EF620FD594B988685C886111C519,is a collection including,S53003EAB6DBE6047C96604D8A04000
C025-W-HO13-P-_E-004-01,S5868168CB6DDEEA42546A46A5C31A4,is a collection including,SEF9BCAD7EA79D06C972AB02FDF909E
C025-W-HO13-P-_E-004-01,SC87AEF1F564273CC957E3ECC4ADAB8,is a collection including,SDAF28EEA05F20E2A81A857FC21EE54
C025-W-HO13-P-_E-004-01,SE105FA2EA4C97C347361D268FC4C11,is a collection including,S6A297D64638518BA97D5F64588C8CD
C025-W-HO13-P-_E-004-01,SB8AC1C3839110E685E7A9D09FF6CDB,is a collection including,S7AD2F7EC3407D30A807AB556B006AF
C025-W-HO13-P-_E-004-01,S4ECE3AFB374A21D9E3752FCF650CC8,is a collection including,S34DCC9A106AF660D35A3B0AF6DF936
C025-W-HO13-P-_E-004-01,SA33A0588181AFEE572FE29E3F108A2,is a collection including,SE13BA5B6432D2F485FE52264ACDE8D
C025-W-HO13-P-_E-004-01,S593801EBD353A5C655EE6094DAF386,is a collection including,S7CF8AD3C71C5C9739C3EED908AC351
C025-W-HO13-P-_E-004-01,SA179B66AA303EDBE5C072587FA9892,is a collection including,S288FA10EFB86E4A89D05D6BF6FF67A
C025-W-HO13-P-_E-004-01,S4140CAA57D5C6D2C6E156DCA0D1F43,is a collection including,S782D1AC928C9E19B74FE030A83006F
C025-W-HO13-P-_E-004-01,SB6DE3834264C7C6D6F675E9F9659F9,is a collection including,SF3D8489E994C668690F6596FE15702
C025-W-HO13-P-_E-004-01,S4BBF4335E7C90C06917C36151291C3,is a collection including,SA6330649608677FBE236BE36B5B0BB
C025-W-HO13-P-_E-004-01,SE7D43D0546B36C9CE1AB88ED1E1DDC,is a collection including,SE556F2125A210AD9C81C1B25184498
C025-W-HO13-P-_E-004-01,S4990804F9434570A222B54D11D8161,is a collection including,S2E476280F8372EB1D02A17BD9E48F4
C025-W-HO13-P-_E-004-01,S158B22EB57AE9B07DB5687812427C0,is a collection including,S3D123CE330740FC46B2606D553BD2E
C025-W-HO13-P-_E-004-01,S13909124DE58A0F94669E6A60E8E74,refers to,S78BBD3347B16E47C2F2C2EF5B81657
C025-W-HO13-P-_E-004-01,SB487A86F83B987603BBB97C0189CD0,fulfills,SEA92B9F2DD4FD54BB98E9D6DFCB933
C025-W-HO13-P-_E-004-01,SC9DEF71986E44050F0FBE4D4E92F22,refers to,S5359142AF9E5FD0FE781FB8FF1D6CA
C025-W-HO13-P-_E-004-01,S49059E4EC09F19C50C68CD959A9502,refers to,SF90693C64D8908854D4624A135288F
C025-W-HO13-P-_E-004-01,S91804DA152A38E03BB419D9BA1A471,refers to,S170374B762E7F26365B11792C3AA6C
C025-W-HO13-P-_E-004-01,S8697089257C5C11AEDC66052D0534F,fulfills,S3E673553F8312B1DB7EE5376643F91
C025-W-HO13-P-_E-004-01,S8697089257C5C11AEDC66052D0534F,fulfills,S3E673553F8312B1DB7EE5376643F911
C025-W-HO13-P-_E-004-01,SFBD4D98AFC8BBC0E8DEFC26500B6E3,refers to,SA13CEF26A7032A05E964511EE4BF48
C025-W-HO13-P-_E-004-01,S260BED830E0C1E857B84CD0080B01C,fulfills,SF69520E89725DD1DCB87EB66C3E35C
C025-W-HO13-P-_E-004-01,S260BED830E0C1E857B84CD0080B01C,fulfills,SF69520E89725DD1DCB87EB66C3E35C1
C025-W-HO13-P-_E-004-01,SA40FAC110C8DFDA93F5C0D577185FE,refers to,S76D191A8ADA0D56E320A4253FDDDA9
C025-W-HO13-P-_E-004-01,S5256FD40FF6FAECDF642039983A343,fulfills,SCA2F46E8AB7D161B219E3060E3BEBF
C025-W-HO13-P-_E-004-01,SCFA0A2D6F4AA37A57E99E697B03F14,refers to,S74C5654470A165CB7DB2F5F8BE30A8
C025-W-HO13-P-_E-004-01,S891263854CA4160844EE4B008512DD,fulfills,SAA04867E2D7AC9FFFE7A764D2E5E61
C025-W-HO13-P-_E-004-01,S891263854CA4160844EE4B008512DD,fulfills,SAA04867E2D7AC9FFFE7A764D2E5E611
C025-W-HO13-P-_E-004-01,S891263854CA4160844EE4B008512DD,fulfills,SAA04867E2D7AC9FFFE7A764D2E5E612
C025-W-HO13-P-_E-004-01,S891263854CA4160844EE4B008512DD,fulfills,SAA04867E2D7AC9FFFE7A764D2E5E613
C025-W-HO13-P-_E-004-01,SE22E31FB341BCDC626E2B51D44A3AF,refers to,SC7BEA1203AA31FDBDB0979B9A02E16
C025-W-HO13-P-_E-004-01,SB2AA9A647697A3E1E796B585D86D26,fulfills,S9D06D0570629901FC3E2270BA99069
C025-W-HO13-P-_E-004-01,SB2AA9A647697A3E1E796B585D86D26,fulfills,S9D06D0570629901FC3E2270BA990691
C025-W-HO13-P-_E-004-01,S46138C63389E840A44691B6A176962,refers to,SEA218A73F4B880EDE502FC25456A4C
C025-W-HO13-P-_E-004-01,SAE99DC73BBA5728CF9F28AFF840DB6,is the location of,S437B2C4E90DC91F0C1B97EE1263F59
C025-W-HO13-P-_E-004-01,S699416858E50DEA80245903A247570,is the location of,S4E47B7407AEEB5432CF1EAE9CAF981
C025-W-HO13-P-_E-004-01,SD8A93D8D16C431EB9332EF1312428D,is the location of,SDD4F845F445C381EBCE301A7761D5F
C025-W-HO13-P-_E-004-01,SCA094D96D0D47CEA54ADE41D5CA442,is the location of,SE739C9D86809FF1FE8BD976989F87C
C025-W-HO13-P-_E-004-01,S5766097E4C2042213AA77C7B65B029,is the location of,S6F7436A24B4C01C761B237892816CC
C025-W-HO13-P-_E-004-01,SBAB53F8B88A05428A76200FEA25093,is the location of,S3E673553F8312B1DB7EE5376643F91
C025-W-HO13-P-_E-004-01,SBAB53F8B88A05428A76200FEA25093,is the location of,S3E673553F8312B1DB7EE5376643F911
C025-W-HO13-P-_E-004-01,SA13CEF26A7032A05E964511EE4BF48,is referenced by,SFBD4D98AFC8BBC0E8DEFC26500B6E3
C025-W-HO13-P-_E-004-01,S17F180EBEE189715B0A5690FF27280,is the location of,SB0440968DBE0719E8293583EB9DE50
C025-W-HO13-P-_E-004-01,SF90693C64D8908854D4624A135288F,is referenced by,S49059E4EC09F19C50C68CD959A9502
C025-W-HO13-P-_E-004-01,S83AD294711662C017136A73AB021A3,is the location of,S2888CF9814266C5A6E3265FF9C9162
C025-W-HO13-P-_E-004-01,S2419BAA97549320DDDBE8EA71292D6,is the location of,SDECB2C1757D40199D321107AAAE9F0
C025-W-HO13-P-_E-004-01,S6D6ED600077A9203F99B5DB6F5BD8D,is the location of,SCF02AAB14332FEEFCA5E1EC9FBAC61
C025-W-HO13-P-_E-004-01,S9A82CE0D3FD84DF587B521726BD38D,is the location of,S9D06D0570629901FC3E2270BA99069
C025-W-HO13-P-_E-004-01,S9A82CE0D3FD84DF587B521726BD38D,is the location of,S9D06D0570629901FC3E2270BA990691
C025-W-HO13-P-_E-004-01,SEA218A73F4B880EDE502FC25456A4C,is referenced by,S46138C63389E840A44691B6A176962
C025-W-HO13-P-_E-004-01,S395B9390980213298634A0680AAD70,is the location of,SCA2F46E8AB7D161B219E3060E3BEBF
C025-W-HO13-P-_E-004-01,S74C5654470A165CB7DB2F5F8BE30A8,is referenced by,SCFA0A2D6F4AA37A57E99E697B03F14
C025-W-HO13-P-_E-004-01,S78BBD3347B16E47C2F2C2EF5B81657,is referenced by,S13909124DE58A0F94669E6A60E8E74
C025-W-HO13-P-_E-004-01,SB589B095E621ED8533C21E22C6BE22,is the location of,S9415A8173C33AC42F06C1C8042EB75
C025-W-HO13-P-_E-004-01,S55881409BAB7991CD4730C11136223,is the location of,SF69520E89725DD1DCB87EB66C3E35C
C025-W-HO13-P-_E-004-01,S55881409BAB7991CD4730C11136223,is the location of,SF69520E89725DD1DCB87EB66C3E35C1
C025-W-HO13-P-_E-004-01,S76D191A8ADA0D56E320A4253FDDDA9,is referenced by,SA40FAC110C8DFDA93F5C0D577185FE
C025-W-HO13-P-_E-004-01,S170374B762E7F26365B11792C3AA6C,is referenced by,S91804DA152A38E03BB419D9BA1A471
C025-W-HO13-P-_E-004-01,S30E71A51EF4E6560652FA047487E67,is the location of,S5AFBAAC51A0D411926E4B81D8F5E99
C025-W-HO13-P-_E-004-01,SFE4EC27BFE8D374202FD24F6B7DDE3,is the location of,SA30559CC659183471863BA8EEFBBD7
C025-W-HO13-P-_E-004-01,S946B56E312F7C0F1093EE11533686F,is the location of,S5178032D8F901758BC18D59DFFC39E
C025-W-HO13-P-_E-004-01,SE6797E16EDA2250EAF00D0B0996B1B,is the location of,S1966D330709ADCC4844210EB15F466
C025-W-HO13-P-_E-004-01,S2B4128E6F0C92B5F0DDF1C277862D5,is the location of,S2902E0DDF900288E9F75BF20ACA678
C025-W-HO13-P-_E-004-01,S4C366D1679C8E7A070D929188E6968,is the location of,SD7DAB76C2B81D8485665BB4A21ABDA
C025-W-HO13-P-_E-004-01,S4D1C9FD9AA0B4427A981F5C2411C2C,is the location of,SAA04867E2D7AC9FFFE7A764D2E5E61
C025-W-HO13-P-_E-004-01,S4D1C9FD9AA0B4427A981F5C2411C2C,is the location of,SAA04867E2D7AC9FFFE7A764D2E5E611
C025-W-HO13-P-_E-004-01,S4D1C9FD9AA0B4427A981F5C2411C2C,is the location of,SAA04867E2D7AC9FFFE7A764D2E5E612
C025-W-HO13-P-_E-004-01,S4D1C9FD9AA0B4427A981F5C2411C2C,is the location of,SAA04867E2D7AC9FFFE7A764D2E5E613
C025-W-HO13-P-_E-004-01,SC7BEA1203AA31FDBDB0979B9A02E16,is referenced by,SE22E31FB341BCDC626E2B51D44A3AF
C025-W-HO13-P-_E-004-01,S9B2D1E8C2D51AE97779D7E09308A61,is the location of,S7E2C17150FDC6E7CB9524E5E2CFC15
C025-W-HO13-P-_E-004-01,S337B90566745F69D30991066229F71,is the location of,SFBF266657BB279CA357935CB267963
C025-W-HO13-P-_E-004-01,SB2959256BD3F0891850F35AA695A50,is the location of,S38A10975312B514F4249D93B0E202F
C025-W-HO13-P-_E-004-01,SD9428B4BE808A7310009FC6F91B473,is a part of,SF36635CA59E5FF7122A07B04D24C5C
C025-W-HO13-P-_E-004-01,SD9428B4BE808A7310009FC6F91B473,is logical end of,SB3AC8656E1348BD2816ED4A032F6E4
C025-W-HO13-P-_E-004-01,SB3AC8656E1348BD2816ED4A032F6E4,has logical start,S25D3623CAB7BED1B6F35CE01641553
C025-W-HO13-P-_E-004-01,SB3AC8656E1348BD2816ED4A032F6E4,has logical end,SD9428B4BE808A7310009FC6F91B473
C025-W-HO13-P-_E-004-01,S8370F3342886A4865215B35D8EFB7E,is a part of,SAF55CFC348B479FB1A561669621768
C025-W-HO13-P-_E-004-01,S8370F3342886A4865215B35D8EFB7E,is logical start of,S1FD5942BE4EB09F2A060C83D5B2652
C025-W-HO13-P-_E-004-01,S7D1665E8E6D4DA5391F5DEDC6BBB04,is a part of,SB498C700A03D63A23ED926513ABE8A
C025-W-HO13-P-_E-004-01,S7D1665E8E6D4DA5391F5DEDC6BBB04,is logical end of,SAFCCD387DD9F3AF69308C61031AB33
C025-W-HO13-P-_E-004-01,S4A636FBFFF99B186E0DCBA6046D5E8,is a part of,S293C97BA44B21CCA38CAFC9EC91996
C025-W-HO13-P-_E-004-01,S4A636FBFFF99B186E0DCBA6046D5E8,is logical start of,S485D8A30BF85669A4398EC2638067B
C025-W-HO13-P-_E-004-01,S485D8A30BF85669A4398EC2638067B,has logical start,S4A636FBFFF99B186E0DCBA6046D5E8
C025-W-HO13-P-_E-004-01,S485D8A30BF85669A4398EC2638067B,has logical end,S3E673553F8312B1DB7EE5376643F91
C025-W-HO13-P-_E-004-01,S3E673553F8312B1DB7EE5376643F91,is logical end of,S485D8A30BF85669A4398EC2638067B
C025-W-HO13-P-_E-004-01,S3E673553F8312B1DB7EE5376643F91,is fulfilled by,S8697089257C5C11AEDC66052D0534F
C025-W-HO13-P-_E-004-01,S3E673553F8312B1DB7EE5376643F91,is located in,SBAB53F8B88A05428A76200FEA25093
C025-W-HO13-P-_E-004-01,S445B07892E3FBC26EA6EDDB9A27D9D,is a part of,S95FD3804575286AFB9D2DB5691DBF0
C025-W-HO13-P-_E-004-01,S445B07892E3FBC26EA6EDDB9A27D9D,is logical start of,S7A3F1458B61940982F0DB2DCF6E722
C025-W-HO13-P-_E-004-01,S1F2720E6165D0D955E3644093CC844,is a part of,SB2D22071AD831F0878E60DFDE6FFC5
C025-W-HO13-P-_E-004-01,S1F2720E6165D0D955E3644093CC844,is logical end of,S848A76ECF2E82C928C9B4F86317BCB
C025-W-HO13-P-_E-004-01,S1F2720E6165D0D955E3644093CC844,is logical start of,SCAE9DBD34DEA35F7C96D86539FBE52
C025-W-HO13-P-_E-004-01,SAC8AA19092DC4ED2BAEAFE1C381EFA,is a part of,S3227C267133DEB575F562D5315C526
C025-W-HO13-P-_E-004-01,SAC8AA19092DC4ED2BAEAFE1C381EFA,is logical start of,S973A8E3A7CBE0AA693CC1DF5646192
C025-W-HO13-P-_E-004-01,S973A8E3A7CBE0AA693CC1DF5646192,has logical start,SAC8AA19092DC4ED2BAEAFE1C381EFA
C025-W-HO13-P-_E-004-01,S973A8E3A7CBE0AA693CC1DF5646192,has logical end,S7D8B64FFC3D4610061EAB1A4D4AB3A
C025-W-HO13-P-_E-004-01,S6156EAB61EC77E807A6C2F66137974,is a part of,S70E0CDC64BA00573EF4939B5ED7DF8
C025-W-HO13-P-_E-004-01,S6156EAB61EC77E807A6C2F66137974,is logical end of,S3E86B7F9BCB0246D75ABCE26626DF3
C025-W-HO13-P-_E-004-01,S5948770E18E20140B93E5E5F6D6087,is a part of,SD22D595532C6A0533AB5984533B7DD
C025-W-HO13-P-_E-004-01,S5948770E18E20140B93E5E5F6D6087,is logical start of,SC8BBCEB371183AA93C0243F84DCA6B
C025-W-HO13-P-_E-004-01,S51C51330AD0EB1127751BBFB183612,is a part of,SF6F236671D120F366A4BDAB3E780AC
C025-W-HO13-P-_E-004-01,S51C51330AD0EB1127751BBFB183612,is logical end of,SAB8708F89AB978F82DC8DFCF3974A0
C025-W-HO13-P-_E-004-01,SAB8708F89AB978F82DC8DFCF3974A0,has logical start,SC3A249DD871938137C84102370A9FA
C025-W-HO13-P-_E-004-01,SAB8708F89AB978F82DC8DFCF3974A0,has logical end,S51C51330AD0EB1127751BBFB183612
C025-W-HO13-P-_E-004-01,S159DED4DD9E2FC7128EF67DC38CD87,is a part of,S24F38CE4424A1551DDC4A0958E68FF
C025-W-HO13-P-_E-004-01,S159DED4DD9E2FC7128EF67DC38CD87,is logical end of,S4222C20321F4C6761EC6B005E0B207
C025-W-HO13-P-_E-004-01,S4222C20321F4C6761EC6B005E0B207,has logical start,S856B3347D90FA2075523D992ED00BE
C025-W-HO13-P-_E-004-01,S4222C20321F4C6761EC6B005E0B207,has logical end,S159DED4DD9E2FC7128EF67DC38CD87
C025-W-HO13-P-_E-004-01,SEBB0463BAB89E5A004881BAEF5DCA2,is a part of,SA3A1EF345F8EDE528993E17D59C8F3
C025-W-HO13-P-_E-004-01,SEBB0463BAB89E5A004881BAEF5DCA2,is logical start of,S9EB754D157FC121BC191BF96CE336C
C025-W-HO13-P-_E-004-01,S9EB754D157FC121BC191BF96CE336C,has logical start,SEBB0463BAB89E5A004881BAEF5DCA2
C025-W-HO13-P-_E-004-01,S9EB754D157FC121BC191BF96CE336C,has logical end,S5A478B439775C006BBFDE4CE5640AA
C025-W-HO13-P-_E-004-01,S89BEC154CA68FE0368210AEF3579EB,is a part of,S37C4DF469E4878A56AB2456E317597
C025-W-HO13-P-_E-004-01,S89BEC154CA68FE0368210AEF3579EB,is logical start of,SC7DD2815637AA7F5511EF9ECB30313
C025-W-HO13-P-_E-004-01,S2BA482AB8188C4FA42B6BCD1F317C6,is a part of,SF840F1FCBFC1FB9ED611FA2567357D
C025-W-HO13-P-_E-004-01,S2BA482AB8188C4FA42B6BCD1F317C6,is logical start of,SB58D76B895F1DE5B1DC9BFE5F31288
C025-W-HO13-P-_E-004-01,SB58D76B895F1DE5B1DC9BFE5F31288,has logical start,S2BA482AB8188C4FA42B6BCD1F317C6
C025-W-HO13-P-_E-004-01,SB58D76B895F1DE5B1DC9BFE5F31288,has logical end,S2E476280F8372EB1D02A17BD9E48F4
C025-W-HO13-P-_E-004-01,S11AC72EB8550EBAAFDBC8A8114E5E9,is a part of,S2E936D59433DF10031FEFFBF18F284
C025-W-HO13-P-_E-004-01,S11AC72EB8550EBAAFDBC8A8114E5E9,is logical end of,SBF6E404DB92FE528843E1DA3E7258D
C025-W-HO13-P-_E-004-01,SBF6E404DB92FE528843E1DA3E7258D,has logical start,S7AD2F7EC3407D30A807AB556B006AF
C025-W-HO13-P-_E-004-01,SBF6E404DB92FE528843E1DA3E7258D,has logical end,S11AC72EB8550EBAAFDBC8A8114E5E9
C025-W-HO13-P-_E-004-01,S8E0E1B87A84A50B55360223B5F50F0,is a part of,S5C208CC85A3EFC461B56BBB4E7F8DE
C025-W-HO13-P-_E-004-01,S8E0E1B87A84A50B55360223B5F50F0,is logical end of,S9A26E552222001BD5FE28C3276177F
C025-W-HO13-P-_E-004-01,S17BD3C7B9A23BD5E310D83AE390066,is a part of,S1712E77AF1B9720F1A8F468CAD32A2
C025-W-HO13-P-_E-004-01,S17BD3C7B9A23BD5E310D83AE390066,is logical end of,SC2CF3A79DC7AED615F1876BA3A4FE5
C025-W-HO13-P-_E-004-01,S2AD8B5F006DAF65BBA4C934A5D8F8D,is a part of,SC2279E2807BF81B608838F51B0CABA
C025-W-HO13-P-_E-004-01,S2AD8B5F006DAF65BBA4C934A5D8F8D,is logical end of,S255A7514130798DB2C8FC8A4E827B9
C025-W-HO13-P-_E-004-01,S255A7514130798DB2C8FC8A4E827B9,has logical start,S53003EAB6DBE6047C96604D8A04000
C025-W-HO13-P-_E-004-01,S255A7514130798DB2C8FC8A4E827B9,has logical end,S2AD8B5F006DAF65BBA4C934A5D8F8D
C025-W-HO13-P-_E-004-01,S90E6A8EFB8D3B8C2112E29EF546B9B,is a part of,S4D3E75303979E407752134DA8C287E
C025-W-HO13-P-_E-004-01,S90E6A8EFB8D3B8C2112E29EF546B9B,is logical end of,SD6530B58B1A5021C23B121F103982D
C025-W-HO13-P-_E-004-01,SD6530B58B1A5021C23B121F103982D,has logical start,SF4B45B7013072EB7BF233126B39B06
C025-W-HO13-P-_E-004-01,SD6530B58B1A5021C23B121F103982D,has logical end,S90E6A8EFB8D3B8C2112E29EF546B9B
C025-W-HO13-P-_E-004-01,S60D90A21169A890F1B37388FFFFFCB,is a part of,S21F5CF385B32E022F4C3ECDC40A05E
C025-W-HO13-P-_E-004-01,S60D90A21169A890F1B37388FFFFFCB,is logical end of,SF688661D92DD0332BDE5D5D57480F8
C025-W-HO13-P-_E-004-01,SF688661D92DD0332BDE5D5D57480F8,has logical start,SDCF68A34D0E68CB3CA40858FB44C38
C025-W-HO13-P-_E-004-01,SF688661D92DD0332BDE5D5D57480F8,has logical end,S60D90A21169A890F1B37388FFFFFCB
C025-W-HO13-P-_E-004-01,S2F834E22E486A9B64573D6A151C63C,is a part of,S875DC42D34774073E53DBB083C8F1B
C025-W-HO13-P-_E-004-01,S2F834E22E486A9B64573D6A151C63C,is logical end of,SABA45B33B10F0334C51514314AECB8
C025-W-HO13-P-_E-004-01,SABA45B33B10F0334C51514314AECB8,has logical start,SEF9BCAD7EA79D06C972AB02FDF909E
C025-W-HO13-P-_E-004-01,SABA45B33B10F0334C51514314AECB8,has logical end,S2F834E22E486A9B64573D6A151C63C
C025-W-HO13-P-_E-004-01,SEA070AE9AD5433BA6427819FA227DE,is a part of,S6DC3CB46E179D0C16D3FD724DBBFDB
C025-W-HO13-P-_E-004-01,SEA070AE9AD5433BA6427819FA227DE,is logical start of,SC39BA77C16607A862A8EA42D2A451C
C025-W-HO13-P-_E-004-01,SC39BA77C16607A862A8EA42D2A451C,has logical start,SEA070AE9AD5433BA6427819FA227DE
C025-W-HO13-P-_E-004-01,SC39BA77C16607A862A8EA42D2A451C,has logical end,S782D1AC928C9E19B74FE030A83006F
C025-W-HO13-P-_E-004-01,S588BCC3E42CCC2F2ACE093C15AB254,is a part of,S1D5CD0A28F406C4085126FCB0B9133
C025-W-HO13-P-_E-004-01,S588BCC3E42CCC2F2ACE093C15AB254,is logical end of,S6959E3EBBEE601A6955975E41DFF71
C025-W-HO13-P-_E-004-01,S6959E3EBBEE601A6955975E41DFF71,has logical start,S877E837D5B72712C30D92A23E45EBB
C025-W-HO13-P-_E-004-01,S6959E3EBBEE601A6955975E41DFF71,has logical end,S588BCC3E42CCC2F2ACE093C15AB254
C025-W-HO13-P-_E-004-01,S2D7BCCB18957B80BFEFE2607DB3E29,is a part of,SB88AA6B7B5F67319B02F56AFA1110D
C025-W-HO13-P-_E-004-01,S2D7BCCB18957B80BFEFE2607DB3E29,is logical end of,S28E863FC54C3BB0B953C44FD09DDA5
C025-W-HO13-P-_E-004-01,S28E863FC54C3BB0B953C44FD09DDA5,has logical start,S877E837D5B72712C30D92A23E45EBB
C025-W-HO13-P-_E-004-01,S28E863FC54C3BB0B953C44FD09DDA5,has logical end,S2D7BCCB18957B80BFEFE2607DB3E29
C025-W-HO13-P-_E-004-01,S9C366E11F75F01CCAD52F7C4768D5D,is a part of,S3928C4CF5E244B616EE0BAD49DDC4C
C025-W-HO13-P-_E-004-01,S9C366E11F75F01CCAD52F7C4768D5D,is logical start of,SD476EA4C905C9269EF8D4801FDA75E
C025-W-HO13-P-_E-004-01,SB9398D27B9AB8DA45AC095630F6CA9,is a part of,SAE3C8AD5179FCCC4F804D579A3BABD
C025-W-HO13-P-_E-004-01,SB9398D27B9AB8DA45AC095630F6CA9,is logical end of,S30C70956B578841207BB95134CBCE8
C025-W-HO13-P-_E-004-01,S30C70956B578841207BB95134CBCE8,has logical start,SA6330649608677FBE236BE36B5B0BB
C025-W-HO13-P-_E-004-01,S30C70956B578841207BB95134CBCE8,has logical end,SB9398D27B9AB8DA45AC095630F6CA9
C025-W-HO13-P-_E-004-01,S5E3584D8B5A5FF3168510E0FF6D1DA,is a part of,S33E1448763EE709F0AD68630A9A728
C025-W-HO13-P-_E-004-01,S5E3584D8B5A5FF3168510E0FF6D1DA,is logical end of,S65269ABB81D9435537E5DEF96CE6BE
C025-W-HO13-P-_E-004-01,S5E3584D8B5A5FF3168510E0FF6D1DA,is logical end of,S7A3F1458B61940982F0DB2DCF6E722
C025-W-HO13-P-_E-004-01,S65269ABB81D9435537E5DEF96CE6BE,has logical start,S258953FA289399EA17DF9302F8CC8D
C025-W-HO13-P-_E-004-01,S65269ABB81D9435537E5DEF96CE6BE,has logical end,S5E3584D8B5A5FF3168510E0FF6D1DA
C025-W-HO13-P-_E-004-01,S7A3F1458B61940982F0DB2DCF6E722,has logical start,S445B07892E3FBC26EA6EDDB9A27D9D
C025-W-HO13-P-_E-004-01,S7A3F1458B61940982F0DB2DCF6E722,has logical end,S5E3584D8B5A5FF3168510E0FF6D1DA
C025-W-HO13-P-_E-004-01,S87446CD33FCE2B08BECDED908549AE,is a part of,SEB90AFE6D311C8742A5B46A87551E8
C025-W-HO13-P-_E-004-01,S87446CD33FCE2B08BECDED908549AE,is logical end of,SE04EFF005FD9B4391DD1B97C75C943
C025-W-HO13-P-_E-004-01,S87446CD33FCE2B08BECDED908549AE,is logical end of,S3BA7274677028C7B127F831E12ACF3
C025-W-HO13-P-_E-004-01,SE04EFF005FD9B4391DD1B97C75C943,has logical start,S258953FA289399EA17DF9302F8CC8D
C025-W-HO13-P-_E-004-01,SE04EFF005FD9B4391DD1B97C75C943,has logical end,S87446CD33FCE2B08BECDED908549AE
C025-W-HO13-P-_E-004-01,S3BA7274677028C7B127F831E12ACF3,has logical start,S2E476280F8372EB1D02A17BD9E48F4
C025-W-HO13-P-_E-004-01,S3BA7274677028C7B127F831E12ACF3,has logical end,S87446CD33FCE2B08BECDED908549AE
C025-W-HO13-P-_E-004-01,S895C90F6BD9A39B583F4CB81291FC5,is a part of,S54A05E71A06620266B137BA7401480
C025-W-HO13-P-_E-004-01,S895C90F6BD9A39B583F4CB81291FC5,is logical end of,S625E415A6F0B9E2307DA490EEE916D
C025-W-HO13-P-_E-004-01,S895C90F6BD9A39B583F4CB81291FC5,is logical end of,S9C0AAB2E155846ECCE9F8C351AA77D
C025-W-HO13-P-_E-004-01,S9C0AAB2E155846ECCE9F8C351AA77D,has logical start,S6D75202486D47FB0E3B043BBE7C959
C025-W-HO13-P-_E-004-01,S9C0AAB2E155846ECCE9F8C351AA77D,has logical end,S895C90F6BD9A39B583F4CB81291FC5
C025-W-HO13-P-_E-004-01,S82EABA26854C08160B4A0BE1777135,is a part of,S6537BFC86A96DA58DDB997E51D65FC
C025-W-HO13-P-_E-004-01,S82EABA26854C08160B4A0BE1777135,is logical start of,S1535BEB055EBE9FA04C72E150FAC58
C025-W-HO13-P-_E-004-01,S82EABA26854C08160B4A0BE1777135,is logical end of,S4A48775250B47644C03B027E208F9D
C025-W-HO13-P-_E-004-01,S785C14D3698BFA855988ED4FF5A6D5,is the location of,SEA92B9F2DD4FD54BB98E9D6DFCB933
C025-W-HO13-P-_E-004-01,S5359142AF9E5FD0FE781FB8FF1D6CA,is referenced by,SC9DEF71986E44050F0FBE4D4E92F22
C025-W-HO13-P-_E-004-01,S6AE77E069FC03224014EC748A64815,is the location of,S984D25E7AB65E71605E90A2EE6E00E
C025-W-HO13-P-_E-004-01,S781A87BFFEAA25E1F804A075F74F7C,is the location of,SE21C4B4F0CA55C96BA3A0323079981
C025-W-HO13-P-_E-004-01,S2976BC4D9485AB4DF97A8DE1FB0B41,is a part of,S5D31815FC10E74497124C070C55F6F
C025-W-HO13-P-_E-004-01,S2976BC4D9485AB4DF97A8DE1FB0B41,is logical end of,SB2122866C663D3F74E71A3C63EF9D9
C025-W-HO13-P-_E-004-01,S2976BC4D9485AB4DF97A8DE1FB0B41,is logical end of,SDDD1E52B3032063574A083CE39BC5F
C025-W-HO13-P-_E-004-01,SB2122866C663D3F74E71A3C63EF9D9,has logical start,S1966D330709ADCC4844210EB15F466
C025-W-HO13-P-_E-004-01,SB2122866C663D3F74E71A3C63EF9D9,has logical end,S2976BC4D9485AB4DF97A8DE1FB0B41
C025-W-HO13-P-_E-004-01,SDDD1E52B3032063574A083CE39BC5F,has logical start,S782D1AC928C9E19B74FE030A83006F
C025-W-HO13-P-_E-004-01,SDDD1E52B3032063574A083CE39BC5F,has logical end,S2976BC4D9485AB4DF97A8DE1FB0B41
C025-W-HO13-P-_E-004-01,S1966D330709ADCC4844210EB15F466,is logical start of,SB2122866C663D3F74E71A3C63EF9D9
C025-W-HO13-P-_E-004-01,S1966D330709ADCC4844210EB15F466,is located in,SE6797E16EDA2250EAF00D0B0996B1B
C025-W-HO13-P-_E-004-01,S22814CC2B92F0BDA9ECAB087F73F00,is a part of,S85C7F63858E57AD62CEBFBD516F11A
C025-W-HO13-P-_E-004-01,S22814CC2B92F0BDA9ECAB087F73F00,is logical end of,S19619BA78A013069D2A08EC5A35AB7
C025-W-HO13-P-_E-004-01,S19619BA78A013069D2A08EC5A35AB7,has logical start,S9415A8173C33AC42F06C1C8042EB75
C025-W-HO13-P-_E-004-01,S19619BA78A013069D2A08EC5A35AB7,has logical end,S22814CC2B92F0BDA9ECAB087F73F00
C025-W-HO13-P-_E-004-01,S9415A8173C33AC42F06C1C8042EB75,is logical start of,S19619BA78A013069D2A08EC5A35AB7
C025-W-HO13-P-_E-004-01,S9415A8173C33AC42F06C1C8042EB75,is located in,SB589B095E621ED8533C21E22C6BE22
C025-W-HO13-P-_E-004-01,S416DF7B1F6173441996E84F5B242EE,is a part of,S6B34DFE4A65CDEFE77EC544E192C6C
C025-W-HO13-P-_E-004-01,S416DF7B1F6173441996E84F5B242EE,is logical end of,S9E09E27ACC3C053281606E84FF33C7
C025-W-HO13-P-_E-004-01,S9E09E27ACC3C053281606E84FF33C7,has logical start,SCF02AAB14332FEEFCA5E1EC9FBAC61
C025-W-HO13-P-_E-004-01,S9E09E27ACC3C053281606E84FF33C7,has logical end,S416DF7B1F6173441996E84F5B242EE
C025-W-HO13-P-_E-004-01,SCF02AAB14332FEEFCA5E1EC9FBAC61,is logical start of,S9E09E27ACC3C053281606E84FF33C7
C025-W-HO13-P-_E-004-01,SCF02AAB14332FEEFCA5E1EC9FBAC61,is located in,S6D6ED600077A9203F99B5DB6F5BD8D
C025-W-HO13-P-_E-004-01,S33E601CF7EBAA6B78ADE3763C3E00D,is a part of,S8E24ED85A46BA57601C7A6667E5F40
C025-W-HO13-P-_E-004-01,S33E601CF7EBAA6B78ADE3763C3E00D,is logical end of,S4DA29B35E2BE05698FF9E2E6F38D35
C025-W-HO13-P-_E-004-01,S4DA29B35E2BE05698FF9E2E6F38D35,has logical start,S288FA10EFB86E4A89D05D6BF6FF67A
C025-W-HO13-P-_E-004-01,S4DA29B35E2BE05698FF9E2E6F38D35,has logical end,S33E601CF7EBAA6B78ADE3763C3E00D
C025-W-HO13-P-_E-004-01,S9861D2625344D338BD66620E0CFB01,is a part of,S8F0589F56B2C64DDEAFCE711DB233A
C025-W-HO13-P-_E-004-01,S9861D2625344D338BD66620E0CFB01,is logical end of,S1A0F41D61A1112A5AE04B63BD300DE
C025-W-HO13-P-_E-004-01,S1A0F41D61A1112A5AE04B63BD300DE,has logical start,S3D123CE330740FC46B2606D553BD2E
C025-W-HO13-P-_E-004-01,S1A0F41D61A1112A5AE04B63BD300DE,has logical end,S9861D2625344D338BD66620E0CFB01
C025-W-HO13-P-_E-004-01,S7BE58853107F6B3A39AA39DFC46450,is a part of,S38B9CC981B5156343AD028E4E70D45
C025-W-HO13-P-_E-004-01,S7BE58853107F6B3A39AA39DFC46450,is logical end of,S47BDB897DAEFF9BD9519A498715AA2
C025-W-HO13-P-_E-004-01,S7BE58853107F6B3A39AA39DFC46450,is logical end of,SC7DD2815637AA7F5511EF9ECB30313
C025-W-HO13-P-_E-004-01,SC7DD2815637AA7F5511EF9ECB30313,has logical start,S89BEC154CA68FE0368210AEF3579EB
C025-W-HO13-P-_E-004-01,SC7DD2815637AA7F5511EF9ECB30313,has logical end,S7BE58853107F6B3A39AA39DFC46450
C025-W-HO13-P-_E-004-01,S5A478B439775C006BBFDE4CE5640AA,is a part of,SB7173063F505EE6728A92E5D7333CF
C025-W-HO13-P-_E-004-01,S5A478B439775C006BBFDE4CE5640AA,is logical end of,SFF18F84ECE06155A0AE9765A764B1A
C025-W-HO13-P-_E-004-01,S5A478B439775C006BBFDE4CE5640AA,is logical end of,S9EB754D157FC121BC191BF96CE336C
C025-W-HO13-P-_E-004-01,SFF18F84ECE06155A0AE9765A764B1A,has logical start,S288FA10EFB86E4A89D05D6BF6FF67A
C025-W-HO13-P-_E-004-01,SFF18F84ECE06155A0AE9765A764B1A,has logical end,S5A478B439775C006BBFDE4CE5640AA
C025-W-HO13-P-_E-004-01,S11D51A7C60B1C665C4C500E351C42C,is a part of,SF90723CCA286C03D591AB91EB72A4C
C025-W-HO13-P-_E-004-01,S11D51A7C60B1C665C4C500E351C42C,is logical end of,SCBB3BA34E6A6315EDF5F713A34BB5B
C025-W-HO13-P-_E-004-01,S11D51A7C60B1C665C4C500E351C42C,is logical end of,SAFF4ACD2EACC6998C5E3284397028B
C025-W-HO13-P-_E-004-01,SCBB3BA34E6A6315EDF5F713A34BB5B,has logical start,S7CF8AD3C71C5C9739C3EED908AC351
C025-W-HO13-P-_E-004-01,SCBB3BA34E6A6315EDF5F713A34BB5B,has logical end,S11D51A7C60B1C665C4C500E351C42C
C025-W-HO13-P-_E-004-01,S55BA4C47CE106028E851301F61316F,is a part of,SFAC2B4E88489C63E9A6662E760B442
C025-W-HO13-P-_E-004-01,S55BA4C47CE106028E851301F61316F,is logical end of,SEF00637CE086EFC9513DC05BEAF635
C025-W-HO13-P-_E-004-01,S248B74B44A5CEEBD8F86F32DF37034,is a part of,SB460BD94910651AF9DD6186B64FD21
C025-W-HO13-P-_E-004-01,S248B74B44A5CEEBD8F86F32DF37034,is logical end of,S83AB546D7686C56338A02F236EA805
C025-W-HO13-P-_E-004-01,S248B74B44A5CEEBD8F86F32DF37034,is logical end of,SBFDFE79F753646341CBA67039E907E
C025-W-HO13-P-_E-004-01,S83AB546D7686C56338A02F236EA805,has logical start,S7CF8AD3C71C5C9739C3EED908AC351
C025-W-HO13-P-_E-004-01,S83AB546D7686C56338A02F236EA805,has logical end,S248B74B44A5CEEBD8F86F32DF37034
C025-W-HO13-P-_E-004-01,SBFDFE79F753646341CBA67039E907E,has logical start,SE13BA5B6432D2F485FE52264ACDE8D
C025-W-HO13-P-_E-004-01,SBFDFE79F753646341CBA67039E907E,has logical end,S248B74B44A5CEEBD8F86F32DF37034
C025-W-HO13-P-_E-004-01,S7E03034BBFB25916921B04B5E6DB10,is a part of,S7EE375443A22D1E6677A727FCDF2D7
C025-W-HO13-P-_E-004-01,S7E03034BBFB25916921B04B5E6DB10,is logical end of,SC2EFB851C662C412154DE054477BB7
C025-W-HO13-P-_E-004-01,S7E03034BBFB25916921B04B5E6DB10,is logical start of,S7F4EC1250D6683E7EB4F2253CC7558
C025-W-HO13-P-_E-004-01,SC2EFB851C662C412154DE054477BB7,has logical start,S2902E0DDF900288E9F75BF20ACA678
C025-W-HO13-P-_E-004-01,SC2EFB851C662C412154DE054477BB7,has logical end,S7E03034BBFB25916921B04B5E6DB10
C025-W-HO13-P-_E-004-01,S2902E0DDF900288E9F75BF20ACA678,is logical start of,SC2EFB851C662C412154DE054477BB7
C025-W-HO13-P-_E-004-01,S2902E0DDF900288E9F75BF20ACA678,is located in,S2B4128E6F0C92B5F0DDF1C277862D5
C025-W-HO13-P-_E-004-01,SCA37FAAEA131FB286469964A4FD4DD,is a part of,SF26C3EDF0E1A086C524133A12439C8
C025-W-HO13-P-_E-004-01,SCA37FAAEA131FB286469964A4FD4DD,is logical end of,SD476EA4C905C9269EF8D4801FDA75E
C025-W-HO13-P-_E-004-01,SCA37FAAEA131FB286469964A4FD4DD,is logical end of,SB28AB0540F18F0F35A41C6EC217CE0
C025-W-HO13-P-_E-004-01,SD476EA4C905C9269EF8D4801FDA75E,has logical start,S9C366E11F75F01CCAD52F7C4768D5D
C025-W-HO13-P-_E-004-01,SD476EA4C905C9269EF8D4801FDA75E,has logical end,SCA37FAAEA131FB286469964A4FD4DD
C025-W-HO13-P-_E-004-01,SB28AB0540F18F0F35A41C6EC217CE0,has logical start,SE739C9D86809FF1FE8BD976989F87C
C025-W-HO13-P-_E-004-01,SB28AB0540F18F0F35A41C6EC217CE0,has logical end,SCA37FAAEA131FB286469964A4FD4DD
C025-W-HO13-P-_E-004-01,SE739C9D86809FF1FE8BD976989F87C,is logical start of,SB28AB0540F18F0F35A41C6EC217CE0
C025-W-HO13-P-_E-004-01,SE739C9D86809FF1FE8BD976989F87C,is located in,SCA094D96D0D47CEA54ADE41D5CA442
C025-W-HO13-P-_E-004-01,SC3A249DD871938137C84102370A9FA,is a part of,SFCEB3C4804438A70066091DE442D13
C025-W-HO13-P-_E-004-01,SC3A249DD871938137C84102370A9FA,is logical start of,SAB8708F89AB978F82DC8DFCF3974A0
C025-W-HO13-P-_E-004-01,SC3A249DD871938137C84102370A9FA,is logical end of,SE2DB6C9732620F6AD77C312A9D3695
C025-W-HO13-P-_E-004-01,SE2DB6C9732620F6AD77C312A9D3695,has logical start,SF69520E89725DD1DCB87EB66C3E35C
C025-W-HO13-P-_E-004-01,SE2DB6C9732620F6AD77C312A9D3695,has logical end,SC3A249DD871938137C84102370A9FA
C025-W-HO13-P-_E-004-01,SF69520E89725DD1DCB87EB66C3E35C,is logical start of,SE2DB6C9732620F6AD77C312A9D3695
C025-W-HO13-P-_E-004-01,SF69520E89725DD1DCB87EB66C3E35C,is fulfilled by,S260BED830E0C1E857B84CD0080B01C
C025-W-HO13-P-_E-004-01,SF69520E89725DD1DCB87EB66C3E35C,is located in,S55881409BAB7991CD4730C11136223
C025-W-HO13-P-_E-004-01,S555CE6A876458FF3917D524FF5CF73,is a part of,S8ACC03491EAE4F303D8813AEB5F352
C025-W-HO13-P-_E-004-01,S555CE6A876458FF3917D524FF5CF73,is logical end of,SC8BBCEB371183AA93C0243F84DCA6B
C025-W-HO13-P-_E-004-01,S555CE6A876458FF3917D524FF5CF73,is logical start of,S801F360110F4C20B0473EC190F6611
C025-W-HO13-P-_E-004-01,SC8BBCEB371183AA93C0243F84DCA6B,has logical start,S5948770E18E20140B93E5E5F6D6087
C025-W-HO13-P-_E-004-01,SC8BBCEB371183AA93C0243F84DCA6B,has logical end,S555CE6A876458FF3917D524FF5CF73
C025-W-HO13-P-_E-004-01,S801F360110F4C20B0473EC190F6611,has logical start,S555CE6A876458FF3917D524FF5CF73
C025-W-HO13-P-_E-004-01,S801F360110F4C20B0473EC190F6611,has logical end,S9D06D0570629901FC3E2270BA99069
C025-W-HO13-P-_E-004-01,S9D06D0570629901FC3E2270BA99069,is logical end of,S801F360110F4C20B0473EC190F6611
C025-W-HO13-P-_E-004-01,S9D06D0570629901FC3E2270BA99069,is fulfilled by,SB2AA9A647697A3E1E796B585D86D26
C025-W-HO13-P-_E-004-01,S9D06D0570629901FC3E2270BA99069,is located in,S9A82CE0D3FD84DF587B521726BD38D
C025-W-HO13-P-_E-004-01,S7D8B64FFC3D4610061EAB1A4D4AB3A,is a part of,SA55BE91937DB70B988F73CA5974F36
C025-W-HO13-P-_E-004-01,S7D8B64FFC3D4610061EAB1A4D4AB3A,is logical end of,S973A8E3A7CBE0AA693CC1DF5646192
C025-W-HO13-P-_E-004-01,S7D8B64FFC3D4610061EAB1A4D4AB3A,is logical end of,S9B9C00DABB75F7878E3FCCD229FE85
C025-W-HO13-P-_E-004-01,S9B9C00DABB75F7878E3FCCD229FE85,has logical start,SCA2F46E8AB7D161B219E3060E3BEBF
C025-W-HO13-P-_E-004-01,S9B9C00DABB75F7878E3FCCD229FE85,has logical end,S7D8B64FFC3D4610061EAB1A4D4AB3A
C025-W-HO13-P-_E-004-01,SCA2F46E8AB7D161B219E3060E3BEBF,is logical start of,S9B9C00DABB75F7878E3FCCD229FE85
C025-W-HO13-P-_E-004-01,SCA2F46E8AB7D161B219E3060E3BEBF,is fulfilled by,S5256FD40FF6FAECDF642039983A343
C025-W-HO13-P-_E-004-01,SCA2F46E8AB7D161B219E3060E3BEBF,is located in,S395B9390980213298634A0680AAD70
C025-W-HO13-P-_E-004-01,SF4B45B7013072EB7BF233126B39B06,is a part of,SD495A45480ABFFE7FD996048FDB863
C025-W-HO13-P-_E-004-01,SF4B45B7013072EB7BF233126B39B06,is logical start of,SABF37C2EF9046AD59566ABAF6DC384
C025-W-HO13-P-_E-004-01,SF4B45B7013072EB7BF233126B39B06,is logical start of,SD6530B58B1A5021C23B121F103982D
C025-W-HO13-P-_E-004-01,SABF37C2EF9046AD59566ABAF6DC384,has logical start,SF4B45B7013072EB7BF233126B39B06
C025-W-HO13-P-_E-004-01,SABF37C2EF9046AD59566ABAF6DC384,has logical end,SAA04867E2D7AC9FFFE7A764D2E5E61
C025-W-HO13-P-_E-004-01,SAA04867E2D7AC9FFFE7A764D2E5E61,is logical end of,SABF37C2EF9046AD59566ABAF6DC384
C025-W-HO13-P-_E-004-01,SAA04867E2D7AC9FFFE7A764D2E5E61,is fulfilled by,S891263854CA4160844EE4B008512DD
C025-W-HO13-P-_E-004-01,SAA04867E2D7AC9FFFE7A764D2E5E61,is located in,S4D1C9FD9AA0B4427A981F5C2411C2C
C025-W-HO13-P-_E-004-01,S60A65077A1BCA1A9F96450954FDB1D,is a part of,S76E405A8FE60A93E643FCF1EEA762D
C025-W-HO13-P-_E-004-01,S60A65077A1BCA1A9F96450954FDB1D,is logical start of,S824832730B28AE954CAC120FB27293
C025-W-HO13-P-_E-004-01,S60A65077A1BCA1A9F96450954FDB1D,is logical end of,SBD10F367FBE52AE0EB07B5B411172A
C025-W-HO13-P-_E-004-01,S824832730B28AE954CAC120FB27293,has logical start,S60A65077A1BCA1A9F96450954FDB1D
C025-W-HO13-P-_E-004-01,S824832730B28AE954CAC120FB27293,has logical end,SEF9BCAD7EA79D06C972AB02FDF909E
C025-W-HO13-P-_E-004-01,SBD10F367FBE52AE0EB07B5B411172A,has logical start,SDD4F845F445C381EBCE301A7761D5F
C025-W-HO13-P-_E-004-01,SBD10F367FBE52AE0EB07B5B411172A,has logical end,S60A65077A1BCA1A9F96450954FDB1D
C025-W-HO13-P-_E-004-01,SDD4F845F445C381EBCE301A7761D5F,is logical start of,SBD10F367FBE52AE0EB07B5B411172A
C025-W-HO13-P-_E-004-01,SDD4F845F445C381EBCE301A7761D5F,is located in,SD8A93D8D16C431EB9332EF1312428D
C025-W-HO13-P-_E-004-01,SDCF68A34D0E68CB3CA40858FB44C38,is a part of,SD6ACBB0C2E0F2126289DEA13DF2CA7
C025-W-HO13-P-_E-004-01,SDCF68A34D0E68CB3CA40858FB44C38,is logical end of,S809FF4F13D169DCF5CC3F551C1ACCC
C025-W-HO13-P-_E-004-01,SDCF68A34D0E68CB3CA40858FB44C38,is logical start of,SF688661D92DD0332BDE5D5D57480F8
C025-W-HO13-P-_E-004-01,S809FF4F13D169DCF5CC3F551C1ACCC,has logical start,S5178032D8F901758BC18D59DFFC39E
C025-W-HO13-P-_E-004-01,S809FF4F13D169DCF5CC3F551C1ACCC,has logical end,SDCF68A34D0E68CB3CA40858FB44C38
C025-W-HO13-P-_E-004-01,S5178032D8F901758BC18D59DFFC39E,is logical start of,S809FF4F13D169DCF5CC3F551C1ACCC
C025-W-HO13-P-_E-004-01,S5178032D8F901758BC18D59DFFC39E,is located in,S946B56E312F7C0F1093EE11533686F
C025-W-HO13-P-_E-004-01,S86F621FAB781674E55B3C65DE4063D,is a part of,S2745208A31217B73AE38F37F0E8E91
C025-W-HO13-P-_E-004-01,S86F621FAB781674E55B3C65DE4063D,is logical end of,S1C95D781B02FC6AA63E18FE9F574BA
C025-W-HO13-P-_E-004-01,S86F621FAB781674E55B3C65DE4063D,is logical end of,S5CD1C392DB0CBF4F84C13F24EF11AD
C025-W-HO13-P-_E-004-01,S1C95D781B02FC6AA63E18FE9F574BA,has logical start,SDAF28EEA05F20E2A81A857FC21EE54
C025-W-HO13-P-_E-004-01,S1C95D781B02FC6AA63E18FE9F574BA,has logical end,S86F621FAB781674E55B3C65DE4063D
C025-W-HO13-P-_E-004-01,S5CD1C392DB0CBF4F84C13F24EF11AD,has logical start,S2E476280F8372EB1D02A17BD9E48F4
C025-W-HO13-P-_E-004-01,S5CD1C392DB0CBF4F84C13F24EF11AD,has logical end,S86F621FAB781674E55B3C65DE4063D
C025-W-HO13-P-_E-004-01,S9D5E03F36205AC7BB93A83CAFBBA2A,is a part of,S2B5F3BD3FE162ED73888C336929846
C025-W-HO13-P-_E-004-01,S9D5E03F36205AC7BB93A83CAFBBA2A,is logical start of,SAFCCD387DD9F3AF69308C61031AB33
C025-W-HO13-P-_E-004-01,S9D5E03F36205AC7BB93A83CAFBBA2A,is logical end of,SAB854C9AC7AD1B25DCE373E9536DA5
C025-W-HO13-P-_E-004-01,SAFCCD387DD9F3AF69308C61031AB33,has logical start,S9D5E03F36205AC7BB93A83CAFBBA2A
C025-W-HO13-P-_E-004-01,SAFCCD387DD9F3AF69308C61031AB33,has logical end,S7D1665E8E6D4DA5391F5DEDC6BBB04
C025-W-HO13-P-_E-004-01,SAB854C9AC7AD1B25DCE373E9536DA5,has logical start,S3E673553F8312B1DB7EE5376643F911
C025-W-HO13-P-_E-004-01,SAB854C9AC7AD1B25DCE373E9536DA5,has logical end,S9D5E03F36205AC7BB93A83CAFBBA2A
C025-W-HO13-P-_E-004-01,S3E673553F8312B1DB7EE5376643F911,is logical start of,SAB854C9AC7AD1B25DCE373E9536DA5
C025-W-HO13-P-_E-004-01,S3E673553F8312B1DB7EE5376643F911,is fulfilled by,S8697089257C5C11AEDC66052D0534F
C025-W-HO13-P-_E-004-01,S3E673553F8312B1DB7EE5376643F911,is located in,SBAB53F8B88A05428A76200FEA25093
C025-W-HO13-P-_E-004-01,S786522096FA2B200FB20BFBB96DCCE,is a part of,SD2F66AA82939A44F842108BA69A05A
C025-W-HO13-P-_E-004-01,S786522096FA2B200FB20BFBB96DCCE,is logical end of,S1DDEE948BF9498D714A404004C0324
C025-W-HO13-P-_E-004-01,S786522096FA2B200FB20BFBB96DCCE,is logical start of,SCCDE4EE598F111E9F6220FA33EC996
C025-W-HO13-P-_E-004-01,S1DDEE948BF9498D714A404004C0324,has logical start,S6F7436A24B4C01C761B237892816CC
C025-W-HO13-P-_E-004-01,S1DDEE948BF9498D714A404004C0324,has logical end,S786522096FA2B200FB20BFBB96DCCE
C025-W-HO13-P-_E-004-01,S6F7436A24B4C01C761B237892816CC,is logical start of,S1DDEE948BF9498D714A404004C0324
C025-W-HO13-P-_E-004-01,S6F7436A24B4C01C761B237892816CC,is located in,S5766097E4C2042213AA77C7B65B029
C025-W-HO13-P-_E-004-01,S289C0C2E121069F41887CFB3ECCDCE,is a part of,SDDA63622ACE3FB3BA51E4ABC7663F3
C025-W-HO13-P-_E-004-01,S289C0C2E121069F41887CFB3ECCDCE,is logical end of,SFAB29C888C1DA99A1B6B4D306A20A9
C025-W-HO13-P-_E-004-01,S289C0C2E121069F41887CFB3ECCDCE,is logical end of,S8307B454D0D15C86FF7B41B26ED77C
C025-W-HO13-P-_E-004-01,SFAB29C888C1DA99A1B6B4D306A20A9,has logical start,S2888CF9814266C5A6E3265FF9C9162
C025-W-HO13-P-_E-004-01,SFAB29C888C1DA99A1B6B4D306A20A9,has logical end,S289C0C2E121069F41887CFB3ECCDCE
C025-W-HO13-P-_E-004-01,S8307B454D0D15C86FF7B41B26ED77C,has logical start,S25D3623CAB7BED1B6F35CE01641553
C025-W-HO13-P-_E-004-01,S8307B454D0D15C86FF7B41B26ED77C,has logical end,S289C0C2E121069F41887CFB3ECCDCE
C025-W-HO13-P-_E-004-01,S2888CF9814266C5A6E3265FF9C9162,is logical start of,SFAB29C888C1DA99A1B6B4D306A20A9
C025-W-HO13-P-_E-004-01,S2888CF9814266C5A6E3265FF9C9162,is located in,S83AD294711662C017136A73AB021A3
C025-W-HO13-P-_E-004-01,SCB589BEDF572C1C7945DCA58618F99,is a part of,SC04B83C72311A591822FCE527609C3
C025-W-HO13-P-_E-004-01,SCB589BEDF572C1C7945DCA58618F99,is logical start of,S4891ECB228A126A51C9278F5BC9D39
C025-W-HO13-P-_E-004-01,SCB589BEDF572C1C7945DCA58618F99,is logical end of,SD065E77ACD711468F47EB99BDCC384
C025-W-HO13-P-_E-004-01,SD065E77ACD711468F47EB99BDCC384,has logical start,SAA04867E2D7AC9FFFE7A764D2E5E611
C025-W-HO13-P-_E-004-01,SD065E77ACD711468F47EB99BDCC384,has logical end,SCB589BEDF572C1C7945DCA58618F99
C025-W-HO13-P-_E-004-01,SAA04867E2D7AC9FFFE7A764D2E5E611,is logical start of,SD065E77ACD711468F47EB99BDCC384
C025-W-HO13-P-_E-004-01,SAA04867E2D7AC9FFFE7A764D2E5E611,is fulfilled by,S891263854CA4160844EE4B008512DD
C025-W-HO13-P-_E-004-01,SAA04867E2D7AC9FFFE7A764D2E5E611,is located in,S4D1C9FD9AA0B4427A981F5C2411C2C
C025-W-HO13-P-_E-004-01,SA00FDE5203B3955BE31AC4FAE216E3,is a part of,S7D355DE5717E39E1D2A29CD4555D35
C025-W-HO13-P-_E-004-01,SA00FDE5203B3955BE31AC4FAE216E3,is logical end of,S1544C3A08A1AA031C5F99D2E1B7F7C
C025-W-HO13-P-_E-004-01,S1544C3A08A1AA031C5F99D2E1B7F7C,has logical start,S7E2C17150FDC6E7CB9524E5E2CFC15
C025-W-HO13-P-_E-004-01,S1544C3A08A1AA031C5F99D2E1B7F7C,has logical end,SA00FDE5203B3955BE31AC4FAE216E3
C025-W-HO13-P-_E-004-01,S7E2C17150FDC6E7CB9524E5E2CFC15,is logical start of,S1544C3A08A1AA031C5F99D2E1B7F7C
C025-W-HO13-P-_E-004-01,S7E2C17150FDC6E7CB9524E5E2CFC15,is located in,S9B2D1E8C2D51AE97779D7E09308A61
C025-W-HO13-P-_E-004-01,S3F37A6BC0A88A378491E1F89FE6E47,is a part of,S132A951B2F82756DFCDD526E089E62
C025-W-HO13-P-_E-004-01,S3F37A6BC0A88A378491E1F89FE6E47,is logical end of,S38EED849B852B3C07BEB2527691184
C025-W-HO13-P-_E-004-01,S3F37A6BC0A88A378491E1F89FE6E47,is logical end of,S5AE86F3CEDAF25B968EB7F05BB3806
C025-W-HO13-P-_E-004-01,S3F37A6BC0A88A378491E1F89FE6E47,is logical end of,SCC7805978CE5A67DBE828C46765232
C025-W-HO13-P-_E-004-01,S38EED849B852B3C07BEB2527691184,has logical start,S811AC741EA0BA4BC1D7FB87F208F8C
C025-W-HO13-P-_E-004-01,S38EED849B852B3C07BEB2527691184,has logical end,S3F37A6BC0A88A378491E1F89FE6E47
C025-W-HO13-P-_E-004-01,SCC7805978CE5A67DBE828C46765232,has logical start,SAA04867E2D7AC9FFFE7A764D2E5E612
C025-W-HO13-P-_E-004-01,SCC7805978CE5A67DBE828C46765232,has logical end,S3F37A6BC0A88A378491E1F89FE6E47
C025-W-HO13-P-_E-004-01,SAA04867E2D7AC9FFFE7A764D2E5E612,is logical start of,SCC7805978CE5A67DBE828C46765232
C025-W-HO13-P-_E-004-01,SAA04867E2D7AC9FFFE7A764D2E5E612,is fulfilled by,S891263854CA4160844EE4B008512DD
C025-W-HO13-P-_E-004-01,SAA04867E2D7AC9FFFE7A764D2E5E612,is located in,S4D1C9FD9AA0B4427A981F5C2411C2C
C025-W-HO13-P-_E-004-01,S696409C3CDEEA5759461C0FE4A09DD,is a part of,SD0D6C03063864B25692FD695B0674F
C025-W-HO13-P-_E-004-01,S696409C3CDEEA5759461C0FE4A09DD,is logical end of,S789722AFF70FE32C32B777F1D2DA98
C025-W-HO13-P-_E-004-01,S696409C3CDEEA5759461C0FE4A09DD,is logical start of,SCE563250CC8DEDD70D77D88ACC4F9C
C025-W-HO13-P-_E-004-01,S696409C3CDEEA5759461C0FE4A09DD,is logical end of,SF47917B7A11E7FFFD0B88B0A7F8CA5
C025-W-HO13-P-_E-004-01,S789722AFF70FE32C32B777F1D2DA98,has logical start,S811AC741EA0BA4BC1D7FB87F208F8C
C025-W-HO13-P-_E-004-01,S789722AFF70FE32C32B777F1D2DA98,has logical end,S696409C3CDEEA5759461C0FE4A09DD
C025-W-HO13-P-_E-004-01,SCE563250CC8DEDD70D77D88ACC4F9C,has logical start,S696409C3CDEEA5759461C0FE4A09DD
C025-W-HO13-P-_E-004-01,SCE563250CC8DEDD70D77D88ACC4F9C,has logical end,SAA04867E2D7AC9FFFE7A764D2E5E613
C025-W-HO13-P-_E-004-01,SF47917B7A11E7FFFD0B88B0A7F8CA5,has logical start,SC29E6DE3A61D8007E9AA31090B1F66
C025-W-HO13-P-_E-004-01,SF47917B7A11E7FFFD0B88B0A7F8CA5,has logical end,S696409C3CDEEA5759461C0FE4A09DD
C025-W-HO13-P-_E-004-01,SAA04867E2D7AC9FFFE7A764D2E5E613,is logical end of,SCE563250CC8DEDD70D77D88ACC4F9C
C025-W-HO13-P-_E-004-01,SAA04867E2D7AC9FFFE7A764D2E5E613,is fulfilled by,S891263854CA4160844EE4B008512DD
C025-W-HO13-P-_E-004-01,SAA04867E2D7AC9FFFE7A764D2E5E613,is located in,S4D1C9FD9AA0B4427A981F5C2411C2C
C025-W-HO13-P-_E-004-01,S46D69ACC2FB2CDDDCAC975C3326F4E,is a part of,SFA15BDA1CF5AFAF51F0E0FCF0E6410
C025-W-HO13-P-_E-004-01,S46D69ACC2FB2CDDDCAC975C3326F4E,is logical end of,SF80350E1758931191CFC4278C6DE2A
C025-W-HO13-P-_E-004-01,SF80350E1758931191CFC4278C6DE2A,has logical start,SFBF266657BB279CA357935CB267963
C025-W-HO13-P-_E-004-01,SF80350E1758931191CFC4278C6DE2A,has logical end,S46D69ACC2FB2CDDDCAC975C3326F4E
C025-W-HO13-P-_E-004-01,SFBF266657BB279CA357935CB267963,is logical start of,SF80350E1758931191CFC4278C6DE2A
C025-W-HO13-P-_E-004-01,SFBF266657BB279CA357935CB267963,is located in,S337B90566745F69D30991066229F71
C025-W-HO13-P-_E-004-01,S5E0488513069D86B7D126D18FA1D06,is a part of,SF8372EE88F5444AEC7A2C885CFADD6
C025-W-HO13-P-_E-004-01,S5E0488513069D86B7D126D18FA1D06,is logical end of,SBF1BDB631A6FE6E28A179B4F24BC32
C025-W-HO13-P-_E-004-01,SBF1BDB631A6FE6E28A179B4F24BC32,has logical start,S5AFBAAC51A0D411926E4B81D8F5E99
C025-W-HO13-P-_E-004-01,SBF1BDB631A6FE6E28A179B4F24BC32,has logical end,S5E0488513069D86B7D126D18FA1D06
C025-W-HO13-P-_E-004-01,S5AFBAAC51A0D411926E4B81D8F5E99,is logical start of,SBF1BDB631A6FE6E28A179B4F24BC32
C025-W-HO13-P-_E-004-01,S5AFBAAC51A0D411926E4B81D8F5E99,is located in,S30E71A51EF4E6560652FA047487E67
C025-W-HO13-P-_E-004-01,S5A67848820219CBDB580510D057583,is a part of,S20173AA13B4D0C38FFBB7B3377D9CC
C025-W-HO13-P-_E-004-01,S5A67848820219CBDB580510D057583,is logical end of,S5E5B1B16A4618CFA4DB73E71BB7B48
C025-W-HO13-P-_E-004-01,S5E5B1B16A4618CFA4DB73E71BB7B48,has logical start,SA30559CC659183471863BA8EEFBBD7
C025-W-HO13-P-_E-004-01,S5E5B1B16A4618CFA4DB73E71BB7B48,has logical end,S5A67848820219CBDB580510D057583
C025-W-HO13-P-_E-004-01,SA30559CC659183471863BA8EEFBBD7,is logical start of,S5E5B1B16A4618CFA4DB73E71BB7B48
C025-W-HO13-P-_E-004-01,SA30559CC659183471863BA8EEFBBD7,is located in,SFE4EC27BFE8D374202FD24F6B7DDE3
C025-W-HO13-P-_E-004-01,S14B120D5DD14E8682F89EDC07D577F,is a part of,SB1863F047058B6E60353AF2AAD8C40
C025-W-HO13-P-_E-004-01,S14B120D5DD14E8682F89EDC07D577F,is logical end of,S48DA6AC1DEEBC2F626803EECD63FC8
C025-W-HO13-P-_E-004-01,S51D0E72157970B5424CC4737A84AE9,is a part of,S291743D96294F86FCA7E295311E528
C025-W-HO13-P-_E-004-01,S51D0E72157970B5424CC4737A84AE9,is logical start of,S848A76ECF2E82C928C9B4F86317BCB
C025-W-HO13-P-_E-004-01,S848A76ECF2E82C928C9B4F86317BCB,has logical start,S51D0E72157970B5424CC4737A84AE9
C025-W-HO13-P-_E-004-01,S848A76ECF2E82C928C9B4F86317BCB,has logical end,S1F2720E6165D0D955E3644093CC844
C025-W-HO13-P-_E-004-01,S8ACE8ECC284D9FE41574BA3FA8C637,is a part of,S32E929A4E250BBE94901A89A420EA3
C025-W-HO13-P-_E-004-01,S8ACE8ECC284D9FE41574BA3FA8C637,is logical end of,S21D343B195A12EC82C3963B5A6E36E
C025-W-HO13-P-_E-004-01,S21D343B195A12EC82C3963B5A6E36E,has logical start,SA6330649608677FBE236BE36B5B0BB
C025-W-HO13-P-_E-004-01,S21D343B195A12EC82C3963B5A6E36E,has logical end,S8ACE8ECC284D9FE41574BA3FA8C637
C025-W-HO13-P-_E-004-01,SC8A3ED0E2E331D1C7D7F916B2FD1E1,is a part of,SD3306F8B57231F560AC9FF3EA787DC
C025-W-HO13-P-_E-004-01,SC8A3ED0E2E331D1C7D7F916B2FD1E1,is logical end of,SAAF0A242C9AA6856AB34BC6F265A48
C025-W-HO13-P-_E-004-01,SAAF0A242C9AA6856AB34BC6F265A48,has logical start,S984D25E7AB65E71605E90A2EE6E00E
C025-W-HO13-P-_E-004-01,SAAF0A242C9AA6856AB34BC6F265A48,has logical end,SC8A3ED0E2E331D1C7D7F916B2FD1E1
C025-W-HO13-P-_E-004-01,S984D25E7AB65E71605E90A2EE6E00E,is logical start of,SAAF0A242C9AA6856AB34BC6F265A48
C025-W-HO13-P-_E-004-01,S984D25E7AB65E71605E90A2EE6E00E,is located in,S6AE77E069FC03224014EC748A64815
C025-W-HO13-P-_E-004-01,SA06BAE64D3C58DF048FC906CF3CF2B,is a part of,S56B1BFF6CEB98791528435D02DE634
C025-W-HO13-P-_E-004-01,SA06BAE64D3C58DF048FC906CF3CF2B,is logical end of,S795D5156CCDFBA3BD70D330EDA326E
C025-W-HO13-P-_E-004-01,SB42FE18AC9B0AC0DE42A3D8F8A4BEA,is a part of,SDC0303885CE67D14DDD09C6D7DE5A6
C025-W-HO13-P-_E-004-01,SB42FE18AC9B0AC0DE42A3D8F8A4BEA,is logical start of,SFA933F4F647B897962362AE8E2B242
C025-W-HO13-P-_E-004-01,SFA933F4F647B897962362AE8E2B242,has logical start,SB42FE18AC9B0AC0DE42A3D8F8A4BEA
C025-W-HO13-P-_E-004-01,SFA933F4F647B897962362AE8E2B242,has logical end,S9D06D0570629901FC3E2270BA990691
C025-W-HO13-P-_E-004-01,S9D06D0570629901FC3E2270BA990691,is logical end of,SFA933F4F647B897962362AE8E2B242
C025-W-HO13-P-_E-004-01,S9D06D0570629901FC3E2270BA990691,is fulfilled by,SB2AA9A647697A3E1E796B585D86D26
C025-W-HO13-P-_E-004-01,S9D06D0570629901FC3E2270BA990691,is located in,S9A82CE0D3FD84DF587B521726BD38D
C025-W-HO13-P-_E-004-01,SA7810615232C065DD2107515CE718F,is a part of,S9555100E71423616B937595776A76D
C025-W-HO13-P-_E-004-01,SA7810615232C065DD2107515CE718F,is logical end of,SE6A1D0014B4122530CED6C96121309
C025-W-HO13-P-_E-004-01,SE6A1D0014B4122530CED6C96121309,has logical start,SEF9BCAD7EA79D06C972AB02FDF909E
C025-W-HO13-P-_E-004-01,SE6A1D0014B4122530CED6C96121309,has logical end,SA7810615232C065DD2107515CE718F
C025-W-HO13-P-_E-004-01,S1FE6B9C56B68E186E1700C311FDEEB,is a part of,SDB1B732D8BFB8548146494C73DBFA0
C025-W-HO13-P-_E-004-01,S1FE6B9C56B68E186E1700C311FDEEB,is logical end of,S4FA6BF2DDD44011798960BB91644F3
C025-W-HO13-P-_E-004-01,S837D4BC7B69920D355D7941F4E2295,is a part of,SF6E05A7CD8B3A7446637E83DA84619
C025-W-HO13-P-_E-004-01,S837D4BC7B69920D355D7941F4E2295,is logical end of,S4ED25C4D1498ABE18BCBDFDCB2CCBA
C025-W-HO13-P-_E-004-01,S4ED25C4D1498ABE18BCBDFDCB2CCBA,has logical start,SE21C4B4F0CA55C96BA3A0323079981
C025-W-HO13-P-_E-004-01,S4ED25C4D1498ABE18BCBDFDCB2CCBA,has logical end,S837D4BC7B69920D355D7941F4E2295
C025-W-HO13-P-_E-004-01,SE21C4B4F0CA55C96BA3A0323079981,is logical start of,S4ED25C4D1498ABE18BCBDFDCB2CCBA
C025-W-HO13-P-_E-004-01,SE21C4B4F0CA55C96BA3A0323079981,is located in,S781A87BFFEAA25E1F804A075F74F7C
C025-W-HO13-P-_E-004-01,SF1F1400BA0134523FFFBD4EE02117C,is a part of,SA390402BC438A9359C52AD25B3C63F
C025-W-HO13-P-_E-004-01,SF1F1400BA0134523FFFBD4EE02117C,is logical end of,S3895D5D8FC75CC4E5B3317A2E90A89
C025-W-HO13-P-_E-004-01,S3895D5D8FC75CC4E5B3317A2E90A89,has logical start,SF69520E89725DD1DCB87EB66C3E35C1
C025-W-HO13-P-_E-004-01,S3895D5D8FC75CC4E5B3317A2E90A89,has logical end,SF1F1400BA0134523FFFBD4EE02117C
C025-W-HO13-P-_E-004-01,SF69520E89725DD1DCB87EB66C3E35C1,is logical start of,S3895D5D8FC75CC4E5B3317A2E90A89
C025-W-HO13-P-_E-004-01,SF69520E89725DD1DCB87EB66C3E35C1,is fulfilled by,S260BED830E0C1E857B84CD0080B01C
C025-W-HO13-P-_E-004-01,SF69520E89725DD1DCB87EB66C3E35C1,is located in,S55881409BAB7991CD4730C11136223
C025-W-HO13-P-_E-004-01,S6D75202486D47FB0E3B043BBE7C959,is a part of,SE3609EE0382298CD9639BE9A2324CB
C025-W-HO13-P-_E-004-01,S6D75202486D47FB0E3B043BBE7C959,is logical start of,S9C0AAB2E155846ECCE9F8C351AA77D
C025-W-HO13-P-_E-004-01,SE0028074C5B1FA342544D9BE8F721B,is a part of,S8CE729AF77E382F6EBCF03039599C4
C025-W-HO13-P-_E-004-01,SE0028074C5B1FA342544D9BE8F721B,is logical end of,S4891ECB228A126A51C9278F5BC9D39
C025-W-HO13-P-_E-004-01,S4891ECB228A126A51C9278F5BC9D39,has logical start,SCB589BEDF572C1C7945DCA58618F99
C025-W-HO13-P-_E-004-01,S4891ECB228A126A51C9278F5BC9D39,has logical end,SE0028074C5B1FA342544D9BE8F721B
C025-W-HO13-P-_E-004-01,S4A9A631F0ABDD4A4E2FA033A1515B4,is a part of,SD5C358C6DB62B0E4670DE02EC38369
C025-W-HO13-P-_E-004-01,S4A9A631F0ABDD4A4E2FA033A1515B4,is logical end of,S3DD1BD58AC67B8C35487F520367F9B
C025-W-HO13-P-_E-004-01,S3DD1BD58AC67B8C35487F520367F9B,has logical start,SB0440968DBE0719E8293583EB9DE50
C025-W-HO13-P-_E-004-01,S3DD1BD58AC67B8C35487F520367F9B,has logical end,S4A9A631F0ABDD4A4E2FA033A1515B4
C025-W-HO13-P-_E-004-01,SB0440968DBE0719E8293583EB9DE50,is logical start of,S3DD1BD58AC67B8C35487F520367F9B
C025-W-HO13-P-_E-004-01,SB0440968DBE0719E8293583EB9DE50,is located in,S17F180EBEE189715B0A5690FF27280
C025-W-HO13-P-_E-004-01,S856B3347D90FA2075523D992ED00BE,is a part of,S25775E1FC60F00138CCB951EE2E5CB
C025-W-HO13-P-_E-004-01,S856B3347D90FA2075523D992ED00BE,is logical start of,S4222C20321F4C6761EC6B005E0B207
C025-W-HO13-P-_E-004-01,S856B3347D90FA2075523D992ED00BE,is logical start of,SAFF4ACD2EACC6998C5E3284397028B
C025-W-HO13-P-_E-004-01,S856B3347D90FA2075523D992ED00BE,is logical start of,S4A48775250B47644C03B027E208F9D
C025-W-HO13-P-_E-004-01,SAFF4ACD2EACC6998C5E3284397028B,has logical start,S856B3347D90FA2075523D992ED00BE
C025-W-HO13-P-_E-004-01,SAFF4ACD2EACC6998C5E3284397028B,has logical end,S11D51A7C60B1C665C4C500E351C42C
C025-W-HO13-P-_E-004-01,S4A48775250B47644C03B027E208F9D,has logical start,S856B3347D90FA2075523D992ED00BE
C025-W-HO13-P-_E-004-01,S4A48775250B47644C03B027E208F9D,has logical end,S82EABA26854C08160B4A0BE1777135
C025-W-HO13-P-_E-004-01,S811AC741EA0BA4BC1D7FB87F208F8C,is a part of,SC4E36861CCCC1ACECD0E7CFA5E0C1E
C025-W-HO13-P-_E-004-01,S811AC741EA0BA4BC1D7FB87F208F8C,is logical start of,S789722AFF70FE32C32B777F1D2DA98
C025-W-HO13-P-_E-004-01,S811AC741EA0BA4BC1D7FB87F208F8C,is logical start of,S38EED849B852B3C07BEB2527691184
C025-W-HO13-P-_E-004-01,S811AC741EA0BA4BC1D7FB87F208F8C,is logical end of,SCAE9DBD34DEA35F7C96D86539FBE52
C025-W-HO13-P-_E-004-01,SCAE9DBD34DEA35F7C96D86539FBE52,has logical start,S1F2720E6165D0D955E3644093CC844
C025-W-HO13-P-_E-004-01,SCAE9DBD34DEA35F7C96D86539FBE52,has logical end,S811AC741EA0BA4BC1D7FB87F208F8C
C025-W-HO13-P-_E-004-01,S877E837D5B72712C30D92A23E45EBB,is a part of,SE27679D80021BF5D4386CE735BF29A
C025-W-HO13-P-_E-004-01,S877E837D5B72712C30D92A23E45EBB,is logical start of,S6959E3EBBEE601A6955975E41DFF71
C025-W-HO13-P-_E-004-01,S877E837D5B72712C30D92A23E45EBB,is logical start of,S28E863FC54C3BB0B953C44FD09DDA5
C025-W-HO13-P-_E-004-01,S877E837D5B72712C30D92A23E45EBB,is logical end of,S4BADB14CC60F3B6A70BE3B5C837C5C
C025-W-HO13-P-_E-004-01,S4BADB14CC60F3B6A70BE3B5C837C5C,has logical start,SF3D8489E994C668690F6596FE15702
C025-W-HO13-P-_E-004-01,S4BADB14CC60F3B6A70BE3B5C837C5C,has logical end,S877E837D5B72712C30D92A23E45EBB
C025-W-HO13-P-_E-004-01,S258953FA289399EA17DF9302F8CC8D,is a part of,SDC8EA7EE092CA8D1184D3FDCBB52CF
C025-W-HO13-P-_E-004-01,S258953FA289399EA17DF9302F8CC8D,is logical start of,SE04EFF005FD9B4391DD1B97C75C943
C025-W-HO13-P-_E-004-01,S258953FA289399EA17DF9302F8CC8D,is logical start of,S65269ABB81D9435537E5DEF96CE6BE
C025-W-HO13-P-_E-004-01,S258953FA289399EA17DF9302F8CC8D,is logical end of,SA7C2FC91D256A2FBE365F8CAEDB653
C025-W-HO13-P-_E-004-01,S25D3623CAB7BED1B6F35CE01641553,is a part of,SB63CDB52F4BF36011E5900FC947DF5
C025-W-HO13-P-_E-004-01,S25D3623CAB7BED1B6F35CE01641553,is logical start of,SB3AC8656E1348BD2816ED4A032F6E4
C025-W-HO13-P-_E-004-01,S25D3623CAB7BED1B6F35CE01641553,is logical start of,S8307B454D0D15C86FF7B41B26ED77C
C025-W-HO13-P-_E-004-01,S25D3623CAB7BED1B6F35CE01641553,is logical end of,S1FD5942BE4EB09F2A060C83D5B2652
C025-W-HO13-P-_E-004-01,S1FD5942BE4EB09F2A060C83D5B2652,has logical start,S8370F3342886A4865215B35D8EFB7E
C025-W-HO13-P-_E-004-01,S1FD5942BE4EB09F2A060C83D5B2652,has logical end,S25D3623CAB7BED1B6F35CE01641553
C025-W-HO13-P-_E-004-01,SC29E6DE3A61D8007E9AA31090B1F66,is a part of,S912A400C0236E27CE76CC6EC782482
C025-W-HO13-P-_E-004-01,SC29E6DE3A61D8007E9AA31090B1F66,is logical start of,SF47917B7A11E7FFFD0B88B0A7F8CA5
C025-W-HO13-P-_E-004-01,SC29E6DE3A61D8007E9AA31090B1F66,is logical start of,S5AE86F3CEDAF25B968EB7F05BB3806
C025-W-HO13-P-_E-004-01,SC29E6DE3A61D8007E9AA31090B1F66,is logical end of,S870F4E771EC49AAE510CEEAEAAB8FA
C025-W-HO13-P-_E-004-01,S5AE86F3CEDAF25B968EB7F05BB3806,has logical start,SC29E6DE3A61D8007E9AA31090B1F66
C025-W-HO13-P-_E-004-01,S5AE86F3CEDAF25B968EB7F05BB3806,has logical end,S3F37A6BC0A88A378491E1F89FE6E47
C025-W-HO13-P-_E-004-01,S870F4E771EC49AAE510CEEAEAAB8FA,has logical end,SC29E6DE3A61D8007E9AA31090B1F66
C025-W-HO13-P-_E-004-01,S53003EAB6DBE6047C96604D8A04000,is a part of,S92EF620FD594B988685C886111C519
C025-W-HO13-P-_E-004-01,S53003EAB6DBE6047C96604D8A04000,is logical start of,S4FA6BF2DDD44011798960BB91644F3
C025-W-HO13-P-_E-004-01,S53003EAB6DBE6047C96604D8A04000,is logical start of,S255A7514130798DB2C8FC8A4E827B9
C025-W-HO13-P-_E-004-01,S53003EAB6DBE6047C96604D8A04000,is logical end of,SCCDE4EE598F111E9F6220FA33EC996
C025-W-HO13-P-_E-004-01,S4FA6BF2DDD44011798960BB91644F3,has logical start,S53003EAB6DBE6047C96604D8A04000
C025-W-HO13-P-_E-004-01,S4FA6BF2DDD44011798960BB91644F3,has logical end,S1FE6B9C56B68E186E1700C311FDEEB
C025-W-HO13-P-_E-004-01,SCCDE4EE598F111E9F6220FA33EC996,has logical start,S786522096FA2B200FB20BFBB96DCCE
C025-W-HO13-P-_E-004-01,SCCDE4EE598F111E9F6220FA33EC996,has logical end,S53003EAB6DBE6047C96604D8A04000
C025-W-HO13-P-_E-004-01,SEF9BCAD7EA79D06C972AB02FDF909E,is a part of,S5868168CB6DDEEA42546A46A5C31A4
C025-W-HO13-P-_E-004-01,SEF9BCAD7EA79D06C972AB02FDF909E,is logical start of,SE6A1D0014B4122530CED6C96121309
C025-W-HO13-P-_E-004-01,SEF9BCAD7EA79D06C972AB02FDF909E,is logical end of,S824832730B28AE954CAC120FB27293
C025-W-HO13-P-_E-004-01,SEF9BCAD7EA79D06C972AB02FDF909E,is logical start of,SABA45B33B10F0334C51514314AECB8
C025-W-HO13-P-_E-004-01,SDAF28EEA05F20E2A81A857FC21EE54,is a part of,SC87AEF1F564273CC957E3ECC4ADAB8
C025-W-HO13-P-_E-004-01,SDAF28EEA05F20E2A81A857FC21EE54,is logical end of,S7C57D661294C704FD87AC816B413F4
C025-W-HO13-P-_E-004-01,SDAF28EEA05F20E2A81A857FC21EE54,is logical start of,S1C95D781B02FC6AA63E18FE9F574BA
C025-W-HO13-P-_E-004-01,SDAF28EEA05F20E2A81A857FC21EE54,is logical start of,S48DA6AC1DEEBC2F626803EECD63FC8
C025-W-HO13-P-_E-004-01,S7C57D661294C704FD87AC816B413F4,has logical start,SD7DAB76C2B81D8485665BB4A21ABDA
C025-W-HO13-P-_E-004-01,S7C57D661294C704FD87AC816B413F4,has logical end,SDAF28EEA05F20E2A81A857FC21EE54
C025-W-HO13-P-_E-004-01,S48DA6AC1DEEBC2F626803EECD63FC8,has logical start,SDAF28EEA05F20E2A81A857FC21EE54
C025-W-HO13-P-_E-004-01,S48DA6AC1DEEBC2F626803EECD63FC8,has logical end,S14B120D5DD14E8682F89EDC07D577F
C025-W-HO13-P-_E-004-01,SD7DAB76C2B81D8485665BB4A21ABDA,is logical start of,S7C57D661294C704FD87AC816B413F4
C025-W-HO13-P-_E-004-01,SD7DAB76C2B81D8485665BB4A21ABDA,is located in,S4C366D1679C8E7A070D929188E6968
C025-W-HO13-P-_E-004-01,S6A297D64638518BA97D5F64588C8CD,is a part of,SE105FA2EA4C97C347361D268FC4C11
C025-W-HO13-P-_E-004-01,S6A297D64638518BA97D5F64588C8CD,is logical start of,S9812F607F3B11D6D880E01B1BABFAB
C025-W-HO13-P-_E-004-01,S6A297D64638518BA97D5F64588C8CD,is logical end of,S99C7878D8827FC787664B0B5B094F7
C025-W-HO13-P-_E-004-01,S6A297D64638518BA97D5F64588C8CD,is logical start of,SC2CF3A79DC7AED615F1876BA3A4FE5
C025-W-HO13-P-_E-004-01,S99C7878D8827FC787664B0B5B094F7,has logical start,SF3D8489E994C668690F6596FE15702
C025-W-HO13-P-_E-004-01,S99C7878D8827FC787664B0B5B094F7,has logical end,S6A297D64638518BA97D5F64588C8CD
C025-W-HO13-P-_E-004-01,SC2CF3A79DC7AED615F1876BA3A4FE5,has logical start,S6A297D64638518BA97D5F64588C8CD
C025-W-HO13-P-_E-004-01,SC2CF3A79DC7AED615F1876BA3A4FE5,has logical end,S17BD3C7B9A23BD5E310D83AE390066
C025-W-HO13-P-_E-004-01,S7AD2F7EC3407D30A807AB556B006AF,is a part of,SB8AC1C3839110E685E7A9D09FF6CDB
C025-W-HO13-P-_E-004-01,S7AD2F7EC3407D30A807AB556B006AF,is logical end of,S9812F607F3B11D6D880E01B1BABFAB
C025-W-HO13-P-_E-004-01,S7AD2F7EC3407D30A807AB556B006AF,is logical start of,SBF6E404DB92FE528843E1DA3E7258D
C025-W-HO13-P-_E-004-01,S7AD2F7EC3407D30A807AB556B006AF,is logical start of,S9A26E552222001BD5FE28C3276177F
C025-W-HO13-P-_E-004-01,S9812F607F3B11D6D880E01B1BABFAB,has logical start,S6A297D64638518BA97D5F64588C8CD
C025-W-HO13-P-_E-004-01,S9812F607F3B11D6D880E01B1BABFAB,has logical end,S7AD2F7EC3407D30A807AB556B006AF
C025-W-HO13-P-_E-004-01,S9A26E552222001BD5FE28C3276177F,has logical start,S7AD2F7EC3407D30A807AB556B006AF
C025-W-HO13-P-_E-004-01,S9A26E552222001BD5FE28C3276177F,has logical end,S8E0E1B87A84A50B55360223B5F50F0
C025-W-HO13-P-_E-004-01,S34DCC9A106AF660D35A3B0AF6DF936,is a part of,S4ECE3AFB374A21D9E3752FCF650CC8
C025-W-HO13-P-_E-004-01,S34DCC9A106AF660D35A3B0AF6DF936,is logical start of,S3B098CAB3730C8793C92EDD096541E
C025-W-HO13-P-_E-004-01,S34DCC9A106AF660D35A3B0AF6DF936,is logical start of,SEF00637CE086EFC9513DC05BEAF635
C025-W-HO13-P-_E-004-01,S34DCC9A106AF660D35A3B0AF6DF936,is logical end of,S7B759949CD76B1D04C54DD57747EB9
C025-W-HO13-P-_E-004-01,SEF00637CE086EFC9513DC05BEAF635,has logical start,S34DCC9A106AF660D35A3B0AF6DF936
C025-W-HO13-P-_E-004-01,SEF00637CE086EFC9513DC05BEAF635,has logical end,S55BA4C47CE106028E851301F61316F
C025-W-HO13-P-_E-004-01,S7B759949CD76B1D04C54DD57747EB9,has logical start,S4E47B7407AEEB5432CF1EAE9CAF981
C025-W-HO13-P-_E-004-01,S7B759949CD76B1D04C54DD57747EB9,has logical end,S34DCC9A106AF660D35A3B0AF6DF936
C025-W-HO13-P-_E-004-01,S4E47B7407AEEB5432CF1EAE9CAF981,is logical start of,S7B759949CD76B1D04C54DD57747EB9
C025-W-HO13-P-_E-004-01,S4E47B7407AEEB5432CF1EAE9CAF981,is located in,S699416858E50DEA80245903A247570
C025-W-HO13-P-_E-004-01,SE13BA5B6432D2F485FE52264ACDE8D,is a part of,SA33A0588181AFEE572FE29E3F108A2
C025-W-HO13-P-_E-004-01,SE13BA5B6432D2F485FE52264ACDE8D,is logical start of,S625E415A6F0B9E2307DA490EEE916D
C025-W-HO13-P-_E-004-01,SE13BA5B6432D2F485FE52264ACDE8D,is logical end of,S1535BEB055EBE9FA04C72E150FAC58
C025-W-HO13-P-_E-004-01,SE13BA5B6432D2F485FE52264ACDE8D,is logical start of,SBFDFE79F753646341CBA67039E907E
C025-W-HO13-P-_E-004-01,S625E415A6F0B9E2307DA490EEE916D,has logical start,SE13BA5B6432D2F485FE52264ACDE8D
C025-W-HO13-P-_E-004-01,S625E415A6F0B9E2307DA490EEE916D,has logical end,S895C90F6BD9A39B583F4CB81291FC5
C025-W-HO13-P-_E-004-01,S1535BEB055EBE9FA04C72E150FAC58,has logical start,S82EABA26854C08160B4A0BE1777135
C025-W-HO13-P-_E-004-01,S1535BEB055EBE9FA04C72E150FAC58,has logical end,SE13BA5B6432D2F485FE52264ACDE8D
C025-W-HO13-P-_E-004-01,S7CF8AD3C71C5C9739C3EED908AC351,is a part of,S593801EBD353A5C655EE6094DAF386
C025-W-HO13-P-_E-004-01,S7CF8AD3C71C5C9739C3EED908AC351,is logical start of,S83AB546D7686C56338A02F236EA805
C025-W-HO13-P-_E-004-01,S7CF8AD3C71C5C9739C3EED908AC351,is logical start of,SCBB3BA34E6A6315EDF5F713A34BB5B
C025-W-HO13-P-_E-004-01,S7CF8AD3C71C5C9739C3EED908AC351,is logical end of,S3B098CAB3730C8793C92EDD096541E
C025-W-HO13-P-_E-004-01,S3B098CAB3730C8793C92EDD096541E,has logical start,S34DCC9A106AF660D35A3B0AF6DF936
C025-W-HO13-P-_E-004-01,S3B098CAB3730C8793C92EDD096541E,has logical end,S7CF8AD3C71C5C9739C3EED908AC351
C025-W-HO13-P-_E-004-01,S288FA10EFB86E4A89D05D6BF6FF67A,is a part of,SA179B66AA303EDBE5C072587FA9892
C025-W-HO13-P-_E-004-01,S288FA10EFB86E4A89D05D6BF6FF67A,is logical start of,SFF18F84ECE06155A0AE9765A764B1A
C025-W-HO13-P-_E-004-01,S288FA10EFB86E4A89D05D6BF6FF67A,is logical end of,S468E4FDECF8EE17DF76AF1432BEB05
C025-W-HO13-P-_E-004-01,S288FA10EFB86E4A89D05D6BF6FF67A,is logical start of,S4DA29B35E2BE05698FF9E2E6F38D35
C025-W-HO13-P-_E-004-01,S468E4FDECF8EE17DF76AF1432BEB05,has logical start,SDECB2C1757D40199D321107AAAE9F0
C025-W-HO13-P-_E-004-01,S468E4FDECF8EE17DF76AF1432BEB05,has logical end,S288FA10EFB86E4A89D05D6BF6FF67A
C025-W-HO13-P-_E-004-01,SDECB2C1757D40199D321107AAAE9F0,is logical start of,S468E4FDECF8EE17DF76AF1432BEB05
C025-W-HO13-P-_E-004-01,SDECB2C1757D40199D321107AAAE9F0,is located in,S2419BAA97549320DDDBE8EA71292D6
C025-W-HO13-P-_E-004-01,S782D1AC928C9E19B74FE030A83006F,is a part of,S4140CAA57D5C6D2C6E156DCA0D1F43
C025-W-HO13-P-_E-004-01,S782D1AC928C9E19B74FE030A83006F,is logical end of,SC39BA77C16607A862A8EA42D2A451C
C025-W-HO13-P-_E-004-01,S782D1AC928C9E19B74FE030A83006F,is logical start of,SA7C2FC91D256A2FBE365F8CAEDB653
C025-W-HO13-P-_E-004-01,S782D1AC928C9E19B74FE030A83006F,is logical start of,SDDD1E52B3032063574A083CE39BC5F
C025-W-HO13-P-_E-004-01,SA7C2FC91D256A2FBE365F8CAEDB653,has logical start,S782D1AC928C9E19B74FE030A83006F
C025-W-HO13-P-_E-004-01,SA7C2FC91D256A2FBE365F8CAEDB653,has logical end,S258953FA289399EA17DF9302F8CC8D
C025-W-HO13-P-_E-004-01,SF3D8489E994C668690F6596FE15702,is a part of,SB6DE3834264C7C6D6F675E9F9659F9
C025-W-HO13-P-_E-004-01,SF3D8489E994C668690F6596FE15702,is logical end of,S7A9169BC305B841DA59BB004CB2774
C025-W-HO13-P-_E-004-01,SF3D8489E994C668690F6596FE15702,is logical start of,S99C7878D8827FC787664B0B5B094F7
C025-W-HO13-P-_E-004-01,SF3D8489E994C668690F6596FE15702,is logical start of,S4BADB14CC60F3B6A70BE3B5C837C5C
C025-W-HO13-P-_E-004-01,S7A9169BC305B841DA59BB004CB2774,has logical start,S38A10975312B514F4249D93B0E202F
C025-W-HO13-P-_E-004-01,S7A9169BC305B841DA59BB004CB2774,has logical end,SF3D8489E994C668690F6596FE15702
C025-W-HO13-P-_E-004-01,S38A10975312B514F4249D93B0E202F,is logical start of,S7A9169BC305B841DA59BB004CB2774
C025-W-HO13-P-_E-004-01,S38A10975312B514F4249D93B0E202F,is located in,SB2959256BD3F0891850F35AA695A50
C025-W-HO13-P-_E-004-01,SA6330649608677FBE236BE36B5B0BB,is a part of,S4BBF4335E7C90C06917C36151291C3
C025-W-HO13-P-_E-004-01,SA6330649608677FBE236BE36B5B0BB,is logical start of,S30C70956B578841207BB95134CBCE8
C025-W-HO13-P-_E-004-01,SA6330649608677FBE236BE36B5B0BB,is logical end of,S7F4EC1250D6683E7EB4F2253CC7558
C025-W-HO13-P-_E-004-01,SA6330649608677FBE236BE36B5B0BB,is logical start of,S21D343B195A12EC82C3963B5A6E36E
C025-W-HO13-P-_E-004-01,S7F4EC1250D6683E7EB4F2253CC7558,has logical start,S7E03034BBFB25916921B04B5E6DB10
C025-W-HO13-P-_E-004-01,S7F4EC1250D6683E7EB4F2253CC7558,has logical end,SA6330649608677FBE236BE36B5B0BB
C025-W-HO13-P-_E-004-01,SE556F2125A210AD9C81C1B25184498,is a part of,SE7D43D0546B36C9CE1AB88ED1E1DDC
C025-W-HO13-P-_E-004-01,SE556F2125A210AD9C81C1B25184498,is logical end of,S5B98D551D942A12EEF79EDBA17D3D5
C025-W-HO13-P-_E-004-01,SE556F2125A210AD9C81C1B25184498,is logical start of,S795D5156CCDFBA3BD70D330EDA326E
C025-W-HO13-P-_E-004-01,SE556F2125A210AD9C81C1B25184498,is logical start of,S3E86B7F9BCB0246D75ABCE26626DF3
C025-W-HO13-P-_E-004-01,S5B98D551D942A12EEF79EDBA17D3D5,has logical start,SEA92B9F2DD4FD54BB98E9D6DFCB933
C025-W-HO13-P-_E-004-01,S5B98D551D942A12EEF79EDBA17D3D5,has logical end,SE556F2125A210AD9C81C1B25184498
C025-W-HO13-P-_E-004-01,S795D5156CCDFBA3BD70D330EDA326E,has logical start,SE556F2125A210AD9C81C1B25184498
C025-W-HO13-P-_E-004-01,S795D5156CCDFBA3BD70D330EDA326E,has logical end,SA06BAE64D3C58DF048FC906CF3CF2B
C025-W-HO13-P-_E-004-01,S3E86B7F9BCB0246D75ABCE26626DF3,has logical start,SE556F2125A210AD9C81C1B25184498
C025-W-HO13-P-_E-004-01,S3E86B7F9BCB0246D75ABCE26626DF3,has logical end,S6156EAB61EC77E807A6C2F66137974
C025-W-HO13-P-_E-004-01,SEA92B9F2DD4FD54BB98E9D6DFCB933,is logical start of,S5B98D551D942A12EEF79EDBA17D3D5
C025-W-HO13-P-_E-004-01,SEA92B9F2DD4FD54BB98E9D6DFCB933,is fulfilled by,SB487A86F83B987603BBB97C0189CD0
C025-W-HO13-P-_E-004-01,SEA92B9F2DD4FD54BB98E9D6DFCB933,is located in,S785C14D3698BFA855988ED4FF5A6D5
C025-W-HO13-P-_E-004-01,S2E476280F8372EB1D02A17BD9E48F4,is a part of,S4990804F9434570A222B54D11D8161
C025-W-HO13-P-_E-004-01,S2E476280F8372EB1D02A17BD9E48F4,is logical end of,SB58D76B895F1DE5B1DC9BFE5F31288
C025-W-HO13-P-_E-004-01,S2E476280F8372EB1D02A17BD9E48F4,is logical start of,S5CD1C392DB0CBF4F84C13F24EF11AD
C025-W-HO13-P-_E-004-01,S2E476280F8372EB1D02A17BD9E48F4,is logical start of,S3BA7274677028C7B127F831E12ACF3
C025-W-HO13-P-_E-004-01,S3D123CE330740FC46B2606D553BD2E,is a part of,S158B22EB57AE9B07DB5687812427C0
C025-W-HO13-P-_E-004-01,S3D123CE330740FC46B2606D553BD2E,is logical start of,S47BDB897DAEFF9BD9519A498715AA2
C025-W-HO13-P-_E-004-01,S3D123CE330740FC46B2606D553BD2E,is logical start of,S1A0F41D61A1112A5AE04B63BD300DE
C025-W-HO13-P-_E-004-01,S3D123CE330740FC46B2606D553BD2E,is logical end of,S140C12EB71ED05631FA8EA59ED10E8
C025-W-HO13-P-_E-004-01,S47BDB897DAEFF9BD9519A498715AA2,has logical start,S3D123CE330740FC46B2606D553BD2E
C025-W-HO13-P-_E-004-01,S47BDB897DAEFF9BD9519A498715AA2,has logical end,S7BE58853107F6B3A39AA39DFC46450
C025-W-HO13-P-_E-004-01,S140C12EB71ED05631FA8EA59ED10E8,has logical start,S437B2C4E90DC91F0C1B97EE1263F59
C025-W-HO13-P-_E-004-01,S140C12EB71ED05631FA8EA59ED10E8,has logical end,S3D123CE330740FC46B2606D553BD2E
C025-W-HO13-P-_E-004-01,S437B2C4E90DC91F0C1B97EE1263F59,is logical start of,S140C12EB71ED05631FA8EA59ED10E8
C025-W-HO13-P-_E-004-01,S437B2C4E90DC91F0C1B97EE1263F59,is located in,SAE99DC73BBA5728CF9F28AFF840DB6
C025-W-HO20-P-_E-001-01,SBEA90D390332FC99796325FCD4BBAB,is a collection including,SB0BA00109C196C5E56CB93D125588A
C025-W-HO20-P-_E-001-01,S920F15E608632948EACAD202714399,is a collection including,S32B52023296BAD02F753B6407A5BC8
C025-W-HO20-P-_E-001-01,SE9AEE92BF1BAEEA0607BA300F27EB4,is a collection including,S667E665C280552245204A716AA76CD
C025-W-HO20-P-_E-001-01,S71DB703673D45CD4A8B88E45131051,is a collection including,S871B10EDBD24DF1DA7DCBDBEE0611B
C025-W-HO20-P-_E-001-01,S39D5059531B487908A9952A4378619,is a collection including,S928FD0BF11F0FA2A0C576D2DB92A31
C025-W-HO20-P-_E-001-01,S2E1E4F143901AE5C4E01C8BBD8A834,is a collection including,S5BCE6B59E3C3B66CC1E5881D06132A
C025-W-HO20-P-_E-001-01,SD84F6254F79C5720878A40ADB6DBFE,is a collection including,SBCE72903E73AAD8EAF9027CC9BCE3B
C025-W-HO20-P-_E-001-01,SB2AE5D0FF43E09ADAE46F69A80D736,is a collection including,S8739117B2D42A9A808D1996C5A2ED3
C025-W-HO20-P-_E-001-01,S271CAB4C0CCD11ADF54BE0E1B50E71,is a collection including,S689455671F9BF57C7A32514E10FCD9
C025-W-HO20-P-_E-001-01,SDA2479EE0140871CC9122708111721,is a collection including,S846C0A8BA2CFCC023E12C8DDEEC81A
C025-W-HO20-P-_E-001-01,S58C24E5E319F8471545768C3E57A07,is a collection including,SF95AC4BD9742654E031985C637E6C8
C025-W-HO20-P-_E-001-01,S7EDD430EA56C98991ECDF346688B74,is a collection including,S15704A6C5F00E24DF28959C1CEF10C
C025-W-HO20-P-_E-001-01,SF01413A63FF34284C52848D793CEB8,is a collection including,S237981D66E8E2E721351AA33624BD3
C025-W-HO20-P-_E-001-01,SFC4BB1E3D70F78AAB326651EE47EFA,is a collection including,S8B872ED69D0214EC0109BE94159C0A
C025-W-HO20-P-_E-001-01,SCF13E2EC9FE0C2E131A360FB0085F0,is a collection including,S50E5C95967903C50C95A556EE8F491
C025-W-HO20-P-_E-001-01,SACA31775CF0B891E1540CD52E3A08B,is a collection including,SBCE00183E74D1F8D6B043C410CEB41
C025-W-HO20-P-_E-001-01,SEE9AECA718CC37364CA14689CA481D,is a collection including,S3FB6383476125D40B010AD41F293FA
C025-W-HO20-P-_E-001-01,S9D40C1EEB345787544696CB26FC5BC,is the location of,S483E20BA62A71D4CE0C0B36524A6B7
C025-W-HO20-P-_E-001-01,SF88A64F0797DA181CA8487B591AC51,is the location of,SD64978219BACD3290733189BBFA733
C025-W-HO20-P-_E-001-01,S6CBF56C0D27F1937D3D36577095036,is the location of,S83232F9D6FF493780AA6081BC42BA4
C025-W-HO20-P-_E-001-01,SC28645BB501BBB22576D86B18F598E,is the location of,S6F5E5E26D901BB8C03FACCB2939A531
C025-W-HO20-P-_E-001-01,SC28645BB501BBB22576D86B18F598E,is the location of,S6F5E5E26D901BB8C03FACCB2939A53
C025-W-HO20-P-_E-001-01,SC28645BB501BBB22576D86B18F598E,is the location of,S6F5E5E26D901BB8C03FACCB2939A532
C025-W-HO20-P-_E-001-01,SCBF46454550187B7C3CFB18E603B1D,is the location of,S5B5F0FC6377E39BACCA81A0C5E0B262
C025-W-HO20-P-_E-001-01,SCBF46454550187B7C3CFB18E603B1D,is the location of,S5B5F0FC6377E39BACCA81A0C5E0B26
C025-W-HO20-P-_E-001-01,SCBF46454550187B7C3CFB18E603B1D,is the location of,S5B5F0FC6377E39BACCA81A0C5E0B261
C025-W-HO20-P-_E-001-01,SB0BA00109C196C5E56CB93D125588A,is a part of,SBEA90D390332FC99796325FCD4BBAB
C025-W-HO20-P-_E-001-01,SB0BA00109C196C5E56CB93D125588A,is logical end of,SD1D570F22524396BA8C51516FD7968
C025-W-HO20-P-_E-001-01,SB0BA00109C196C5E56CB93D125588A,is logical end of,S38C1F7FEC0ABCEEE205D52C8DAE75D
C025-W-HO20-P-_E-001-01,SD1D570F22524396BA8C51516FD7968,has logical start,S8739117B2D42A9A808D1996C5A2ED3
C025-W-HO20-P-_E-001-01,SD1D570F22524396BA8C51516FD7968,has logical end,SB0BA00109C196C5E56CB93D125588A
C025-W-HO20-P-_E-001-01,S32B52023296BAD02F753B6407A5BC8,is a part of,S920F15E608632948EACAD202714399
C025-W-HO20-P-_E-001-01,S32B52023296BAD02F753B6407A5BC8,is logical start of,S348533D7A16FBFC7C29C400177259C
C025-W-HO20-P-_E-001-01,S667E665C280552245204A716AA76CD,is a part of,SE9AEE92BF1BAEEA0607BA300F27EB4
C025-W-HO20-P-_E-001-01,S667E665C280552245204A716AA76CD,is logical start of,SDA94FA6530AFFF1AB6973CA1C9C46E
C025-W-HO20-P-_E-001-01,S667E665C280552245204A716AA76CD,is logical start of,S9E043560DF025D9771551FD98B70BE
C025-W-HO20-P-_E-001-01,SDA94FA6530AFFF1AB6973CA1C9C46E,has logical start,S667E665C280552245204A716AA76CD
C025-W-HO20-P-_E-001-01,SDA94FA6530AFFF1AB6973CA1C9C46E,has logical end,S3FB6383476125D40B010AD41F293FA
C025-W-HO20-P-_E-001-01,S871B10EDBD24DF1DA7DCBDBEE0611B,is a part of,S71DB703673D45CD4A8B88E45131051
C025-W-HO20-P-_E-001-01,S871B10EDBD24DF1DA7DCBDBEE0611B,is logical start of,S9825B4BCEAF2D5414B609AC85F1170
C025-W-HO20-P-_E-001-01,S928FD0BF11F0FA2A0C576D2DB92A31,is a part of,S39D5059531B487908A9952A4378619
C025-W-HO20-P-_E-001-01,S928FD0BF11F0FA2A0C576D2DB92A31,is logical end of,S1CB0807C36F3341629486488E03F06
C025-W-HO20-P-_E-001-01,S5BCE6B59E3C3B66CC1E5881D06132A,is a part of,S2E1E4F143901AE5C4E01C8BBD8A834
C025-W-HO20-P-_E-001-01,S5BCE6B59E3C3B66CC1E5881D06132A,is logical end of,S229AFD46728CF3E615FFE38BCAA589
C025-W-HO20-P-_E-001-01,S229AFD46728CF3E615FFE38BCAA589,has logical start,S15704A6C5F00E24DF28959C1CEF10C
C025-W-HO20-P-_E-001-01,S229AFD46728CF3E615FFE38BCAA589,has logical end,S5BCE6B59E3C3B66CC1E5881D06132A
C025-W-HO20-P-_E-001-01,SBCE72903E73AAD8EAF9027CC9BCE3B,is a part of,SD84F6254F79C5720878A40ADB6DBFE
C025-W-HO20-P-_E-001-01,SBCE72903E73AAD8EAF9027CC9BCE3B,is logical end of,S93D21FE7EA73440D302D34D95B7753
C025-W-HO20-P-_E-001-01,SBCE72903E73AAD8EAF9027CC9BCE3B,is logical end of,S348533D7A16FBFC7C29C400177259C
C025-W-HO20-P-_E-001-01,S93D21FE7EA73440D302D34D95B7753,has logical start,S6F5E5E26D901BB8C03FACCB2939A53
C025-W-HO20-P-_E-001-01,S93D21FE7EA73440D302D34D95B7753,has logical end,SBCE72903E73AAD8EAF9027CC9BCE3B
C025-W-HO20-P-_E-001-01,S348533D7A16FBFC7C29C400177259C,has logical start,S32B52023296BAD02F753B6407A5BC8
C025-W-HO20-P-_E-001-01,S348533D7A16FBFC7C29C400177259C,has logical end,SBCE72903E73AAD8EAF9027CC9BCE3B
C025-W-HO20-P-_E-001-01,S6F5E5E26D901BB8C03FACCB2939A53,is logical start of,S93D21FE7EA73440D302D34D95B7753
C025-W-HO20-P-_E-001-01,S6F5E5E26D901BB8C03FACCB2939A53,is located in,SC28645BB501BBB22576D86B18F598E
C025-W-HO20-P-_E-001-01,S8739117B2D42A9A808D1996C5A2ED3,is a part of,SB2AE5D0FF43E09ADAE46F69A80D736
C025-W-HO20-P-_E-001-01,S8739117B2D42A9A808D1996C5A2ED3,is logical end of,S901572056D91892D003B320A812192
C025-W-HO20-P-_E-001-01,S8739117B2D42A9A808D1996C5A2ED3,is logical start of,SD1D570F22524396BA8C51516FD7968
C025-W-HO20-P-_E-001-01,S901572056D91892D003B320A812192,has logical start,S6F5E5E26D901BB8C03FACCB2939A531
C025-W-HO20-P-_E-001-01,S901572056D91892D003B320A812192,has logical end,S8739117B2D42A9A808D1996C5A2ED3
C025-W-HO20-P-_E-001-01,S6F5E5E26D901BB8C03FACCB2939A531,is logical start of,S901572056D91892D003B320A812192
C025-W-HO20-P-_E-001-01,S6F5E5E26D901BB8C03FACCB2939A531,is located in,SC28645BB501BBB22576D86B18F598E
C025-W-HO20-P-_E-001-01,S689455671F9BF57C7A32514E10FCD9,is a part of,S271CAB4C0CCD11ADF54BE0E1B50E71
C025-W-HO20-P-_E-001-01,S689455671F9BF57C7A32514E10FCD9,is logical start of,S1CB0807C36F3341629486488E03F06
C025-W-HO20-P-_E-001-01,S689455671F9BF57C7A32514E10FCD9,is logical end of,S73F347808F0D180F9E91B70FEC8241
C025-W-HO20-P-_E-001-01,S1CB0807C36F3341629486488E03F06,has logical start,S689455671F9BF57C7A32514E10FCD9
C025-W-HO20-P-_E-001-01,S1CB0807C36F3341629486488E03F06,has logical end,S928FD0BF11F0FA2A0C576D2DB92A31
C025-W-HO20-P-_E-001-01,S73F347808F0D180F9E91B70FEC8241,has logical start,S483E20BA62A71D4CE0C0B36524A6B7
C025-W-HO20-P-_E-001-01,S73F347808F0D180F9E91B70FEC8241,has logical end,S689455671F9BF57C7A32514E10FCD9
C025-W-HO20-P-_E-001-01,S483E20BA62A71D4CE0C0B36524A6B7,is logical start of,S73F347808F0D180F9E91B70FEC8241
C025-W-HO20-P-_E-001-01,S483E20BA62A71D4CE0C0B36524A6B7,is located in,S9D40C1EEB345787544696CB26FC5BC
C025-W-HO20-P-_E-001-01,S846C0A8BA2CFCC023E12C8DDEEC81A,is a part of,SDA2479EE0140871CC9122708111721
C025-W-HO20-P-_E-001-01,S846C0A8BA2CFCC023E12C8DDEEC81A,is logical end of,S7F3B680973AE20B85C674A401DC6FD
C025-W-HO20-P-_E-001-01,S846C0A8BA2CFCC023E12C8DDEEC81A,is logical end of,S9825B4BCEAF2D5414B609AC85F1170
C025-W-HO20-P-_E-001-01,S7F3B680973AE20B85C674A401DC6FD,has logical start,SD64978219BACD3290733189BBFA733
C025-W-HO20-P-_E-001-01,S7F3B680973AE20B85C674A401DC6FD,has logical end,S846C0A8BA2CFCC023E12C8DDEEC81A
C025-W-HO20-P-_E-001-01,S9825B4BCEAF2D5414B609AC85F1170,has logical start,S871B10EDBD24DF1DA7DCBDBEE0611B
C025-W-HO20-P-_E-001-01,S9825B4BCEAF2D5414B609AC85F1170,has logical end,S846C0A8BA2CFCC023E12C8DDEEC81A
C025-W-HO20-P-_E-001-01,SD64978219BACD3290733189BBFA733,is logical start of,S7F3B680973AE20B85C674A401DC6FD
C025-W-HO20-P-_E-001-01,SD64978219BACD3290733189BBFA733,is located in,SF88A64F0797DA181CA8487B591AC51
C025-W-HO20-P-_E-001-01,SF95AC4BD9742654E031985C637E6C8,is a part of,S58C24E5E319F8471545768C3E57A07
C025-W-HO20-P-_E-001-01,SF95AC4BD9742654E031985C637E6C8,is logical end of,S9191C2C8BF4331836B062E2ED38DF8
C025-W-HO20-P-_E-001-01,S9191C2C8BF4331836B062E2ED38DF8,has logical start,S83232F9D6FF493780AA6081BC42BA4
C025-W-HO20-P-_E-001-01,S9191C2C8BF4331836B062E2ED38DF8,has logical end,SF95AC4BD9742654E031985C637E6C8
C025-W-HO20-P-_E-001-01,S83232F9D6FF493780AA6081BC42BA4,is logical start of,S9191C2C8BF4331836B062E2ED38DF8
C025-W-HO20-P-_E-001-01,S83232F9D6FF493780AA6081BC42BA4,is located in,S6CBF56C0D27F1937D3D36577095036
C025-W-HO20-P-_E-001-01,S15704A6C5F00E24DF28959C1CEF10C,is a part of,S7EDD430EA56C98991ECDF346688B74
C025-W-HO20-P-_E-001-01,S15704A6C5F00E24DF28959C1CEF10C,is logical start of,S229AFD46728CF3E615FFE38BCAA589
C025-W-HO20-P-_E-001-01,S15704A6C5F00E24DF28959C1CEF10C,is logical end of,S6A554DB182EF020DA64BF0011FA522
C025-W-HO20-P-_E-001-01,S6A554DB182EF020DA64BF0011FA522,has logical start,S5B5F0FC6377E39BACCA81A0C5E0B26
C025-W-HO20-P-_E-001-01,S6A554DB182EF020DA64BF0011FA522,has logical end,S15704A6C5F00E24DF28959C1CEF10C
C025-W-HO20-P-_E-001-01,S5B5F0FC6377E39BACCA81A0C5E0B26,is logical start of,S6A554DB182EF020DA64BF0011FA522
C025-W-HO20-P-_E-001-01,S5B5F0FC6377E39BACCA81A0C5E0B26,is located in,SCBF46454550187B7C3CFB18E603B1D
C025-W-HO20-P-_E-001-01,S237981D66E8E2E721351AA33624BD3,is a part of,SF01413A63FF34284C52848D793CEB8
C025-W-HO20-P-_E-001-01,S237981D66E8E2E721351AA33624BD3,is logical end of,S865CDB0690DE4D0EB7A179E1B3306A
C025-W-HO20-P-_E-001-01,S865CDB0690DE4D0EB7A179E1B3306A,has logical start,S6F5E5E26D901BB8C03FACCB2939A532
C025-W-HO20-P-_E-001-01,S865CDB0690DE4D0EB7A179E1B3306A,has logical end,S237981D66E8E2E721351AA33624BD3
C025-W-HO20-P-_E-001-01,S6F5E5E26D901BB8C03FACCB2939A532,is logical start of,S865CDB0690DE4D0EB7A179E1B3306A
C025-W-HO20-P-_E-001-01,S6F5E5E26D901BB8C03FACCB2939A532,is located in,SC28645BB501BBB22576D86B18F598E
C025-W-HO20-P-_E-001-01,S8B872ED69D0214EC0109BE94159C0A,is a part of,SFC4BB1E3D70F78AAB326651EE47EFA
C025-W-HO20-P-_E-001-01,S8B872ED69D0214EC0109BE94159C0A,is logical end of,S7218429BBFD8427BCC36FC4A2C0A33
C025-W-HO20-P-_E-001-01,S7218429BBFD8427BCC36FC4A2C0A33,has logical start,S5B5F0FC6377E39BACCA81A0C5E0B261
C025-W-HO20-P-_E-001-01,S7218429BBFD8427BCC36FC4A2C0A33,has logical end,S8B872ED69D0214EC0109BE94159C0A
C025-W-HO20-P-_E-001-01,S5B5F0FC6377E39BACCA81A0C5E0B261,is logical start of,S7218429BBFD8427BCC36FC4A2C0A33
C025-W-HO20-P-_E-001-01,S5B5F0FC6377E39BACCA81A0C5E0B261,is located in,SCBF46454550187B7C3CFB18E603B1D
C025-W-HO20-P-_E-001-01,S50E5C95967903C50C95A556EE8F491,is a part of,SCF13E2EC9FE0C2E131A360FB0085F0
C025-W-HO20-P-_E-001-01,S50E5C95967903C50C95A556EE8F491,is logical end of,S9E043560DF025D9771551FD98B70BE
C025-W-HO20-P-_E-001-01,S50E5C95967903C50C95A556EE8F491,is logical end of,SA1986888901C23DDB50666BF8ACCB6
C025-W-HO20-P-_E-001-01,S9E043560DF025D9771551FD98B70BE,has logical start,S667E665C280552245204A716AA76CD
C025-W-HO20-P-_E-001-01,S9E043560DF025D9771551FD98B70BE,has logical end,S50E5C95967903C50C95A556EE8F491
C025-W-HO20-P-_E-001-01,SA1986888901C23DDB50666BF8ACCB6,has logical start,S5B5F0FC6377E39BACCA81A0C5E0B262
C025-W-HO20-P-_E-001-01,SA1986888901C23DDB50666BF8ACCB6,has logical end,S50E5C95967903C50C95A556EE8F491
C025-W-HO20-P-_E-001-01,S5B5F0FC6377E39BACCA81A0C5E0B262,is logical start of,SA1986888901C23DDB50666BF8ACCB6
C025-W-HO20-P-_E-001-01,S5B5F0FC6377E39BACCA81A0C5E0B262,is located in,SCBF46454550187B7C3CFB18E603B1D
C025-W-HO20-P-_E-001-01,SBCE00183E74D1F8D6B043C410CEB41,is a part of,SACA31775CF0B891E1540CD52E3A08B
C025-W-HO20-P-_E-001-01,SBCE00183E74D1F8D6B043C410CEB41,is logical start of,S38C1F7FEC0ABCEEE205D52C8DAE75D
C025-W-HO20-P-_E-001-01,S38C1F7FEC0ABCEEE205D52C8DAE75D,has logical start,SBCE00183E74D1F8D6B043C410CEB41
C025-W-HO20-P-_E-001-01,S38C1F7FEC0ABCEEE205D52C8DAE75D,has logical end,SB0BA00109C196C5E56CB93D125588A
C025-W-HO20-P-_E-001-01,S3FB6383476125D40B010AD41F293FA,is a part of,SEE9AECA718CC37364CA14689CA481D
C025-W-HO20-P-_E-001-01,S3FB6383476125D40B010AD41F293FA,is logical end of,SDA94FA6530AFFF1AB6973CA1C9C46E
C025-W-HO20-P-_E-002-01,S3B0378CDECB35CECDE4916D89D965F,is a collection including,S1293187C1C927471B82ABD147903B7
C025-W-HO20-P-_E-002-01,SAAAEE44EBDCC5C71772B6958D3E521,is a collection including,S4BAAFF293ED2CC146E21FB104E5F58
C025-W-HO20-P-_E-002-01,S3F23221F9739C552DD3C47CE437A4D,is a collection including,S7370B7DFE63407EB5507E360DD93A9
C025-W-HO20-P-_E-002-01,SD3FDEB10662D61FCBB649D19C9B184,is a collection including,SBE17C243AC3A93BDC31C16DA2F4613
C025-W-HO20-P-_E-002-01,S80B44511B860EC3B9B0EAD5DA06081,is a collection including,SE011F9E123D20DC64A3BFC3188DABB
C025-W-HO20-P-_E-002-01,S5E4A6CBD9328526707E2C333A6FD8D,is a collection including,SE08EE0FF3908E2B1F0E0D183D6A75B
C025-W-HO20-P-_E-002-01,S4F6888EECB5CDBB4EB1D99F6B069C0,is a collection including,S75C93DAE43C1962620B11F8A06CA88
C025-W-HO20-P-_E-002-01,SC629263C7373DC2E4ECDEA518EE0EC,is a collection including,SB6318FF55343033609F2EBB6ABFF46
C025-W-HO20-P-_E-002-01,S14CC57154A80D9BC47C87621BB8070,is a collection including,S67F907EF9A1946B39121826FD5E785
C025-W-HO20-P-_E-002-01,SB8617DCA7C680FB6EBB55951D2C408,is a collection including,S65E0C6C02F9EFC41F712F48D974AE6
C025-W-HO20-P-_E-002-01,S147D850D39ADA0734AC5B12B8AC253,is a collection including,S90ED7B4E0324886B7C03FF6E78068B
C025-W-HO20-P-_E-002-01,S6FBB2E863AD067702510DFB94E02E2,is a collection including,S7F678947725BFD86BD8AFB9B817290
C025-W-HO20-P-_E-002-01,S945F2838C49E49D2C85716F40161CA,is a collection including,S6373221AE229B0680814A45AAC9A38
C025-W-HO20-P-_E-002-01,S2D8D7D8100DC65C5909A2455DEBA6B,is a collection including,SD8393A99EB0624EAD849FE57D90FC5
C025-W-HO20-P-_E-002-01,S6BEA59C1A6D92827F49D1D9DE876B3,is a collection including,S514EAD9482A98F088D8404F80A2051
C025-W-HO20-P-_E-002-01,SB702446CCB4DD9098B16C1E6B1DA31,is a collection including,SE93FF8091836C9100391AABABCAAE0
C025-W-HO20-P-_E-002-01,SACB430992992F4BE225EB69AB736AC,is a collection including,S6652D5AF80FEFB1392CD99DA167EB3
C025-W-HO20-P-_E-002-01,S5C813CBBE685912C5955BF8A3394DA,is a collection including,SF5DB2F236435A4099EF45F327D15DE
C025-W-HO20-P-_E-002-01,SFFCAC5D9B2329674617E9788854295,is a collection including,S3D455FD11C51B820A3A8B1A95B5EA6
C025-W-HO20-P-_E-002-01,S19EE755C3D103F8613066533380295,is a collection including,SD226C4B29DB9876CCFD77D5C99DA17
C025-W-HO20-P-_E-002-01,S8B65A0A6B0F70F175B939B6FADF125,is a collection including,S959D7B4162690B21309C7F5226A221
C025-W-HO20-P-_E-002-01,SC03A851A46510435E0BB82CDA76E34,is a collection including,S4495FE7CCB00F3A17127B6F20F25FC
C025-W-HO20-P-_E-002-01,S4B3A2A97CDF076AD2D578F2B738BAE,is a collection including,S2E19D2B1EA56F2783E0E01E1D73ABF
C025-W-HO20-P-_E-002-01,S64B4EDAAEFFC4D04A6CCF6A34ACAF3,is a collection including,SDBC9504833D65115122A748318D8C6
C025-W-HO20-P-_E-002-01,S13BCCF14A400DC63F0B3CEAEAAB9BD,is a collection including,S2369C2D2F5F6A004F0E307B2A55DE9
C025-W-HO20-P-_E-002-01,SF74678F6CEDCE3223199B9FFC72B33,is a collection including,S7657D19F1F25EA48B23EE756546049
C025-W-HO20-P-_E-002-01,S87089372F36775243E5419BE7D3235,is a collection including,S9DFAF83223E4BFE70A1788EF8BE273
C025-W-HO20-P-_E-002-01,S17ED28E6BED0F09B1BB677B4AEAABF,is a collection including,SAEEF2CC68B6A827C2F30600D2EC6D5
C025-W-HO20-P-_E-002-01,S863E5D59ED9C66FDAB95B4E1DEB483,is a collection including,SE6687E516F661BA5258CF2A27347EA
C025-W-HO20-P-_E-002-01,S9435F47B9D59C5398D772AF82813BA,is a collection including,SAF1F724216484BB81D280321580368
C025-W-HO20-P-_E-002-01,S80F0C66186E9A630B91A91A51D6F9D,is a collection including,SEB57C7E4F0E8B7B8B0BA484F85B390
C025-W-HO20-P-_E-002-01,SEF9E7CF6146E102563A4FB54CDBED5,is a collection including,S9C3CDD1ECDB9E226B4A181C7BD37C1
C025-W-HO20-P-_E-002-01,SBAAEA278683DB1E2D796B85B952C29,is a collection including,S83325F96DFF6490D5FD2C7C35D005D
C025-W-HO20-P-_E-002-01,SD41794C83997C07CEF40C86CB2E799,is a collection including,S4D8C6A7A44EE752D9F65DDDACE88C1
C025-W-HO20-P-_E-002-01,S28EDB55CF1596B593206256372BE57,is a collection including,S432EC8BE7F98B5334F29C8A7405FB3
C025-W-HO20-P-_E-002-01,SE0C214541F0759A39DE18316CD73C3,is a collection including,S71E880EF53DB298AAACAEA713B0C71
C025-W-HO20-P-_E-002-01,S642A8E67CF8EC8802134438F4C9503,is a collection including,SC91E06888F3B9A22430F1871F2AD8B
C025-W-HO20-P-_E-002-01,S25480F970FF3B817E830D5C95F2947,is a collection including,S62D069D26C93D51357328122C06CFA
C025-W-HO20-P-_E-002-01,S69854F559F5DD39E1594075705656A,is a collection including,S2E5A5EA51F9E95BD62D57FF08EC892
C025-W-HO20-P-_E-002-01,SC204F5DBE02453FCF30A6326F1E81E,fulfills,S44481D2E8E2C9328C2E408B90A4797
C025-W-HO20-P-_E-002-01,SA695E90A86CA20B87618F9D89A3AD2,refers to,S2739000B9A640AFCA56A3BF6C213FE
C025-W-HO20-P-_E-002-01,SC4E31F76B79CCA6AC0F789BE76828D,fulfills,S6FA1F5710835772E63B73A51BB6058
C025-W-HO20-P-_E-002-01,S1C32E7D07D59E91400BF1686EF3662,refers to,S83D50E820CBF3AE46404C5BA80E5B3
C025-W-HO20-P-_E-002-01,SC040F671E670D760DE060F2BF62CD8,fulfills,SA963C6A2287C9591DA8126AC85EFD2
C025-W-HO20-P-_E-002-01,S90A8864793DDA438CCA1F7C8031560,refers to,S675EEA3EB9308172ADB100914711E2
C025-W-HO20-P-_E-002-01,S97799801313C7C3900F1C6BA420733,fulfills,SEE3B59497DDC3739DACC5D2BA83619
C025-W-HO20-P-_E-002-01,S2EF446FCAFD8D4AC3DA2BF1FD335F2,refers to,S45E8990995BC5EA31F15C853FF2D9F
C025-W-HO20-P-_E-002-01,S74E8FF92697AB8560F1CA1505E9862,fulfills,S11DADD6047184B12EED11CF9FF0CBF
C025-W-HO20-P-_E-002-01,S45656AB2EFA8DED9123209EDF65C77,refers to,S4A324A703580DED10AE715013ECDAD
C025-W-HO20-P-_E-002-01,SD1D2C1C76373F3994EA4EB5B9B8108,fulfills,SD1AC3DD66FD1B8C336F9427974B9A8
C025-W-HO20-P-_E-002-01,S2FD6A28F8E4578675C9836502BF227,refers to,SA1E82A716A15D6AFDFF522AC90C27E
C025-W-HO20-P-_E-002-01,S1425D58DE78F68B16FE065D24B186D,fulfills,S9A43393EC10296F445E21C9E88DFAA
C025-W-HO20-P-_E-002-01,S453D6FEBF59FF5F39894115F1D183D,refers to,S25196B1BCCBD19C4A7D6411E8A2392
C025-W-HO20-P-_E-002-01,SEE71732833AD114E927020C1952DB9,fulfills,S404F756E56A204C858F4D887182EAD
C025-W-HO20-P-_E-002-01,S9C048772EFDC2E2CFE387D67FA2F3B,refers to,S4EFB2560844EBDCC4B0A82B7AE0738
C025-W-HO20-P-_E-002-01,SA1A08F7A42492FCF0AF7B0A3F70E2D,fulfills,S348BE0C0F9FE5266BABCE43FCD6C34
C025-W-HO20-P-_E-002-01,SFBCE1460BFC294A34D6F55FF2819AF,refers to,S98DDA6E5F48D8510CA06EBD4ACC96F
C025-W-HO20-P-_E-002-01,SBD2E238465228A3A32CB4E8113F289,is the location of,S823CF96FCA0855F449C56211DB37B5
C025-W-HO20-P-_E-002-01,SD059641864B054769A2B4DEE7E9F09,is the location of,SCCDE70DA7FC7CC040C4B73F1A41AE2
C025-W-HO20-P-_E-002-01,S7506773FA87358ADD33ABA4DCCAA56,is the location of,S3ABDE662DAF5783ABD08BEF91F386F
C025-W-HO20-P-_E-002-01,SD5B483CA929276921964935B529168,is the location of,SEBFCA0331E481579D659CD8A038C0E
C025-W-HO20-P-_E-002-01,SA65C2680DCEFE0AB134C7D71530484,is the location of,SC5CFB4978BB2D2034EDDA59BE60667
C025-W-HO20-P-_E-002-01,S5A55148CF722939D31B321AA264F99,is the location of,SB6DAF30E783326B3B52A89EF6E6959
C025-W-HO20-P-_E-002-01,S750E0659176075995CF16EE976EFED,is the location of,S11DADD6047184B12EED11CF9FF0CBF
C025-W-HO20-P-_E-002-01,S4A324A703580DED10AE715013ECDAD,is referenced by,S45656AB2EFA8DED9123209EDF65C77
C025-W-HO20-P-_E-002-01,S56D8C7B5E323EE4EE8C2E2A04ADB50,is the location of,SD1AC3DD66FD1B8C336F9427974B9A8
C025-W-HO20-P-_E-002-01,SA1E82A716A15D6AFDFF522AC90C27E,is referenced by,S2FD6A28F8E4578675C9836502BF227
C025-W-HO20-P-_E-002-01,SB939395DBECB1925F08AA087E0A73F,is the location of,S5434E708161CBD974A5DE3844CEF26
C025-W-HO20-P-_E-002-01,SF5B6BE4A79A3AF20CD8CD548732473,is the location of,S552799914D848216D960BDFA66B875
C025-W-HO20-P-_E-002-01,S4CD8F7CA6DB9C395232004F6466D7F,is the location of,SD2EAAC792D076947B2098722521AB8
C025-W-HO20-P-_E-002-01,S300383DD6C9524B6FC7E374A5DDD1E,is the location of,SF141877826E662ADBF9FEF7468579C
C025-W-HO20-P-_E-002-01,SEA257C8E772EAC4835506E35A147B6,is the location of,S6FA1F5710835772E63B73A51BB6058
C025-W-HO20-P-_E-002-01,SEA257C8E772EAC4835506E35A147B6,is the location of,SA963C6A2287C9591DA8126AC85EFD2
C025-W-HO20-P-_E-002-01,S83D50E820CBF3AE46404C5BA80E5B3,is referenced by,S1C32E7D07D59E91400BF1686EF3662
C025-W-HO20-P-_E-002-01,S675EEA3EB9308172ADB100914711E2,is referenced by,S90A8864793DDA438CCA1F7C8031560
C025-W-HO20-P-_E-002-01,S5F80E66F630CE6CCE080B8EE11AF32,is the location of,S44481D2E8E2C9328C2E408B90A4797
C025-W-HO20-P-_E-002-01,S2739000B9A640AFCA56A3BF6C213FE,is referenced by,SA695E90A86CA20B87618F9D89A3AD2
C025-W-HO20-P-_E-002-01,SF54102A2E36917E97A180F90B515A0,is the location of,SEE3B59497DDC3739DACC5D2BA83619
C025-W-HO20-P-_E-002-01,S45E8990995BC5EA31F15C853FF2D9F,is referenced by,S2EF446FCAFD8D4AC3DA2BF1FD335F2
C025-W-HO20-P-_E-002-01,S8F2F7891F5C33EE7B45ABBAD1E680C,is the location of,SF94200895DE8C4AD9FD8E7845E99BE
C025-W-HO20-P-_E-002-01,S70192B675BA4D2F934937F3D6347D1,is the location of,SB3701703CA8ADC5549B305A0205EEA
C025-W-HO20-P-_E-002-01,S1293187C1C927471B82ABD147903B7,is a part of,S3B0378CDECB35CECDE4916D89D965F
C025-W-HO20-P-_E-002-01,S1293187C1C927471B82ABD147903B7,is logical start of,SC809A07101ABB4C410CED5D9834541
C025-W-HO20-P-_E-002-01,SC809A07101ABB4C410CED5D9834541,has logical start,S1293187C1C927471B82ABD147903B7
C025-W-HO20-P-_E-002-01,SC809A07101ABB4C410CED5D9834541,has logical end,SDBC9504833D65115122A748318D8C6
C025-W-HO20-P-_E-002-01,S4BAAFF293ED2CC146E21FB104E5F58,is a part of,SAAAEE44EBDCC5C71772B6958D3E521
C025-W-HO20-P-_E-002-01,S4BAAFF293ED2CC146E21FB104E5F58,is logical start of,SBCACDC7857ABF833614061C01A59E5
C025-W-HO20-P-_E-002-01,SBCACDC7857ABF833614061C01A59E5,has logical start,S4BAAFF293ED2CC146E21FB104E5F58
C025-W-HO20-P-_E-002-01,SBCACDC7857ABF833614061C01A59E5,has logical end,S71E880EF53DB298AAACAEA713B0C71
C025-W-HO20-P-_E-002-01,S7370B7DFE63407EB5507E360DD93A9,is a part of,S3F23221F9739C552DD3C47CE437A4D
C025-W-HO20-P-_E-002-01,S7370B7DFE63407EB5507E360DD93A9,is logical start of,S431699D1264907374E1993CD9593F1
C025-W-HO20-P-_E-002-01,S7370B7DFE63407EB5507E360DD93A9,is logical start of,SBA18D00C311DB9E8DF283FEF49C068
C025-W-HO20-P-_E-002-01,S7370B7DFE63407EB5507E360DD93A9,is logical end of,SBF29FC4418D7990C5DF8E82CC99296
C025-W-HO20-P-_E-002-01,S431699D1264907374E1993CD9593F1,has logical start,S7370B7DFE63407EB5507E360DD93A9
C025-W-HO20-P-_E-002-01,S431699D1264907374E1993CD9593F1,has logical end,S21C309A5325EE097CD19C42915DD48
C025-W-HO20-P-_E-002-01,SBA18D00C311DB9E8DF283FEF49C068,has logical start,S7370B7DFE63407EB5507E360DD93A9
C025-W-HO20-P-_E-002-01,SBA18D00C311DB9E8DF283FEF49C068,has logical end,S2184111E5D4F37E482C2DE643361C3
C025-W-HO20-P-_E-002-01,SBF29FC4418D7990C5DF8E82CC99296,has logical start,S2369C2D2F5F6A004F0E307B2A55DE9
C025-W-HO20-P-_E-002-01,SBF29FC4418D7990C5DF8E82CC99296,has logical end,S7370B7DFE63407EB5507E360DD93A9
C025-W-HO20-P-_E-002-01,S21C309A5325EE097CD19C42915DD48,is logical end of,S431699D1264907374E1993CD9593F1
C025-W-HO20-P-_E-002-01,S21C309A5325EE097CD19C42915DD48,is located in,SA345654FEEF8CD98B26EAF9029D65C
C025-W-HO20-P-_E-002-01,S2184111E5D4F37E482C2DE643361C3,is logical end of,SBA18D00C311DB9E8DF283FEF49C068
C025-W-HO20-P-_E-002-01,S2184111E5D4F37E482C2DE643361C3,is located in,S7EB2A2640B7D7988384AD0A964A831
C025-W-HO20-P-_E-002-01,SA345654FEEF8CD98B26EAF9029D65C,is the location of,S21C309A5325EE097CD19C42915DD48
C025-W-HO20-P-_E-002-01,S7EB2A2640B7D7988384AD0A964A831,is the location of,S2184111E5D4F37E482C2DE643361C3
C025-W-HO20-P-_E-002-01,SBE17C243AC3A93BDC31C16DA2F4613,is a part of,SD3FDEB10662D61FCBB649D19C9B184
C025-W-HO20-P-_E-002-01,SBE17C243AC3A93BDC31C16DA2F4613,is logical start of,S5E05136114EF1BE85B622A0C46C5C4
C025-W-HO20-P-_E-002-01,S5E05136114EF1BE85B622A0C46C5C4,has logical start,SBE17C243AC3A93BDC31C16DA2F4613
C025-W-HO20-P-_E-002-01,S5E05136114EF1BE85B622A0C46C5C4,has logical end,S2E19D2B1EA56F2783E0E01E1D73ABF
C025-W-HO20-P-_E-002-01,SE011F9E123D20DC64A3BFC3188DABB,is a part of,S80B44511B860EC3B9B0EAD5DA06081
C025-W-HO20-P-_E-002-01,SE011F9E123D20DC64A3BFC3188DABB,is logical end of,SBFD4599FF489B21C4DD35A4F88A03F
C025-W-HO20-P-_E-002-01,SBFD4599FF489B21C4DD35A4F88A03F,has logical start,S62D069D26C93D51357328122C06CFA
C025-W-HO20-P-_E-002-01,SBFD4599FF489B21C4DD35A4F88A03F,has logical end,SE011F9E123D20DC64A3BFC3188DABB
C025-W-HO20-P-_E-002-01,SE08EE0FF3908E2B1F0E0D183D6A75B,is a part of,S5E4A6CBD9328526707E2C333A6FD8D
C025-W-HO20-P-_E-002-01,SE08EE0FF3908E2B1F0E0D183D6A75B,is logical end of,SCB4A3E26E73097F58DE68EA9D8C9A8
C025-W-HO20-P-_E-002-01,S75C93DAE43C1962620B11F8A06CA88,is a part of,S4F6888EECB5CDBB4EB1D99F6B069C0
C025-W-HO20-P-_E-002-01,S75C93DAE43C1962620B11F8A06CA88,is logical end of,S687649E8FF0FDEC9669C7A3E694353
C025-W-HO20-P-_E-002-01,SB6318FF55343033609F2EBB6ABFF46,is a part of,SC629263C7373DC2E4ECDEA518EE0EC
C025-W-HO20-P-_E-002-01,SB6318FF55343033609F2EBB6ABFF46,is logical start of,SCD38CE7CF82393FF1967C50FDCA5D7
C025-W-HO20-P-_E-002-01,SCD38CE7CF82393FF1967C50FDCA5D7,has logical start,SB6318FF55343033609F2EBB6ABFF46
C025-W-HO20-P-_E-002-01,SCD38CE7CF82393FF1967C50FDCA5D7,has logical end,S959D7B4162690B21309C7F5226A221
C025-W-HO20-P-_E-002-01,S67F907EF9A1946B39121826FD5E785,is a part of,S14CC57154A80D9BC47C87621BB8070
C025-W-HO20-P-_E-002-01,S67F907EF9A1946B39121826FD5E785,is logical end of,S4E1BDE38A7F06BA777DA24703E1A28
C025-W-HO20-P-_E-002-01,S4E1BDE38A7F06BA777DA24703E1A28,has logical start,S432EC8BE7F98B5334F29C8A7405FB3
C025-W-HO20-P-_E-002-01,S4E1BDE38A7F06BA777DA24703E1A28,has logical end,S67F907EF9A1946B39121826FD5E785
C025-W-HO20-P-_E-002-01,S65E0C6C02F9EFC41F712F48D974AE6,is a part of,SB8617DCA7C680FB6EBB55951D2C408
C025-W-HO20-P-_E-002-01,S65E0C6C02F9EFC41F712F48D974AE6,is logical start of,S3BE817CACA718C0BF0236F4DE843DF
C025-W-HO20-P-_E-002-01,S90ED7B4E0324886B7C03FF6E78068B,is a part of,S147D850D39ADA0734AC5B12B8AC253
C025-W-HO20-P-_E-002-01,S90ED7B4E0324886B7C03FF6E78068B,is logical end of,S637E4A30703FE89B62B89F708FB60B
C025-W-HO20-P-_E-002-01,S637E4A30703FE89B62B89F708FB60B,has logical start,S6FA1F5710835772E63B73A51BB6058
C025-W-HO20-P-_E-002-01,S637E4A30703FE89B62B89F708FB60B,has logical end,S90ED7B4E0324886B7C03FF6E78068B
C025-W-HO20-P-_E-002-01,S6FA1F5710835772E63B73A51BB6058,is logical start of,S637E4A30703FE89B62B89F708FB60B
C025-W-HO20-P-_E-002-01,S6FA1F5710835772E63B73A51BB6058,is fulfilled by,SC4E31F76B79CCA6AC0F789BE76828D
C025-W-HO20-P-_E-002-01,S6FA1F5710835772E63B73A51BB6058,is located in,SEA257C8E772EAC4835506E35A147B6
C025-W-HO20-P-_E-002-01,S7F678947725BFD86BD8AFB9B817290,is a part of,S6FBB2E863AD067702510DFB94E02E2
C025-W-HO20-P-_E-002-01,S7F678947725BFD86BD8AFB9B817290,is logical end of,SFF0F901A9EBD4230988BC395D1215B
C025-W-HO20-P-_E-002-01,SFF0F901A9EBD4230988BC395D1215B,has logical start,S4D8C6A7A44EE752D9F65DDDACE88C1
C025-W-HO20-P-_E-002-01,SFF0F901A9EBD4230988BC395D1215B,has logical end,S7F678947725BFD86BD8AFB9B817290
C025-W-HO20-P-_E-002-01,S6373221AE229B0680814A45AAC9A38,is a part of,S945F2838C49E49D2C85716F40161CA
C025-W-HO20-P-_E-002-01,S6373221AE229B0680814A45AAC9A38,is logical start of,S2EDB66729C7404EE962D1F7014E5EC
C025-W-HO20-P-_E-002-01,S2EDB66729C7404EE962D1F7014E5EC,has logical start,S6373221AE229B0680814A45AAC9A38
C025-W-HO20-P-_E-002-01,S2EDB66729C7404EE962D1F7014E5EC,has logical end,SC91E06888F3B9A22430F1871F2AD8B
C025-W-HO20-P-_E-002-01,SE80C7C2C2D0518BADCAD75F326508D,is the location of,S9A43393EC10296F445E21C9E88DFAA
C025-W-HO20-P-_E-002-01,S25196B1BCCBD19C4A7D6411E8A2392,is referenced by,S453D6FEBF59FF5F39894115F1D183D
C025-W-HO20-P-_E-002-01,S103C834B39D7567E80B9734BA5C6B5,is the location of,S348BE0C0F9FE5266BABCE43FCD6C34
C025-W-HO20-P-_E-002-01,S98DDA6E5F48D8510CA06EBD4ACC96F,is referenced by,SFBCE1460BFC294A34D6F55FF2819AF
C025-W-HO20-P-_E-002-01,SB85F05B0209BA65D82044574878FBF,is the location of,S404F756E56A204C858F4D887182EAD
C025-W-HO20-P-_E-002-01,S4EFB2560844EBDCC4B0A82B7AE0738,is referenced by,S9C048772EFDC2E2CFE387D67FA2F3B
C025-W-HO20-P-_E-002-01,SD8393A99EB0624EAD849FE57D90FC5,is a part of,S2D8D7D8100DC65C5909A2455DEBA6B
C025-W-HO20-P-_E-002-01,SD8393A99EB0624EAD849FE57D90FC5,is logical end of,SE36C8E41E28A91AA7B089ED8868654
C025-W-HO20-P-_E-002-01,SE36C8E41E28A91AA7B089ED8868654,has logical start,SD2EAAC792D076947B2098722521AB8
C025-W-HO20-P-_E-002-01,SE36C8E41E28A91AA7B089ED8868654,has logical end,SD8393A99EB0624EAD849FE57D90FC5
C025-W-HO20-P-_E-002-01,SD2EAAC792D076947B2098722521AB8,is logical start of,SE36C8E41E28A91AA7B089ED8868654
C025-W-HO20-P-_E-002-01,SD2EAAC792D076947B2098722521AB8,is located in,S4CD8F7CA6DB9C395232004F6466D7F
C025-W-HO20-P-_E-002-01,S514EAD9482A98F088D8404F80A2051,is a part of,S6BEA59C1A6D92827F49D1D9DE876B3
C025-W-HO20-P-_E-002-01,S514EAD9482A98F088D8404F80A2051,is logical end of,SFA625BC78ED1C2B73EF564A9709CB5
C025-W-HO20-P-_E-002-01,SFA625BC78ED1C2B73EF564A9709CB5,has logical start,S5434E708161CBD974A5DE3844CEF26
C025-W-HO20-P-_E-002-01,SFA625BC78ED1C2B73EF564A9709CB5,has logical end,S514EAD9482A98F088D8404F80A2051
C025-W-HO20-P-_E-002-01,S5434E708161CBD974A5DE3844CEF26,is logical start of,SFA625BC78ED1C2B73EF564A9709CB5
C025-W-HO20-P-_E-002-01,S5434E708161CBD974A5DE3844CEF26,is located in,SB939395DBECB1925F08AA087E0A73F
C025-W-HO20-P-_E-002-01,SE93FF8091836C9100391AABABCAAE0,is a part of,SB702446CCB4DD9098B16C1E6B1DA31
C025-W-HO20-P-_E-002-01,SE93FF8091836C9100391AABABCAAE0,is logical end of,S6E5DED0C8D75D199CCE448D3295B5B
C025-W-HO20-P-_E-002-01,SE93FF8091836C9100391AABABCAAE0,is logical end of,S42510E7305F5281B3E25BF7E5A075E
C025-W-HO20-P-_E-002-01,S6E5DED0C8D75D199CCE448D3295B5B,has logical start,SCCDE70DA7FC7CC040C4B73F1A41AE2
C025-W-HO20-P-_E-002-01,S6E5DED0C8D75D199CCE448D3295B5B,has logical end,SE93FF8091836C9100391AABABCAAE0
C025-W-HO20-P-_E-002-01,S42510E7305F5281B3E25BF7E5A075E,has logical start,SB6DAF30E783326B3B52A89EF6E6959
C025-W-HO20-P-_E-002-01,S42510E7305F5281B3E25BF7E5A075E,has logical end,SE93FF8091836C9100391AABABCAAE0
C025-W-HO20-P-_E-002-01,SCCDE70DA7FC7CC040C4B73F1A41AE2,is logical start of,S6E5DED0C8D75D199CCE448D3295B5B
C025-W-HO20-P-_E-002-01,SCCDE70DA7FC7CC040C4B73F1A41AE2,is located in,SD059641864B054769A2B4DEE7E9F09
C025-W-HO20-P-_E-002-01,SB6DAF30E783326B3B52A89EF6E6959,is logical start of,S42510E7305F5281B3E25BF7E5A075E
C025-W-HO20-P-_E-002-01,SB6DAF30E783326B3B52A89EF6E6959,is located in,S5A55148CF722939D31B321AA264F99
C025-W-HO20-P-_E-002-01,S6652D5AF80FEFB1392CD99DA167EB3,is a part of,SACB430992992F4BE225EB69AB736AC
C025-W-HO20-P-_E-002-01,S6652D5AF80FEFB1392CD99DA167EB3,is logical end of,S53EB0962A4B92E3D6BFAC3FA15F3F8
C025-W-HO20-P-_E-002-01,S6652D5AF80FEFB1392CD99DA167EB3,is logical end of,S327985F3293E36C26479E7F4359211
C025-W-HO20-P-_E-002-01,S6652D5AF80FEFB1392CD99DA167EB3,is logical end of,S76E66ABADC095A99D4E1487F789E2B
C025-W-HO20-P-_E-002-01,S53EB0962A4B92E3D6BFAC3FA15F3F8,has logical start,S3ABDE662DAF5783ABD08BEF91F386F
C025-W-HO20-P-_E-002-01,S53EB0962A4B92E3D6BFAC3FA15F3F8,has logical end,S6652D5AF80FEFB1392CD99DA167EB3
C025-W-HO20-P-_E-002-01,S327985F3293E36C26479E7F4359211,has logical start,SC5CFB4978BB2D2034EDDA59BE60667
C025-W-HO20-P-_E-002-01,S327985F3293E36C26479E7F4359211,has logical end,S6652D5AF80FEFB1392CD99DA167EB3
C025-W-HO20-P-_E-002-01,S76E66ABADC095A99D4E1487F789E2B,has logical start,S4D8C6A7A44EE752D9F65DDDACE88C1
C025-W-HO20-P-_E-002-01,S76E66ABADC095A99D4E1487F789E2B,has logical end,S6652D5AF80FEFB1392CD99DA167EB3
C025-W-HO20-P-_E-002-01,S3ABDE662DAF5783ABD08BEF91F386F,is logical start of,S53EB0962A4B92E3D6BFAC3FA15F3F8
C025-W-HO20-P-_E-002-01,S3ABDE662DAF5783ABD08BEF91F386F,is located in,S7506773FA87358ADD33ABA4DCCAA56
C025-W-HO20-P-_E-002-01,SC5CFB4978BB2D2034EDDA59BE60667,is logical start of,S327985F3293E36C26479E7F4359211
C025-W-HO20-P-_E-002-01,SC5CFB4978BB2D2034EDDA59BE60667,is located in,SA65C2680DCEFE0AB134C7D71530484
C025-W-HO20-P-_E-002-01,SF5DB2F236435A4099EF45F327D15DE,is a part of,S5C813CBBE685912C5955BF8A3394DA
C025-W-HO20-P-_E-002-01,SF5DB2F236435A4099EF45F327D15DE,is logical end of,S3BE817CACA718C0BF0236F4DE843DF
C025-W-HO20-P-_E-002-01,SF5DB2F236435A4099EF45F327D15DE,is logical end of,S984083C81CC4B38AB94B0D2E42EE2F
C025-W-HO20-P-_E-002-01,S3BE817CACA718C0BF0236F4DE843DF,has logical start,S65E0C6C02F9EFC41F712F48D974AE6
C025-W-HO20-P-_E-002-01,S3BE817CACA718C0BF0236F4DE843DF,has logical end,SF5DB2F236435A4099EF45F327D15DE
C025-W-HO20-P-_E-002-01,S984083C81CC4B38AB94B0D2E42EE2F,has logical start,SD1AC3DD66FD1B8C336F9427974B9A8
C025-W-HO20-P-_E-002-01,S984083C81CC4B38AB94B0D2E42EE2F,has logical end,SF5DB2F236435A4099EF45F327D15DE
C025-W-HO20-P-_E-002-01,SD1AC3DD66FD1B8C336F9427974B9A8,is logical start of,S984083C81CC4B38AB94B0D2E42EE2F
C025-W-HO20-P-_E-002-01,SD1AC3DD66FD1B8C336F9427974B9A8,is fulfilled by,SD1D2C1C76373F3994EA4EB5B9B8108
C025-W-HO20-P-_E-002-01,SD1AC3DD66FD1B8C336F9427974B9A8,is located in,S56D8C7B5E323EE4EE8C2E2A04ADB50
C025-W-HO20-P-_E-002-01,S3D455FD11C51B820A3A8B1A95B5EA6,is a part of,SFFCAC5D9B2329674617E9788854295
C025-W-HO20-P-_E-002-01,S3D455FD11C51B820A3A8B1A95B5EA6,is logical end of,S8A6D5F37D47CD775257A974F1498C7
C025-W-HO20-P-_E-002-01,S3D455FD11C51B820A3A8B1A95B5EA6,is logical end of,SD3225131DA60FB6533CFE6A8CEF1C9
C025-W-HO20-P-_E-002-01,SD3225131DA60FB6533CFE6A8CEF1C9,has logical start,SB3701703CA8ADC5549B305A0205EEA
C025-W-HO20-P-_E-002-01,SD3225131DA60FB6533CFE6A8CEF1C9,has logical end,S3D455FD11C51B820A3A8B1A95B5EA6
C025-W-HO20-P-_E-002-01,SB3701703CA8ADC5549B305A0205EEA,is logical start of,SD3225131DA60FB6533CFE6A8CEF1C9
C025-W-HO20-P-_E-002-01,SB3701703CA8ADC5549B305A0205EEA,is located in,S70192B675BA4D2F934937F3D6347D1
C025-W-HO20-P-_E-002-01,SD226C4B29DB9876CCFD77D5C99DA17,is a part of,S19EE755C3D103F8613066533380295
C025-W-HO20-P-_E-002-01,SD226C4B29DB9876CCFD77D5C99DA17,is logical end of,S57B086752695FBEA52FA10077B622A
C025-W-HO20-P-_E-002-01,SD226C4B29DB9876CCFD77D5C99DA17,is logical end of,S850554F1E8254EEE0D49F2102E23E7
C025-W-HO20-P-_E-002-01,S850554F1E8254EEE0D49F2102E23E7,has logical start,S552799914D848216D960BDFA66B875
C025-W-HO20-P-_E-002-01,S850554F1E8254EEE0D49F2102E23E7,has logical end,SD226C4B29DB9876CCFD77D5C99DA17
C025-W-HO20-P-_E-002-01,S552799914D848216D960BDFA66B875,is logical start of,S850554F1E8254EEE0D49F2102E23E7
C025-W-HO20-P-_E-002-01,S552799914D848216D960BDFA66B875,is located in,SF5B6BE4A79A3AF20CD8CD548732473
C025-W-HO20-P-_E-002-01,S959D7B4162690B21309C7F5226A221,is a part of,S8B65A0A6B0F70F175B939B6FADF125
C025-W-HO20-P-_E-002-01,S959D7B4162690B21309C7F5226A221,is logical end of,SCD38CE7CF82393FF1967C50FDCA5D7
C025-W-HO20-P-_E-002-01,S959D7B4162690B21309C7F5226A221,is logical start of,S677159A3D9078587353964409CE467
C025-W-HO20-P-_E-002-01,S677159A3D9078587353964409CE467,has logical start,S959D7B4162690B21309C7F5226A221
C025-W-HO20-P-_E-002-01,S677159A3D9078587353964409CE467,has logical end,SEE3B59497DDC3739DACC5D2BA83619
C025-W-HO20-P-_E-002-01,SEE3B59497DDC3739DACC5D2BA83619,is logical end of,S677159A3D9078587353964409CE467
C025-W-HO20-P-_E-002-01,SEE3B59497DDC3739DACC5D2BA83619,is fulfilled by,S97799801313C7C3900F1C6BA420733
C025-W-HO20-P-_E-002-01,SEE3B59497DDC3739DACC5D2BA83619,is located in,SF54102A2E36917E97A180F90B515A0
C025-W-HO20-P-_E-002-01,S4495FE7CCB00F3A17127B6F20F25FC,is a part of,SC03A851A46510435E0BB82CDA76E34
C025-W-HO20-P-_E-002-01,S4495FE7CCB00F3A17127B6F20F25FC,is logical start of,SCB4A3E26E73097F58DE68EA9D8C9A8
C025-W-HO20-P-_E-002-01,S4495FE7CCB00F3A17127B6F20F25FC,is logical start of,S7486D9B842C6C49FC1EEACBBB4F5F3
C025-W-HO20-P-_E-002-01,SCB4A3E26E73097F58DE68EA9D8C9A8,has logical start,S4495FE7CCB00F3A17127B6F20F25FC
C025-W-HO20-P-_E-002-01,SCB4A3E26E73097F58DE68EA9D8C9A8,has logical end,SE08EE0FF3908E2B1F0E0D183D6A75B
C025-W-HO20-P-_E-002-01,S7486D9B842C6C49FC1EEACBBB4F5F3,has logical start,S4495FE7CCB00F3A17127B6F20F25FC
C025-W-HO20-P-_E-002-01,S7486D9B842C6C49FC1EEACBBB4F5F3,has logical end,S44481D2E8E2C9328C2E408B90A4797
C025-W-HO20-P-_E-002-01,S44481D2E8E2C9328C2E408B90A4797,is logical end of,S7486D9B842C6C49FC1EEACBBB4F5F3
C025-W-HO20-P-_E-002-01,S44481D2E8E2C9328C2E408B90A4797,is fulfilled by,SC204F5DBE02453FCF30A6326F1E81E
C025-W-HO20-P-_E-002-01,S44481D2E8E2C9328C2E408B90A4797,is located in,S5F80E66F630CE6CCE080B8EE11AF32
C025-W-HO20-P-_E-002-01,S2E19D2B1EA56F2783E0E01E1D73ABF,is a part of,S4B3A2A97CDF076AD2D578F2B738BAE
C025-W-HO20-P-_E-002-01,S2E19D2B1EA56F2783E0E01E1D73ABF,is logical end of,S920F802F9C9855E6A9888CC37FC527
C025-W-HO20-P-_E-002-01,S2E19D2B1EA56F2783E0E01E1D73ABF,is logical end of,S5E05136114EF1BE85B622A0C46C5C4
C025-W-HO20-P-_E-002-01,S920F802F9C9855E6A9888CC37FC527,has logical start,S11DADD6047184B12EED11CF9FF0CBF
C025-W-HO20-P-_E-002-01,S920F802F9C9855E6A9888CC37FC527,has logical end,S2E19D2B1EA56F2783E0E01E1D73ABF
C025-W-HO20-P-_E-002-01,S11DADD6047184B12EED11CF9FF0CBF,is logical start of,S920F802F9C9855E6A9888CC37FC527
C025-W-HO20-P-_E-002-01,S11DADD6047184B12EED11CF9FF0CBF,is fulfilled by,S74E8FF92697AB8560F1CA1505E9862
C025-W-HO20-P-_E-002-01,S11DADD6047184B12EED11CF9FF0CBF,is located in,S750E0659176075995CF16EE976EFED
C025-W-HO20-P-_E-002-01,SDBC9504833D65115122A748318D8C6,is a part of,S64B4EDAAEFFC4D04A6CCF6A34ACAF3
C025-W-HO20-P-_E-002-01,SDBC9504833D65115122A748318D8C6,is logical end of,S114EF1D062EFA099B53AD51E6E8807
C025-W-HO20-P-_E-002-01,SDBC9504833D65115122A748318D8C6,is logical end of,SC809A07101ABB4C410CED5D9834541
C025-W-HO20-P-_E-002-01,S114EF1D062EFA099B53AD51E6E8807,has logical start,SF141877826E662ADBF9FEF7468579C
C025-W-HO20-P-_E-002-01,S114EF1D062EFA099B53AD51E6E8807,has logical end,SDBC9504833D65115122A748318D8C6
C025-W-HO20-P-_E-002-01,SF141877826E662ADBF9FEF7468579C,is logical start of,S114EF1D062EFA099B53AD51E6E8807
C025-W-HO20-P-_E-002-01,SF141877826E662ADBF9FEF7468579C,is located in,S300383DD6C9524B6FC7E374A5DDD1E
C025-W-HO20-P-_E-002-01,S2369C2D2F5F6A004F0E307B2A55DE9,is a part of,S13BCCF14A400DC63F0B3CEAEAAB9BD
C025-W-HO20-P-_E-002-01,S2369C2D2F5F6A004F0E307B2A55DE9,is logical end of,S4E3299CFF40176CE6B2CDADB506498
C025-W-HO20-P-_E-002-01,S2369C2D2F5F6A004F0E307B2A55DE9,is logical end of,SAA267CA31DA90DCF7ADFAE33C5021C
C025-W-HO20-P-_E-002-01,S2369C2D2F5F6A004F0E307B2A55DE9,is logical start of,SBF29FC4418D7990C5DF8E82CC99296
C025-W-HO20-P-_E-002-01,S4E3299CFF40176CE6B2CDADB506498,has logical start,S823CF96FCA0855F449C56211DB37B5
C025-W-HO20-P-_E-002-01,S4E3299CFF40176CE6B2CDADB506498,has logical end,S2369C2D2F5F6A004F0E307B2A55DE9
C025-W-HO20-P-_E-002-01,SAA267CA31DA90DCF7ADFAE33C5021C,has logical start,SEBFCA0331E481579D659CD8A038C0E
C025-W-HO20-P-_E-002-01,SAA267CA31DA90DCF7ADFAE33C5021C,has logical end,S2369C2D2F5F6A004F0E307B2A55DE9
C025-W-HO20-P-_E-002-01,S823CF96FCA0855F449C56211DB37B5,is logical start of,S4E3299CFF40176CE6B2CDADB506498
C025-W-HO20-P-_E-002-01,S823CF96FCA0855F449C56211DB37B5,is located in,SBD2E238465228A3A32CB4E8113F289
C025-W-HO20-P-_E-002-01,SEBFCA0331E481579D659CD8A038C0E,is logical start of,SAA267CA31DA90DCF7ADFAE33C5021C
C025-W-HO20-P-_E-002-01,SEBFCA0331E481579D659CD8A038C0E,is located in,SD5B483CA929276921964935B529168
C025-W-HO20-P-_E-002-01,S7657D19F1F25EA48B23EE756546049,is a part of,SF74678F6CEDCE3223199B9FFC72B33
C025-W-HO20-P-_E-002-01,S7657D19F1F25EA48B23EE756546049,is logical end of,S95BB5FCDE11A43413FB1268928B8AD
C025-W-HO20-P-_E-002-01,S95BB5FCDE11A43413FB1268928B8AD,has logical start,SC91E06888F3B9A22430F1871F2AD8B
C025-W-HO20-P-_E-002-01,S95BB5FCDE11A43413FB1268928B8AD,has logical end,S7657D19F1F25EA48B23EE756546049
C025-W-HO20-P-_E-002-01,S9DFAF83223E4BFE70A1788EF8BE273,is a part of,S87089372F36775243E5419BE7D3235
C025-W-HO20-P-_E-002-01,S9DFAF83223E4BFE70A1788EF8BE273,is logical end of,S745AC67B2F2D47500FD8D3E5CAA60B
C025-W-HO20-P-_E-002-01,S745AC67B2F2D47500FD8D3E5CAA60B,has logical start,SF94200895DE8C4AD9FD8E7845E99BE
C025-W-HO20-P-_E-002-01,S745AC67B2F2D47500FD8D3E5CAA60B,has logical end,S9DFAF83223E4BFE70A1788EF8BE273
C025-W-HO20-P-_E-002-01,SF94200895DE8C4AD9FD8E7845E99BE,is logical start of,S745AC67B2F2D47500FD8D3E5CAA60B
C025-W-HO20-P-_E-002-01,SF94200895DE8C4AD9FD8E7845E99BE,is located in,S8F2F7891F5C33EE7B45ABBAD1E680C
C025-W-HO20-P-_E-002-01,SAEEF2CC68B6A827C2F30600D2EC6D5,is a part of,S17ED28E6BED0F09B1BB677B4AEAABF
C025-W-HO20-P-_E-002-01,SAEEF2CC68B6A827C2F30600D2EC6D5,is logical start of,SA2FC0E4EF2763EA9DD4E9A9E8FEF37
C025-W-HO20-P-_E-002-01,SA2FC0E4EF2763EA9DD4E9A9E8FEF37,has logical start,SAEEF2CC68B6A827C2F30600D2EC6D5
C025-W-HO20-P-_E-002-01,SA2FC0E4EF2763EA9DD4E9A9E8FEF37,has logical end,SA963C6A2287C9591DA8126AC85EFD2
C025-W-HO20-P-_E-002-01,SA963C6A2287C9591DA8126AC85EFD2,is logical end of,SA2FC0E4EF2763EA9DD4E9A9E8FEF37
C025-W-HO20-P-_E-002-01,SA963C6A2287C9591DA8126AC85EFD2,is fulfilled by,SC040F671E670D760DE060F2BF62CD8
C025-W-HO20-P-_E-002-01,SA963C6A2287C9591DA8126AC85EFD2,is located in,SEA257C8E772EAC4835506E35A147B6
C025-W-HO20-P-_E-002-01,SE6687E516F661BA5258CF2A27347EA,is a part of,S863E5D59ED9C66FDAB95B4E1DEB483
C025-W-HO20-P-_E-002-01,SE6687E516F661BA5258CF2A27347EA,is logical end of,S2BCFC45A2E28364E598D1751F9026E
C025-W-HO20-P-_E-002-01,SAF1F724216484BB81D280321580368,is a part of,S9435F47B9D59C5398D772AF82813BA
C025-W-HO20-P-_E-002-01,SAF1F724216484BB81D280321580368,is logical start of,S9C89F0E7A4880171B527623FB67308
C025-W-HO20-P-_E-002-01,SEB57C7E4F0E8B7B8B0BA484F85B390,is a part of,S80F0C66186E9A630B91A91A51D6F9D
C025-W-HO20-P-_E-002-01,SEB57C7E4F0E8B7B8B0BA484F85B390,is logical start of,SEA14237036ED4513B56AE694F6D033
C025-W-HO20-P-_E-002-01,SEA14237036ED4513B56AE694F6D033,has logical start,SEB57C7E4F0E8B7B8B0BA484F85B390
C025-W-HO20-P-_E-002-01,SEA14237036ED4513B56AE694F6D033,has logical end,S62D069D26C93D51357328122C06CFA
C025-W-HO20-P-_E-002-01,S9C3CDD1ECDB9E226B4A181C7BD37C1,is a part of,SEF9E7CF6146E102563A4FB54CDBED5
C025-W-HO20-P-_E-002-01,S9C3CDD1ECDB9E226B4A181C7BD37C1,is logical start of,SEB3FE84D665411BFBDCF4771145649
C025-W-HO20-P-_E-002-01,SEB3FE84D665411BFBDCF4771145649,has logical start,S9C3CDD1ECDB9E226B4A181C7BD37C1
C025-W-HO20-P-_E-002-01,SEB3FE84D665411BFBDCF4771145649,has logical end,S4D8C6A7A44EE752D9F65DDDACE88C1
C025-W-HO20-P-_E-002-01,S83325F96DFF6490D5FD2C7C35D005D,is a part of,SBAAEA278683DB1E2D796B85B952C29
C025-W-HO20-P-_E-002-01,S83325F96DFF6490D5FD2C7C35D005D,is logical start of,SE4BB1B534FEBCBD98A594B929DC40C
C025-W-HO20-P-_E-002-01,SE4BB1B534FEBCBD98A594B929DC40C,has logical start,S83325F96DFF6490D5FD2C7C35D005D
C025-W-HO20-P-_E-002-01,SE4BB1B534FEBCBD98A594B929DC40C,has logical end,S2E5A5EA51F9E95BD62D57FF08EC892
C025-W-HO20-P-_E-002-01,S4D8C6A7A44EE752D9F65DDDACE88C1,is a part of,SD41794C83997C07CEF40C86CB2E799
C025-W-HO20-P-_E-002-01,S4D8C6A7A44EE752D9F65DDDACE88C1,is logical start of,S76E66ABADC095A99D4E1487F789E2B
C025-W-HO20-P-_E-002-01,S4D8C6A7A44EE752D9F65DDDACE88C1,is logical start of,SFF0F901A9EBD4230988BC395D1215B
C025-W-HO20-P-_E-002-01,S4D8C6A7A44EE752D9F65DDDACE88C1,is logical end of,SEB3FE84D665411BFBDCF4771145649
C025-W-HO20-P-_E-002-01,S432EC8BE7F98B5334F29C8A7405FB3,is a part of,S28EDB55CF1596B593206256372BE57
C025-W-HO20-P-_E-002-01,S432EC8BE7F98B5334F29C8A7405FB3,is logical start of,S4E1BDE38A7F06BA777DA24703E1A28
C025-W-HO20-P-_E-002-01,S432EC8BE7F98B5334F29C8A7405FB3,is logical start of,SADA337C1859115288D9BC0A845D443
C025-W-HO20-P-_E-002-01,S432EC8BE7F98B5334F29C8A7405FB3,is logical end of,S9C89F0E7A4880171B527623FB67308
C025-W-HO20-P-_E-002-01,SADA337C1859115288D9BC0A845D443,has logical start,S432EC8BE7F98B5334F29C8A7405FB3
C025-W-HO20-P-_E-002-01,SADA337C1859115288D9BC0A845D443,has logical end,S9A43393EC10296F445E21C9E88DFAA
C025-W-HO20-P-_E-002-01,S9C89F0E7A4880171B527623FB67308,has logical start,SAF1F724216484BB81D280321580368
C025-W-HO20-P-_E-002-01,S9C89F0E7A4880171B527623FB67308,has logical end,S432EC8BE7F98B5334F29C8A7405FB3
C025-W-HO20-P-_E-002-01,S9A43393EC10296F445E21C9E88DFAA,is logical end of,SADA337C1859115288D9BC0A845D443
C025-W-HO20-P-_E-002-01,S9A43393EC10296F445E21C9E88DFAA,is fulfilled by,S1425D58DE78F68B16FE065D24B186D
C025-W-HO20-P-_E-002-01,S9A43393EC10296F445E21C9E88DFAA,is located in,SE80C7C2C2D0518BADCAD75F326508D
C025-W-HO20-P-_E-002-01,S71E880EF53DB298AAACAEA713B0C71,is a part of,SE0C214541F0759A39DE18316CD73C3
C025-W-HO20-P-_E-002-01,S71E880EF53DB298AAACAEA713B0C71,is logical start of,S57B086752695FBEA52FA10077B622A
C025-W-HO20-P-_E-002-01,S71E880EF53DB298AAACAEA713B0C71,is logical start of,S2BCFC45A2E28364E598D1751F9026E
C025-W-HO20-P-_E-002-01,S71E880EF53DB298AAACAEA713B0C71,is logical end of,SBCACDC7857ABF833614061C01A59E5
C025-W-HO20-P-_E-002-01,S57B086752695FBEA52FA10077B622A,has logical start,S71E880EF53DB298AAACAEA713B0C71
C025-W-HO20-P-_E-002-01,S57B086752695FBEA52FA10077B622A,has logical end,SD226C4B29DB9876CCFD77D5C99DA17
C025-W-HO20-P-_E-002-01,S2BCFC45A2E28364E598D1751F9026E,has logical start,S71E880EF53DB298AAACAEA713B0C71
C025-W-HO20-P-_E-002-01,S2BCFC45A2E28364E598D1751F9026E,has logical end,SE6687E516F661BA5258CF2A27347EA
C025-W-HO20-P-_E-002-01,SC91E06888F3B9A22430F1871F2AD8B,is a part of,S642A8E67CF8EC8802134438F4C9503
C025-W-HO20-P-_E-002-01,SC91E06888F3B9A22430F1871F2AD8B,is logical start of,S8A6D5F37D47CD775257A974F1498C7
C025-W-HO20-P-_E-002-01,SC91E06888F3B9A22430F1871F2AD8B,is logical start of,S95BB5FCDE11A43413FB1268928B8AD
C025-W-HO20-P-_E-002-01,SC91E06888F3B9A22430F1871F2AD8B,is logical end of,S2EDB66729C7404EE962D1F7014E5EC
C025-W-HO20-P-_E-002-01,S8A6D5F37D47CD775257A974F1498C7,has logical start,SC91E06888F3B9A22430F1871F2AD8B
C025-W-HO20-P-_E-002-01,S8A6D5F37D47CD775257A974F1498C7,has logical end,S3D455FD11C51B820A3A8B1A95B5EA6
C025-W-HO20-P-_E-002-01,S62D069D26C93D51357328122C06CFA,is a part of,S25480F970FF3B817E830D5C95F2947
C025-W-HO20-P-_E-002-01,S62D069D26C93D51357328122C06CFA,is logical start of,S51F4C8DB3EA39C5AD206F503FF8B75
C025-W-HO20-P-_E-002-01,S62D069D26C93D51357328122C06CFA,is logical start of,SBFD4599FF489B21C4DD35A4F88A03F
C025-W-HO20-P-_E-002-01,S62D069D26C93D51357328122C06CFA,is logical end of,SEA14237036ED4513B56AE694F6D033
C025-W-HO20-P-_E-002-01,S51F4C8DB3EA39C5AD206F503FF8B75,has logical start,S62D069D26C93D51357328122C06CFA
C025-W-HO20-P-_E-002-01,S51F4C8DB3EA39C5AD206F503FF8B75,has logical end,S404F756E56A204C858F4D887182EAD
C025-W-HO20-P-_E-002-01,S404F756E56A204C858F4D887182EAD,is logical end of,S51F4C8DB3EA39C5AD206F503FF8B75
C025-W-HO20-P-_E-002-01,S404F756E56A204C858F4D887182EAD,is fulfilled by,SEE71732833AD114E927020C1952DB9
C025-W-HO20-P-_E-002-01,S404F756E56A204C858F4D887182EAD,is located in,SB85F05B0209BA65D82044574878FBF
C025-W-HO20-P-_E-002-01,S2E5A5EA51F9E95BD62D57FF08EC892,is a part of,S69854F559F5DD39E1594075705656A
C025-W-HO20-P-_E-002-01,S2E5A5EA51F9E95BD62D57FF08EC892,is logical start of,S687649E8FF0FDEC9669C7A3E694353
C025-W-HO20-P-_E-002-01,S2E5A5EA51F9E95BD62D57FF08EC892,is logical start of,S63D03E13EBBC45A019434C9A0ACE55
C025-W-HO20-P-_E-002-01,S2E5A5EA51F9E95BD62D57FF08EC892,is logical end of,SE4BB1B534FEBCBD98A594B929DC40C
C025-W-HO20-P-_E-002-01,S687649E8FF0FDEC9669C7A3E694353,has logical start,S2E5A5EA51F9E95BD62D57FF08EC892
C025-W-HO20-P-_E-002-01,S687649E8FF0FDEC9669C7A3E694353,has logical end,S75C93DAE43C1962620B11F8A06CA88
C025-W-HO20-P-_E-002-01,S63D03E13EBBC45A019434C9A0ACE55,has logical start,S2E5A5EA51F9E95BD62D57FF08EC892
C025-W-HO20-P-_E-002-01,S63D03E13EBBC45A019434C9A0ACE55,has logical end,S348BE0C0F9FE5266BABCE43FCD6C34
C025-W-HO20-P-_E-002-01,S348BE0C0F9FE5266BABCE43FCD6C34,is logical end of,S63D03E13EBBC45A019434C9A0ACE55
C025-W-HO20-P-_E-002-01,S348BE0C0F9FE5266BABCE43FCD6C34,is fulfilled by,SA1A08F7A42492FCF0AF7B0A3F70E2D
C025-W-HO20-P-_E-002-01,S348BE0C0F9FE5266BABCE43FCD6C34,is located in,S103C834B39D7567E80B9734BA5C6B5
C025-W-HO50-P-_F-001-01,SFA28602A45E2766E7B64239973B730,is a collection including,SEC6D7C25136DAE46C27B0F60A52057
C025-W-HO50-P-_F-001-01,S6E7F9883380A6977E73643E9E6650F,is a collection including,S52E08940A90F86C29B5734F85CC86A
C025-W-HO50-P-_F-001-01,S2179E33F4E7FE803241288C1A59343,is a collection including,S828687D93AAF1CECE8689B4DE5A151
C025-W-HO50-P-_F-001-01,SF0E9FB2DA46DF2CE77AF6B4286A148,is a collection including,SC31E0F68616E753CA6D01A9C4E9C83
C025-W-HO50-P-_F-001-01,SFCFE2909B635F6D17A2FF78DA93A98,is a collection including,SB5A172B88206B8C733EB3D262E71AF
C025-W-HO50-P-_F-001-01,SA4394C7A38CD027FDFF5F253759BD4,is a collection including,S70C7DFF0C366831BB03273AD7A100E
C025-W-HO50-P-_F-001-01,S3638860A515205DBA385439248F189,is a collection including,S7CEE044AB91DF918DF9DCA00CE6692
C025-W-HO50-P-_F-001-01,S240990B866E8EBD58166A4B848A809,is a collection including,S4B84467B02EBF29008F42D945552D5
C025-W-HO50-P-_F-001-01,S6A44D6A89FA7C2CF9E5121E0EC27DE,is a collection including,S14620C5DA486634CD5045137BA5D4F
C025-W-HO50-P-_F-001-01,S29D751F267F87BD3AB4A8A925E79C3,is a collection including,S3D85581B73B99001E90BAE007BDDCE
C025-W-HO50-P-_F-001-01,SC0C019F821348086F895BDC5D08384,is a collection including,SCA9FCDAD1E1A1BC523AA58376A5640
C025-W-HO50-P-_F-001-01,SBE43A8E5A0519CD395CC80EC71E406,is a collection including,S3B83FFA043B109F901217703817687
C025-W-HO50-P-_F-001-01,S92FB3E8DD1F7A9D2130BA5ABDB593F,is a collection including,SA9AA9C2FC16E5BE14C17762987B507
C025-W-HO50-P-_F-001-01,S7BF1C53021A7E7C9AD70CAE45D9E9A,is a collection including,S5E3A7FE2589B446994E4372D7CC24B
C025-W-HO50-P-_F-001-01,S50A938E5755058877119411DE5F121,is a collection including,S35A6D49B74283099E75F81E948BE55
C025-W-HO50-P-_F-001-01,SAC6C9C39F102F74A66705EE491CF4E,is a collection including,SDEB2D84FA902FEDB93BD29072DD9DB
C025-W-HO50-P-_F-001-01,SCD9FDEDCDDE55B3CB96CC0C530D9A1,is a collection including,S3A591789ED7AED641595953216D7B5
C025-W-HO50-P-_F-001-01,SD1A245A162B7073B716DBF069158E7,is a collection including,SA4255B101FFF9C30AC61E552517515
C025-W-HO50-P-_F-001-01,S99E51FA80D1EFC4C54063D3DBFF845,is a collection including,SD7AF0A6FE5D5758400B014D482E738
C025-W-HO50-P-_F-001-01,SAE8B3C6EFADAAE3442166D4C134A0F,is a collection including,S915A65A2E7A821CFB082A4377432CA
C025-W-HO50-P-_F-001-01,S1D6270F5E6A72B654751CC89A375F6,is a collection including,S7F8FDCBE0BE284FBED37D6C9D53BBF
C025-W-HO50-P-_F-001-01,S74263C20ABDDD72130AB442F707B7C,is a collection including,S454A0E549BF43E1DE936C7579B0243
C025-W-HO50-P-_F-001-01,S8A5D98B1F21AAA5DB804490A9DF21E,is a collection including,SCD1434353665A6811C87CA614D7FC1
C025-W-HO50-P-_F-001-01,SF50A8C2510BDD6F8F5C3D99058259F,is a collection including,S95ABF0E0C4D42AE597406E7807BEFF
C025-W-HO50-P-_F-001-01,S16C6DF48C5755A917C6DFD4A791CD0,is a collection including,SB456E9EDB5956BC81E5F8738B2C048
C025-W-HO50-P-_F-001-01,S1E2AE371112643405CFD2910E02897,is a collection including,S8BE0D5E01E903D5183871389D26523
C025-W-HO50-P-_F-001-01,S4F2D881515B6D2DBEA7C83E5656717,is a collection including,S64876857D087B0106DDBD37808E110
C025-W-HO50-P-_F-001-01,SA1B9878956DDA7D2FFF5969AB71495,is a collection including,SF37710CB86E2E2DDC7908F969CE39A
C025-W-HO50-P-_F-001-01,S6CA22D76330BC1A68A73FAF459E708,is a collection including,S26816B543934B2FC283B01FE03D79C
C025-W-HO50-P-_F-001-01,S4E32100BC1E2089BE4D7AE497C128C,is a collection including,S16C5AE5CAF4072F2E4264030761CD2
C025-W-HO50-P-_F-001-01,SA8B6233535D8D043A83D949861CB1F,is a collection including,S9B57F1E7C286C72AFF8DEC30B779BC
C025-W-HO50-P-_F-001-01,S4B4D89165E1B81978D351C669CDEC3,is a collection including,S8CB4C16E1EF234202DB442BAD2B0D9
C025-W-HO50-P-_F-001-01,SA7E4BC7F55D989900DA8B021D946EB,is a collection including,SC6F7B6B774609E26F358122EDEC0CC
C025-W-HO50-P-_F-001-01,S96CDA008512025CAF1246C4FFB78E1,is a collection including,S9C2954526A3FA7B4A17936ECEAE3BA
C025-W-HO50-P-_F-001-01,S55C49F8922E0F1D7BFA6291E991A91,is a collection including,S683E04F82A195EF792E0540CD6BA0E
C025-W-HO50-P-_F-001-01,S2724D16E32EDEDB466FA0D5B7C7C9E,is a collection including,SE626F9C4B62C14EAC595FD1F88BA11
C025-W-HO50-P-_F-001-01,S2886AFFD273D01B9B0EB67EE0A37FD,is a collection including,S14D5ED673E067DED2C39AD196A4CC4
C025-W-HO50-P-_F-001-01,SFC50516FA01F797E2AF62BB0A02CFE,is a collection including,S74A067CDC0AD3CE3DC3D7A41215EEB
C025-W-HO50-P-_F-001-01,S9B0E6793CAE83E6FDD0ED230451E49,is a collection including,S96B2DACF098ACCBA72985FC97D031D
C025-W-HO50-P-_F-001-01,S9CA13B449832D648E3DCF1A187111F,is a collection including,S6F202F609F098479ADE0AADBF50621
C025-W-HO50-P-_F-001-01,S62FA58742F9FD999D186D63B479FE3,is a collection including,SEE0ED5CC9810E24A261E6C3B927F21
C025-W-HO50-P-_F-001-01,SAAB79C91C7D32228106767C3219538,is a collection including,S410D6F918381073C5283D9CA5A7D5D
C025-W-HO50-P-_F-001-01,SB45BF0205164B270367E498C2735A8,is a collection including,S7FBA7729B502A9C736F94ED049EB9A
C025-W-HO50-P-_F-001-01,S29445D2729ADE2DA4331CA51CB07C1,is a collection including,S608EF781BA44C68E21EDC598396D7C
C025-W-HO50-P-_F-001-01,S4BC9331EF4692EBFDA8F9C5D76CC25,is a collection including,SA02FBD69DA5BB6C093F57337C906C3
C025-W-HO50-P-_F-001-01,S42E62A408023FB92F5438BDFB75748,is a collection including,SCAD75F055A776C42E0EA1EEB78E4AC
C025-W-HO50-P-_F-001-01,S1D5714E4C27B24AB8956A0CF80A8F7,is a collection including,S4F536CACCC867DE9FE54871EBDFA46
C025-W-HO50-P-_F-001-01,S18863973005F38D5820029CD69F476,fulfills,S9DBA939705E169A265BE79B5B6735F
C025-W-HO50-P-_F-001-01,S3844771C1F1308068D95C0B1F28D1D,refers to,S77E6A334EF99621ADD9217DA12A18A
C025-W-HO50-P-_F-001-01,SC689C8BE096FA26CADE13F13D4B464,fulfills,SF1C8A3BC38787DBA63ED8B58FC5811
C025-W-HO50-P-_F-001-01,S67BF66E4969D978D8E3D110225468E,refers to,S5AD88FE82C3B887D1D7476D27615FC
C025-W-HO50-P-_F-001-01,SCC2BD0EC1EF29F6B63B8329083360E,fulfills,SB2FA3F6192ADF4373A2CFA59358963
C025-W-HO50-P-_F-001-01,S364BD4C14EF08F4777BF61E87C8CC3,refers to,SD91EE4C638E18961DFEE71F7A2A63A
C025-W-HO50-P-_F-001-01,S8C1E3A07E3F546385B8D66F3AFDFE0,fulfills,S1F059E38D3C051CE5331DA2CFF8E04
C025-W-HO50-P-_F-001-01,S8C1E3A07E3F546385B8D66F3AFDFE0,fulfills,S1F059E38D3C051CE5331DA2CFF8E041
C025-W-HO50-P-_F-001-01,SD14E736BA29D943A0796ED2C02A9B4,refers to,S7CE2D877B9780EFBA3AD1B9FC46AD9
C025-W-HO50-P-_F-001-01,SB69BA007941C1D6F25A3DA01677469,fulfills,S83C619C3149B82628785F0793AD62C
C025-W-HO50-P-_F-001-01,S6D06360148E54D319329AC7955DD2B,refers to,SC2FE37C0F1B78C69AA1D963BC7AB37
C025-W-HO50-P-_F-001-01,S57C7E2BB6E9FF2E1999E5548994CF0,refers to,SDE31875D97EBA220A03F9C176933F9
C025-W-HO50-P-_F-001-01,SE6F53EA74EB3D584FB5BCFE684E763,refers to,SC45C6C87601668928798FB85F4A74D
C025-W-HO50-P-_F-001-01,SA1DF5081C32DC9DE1A42BD26425D48,fulfills,SC314DF3ED7E71754CC9D9F7B320198
C025-W-HO50-P-_F-001-01,SA1DF5081C32DC9DE1A42BD26425D48,fulfills,SC314DF3ED7E71754CC9D9F7B3201981
C025-W-HO50-P-_F-001-01,SA52305726855133304FA93CA4D4DF6,refers to,S7E9590FAFC7761085F6BBF781AFFA4
C025-W-HO50-P-_F-001-01,SAFC992597E832FF64FB79D6C336BCC,is the location of,SE6EEE1C41DAE3E3BD9219A9DA1C9AD
C025-W-HO50-P-_F-001-01,S72AB8342B10DF61864D5A756831726,is the location of,SE42479078E91E27C1F0CE128D44ABD
C025-W-HO50-P-_F-001-01,S2ABE09B55C353B5B6F73C6F30E88B1,is the location of,SD3BD4C8051B881131A441AC6DFE04A
C025-W-HO50-P-_F-001-01,S862AD629F1019572791021C170A582,is the location of,S9DBA939705E169A265BE79B5B6735F
C025-W-HO50-P-_F-001-01,S77E6A334EF99621ADD9217DA12A18A,is referenced by,S3844771C1F1308068D95C0B1F28D1D
C025-W-HO50-P-_F-001-01,SDE31875D97EBA220A03F9C176933F9,is referenced by,S57C7E2BB6E9FF2E1999E5548994CF0
C025-W-HO50-P-_F-001-01,S91ED83CB2F53AEA8CB9F6127BABCAC,is the location of,SF1C8A3BC38787DBA63ED8B58FC5811
C025-W-HO50-P-_F-001-01,S5AD88FE82C3B887D1D7476D27615FC,is referenced by,S67BF66E4969D978D8E3D110225468E
C025-W-HO50-P-_F-001-01,SC27294B40E1E30645CEC57ECAD2036,is the location of,S17CD6E693BDD4E67B2DE66BB39E9F3
C025-W-HO50-P-_F-001-01,SDA520D697DCB42E01DBB23FCC7A020,is the location of,SB2FA3F6192ADF4373A2CFA59358963
C025-W-HO50-P-_F-001-01,SD91EE4C638E18961DFEE71F7A2A63A,is referenced by,S364BD4C14EF08F4777BF61E87C8CC3
C025-W-HO50-P-_F-001-01,SC45C6C87601668928798FB85F4A74D,is referenced by,SE6F53EA74EB3D584FB5BCFE684E763
C025-W-HO50-P-_F-001-01,SE4355405C6010A3EF295A01FA2AF94,is the location of,S83C619C3149B82628785F0793AD62C
C025-W-HO50-P-_F-001-01,SC2FE37C0F1B78C69AA1D963BC7AB37,is referenced by,S6D06360148E54D319329AC7955DD2B
C025-W-HO50-P-_F-001-01,S595F8FE7C1B52A7703D711D216DF74,is the location of,S3FDAB6B8DC0B5CB25C295FE2DFDCB3
C025-W-HO50-P-_F-001-01,S5D8A4451841F20BCEE14536A76C5DA,is the location of,S6FC7AA40737F1D6B26C1D92E3C96F9
C025-W-HO50-P-_F-001-01,SFD8CED0F44461551E2BB6D8B4D49B8,is the location of,S1D5423758E63FDD20B6B405F602201
C025-W-HO50-P-_F-001-01,S62FA7835667563D555FEA347D3D12B,is the location of,SE6AB6CBD8CE48997B5400EF418A762
C025-W-HO50-P-_F-001-01,S5906D24F6A70D8EF7F1760DDBEF988,is the location of,S651C8DB83BC9742C1EEAB92DFAE6DF
C025-W-HO50-P-_F-001-01,S49FD42163E91ACD6EC57EFE27A6BEE,is the location of,SCE0EBAF73084F9E19BFBCA61AD534C
C025-W-HO50-P-_F-001-01,SB3CD92F9EE3F3EF201514EBA0EC9D7,is the location of,S5852E1B85880A5CEA7B00939DFEEC6
C025-W-HO50-P-_F-001-01,S15CC534E4CC2DC3E768454EAB81108,is the location of,S3C3178602DFF163523360AAA00D246
C025-W-HO50-P-_F-001-01,SEC6D7C25136DAE46C27B0F60A52057,is a part of,SFA28602A45E2766E7B64239973B730
C025-W-HO50-P-_F-001-01,SEC6D7C25136DAE46C27B0F60A52057,is logical end of,S5A1FCEE7D7336202622C652FA75291
C025-W-HO50-P-_F-001-01,S52E08940A90F86C29B5734F85CC86A,is a part of,S6E7F9883380A6977E73643E9E6650F
C025-W-HO50-P-_F-001-01,S52E08940A90F86C29B5734F85CC86A,is logical end of,S909163A22638B9F974286A57FFD696
C025-W-HO50-P-_F-001-01,S909163A22638B9F974286A57FFD696,has logical start,S410D6F918381073C5283D9CA5A7D5D
C025-W-HO50-P-_F-001-01,S909163A22638B9F974286A57FFD696,has logical end,S52E08940A90F86C29B5734F85CC86A
C025-W-HO50-P-_F-001-01,S828687D93AAF1CECE8689B4DE5A151,is a part of,S2179E33F4E7FE803241288C1A59343
C025-W-HO50-P-_F-001-01,S828687D93AAF1CECE8689B4DE5A151,is logical end of,SBDE39B1F3D1CC23ECBD5648B6C7ABB
C025-W-HO50-P-_F-001-01,SBDE39B1F3D1CC23ECBD5648B6C7ABB,has logical start,S9B57F1E7C286C72AFF8DEC30B779BC
C025-W-HO50-P-_F-001-01,SBDE39B1F3D1CC23ECBD5648B6C7ABB,has logical end,S828687D93AAF1CECE8689B4DE5A151
C025-W-HO50-P-_F-001-01,SC31E0F68616E753CA6D01A9C4E9C83,is a part of,SF0E9FB2DA46DF2CE77AF6B4286A148
C025-W-HO50-P-_F-001-01,SC31E0F68616E753CA6D01A9C4E9C83,is logical end of,S7BC17E5C460654C867F057C4011F17
C025-W-HO50-P-_F-001-01,S7BC17E5C460654C867F057C4011F17,has logical start,S410D6F918381073C5283D9CA5A7D5D
C025-W-HO50-P-_F-001-01,S7BC17E5C460654C867F057C4011F17,has logical end,SC31E0F68616E753CA6D01A9C4E9C83
C025-W-HO50-P-_F-001-01,SB5A172B88206B8C733EB3D262E71AF,is a part of,SFCFE2909B635F6D17A2FF78DA93A98
C025-W-HO50-P-_F-001-01,SB5A172B88206B8C733EB3D262E71AF,is logical start of,SEA39C15FD38AD2B254B860BD65163A
C025-W-HO50-P-_F-001-01,SEA39C15FD38AD2B254B860BD65163A,has logical start,SB5A172B88206B8C733EB3D262E71AF
C025-W-HO50-P-_F-001-01,SEA39C15FD38AD2B254B860BD65163A,has logical end,S9B57F1E7C286C72AFF8DEC30B779BC
C025-W-HO50-P-_F-001-01,S70C7DFF0C366831BB03273AD7A100E,is a part of,SA4394C7A38CD027FDFF5F253759BD4
C025-W-HO50-P-_F-001-01,S70C7DFF0C366831BB03273AD7A100E,is logical start of,S57FD8975E1EB4895E5481E84F0C437
C025-W-HO50-P-_F-001-01,S57FD8975E1EB4895E5481E84F0C437,has logical start,S70C7DFF0C366831BB03273AD7A100E
C025-W-HO50-P-_F-001-01,S57FD8975E1EB4895E5481E84F0C437,has logical end,S410D6F918381073C5283D9CA5A7D5D
C025-W-HO50-P-_F-001-01,S7CEE044AB91DF918DF9DCA00CE6692,is a part of,S3638860A515205DBA385439248F189
C025-W-HO50-P-_F-001-01,S7CEE044AB91DF918DF9DCA00CE6692,is logical start of,SF8656A8D7B6109A2693C8576F75B7C
C025-W-HO50-P-_F-001-01,SF8656A8D7B6109A2693C8576F75B7C,has logical start,S7CEE044AB91DF918DF9DCA00CE6692
C025-W-HO50-P-_F-001-01,SF8656A8D7B6109A2693C8576F75B7C,has logical end,S9B57F1E7C286C72AFF8DEC30B779BC
C025-W-HO50-P-_F-001-01,S4B84467B02EBF29008F42D945552D5,is a part of,S240990B866E8EBD58166A4B848A809
C025-W-HO50-P-_F-001-01,S4B84467B02EBF29008F42D945552D5,is logical start of,SCDC70C746275DA58D7EEFF90A3ED5E
C025-W-HO50-P-_F-001-01,S4B84467B02EBF29008F42D945552D5,is logical end of,S1F55056FB09BA51DF80CB84415EEAA
C025-W-HO50-P-_F-001-01,SCDC70C746275DA58D7EEFF90A3ED5E,has logical start,S4B84467B02EBF29008F42D945552D5
C025-W-HO50-P-_F-001-01,SCDC70C746275DA58D7EEFF90A3ED5E,has logical end,SCAD75F055A776C42E0EA1EEB78E4AC
C025-W-HO50-P-_F-001-01,S1F55056FB09BA51DF80CB84415EEAA,has logical start,S64876857D087B0106DDBD37808E110
C025-W-HO50-P-_F-001-01,S1F55056FB09BA51DF80CB84415EEAA,has logical end,S4B84467B02EBF29008F42D945552D5
C025-W-HO50-P-_F-001-01,S14620C5DA486634CD5045137BA5D4F,is a part of,S6A44D6A89FA7C2CF9E5121E0EC27DE
C025-W-HO50-P-_F-001-01,S14620C5DA486634CD5045137BA5D4F,is logical end of,S4F861CD3B7AF34B22E211F246D8EF1
C025-W-HO50-P-_F-001-01,S14620C5DA486634CD5045137BA5D4F,is logical end of,S3BC8FDB3599B05E135604CC5E0C03B
C025-W-HO50-P-_F-001-01,S4F861CD3B7AF34B22E211F246D8EF1,has logical start,SCD1434353665A6811C87CA614D7FC1
C025-W-HO50-P-_F-001-01,S4F861CD3B7AF34B22E211F246D8EF1,has logical end,S14620C5DA486634CD5045137BA5D4F
C025-W-HO50-P-_F-001-01,S3D85581B73B99001E90BAE007BDDCE,is a part of,S29D751F267F87BD3AB4A8A925E79C3
C025-W-HO50-P-_F-001-01,S3D85581B73B99001E90BAE007BDDCE,is logical end of,S3DC69FBAAAD64FC6FD23445328B0A3
C025-W-HO50-P-_F-001-01,S3D85581B73B99001E90BAE007BDDCE,is logical start of,S56CCB7DB2EBF5055C38482066DB7D8
C025-W-HO50-P-_F-001-01,SCA9FCDAD1E1A1BC523AA58376A5640,is a part of,SC0C019F821348086F895BDC5D08384
C025-W-HO50-P-_F-001-01,SCA9FCDAD1E1A1BC523AA58376A5640,is logical start of,S492B24B821A4F9262E9DF8AE6D1A05
C025-W-HO50-P-_F-001-01,S492B24B821A4F9262E9DF8AE6D1A05,has logical start,SCA9FCDAD1E1A1BC523AA58376A5640
C025-W-HO50-P-_F-001-01,S492B24B821A4F9262E9DF8AE6D1A05,has logical end,S410D6F918381073C5283D9CA5A7D5D
C025-W-HO50-P-_F-001-01,S3B83FFA043B109F901217703817687,is a part of,SBE43A8E5A0519CD395CC80EC71E406
C025-W-HO50-P-_F-001-01,S3B83FFA043B109F901217703817687,is logical start of,SB7EA3BEE574D5D24B0E3E3B13C6DD7
C025-W-HO50-P-_F-001-01,SB7EA3BEE574D5D24B0E3E3B13C6DD7,has logical start,S3B83FFA043B109F901217703817687
C025-W-HO50-P-_F-001-01,SB7EA3BEE574D5D24B0E3E3B13C6DD7,has logical end,S9B57F1E7C286C72AFF8DEC30B779BC
C025-W-HO50-P-_F-001-01,SA9AA9C2FC16E5BE14C17762987B507,is a part of,S92FB3E8DD1F7A9D2130BA5ABDB593F
C025-W-HO50-P-_F-001-01,SA9AA9C2FC16E5BE14C17762987B507,is logical end of,SDE69AF6F319168E051C3F6F9B0575C
C025-W-HO50-P-_F-001-01,S5E3A7FE2589B446994E4372D7CC24B,is a part of,S7BF1C53021A7E7C9AD70CAE45D9E9A
C025-W-HO50-P-_F-001-01,S5E3A7FE2589B446994E4372D7CC24B,is logical end of,S9BA73A4075109F8169F47610553A55
C025-W-HO50-P-_F-001-01,S35A6D49B74283099E75F81E948BE55,is a part of,S50A938E5755058877119411DE5F121
C025-W-HO50-P-_F-001-01,S35A6D49B74283099E75F81E948BE55,is logical end of,S516925365D786ADF5FBF2CC92CBE68
C025-W-HO50-P-_F-001-01,S35A6D49B74283099E75F81E948BE55,is logical end of,SCEDC993915F8D2C95003FFE28B3A75
C025-W-HO50-P-_F-001-01,S516925365D786ADF5FBF2CC92CBE68,has logical start,S8BE0D5E01E903D5183871389D26523
C025-W-HO50-P-_F-001-01,S516925365D786ADF5FBF2CC92CBE68,has logical end,S35A6D49B74283099E75F81E948BE55
C025-W-HO50-P-_F-001-01,SCEDC993915F8D2C95003FFE28B3A75,has logical start,SCAD75F055A776C42E0EA1EEB78E4AC
C025-W-HO50-P-_F-001-01,SCEDC993915F8D2C95003FFE28B3A75,has logical end,S35A6D49B74283099E75F81E948BE55
C025-W-HO50-P-_F-001-01,SDEB2D84FA902FEDB93BD29072DD9DB,is a part of,SAC6C9C39F102F74A66705EE491CF4E
C025-W-HO50-P-_F-001-01,SDEB2D84FA902FEDB93BD29072DD9DB,is logical end of,S1AD76A1764A11C72D0ABCF3E588EF2
C025-W-HO50-P-_F-001-01,SDEB2D84FA902FEDB93BD29072DD9DB,is logical end of,S775C90E348E2771494C991F3B4E97B
C025-W-HO50-P-_F-001-01,S775C90E348E2771494C991F3B4E97B,has logical start,S3A591789ED7AED641595953216D7B5
C025-W-HO50-P-_F-001-01,S775C90E348E2771494C991F3B4E97B,has logical end,SDEB2D84FA902FEDB93BD29072DD9DB
C025-W-HO50-P-_F-001-01,S8B3613A32523BD19342C912071988C,is the location of,S1F059E38D3C051CE5331DA2CFF8E04
C025-W-HO50-P-_F-001-01,S8B3613A32523BD19342C912071988C,is the location of,S1F059E38D3C051CE5331DA2CFF8E041
C025-W-HO50-P-_F-001-01,S7CE2D877B9780EFBA3AD1B9FC46AD9,is referenced by,SD14E736BA29D943A0796ED2C02A9B4
C025-W-HO50-P-_F-001-01,S7CE2D877B9780EFBA3AD1B9FC46AD9,is the location of,SC5EFC436C788FF74F4763931BDF899
C025-W-HO50-P-_F-001-01,S7F8EE78A0AECE5A9A195C5D77AA444,is the location of,SC314DF3ED7E71754CC9D9F7B320198
C025-W-HO50-P-_F-001-01,S7F8EE78A0AECE5A9A195C5D77AA444,is the location of,SC314DF3ED7E71754CC9D9F7B3201981
C025-W-HO50-P-_F-001-01,S7E9590FAFC7761085F6BBF781AFFA4,is referenced by,SA52305726855133304FA93CA4D4DF6
C025-W-HO50-P-_F-001-01,S7E9590FAFC7761085F6BBF781AFFA4,is the location of,S26C69FBF054B4EF5F5F9CA3D33FB22
C025-W-HO50-P-_F-001-01,S3A591789ED7AED641595953216D7B5,is a part of,SCD9FDEDCDDE55B3CB96CC0C530D9A1
C025-W-HO50-P-_F-001-01,S3A591789ED7AED641595953216D7B5,is logical end of,SB8FE4217550F125685D15DCB4F8FD2
C025-W-HO50-P-_F-001-01,S3A591789ED7AED641595953216D7B5,is logical end of,S7A8E956642CEACCA262317147DC8DB
C025-W-HO50-P-_F-001-01,S3A591789ED7AED641595953216D7B5,is logical start of,S775C90E348E2771494C991F3B4E97B
C025-W-HO50-P-_F-001-01,SB8FE4217550F125685D15DCB4F8FD2,has logical end,S3A591789ED7AED641595953216D7B5
C025-W-HO50-P-_F-001-01,S7A8E956642CEACCA262317147DC8DB,has logical start,S26C69FBF054B4EF5F5F9CA3D33FB22
C025-W-HO50-P-_F-001-01,S7A8E956642CEACCA262317147DC8DB,has logical end,S3A591789ED7AED641595953216D7B5
C025-W-HO50-P-_F-001-01,S26C69FBF054B4EF5F5F9CA3D33FB22,is logical start of,S7A8E956642CEACCA262317147DC8DB
C025-W-HO50-P-_F-001-01,S26C69FBF054B4EF5F5F9CA3D33FB22,is located in,S7E9590FAFC7761085F6BBF781AFFA4
C025-W-HO50-P-_F-001-01,SA4255B101FFF9C30AC61E552517515,is a part of,SD1A245A162B7073B716DBF069158E7
C025-W-HO50-P-_F-001-01,SA4255B101FFF9C30AC61E552517515,is logical start of,SDF5571BA203EB11062607AF2201570
C025-W-HO50-P-_F-001-01,SDF5571BA203EB11062607AF2201570,has logical start,SA4255B101FFF9C30AC61E552517515
C025-W-HO50-P-_F-001-01,SDF5571BA203EB11062607AF2201570,has logical end,S1F059E38D3C051CE5331DA2CFF8E04
C025-W-HO50-P-_F-001-01,S1F059E38D3C051CE5331DA2CFF8E04,is logical end of,SDF5571BA203EB11062607AF2201570
C025-W-HO50-P-_F-001-01,S1F059E38D3C051CE5331DA2CFF8E04,is fulfilled by,S8C1E3A07E3F546385B8D66F3AFDFE0
C025-W-HO50-P-_F-001-01,S1F059E38D3C051CE5331DA2CFF8E04,is located in,S8B3613A32523BD19342C912071988C
C025-W-HO50-P-_F-001-01,SD7AF0A6FE5D5758400B014D482E738,is a part of,S99E51FA80D1EFC4C54063D3DBFF845
C025-W-HO50-P-_F-001-01,SD7AF0A6FE5D5758400B014D482E738,is logical end of,SF35907BACFD244E01C23F02AA5139C
C025-W-HO50-P-_F-001-01,SF35907BACFD244E01C23F02AA5139C,has logical start,SC314DF3ED7E71754CC9D9F7B320198
C025-W-HO50-P-_F-001-01,SF35907BACFD244E01C23F02AA5139C,has logical end,SD7AF0A6FE5D5758400B014D482E738
C025-W-HO50-P-_F-001-01,SC314DF3ED7E71754CC9D9F7B320198,is logical start of,SF35907BACFD244E01C23F02AA5139C
C025-W-HO50-P-_F-001-01,SC314DF3ED7E71754CC9D9F7B320198,is fulfilled by,SA1DF5081C32DC9DE1A42BD26425D48
C025-W-HO50-P-_F-001-01,SC314DF3ED7E71754CC9D9F7B320198,is located in,S7F8EE78A0AECE5A9A195C5D77AA444
C025-W-HO50-P-_F-001-01,S915A65A2E7A821CFB082A4377432CA,is a part of,SAE8B3C6EFADAAE3442166D4C134A0F
C025-W-HO50-P-_F-001-01,S915A65A2E7A821CFB082A4377432CA,is logical start of,S8EE2E6AB5E1F0DA051650DEEF6C5DD
C025-W-HO50-P-_F-001-01,S915A65A2E7A821CFB082A4377432CA,is logical end of,S729FB5A58AE17508EA64E26706D78C
C025-W-HO50-P-_F-001-01,S915A65A2E7A821CFB082A4377432CA,is logical start of,S3DC69FBAAAD64FC6FD23445328B0A3
C025-W-HO50-P-_F-001-01,S8EE2E6AB5E1F0DA051650DEEF6C5DD,has logical start,S915A65A2E7A821CFB082A4377432CA
C025-W-HO50-P-_F-001-01,S8EE2E6AB5E1F0DA051650DEEF6C5DD,has logical end,SF1C8A3BC38787DBA63ED8B58FC5811
C025-W-HO50-P-_F-001-01,S729FB5A58AE17508EA64E26706D78C,has logical start,S651C8DB83BC9742C1EEAB92DFAE6DF
C025-W-HO50-P-_F-001-01,S729FB5A58AE17508EA64E26706D78C,has logical end,S915A65A2E7A821CFB082A4377432CA
C025-W-HO50-P-_F-001-01,S3DC69FBAAAD64FC6FD23445328B0A3,has logical start,S915A65A2E7A821CFB082A4377432CA
C025-W-HO50-P-_F-001-01,S3DC69FBAAAD64FC6FD23445328B0A3,has logical end,S3D85581B73B99001E90BAE007BDDCE
C025-W-HO50-P-_F-001-01,S651C8DB83BC9742C1EEAB92DFAE6DF,is logical start of,S729FB5A58AE17508EA64E26706D78C
C025-W-HO50-P-_F-001-01,S651C8DB83BC9742C1EEAB92DFAE6DF,is located in,S5906D24F6A70D8EF7F1760DDBEF988
C025-W-HO50-P-_F-001-01,SF1C8A3BC38787DBA63ED8B58FC5811,is logical end of,S8EE2E6AB5E1F0DA051650DEEF6C5DD
C025-W-HO50-P-_F-001-01,SF1C8A3BC38787DBA63ED8B58FC5811,is fulfilled by,SC689C8BE096FA26CADE13F13D4B464
C025-W-HO50-P-_F-001-01,SF1C8A3BC38787DBA63ED8B58FC5811,is located in,S91ED83CB2F53AEA8CB9F6127BABCAC
C025-W-HO50-P-_F-001-01,S7F8FDCBE0BE284FBED37D6C9D53BBF,is a part of,S1D6270F5E6A72B654751CC89A375F6
C025-W-HO50-P-_F-001-01,S7F8FDCBE0BE284FBED37D6C9D53BBF,is logical end of,S85C7578E025054C1A839648ACD46FA
C025-W-HO50-P-_F-001-01,S7F8FDCBE0BE284FBED37D6C9D53BBF,is logical start of,S3BC8FDB3599B05E135604CC5E0C03B
C025-W-HO50-P-_F-001-01,S7F8FDCBE0BE284FBED37D6C9D53BBF,is logical end of,SAD47AD9A2E85BBDBD4A333564D379B
C025-W-HO50-P-_F-001-01,S85C7578E025054C1A839648ACD46FA,has logical start,SE6EEE1C41DAE3E3BD9219A9DA1C9AD
C025-W-HO50-P-_F-001-01,S85C7578E025054C1A839648ACD46FA,has logical end,S7F8FDCBE0BE284FBED37D6C9D53BBF
C025-W-HO50-P-_F-001-01,S3BC8FDB3599B05E135604CC5E0C03B,has logical start,S7F8FDCBE0BE284FBED37D6C9D53BBF
C025-W-HO50-P-_F-001-01,S3BC8FDB3599B05E135604CC5E0C03B,has logical end,S14620C5DA486634CD5045137BA5D4F
C025-W-HO50-P-_F-001-01,SAD47AD9A2E85BBDBD4A333564D379B,has logical start,S83C619C3149B82628785F0793AD62C
C025-W-HO50-P-_F-001-01,SAD47AD9A2E85BBDBD4A333564D379B,has logical end,S7F8FDCBE0BE284FBED37D6C9D53BBF
C025-W-HO50-P-_F-001-01,SE6EEE1C41DAE3E3BD9219A9DA1C9AD,is logical start of,S85C7578E025054C1A839648ACD46FA
C025-W-HO50-P-_F-001-01,SE6EEE1C41DAE3E3BD9219A9DA1C9AD,is located in,SAFC992597E832FF64FB79D6C336BCC
C025-W-HO50-P-_F-001-01,S83C619C3149B82628785F0793AD62C,is logical start of,SAD47AD9A2E85BBDBD4A333564D379B
C025-W-HO50-P-_F-001-01,S83C619C3149B82628785F0793AD62C,is fulfilled by,SB69BA007941C1D6F25A3DA01677469
C025-W-HO50-P-_F-001-01,S83C619C3149B82628785F0793AD62C,is located in,SE4355405C6010A3EF295A01FA2AF94
C025-W-HO50-P-_F-001-01,S454A0E549BF43E1DE936C7579B0243,is a part of,S74263C20ABDDD72130AB442F707B7C
C025-W-HO50-P-_F-001-01,S454A0E549BF43E1DE936C7579B0243,is logical end of,SB66F2CC34CFA9ABB95893FF7C86EEA
C025-W-HO50-P-_F-001-01,S454A0E549BF43E1DE936C7579B0243,is logical end of,S56CCB7DB2EBF5055C38482066DB7D8
C025-W-HO50-P-_F-001-01,SB66F2CC34CFA9ABB95893FF7C86EEA,has logical start,S1D5423758E63FDD20B6B405F602201
C025-W-HO50-P-_F-001-01,SB66F2CC34CFA9ABB95893FF7C86EEA,has logical end,S454A0E549BF43E1DE936C7579B0243
C025-W-HO50-P-_F-001-01,S56CCB7DB2EBF5055C38482066DB7D8,has logical start,S3D85581B73B99001E90BAE007BDDCE
C025-W-HO50-P-_F-001-01,S56CCB7DB2EBF5055C38482066DB7D8,has logical end,S454A0E549BF43E1DE936C7579B0243
C025-W-HO50-P-_F-001-01,S1D5423758E63FDD20B6B405F602201,is logical start of,SB66F2CC34CFA9ABB95893FF7C86EEA
C025-W-HO50-P-_F-001-01,S1D5423758E63FDD20B6B405F602201,is located in,SFD8CED0F44461551E2BB6D8B4D49B8
C025-W-HO50-P-_F-001-01,SCD1434353665A6811C87CA614D7FC1,is a part of,S8A5D98B1F21AAA5DB804490A9DF21E
C025-W-HO50-P-_F-001-01,SCD1434353665A6811C87CA614D7FC1,is logical start of,S4F861CD3B7AF34B22E211F246D8EF1
C025-W-HO50-P-_F-001-01,SCD1434353665A6811C87CA614D7FC1,is logical end of,S26E82CEC2109F6486651370FE7E3EC
C025-W-HO50-P-_F-001-01,S26E82CEC2109F6486651370FE7E3EC,has logical start,S17CD6E693BDD4E67B2DE66BB39E9F3
C025-W-HO50-P-_F-001-01,S26E82CEC2109F6486651370FE7E3EC,has logical end,SCD1434353665A6811C87CA614D7FC1
C025-W-HO50-P-_F-001-01,S17CD6E693BDD4E67B2DE66BB39E9F3,is logical start of,S26E82CEC2109F6486651370FE7E3EC
C025-W-HO50-P-_F-001-01,S17CD6E693BDD4E67B2DE66BB39E9F3,is located in,SC27294B40E1E30645CEC57ECAD2036
C025-W-HO50-P-_F-001-01,S95ABF0E0C4D42AE597406E7807BEFF,is a part of,SF50A8C2510BDD6F8F5C3D99058259F
C025-W-HO50-P-_F-001-01,S95ABF0E0C4D42AE597406E7807BEFF,is logical start of,SDE69AF6F319168E051C3F6F9B0575C
C025-W-HO50-P-_F-001-01,S95ABF0E0C4D42AE597406E7807BEFF,is logical end of,SC269E88920BAC8814619E6AE9614FD
C025-W-HO50-P-_F-001-01,SDE69AF6F319168E051C3F6F9B0575C,has logical start,S95ABF0E0C4D42AE597406E7807BEFF
C025-W-HO50-P-_F-001-01,SDE69AF6F319168E051C3F6F9B0575C,has logical end,SA9AA9C2FC16E5BE14C17762987B507
C025-W-HO50-P-_F-001-01,SC269E88920BAC8814619E6AE9614FD,has logical start,SD3BD4C8051B881131A441AC6DFE04A
C025-W-HO50-P-_F-001-01,SC269E88920BAC8814619E6AE9614FD,has logical end,S95ABF0E0C4D42AE597406E7807BEFF
C025-W-HO50-P-_F-001-01,SD3BD4C8051B881131A441AC6DFE04A,is logical start of,SC269E88920BAC8814619E6AE9614FD
C025-W-HO50-P-_F-001-01,SD3BD4C8051B881131A441AC6DFE04A,is located in,S2ABE09B55C353B5B6F73C6F30E88B1
C025-W-HO50-P-_F-001-01,SB456E9EDB5956BC81E5F8738B2C048,is a part of,S16C6DF48C5755A917C6DFD4A791CD0
C025-W-HO50-P-_F-001-01,SB456E9EDB5956BC81E5F8738B2C048,is logical start of,S9BA73A4075109F8169F47610553A55
C025-W-HO50-P-_F-001-01,SB456E9EDB5956BC81E5F8738B2C048,is logical end of,S7544004A37CC6029565CB6C3E32014
C025-W-HO50-P-_F-001-01,S9BA73A4075109F8169F47610553A55,has logical start,SB456E9EDB5956BC81E5F8738B2C048
C025-W-HO50-P-_F-001-01,S9BA73A4075109F8169F47610553A55,has logical end,S5E3A7FE2589B446994E4372D7CC24B
C025-W-HO50-P-_F-001-01,S7544004A37CC6029565CB6C3E32014,has logical start,S6FC7AA40737F1D6B26C1D92E3C96F9
C025-W-HO50-P-_F-001-01,S7544004A37CC6029565CB6C3E32014,has logical end,SB456E9EDB5956BC81E5F8738B2C048
C025-W-HO50-P-_F-001-01,S6FC7AA40737F1D6B26C1D92E3C96F9,is logical start of,S7544004A37CC6029565CB6C3E32014
C025-W-HO50-P-_F-001-01,S6FC7AA40737F1D6B26C1D92E3C96F9,is located in,S5D8A4451841F20BCEE14536A76C5DA
C025-W-HO50-P-_F-001-01,S8BE0D5E01E903D5183871389D26523,is a part of,S1E2AE371112643405CFD2910E02897
C025-W-HO50-P-_F-001-01,S8BE0D5E01E903D5183871389D26523,is logical end of,SDE30C8A16512259F0795E23FEDC8A5
C025-W-HO50-P-_F-001-01,S8BE0D5E01E903D5183871389D26523,is logical start of,S516925365D786ADF5FBF2CC92CBE68
C025-W-HO50-P-_F-001-01,S8BE0D5E01E903D5183871389D26523,is logical end of,SC12326D37FC9FD358AC076297FC4AF
C025-W-HO50-P-_F-001-01,SDE30C8A16512259F0795E23FEDC8A5,has logical start,SC5EFC436C788FF74F4763931BDF899
C025-W-HO50-P-_F-001-01,SDE30C8A16512259F0795E23FEDC8A5,has logical end,S8BE0D5E01E903D5183871389D26523
C025-W-HO50-P-_F-001-01,SC12326D37FC9FD358AC076297FC4AF,has logical end,S8BE0D5E01E903D5183871389D26523
C025-W-HO50-P-_F-001-01,SC5EFC436C788FF74F4763931BDF899,is logical start of,SDE30C8A16512259F0795E23FEDC8A5
C025-W-HO50-P-_F-001-01,SC5EFC436C788FF74F4763931BDF899,is located in,S7CE2D877B9780EFBA3AD1B9FC46AD9
C025-W-HO50-P-_F-001-01,S64876857D087B0106DDBD37808E110,is a part of,S4F2D881515B6D2DBEA7C83E5656717
C025-W-HO50-P-_F-001-01,S64876857D087B0106DDBD37808E110,is logical end of,SB86F38D215DC64740F2193DC6452B6
C025-W-HO50-P-_F-001-01,S64876857D087B0106DDBD37808E110,is logical start of,S1F55056FB09BA51DF80CB84415EEAA
C025-W-HO50-P-_F-001-01,SB86F38D215DC64740F2193DC6452B6,has logical start,S3FDAB6B8DC0B5CB25C295FE2DFDCB3
C025-W-HO50-P-_F-001-01,SB86F38D215DC64740F2193DC6452B6,has logical end,S64876857D087B0106DDBD37808E110
C025-W-HO50-P-_F-001-01,S3FDAB6B8DC0B5CB25C295FE2DFDCB3,is logical start of,SB86F38D215DC64740F2193DC6452B6
C025-W-HO50-P-_F-001-01,S3FDAB6B8DC0B5CB25C295FE2DFDCB3,is located in,S595F8FE7C1B52A7703D711D216DF74
C025-W-HO50-P-_F-001-01,SF37710CB86E2E2DDC7908F969CE39A,is a part of,SA1B9878956DDA7D2FFF5969AB71495
C025-W-HO50-P-_F-001-01,SF37710CB86E2E2DDC7908F969CE39A,is logical end of,S3ABEED6D729A1E048DC604726727C7
C025-W-HO50-P-_F-001-01,S3ABEED6D729A1E048DC604726727C7,has logical start,SE42479078E91E27C1F0CE128D44ABD
C025-W-HO50-P-_F-001-01,S3ABEED6D729A1E048DC604726727C7,has logical end,SF37710CB86E2E2DDC7908F969CE39A
C025-W-HO50-P-_F-001-01,SE42479078E91E27C1F0CE128D44ABD,is logical start of,S3ABEED6D729A1E048DC604726727C7
C025-W-HO50-P-_F-001-01,SE42479078E91E27C1F0CE128D44ABD,is located in,S72AB8342B10DF61864D5A756831726
C025-W-HO50-P-_F-001-01,S26816B543934B2FC283B01FE03D79C,is a part of,S6CA22D76330BC1A68A73FAF459E708
C025-W-HO50-P-_F-001-01,S26816B543934B2FC283B01FE03D79C,is logical end of,S9B28550B3D7F0B346F4B8609F88908
C025-W-HO50-P-_F-001-01,S9B28550B3D7F0B346F4B8609F88908,has logical start,SCE0EBAF73084F9E19BFBCA61AD534C
C025-W-HO50-P-_F-001-01,S9B28550B3D7F0B346F4B8609F88908,has logical end,S26816B543934B2FC283B01FE03D79C
C025-W-HO50-P-_F-001-01,SCE0EBAF73084F9E19BFBCA61AD534C,is logical start of,S9B28550B3D7F0B346F4B8609F88908
C025-W-HO50-P-_F-001-01,SCE0EBAF73084F9E19BFBCA61AD534C,is located in,S49FD42163E91ACD6EC57EFE27A6BEE
C025-W-HO50-P-_F-001-01,S16C5AE5CAF4072F2E4264030761CD2,is a part of,S4E32100BC1E2089BE4D7AE497C128C
C025-W-HO50-P-_F-001-01,S16C5AE5CAF4072F2E4264030761CD2,is logical start of,S5A1FCEE7D7336202622C652FA75291
C025-W-HO50-P-_F-001-01,S16C5AE5CAF4072F2E4264030761CD2,is logical end of,S96D692903FA5167C971F45806D57F4
C025-W-HO50-P-_F-001-01,S5A1FCEE7D7336202622C652FA75291,has logical start,S16C5AE5CAF4072F2E4264030761CD2
C025-W-HO50-P-_F-001-01,S5A1FCEE7D7336202622C652FA75291,has logical end,SEC6D7C25136DAE46C27B0F60A52057
C025-W-HO50-P-_F-001-01,S96D692903FA5167C971F45806D57F4,has logical start,SE6AB6CBD8CE48997B5400EF418A762
C025-W-HO50-P-_F-001-01,S96D692903FA5167C971F45806D57F4,has logical end,S16C5AE5CAF4072F2E4264030761CD2
C025-W-HO50-P-_F-001-01,SE6AB6CBD8CE48997B5400EF418A762,is logical start of,S96D692903FA5167C971F45806D57F4
C025-W-HO50-P-_F-001-01,SE6AB6CBD8CE48997B5400EF418A762,is located in,S62FA7835667563D555FEA347D3D12B
C025-W-HO50-P-_F-001-01,S9B57F1E7C286C72AFF8DEC30B779BC,is a part of,SA8B6233535D8D043A83D949861CB1F
C025-W-HO50-P-_F-001-01,S9B57F1E7C286C72AFF8DEC30B779BC,is logical start of,SBDE39B1F3D1CC23ECBD5648B6C7ABB
C025-W-HO50-P-_F-001-01,S9B57F1E7C286C72AFF8DEC30B779BC,is logical end of,S3AA7D99D8C06073A494B691D2EEF91
C025-W-HO50-P-_F-001-01,S9B57F1E7C286C72AFF8DEC30B779BC,is logical end of,SF8656A8D7B6109A2693C8576F75B7C
C025-W-HO50-P-_F-001-01,S9B57F1E7C286C72AFF8DEC30B779BC,is logical start of,S8B576BBF6E9C26E77DD894E459445C
C025-W-HO50-P-_F-001-01,S9B57F1E7C286C72AFF8DEC30B779BC,is logical end of,SEA39C15FD38AD2B254B860BD65163A
C025-W-HO50-P-_F-001-01,S9B57F1E7C286C72AFF8DEC30B779BC,is logical end of,SB7EA3BEE574D5D24B0E3E3B13C6DD7
C025-W-HO50-P-_F-001-01,S3AA7D99D8C06073A494B691D2EEF91,has logical start,S5852E1B85880A5CEA7B00939DFEEC6
C025-W-HO50-P-_F-001-01,S3AA7D99D8C06073A494B691D2EEF91,has logical end,S9B57F1E7C286C72AFF8DEC30B779BC
C025-W-HO50-P-_F-001-01,S8B576BBF6E9C26E77DD894E459445C,has logical start,S9B57F1E7C286C72AFF8DEC30B779BC
C025-W-HO50-P-_F-001-01,S8B576BBF6E9C26E77DD894E459445C,has logical end,S4F536CACCC867DE9FE54871EBDFA46
C025-W-HO50-P-_F-001-01,S5852E1B85880A5CEA7B00939DFEEC6,is logical start of,S3AA7D99D8C06073A494B691D2EEF91
C025-W-HO50-P-_F-001-01,S5852E1B85880A5CEA7B00939DFEEC6,is located in,SB3CD92F9EE3F3EF201514EBA0EC9D7
C025-W-HO50-P-_F-001-01,S8CB4C16E1EF234202DB442BAD2B0D9,is a part of,S4B4D89165E1B81978D351C669CDEC3
C025-W-HO50-P-_F-001-01,S8CB4C16E1EF234202DB442BAD2B0D9,is logical start of,S58D8CF71AD7C011D05AA99A50BEEA7
C025-W-HO50-P-_F-001-01,S58D8CF71AD7C011D05AA99A50BEEA7,has logical start,S8CB4C16E1EF234202DB442BAD2B0D9
C025-W-HO50-P-_F-001-01,S58D8CF71AD7C011D05AA99A50BEEA7,has logical end,SA02FBD69DA5BB6C093F57337C906C3
C025-W-HO50-P-_F-001-01,SC6F7B6B774609E26F358122EDEC0CC,is a part of,SA7E4BC7F55D989900DA8B021D946EB
C025-W-HO50-P-_F-001-01,SC6F7B6B774609E26F358122EDEC0CC,is logical end of,SFF136A7A2FAB82EECE7AAF0B8BF24C
C025-W-HO50-P-_F-001-01,SFF136A7A2FAB82EECE7AAF0B8BF24C,has logical start,S7FBA7729B502A9C736F94ED049EB9A
C025-W-HO50-P-_F-001-01,SFF136A7A2FAB82EECE7AAF0B8BF24C,has logical end,SC6F7B6B774609E26F358122EDEC0CC
C025-W-HO50-P-_F-001-01,S9C2954526A3FA7B4A17936ECEAE3BA,is a part of,S96CDA008512025CAF1246C4FFB78E1
C025-W-HO50-P-_F-001-01,S9C2954526A3FA7B4A17936ECEAE3BA,is logical end of,S674D87550251929D89AE328FFDBF73
C025-W-HO50-P-_F-001-01,S674D87550251929D89AE328FFDBF73,has logical start,SC314DF3ED7E71754CC9D9F7B3201981
C025-W-HO50-P-_F-001-01,S674D87550251929D89AE328FFDBF73,has logical end,S9C2954526A3FA7B4A17936ECEAE3BA
C025-W-HO50-P-_F-001-01,SC314DF3ED7E71754CC9D9F7B3201981,is logical start of,S674D87550251929D89AE328FFDBF73
C025-W-HO50-P-_F-001-01,SC314DF3ED7E71754CC9D9F7B3201981,is fulfilled by,SA1DF5081C32DC9DE1A42BD26425D48
C025-W-HO50-P-_F-001-01,SC314DF3ED7E71754CC9D9F7B3201981,is located in,S7F8EE78A0AECE5A9A195C5D77AA444
C025-W-HO50-P-_F-001-01,S683E04F82A195EF792E0540CD6BA0E,is a part of,S55C49F8922E0F1D7BFA6291E991A91
C025-W-HO50-P-_F-001-01,S683E04F82A195EF792E0540CD6BA0E,is logical end of,S9362553A3205F4C413222AA41BE03F
C025-W-HO50-P-_F-001-01,S9362553A3205F4C413222AA41BE03F,has logical start,S4F536CACCC867DE9FE54871EBDFA46
C025-W-HO50-P-_F-001-01,S9362553A3205F4C413222AA41BE03F,has logical end,S683E04F82A195EF792E0540CD6BA0E
C025-W-HO50-P-_F-001-01,SE626F9C4B62C14EAC595FD1F88BA11,is a part of,S2724D16E32EDEDB466FA0D5B7C7C9E
C025-W-HO50-P-_F-001-01,SE626F9C4B62C14EAC595FD1F88BA11,is logical end of,SD981B2E06F643FE8CF72EEC0961684
C025-W-HO50-P-_F-001-01,SD981B2E06F643FE8CF72EEC0961684,has logical start,S1F059E38D3C051CE5331DA2CFF8E041
C025-W-HO50-P-_F-001-01,SD981B2E06F643FE8CF72EEC0961684,has logical end,SE626F9C4B62C14EAC595FD1F88BA11
C025-W-HO50-P-_F-001-01,S1F059E38D3C051CE5331DA2CFF8E041,is logical start of,SD981B2E06F643FE8CF72EEC0961684
C025-W-HO50-P-_F-001-01,S1F059E38D3C051CE5331DA2CFF8E041,is fulfilled by,S8C1E3A07E3F546385B8D66F3AFDFE0
C025-W-HO50-P-_F-001-01,S1F059E38D3C051CE5331DA2CFF8E041,is located in,S8B3613A32523BD19342C912071988C
C025-W-HO50-P-_F-001-01,S14D5ED673E067DED2C39AD196A4CC4,is a part of,S2886AFFD273D01B9B0EB67EE0A37FD
C025-W-HO50-P-_F-001-01,S14D5ED673E067DED2C39AD196A4CC4,is logical end of,S236857BAE0B7DF95B3924B4768C0CB
C025-W-HO50-P-_F-001-01,S74A067CDC0AD3CE3DC3D7A41215EEB,is a part of,SFC50516FA01F797E2AF62BB0A02CFE
C025-W-HO50-P-_F-001-01,S74A067CDC0AD3CE3DC3D7A41215EEB,is logical start of,S93E19F4E797946EF58744B9D22EC90
C025-W-HO50-P-_F-001-01,S96B2DACF098ACCBA72985FC97D031D,is a part of,S9B0E6793CAE83E6FDD0ED230451E49
C025-W-HO50-P-_F-001-01,S96B2DACF098ACCBA72985FC97D031D,is logical end of,S4268D2904DC99129C2EC6BBB1421CA
C025-W-HO50-P-_F-001-01,S4268D2904DC99129C2EC6BBB1421CA,has logical start,SA02FBD69DA5BB6C093F57337C906C3
C025-W-HO50-P-_F-001-01,S4268D2904DC99129C2EC6BBB1421CA,has logical end,S96B2DACF098ACCBA72985FC97D031D
C025-W-HO50-P-_F-001-01,S6F202F609F098479ADE0AADBF50621,is a part of,S9CA13B449832D648E3DCF1A187111F
C025-W-HO50-P-_F-001-01,S6F202F609F098479ADE0AADBF50621,is logical start of,SB0453C21DF2060FFE351FB7C8CA3F4
C025-W-HO50-P-_F-001-01,SB0453C21DF2060FFE351FB7C8CA3F4,has logical start,S6F202F609F098479ADE0AADBF50621
C025-W-HO50-P-_F-001-01,SB0453C21DF2060FFE351FB7C8CA3F4,has logical end,S608EF781BA44C68E21EDC598396D7C
C025-W-HO50-P-_F-001-01,SEE0ED5CC9810E24A261E6C3B927F21,is a part of,S62FA58742F9FD999D186D63B479FE3
C025-W-HO50-P-_F-001-01,SEE0ED5CC9810E24A261E6C3B927F21,is logical end of,S7C3A44295AAA597EEF026D142BB4AD
C025-W-HO50-P-_F-001-01,S410D6F918381073C5283D9CA5A7D5D,is a part of,SAAB79C91C7D32228106767C3219538
C025-W-HO50-P-_F-001-01,S410D6F918381073C5283D9CA5A7D5D,is logical end of,S57FD8975E1EB4895E5481E84F0C437
C025-W-HO50-P-_F-001-01,S410D6F918381073C5283D9CA5A7D5D,is logical end of,SE14A4745168CCEA3B6F2C9D889DDC1
C025-W-HO50-P-_F-001-01,S410D6F918381073C5283D9CA5A7D5D,is logical start of,S909163A22638B9F974286A57FFD696
C025-W-HO50-P-_F-001-01,S410D6F918381073C5283D9CA5A7D5D,is logical end of,SD4BAB7BED006FA8885792F65431A03
C025-W-HO50-P-_F-001-01,S410D6F918381073C5283D9CA5A7D5D,is logical start of,S7BC17E5C460654C867F057C4011F17
C025-W-HO50-P-_F-001-01,S410D6F918381073C5283D9CA5A7D5D,is logical end of,S492B24B821A4F9262E9DF8AE6D1A05
C025-W-HO50-P-_F-001-01,SE14A4745168CCEA3B6F2C9D889DDC1,has logical start,S608EF781BA44C68E21EDC598396D7C
C025-W-HO50-P-_F-001-01,SE14A4745168CCEA3B6F2C9D889DDC1,has logical end,S410D6F918381073C5283D9CA5A7D5D
C025-W-HO50-P-_F-001-01,SD4BAB7BED006FA8885792F65431A03,has logical start,S3C3178602DFF163523360AAA00D246
C025-W-HO50-P-_F-001-01,SD4BAB7BED006FA8885792F65431A03,has logical end,S410D6F918381073C5283D9CA5A7D5D
C025-W-HO50-P-_F-001-01,S3C3178602DFF163523360AAA00D246,is logical start of,SD4BAB7BED006FA8885792F65431A03
C025-W-HO50-P-_F-001-01,S3C3178602DFF163523360AAA00D246,is located in,S15CC534E4CC2DC3E768454EAB81108
C025-W-HO50-P-_F-001-01,S7FBA7729B502A9C736F94ED049EB9A,is a part of,SB45BF0205164B270367E498C2735A8
C025-W-HO50-P-_F-001-01,S7FBA7729B502A9C736F94ED049EB9A,is logical end of,S93E19F4E797946EF58744B9D22EC90
C025-W-HO50-P-_F-001-01,S7FBA7729B502A9C736F94ED049EB9A,is logical start of,SFF136A7A2FAB82EECE7AAF0B8BF24C
C025-W-HO50-P-_F-001-01,S7FBA7729B502A9C736F94ED049EB9A,is logical start of,SFCD39F2C86664000C24C9D45BD9F24
C025-W-HO50-P-_F-001-01,S93E19F4E797946EF58744B9D22EC90,has logical start,S74A067CDC0AD3CE3DC3D7A41215EEB
C025-W-HO50-P-_F-001-01,S93E19F4E797946EF58744B9D22EC90,has logical end,S7FBA7729B502A9C736F94ED049EB9A
C025-W-HO50-P-_F-001-01,SFCD39F2C86664000C24C9D45BD9F24,has logical start,S7FBA7729B502A9C736F94ED049EB9A
C025-W-HO50-P-_F-001-01,SFCD39F2C86664000C24C9D45BD9F24,has logical end,SB2FA3F6192ADF4373A2CFA59358963
C025-W-HO50-P-_F-001-01,SB2FA3F6192ADF4373A2CFA59358963,is logical end of,SFCD39F2C86664000C24C9D45BD9F24
C025-W-HO50-P-_F-001-01,SB2FA3F6192ADF4373A2CFA59358963,is fulfilled by,SCC2BD0EC1EF29F6B63B8329083360E
C025-W-HO50-P-_F-001-01,SB2FA3F6192ADF4373A2CFA59358963,is located in,SDA520D697DCB42E01DBB23FCC7A020
C025-W-HO50-P-_F-001-01,S608EF781BA44C68E21EDC598396D7C,is a part of,S29445D2729ADE2DA4331CA51CB07C1
C025-W-HO50-P-_F-001-01,S608EF781BA44C68E21EDC598396D7C,is logical start of,SE14A4745168CCEA3B6F2C9D889DDC1
C025-W-HO50-P-_F-001-01,S608EF781BA44C68E21EDC598396D7C,is logical end of,SB0453C21DF2060FFE351FB7C8CA3F4
C025-W-HO50-P-_F-001-01,S608EF781BA44C68E21EDC598396D7C,is logical start of,S236857BAE0B7DF95B3924B4768C0CB
C025-W-HO50-P-_F-001-01,S236857BAE0B7DF95B3924B4768C0CB,has logical start,S608EF781BA44C68E21EDC598396D7C
C025-W-HO50-P-_F-001-01,S236857BAE0B7DF95B3924B4768C0CB,has logical end,S14D5ED673E067DED2C39AD196A4CC4
C025-W-HO50-P-_F-001-01,SA02FBD69DA5BB6C093F57337C906C3,is a part of,S4BC9331EF4692EBFDA8F9C5D76CC25
C025-W-HO50-P-_F-001-01,SA02FBD69DA5BB6C093F57337C906C3,is logical end of,S58D8CF71AD7C011D05AA99A50BEEA7
C025-W-HO50-P-_F-001-01,SA02FBD69DA5BB6C093F57337C906C3,is logical start of,S237F601DAD8582E9ADDA4A6BCA2CE0
C025-W-HO50-P-_F-001-01,SA02FBD69DA5BB6C093F57337C906C3,is logical start of,S4268D2904DC99129C2EC6BBB1421CA
C025-W-HO50-P-_F-001-01,S237F601DAD8582E9ADDA4A6BCA2CE0,has logical start,SA02FBD69DA5BB6C093F57337C906C3
C025-W-HO50-P-_F-001-01,S237F601DAD8582E9ADDA4A6BCA2CE0,has logical end,S9DBA939705E169A265BE79B5B6735F
C025-W-HO50-P-_F-001-01,S9DBA939705E169A265BE79B5B6735F,is logical end of,S237F601DAD8582E9ADDA4A6BCA2CE0
C025-W-HO50-P-_F-001-01,S9DBA939705E169A265BE79B5B6735F,is fulfilled by,S18863973005F38D5820029CD69F476
C025-W-HO50-P-_F-001-01,S9DBA939705E169A265BE79B5B6735F,is located in,S862AD629F1019572791021C170A582
C025-W-HO50-P-_F-001-01,SCAD75F055A776C42E0EA1EEB78E4AC,is a part of,S42E62A408023FB92F5438BDFB75748
C025-W-HO50-P-_F-001-01,SCAD75F055A776C42E0EA1EEB78E4AC,is logical end of,SCDC70C746275DA58D7EEFF90A3ED5E
C025-W-HO50-P-_F-001-01,SCAD75F055A776C42E0EA1EEB78E4AC,is logical start of,S1AD76A1764A11C72D0ABCF3E588EF2
C025-W-HO50-P-_F-001-01,SCAD75F055A776C42E0EA1EEB78E4AC,is logical start of,SCEDC993915F8D2C95003FFE28B3A75
C025-W-HO50-P-_F-001-01,S1AD76A1764A11C72D0ABCF3E588EF2,has logical start,SCAD75F055A776C42E0EA1EEB78E4AC
C025-W-HO50-P-_F-001-01,S1AD76A1764A11C72D0ABCF3E588EF2,has logical end,SDEB2D84FA902FEDB93BD29072DD9DB
C025-W-HO50-P-_F-001-01,S4F536CACCC867DE9FE54871EBDFA46,is a part of,S1D5714E4C27B24AB8956A0CF80A8F7
C025-W-HO50-P-_F-001-01,S4F536CACCC867DE9FE54871EBDFA46,is logical start of,S9362553A3205F4C413222AA41BE03F
C025-W-HO50-P-_F-001-01,S4F536CACCC867DE9FE54871EBDFA46,is logical start of,S7C3A44295AAA597EEF026D142BB4AD
C025-W-HO50-P-_F-001-01,S4F536CACCC867DE9FE54871EBDFA46,is logical end of,S8B576BBF6E9C26E77DD894E459445C
C025-W-HO50-P-_F-001-01,S7C3A44295AAA597EEF026D142BB4AD,has logical start,S4F536CACCC867DE9FE54871EBDFA46
C025-W-HO50-P-_F-001-01,S7C3A44295AAA597EEF026D142BB4AD,has logical end,SEE0ED5CC9810E24A261E6C3B927F21
C025-W-HO63-P-_U-005-01,SC884AB0F42B5D6F5E5B73DBAED10E9,is a collection including,S90410346B94E3D0CCF749F318D6AFA
C025-W-HO63-P-_U-005-01,S8DCC9F7214BABFD9BD8C557197F5B5,is a collection including,S84EE222997BD29A8240CA2B00D25AB
C025-W-HO63-P-_U-005-01,SD8251E66A5FCC2AB32FB758336C184,is a collection including,SE49D1F5A827E8345C7ECD8331515C8
C025-W-HO63-P-_U-005-01,SB81CDCAA2C56B72C89BBD305ED1BB4,is a collection including,SF18605432B227408035AF6AF08317A
C025-W-HO63-P-_U-005-01,SFFE360505616979995E31AC6B53007,is a collection including,S305319F6367E9A1C498F7A83EDEB24
C025-W-HO63-P-_U-005-01,S420C6CBB6334003CA2B239016D1C33,fulfills,S7BCBD259DF0038BDD2993C7AAE7943
C025-W-HO63-P-_U-005-01,S5A04DD32E8C2CA49D7423FE92C2BC8,refers to,S28A52B63F2347AF68938B90B6983D0
C025-W-HO63-P-_U-005-01,SD871FC34225B077753B1E56286DC1A,fulfills,S127D4A631EC5665BDE8A787DE0E2C4
C025-W-HO63-P-_U-005-01,S630B925AADC0B81E8C66492706BF03,refers to,S26B35C426E383E288FE5E189D47C2B
C025-W-HO63-P-_U-005-01,S10D24743B408B7BA09C87F82B6C9B0,is the location of,S7BCBD259DF0038BDD2993C7AAE7943
C025-W-HO63-P-_U-005-01,S28A52B63F2347AF68938B90B6983D0,is referenced by,S5A04DD32E8C2CA49D7423FE92C2BC8
C025-W-HO63-P-_U-005-01,S90410346B94E3D0CCF749F318D6AFA,is a part of,SC884AB0F42B5D6F5E5B73DBAED10E9
C025-W-HO63-P-_U-005-01,S90410346B94E3D0CCF749F318D6AFA,is logical end of,S441241EE47081A9147A7B495B22019
C025-W-HO63-P-_U-005-01,S441241EE47081A9147A7B495B22019,has logical start,SE49D1F5A827E8345C7ECD8331515C8
C025-W-HO63-P-_U-005-01,S441241EE47081A9147A7B495B22019,has logical end,S90410346B94E3D0CCF749F318D6AFA
C025-W-HO63-P-_U-005-01,S84EE222997BD29A8240CA2B00D25AB,is a part of,S8DCC9F7214BABFD9BD8C557197F5B5
C025-W-HO63-P-_U-005-01,S84EE222997BD29A8240CA2B00D25AB,is logical end of,S92DE49543773B14821FE0FBBB74E08
C025-W-HO63-P-_U-005-01,S92DE49543773B14821FE0FBBB74E08,has logical start,S305319F6367E9A1C498F7A83EDEB24
C025-W-HO63-P-_U-005-01,S92DE49543773B14821FE0FBBB74E08,has logical end,S84EE222997BD29A8240CA2B00D25AB
C025-W-HO63-P-_U-005-01,S759674C0177297ED313A3BE685E4CA,is the location of,S127D4A631EC5665BDE8A787DE0E2C4
C025-W-HO63-P-_U-005-01,S26B35C426E383E288FE5E189D47C2B,is referenced by,S630B925AADC0B81E8C66492706BF03
C025-W-HO63-P-_U-005-01,SE49D1F5A827E8345C7ECD8331515C8,is a part of,SD8251E66A5FCC2AB32FB758336C184
C025-W-HO63-P-_U-005-01,SE49D1F5A827E8345C7ECD8331515C8,is logical start of,S441241EE47081A9147A7B495B22019
C025-W-HO63-P-_U-005-01,SE49D1F5A827E8345C7ECD8331515C8,is logical end of,S8D37654DB8A5B4677DD4B5A78C0E2D
C025-W-HO63-P-_U-005-01,S8D37654DB8A5B4677DD4B5A78C0E2D,has logical start,S7BCBD259DF0038BDD2993C7AAE7943
C025-W-HO63-P-_U-005-01,S8D37654DB8A5B4677DD4B5A78C0E2D,has logical end,SE49D1F5A827E8345C7ECD8331515C8
C025-W-HO63-P-_U-005-01,S7BCBD259DF0038BDD2993C7AAE7943,is logical start of,S8D37654DB8A5B4677DD4B5A78C0E2D
C025-W-HO63-P-_U-005-01,S7BCBD259DF0038BDD2993C7AAE7943,is fulfilled by,S420C6CBB6334003CA2B239016D1C33
C025-W-HO63-P-_U-005-01,S7BCBD259DF0038BDD2993C7AAE7943,is located in,S10D24743B408B7BA09C87F82B6C9B0
C025-W-HO63-P-_U-005-01,SF18605432B227408035AF6AF08317A,is a part of,SB81CDCAA2C56B72C89BBD305ED1BB4
C025-W-HO63-P-_U-005-01,SF18605432B227408035AF6AF08317A,is logical start of,S1EF4844D1A55BE0BCEF9A89ADF0102
C025-W-HO63-P-_U-005-01,S1EF4844D1A55BE0BCEF9A89ADF0102,has logical start,SF18605432B227408035AF6AF08317A
C025-W-HO63-P-_U-005-01,S1EF4844D1A55BE0BCEF9A89ADF0102,has logical end,S305319F6367E9A1C498F7A83EDEB24
C025-W-HO63-P-_U-005-01,S305319F6367E9A1C498F7A83EDEB24,is a part of,SFFE360505616979995E31AC6B53007
C025-W-HO63-P-_U-005-01,S305319F6367E9A1C498F7A83EDEB24,is logical start of,S92DE49543773B14821FE0FBBB74E08
C025-W-HO63-P-_U-005-01,S305319F6367E9A1C498F7A83EDEB24,is logical start of,S61C7351154A23530D6FB499E269CDE
C025-W-HO63-P-_U-005-01,S305319F6367E9A1C498F7A83EDEB24,is logical end of,S1EF4844D1A55BE0BCEF9A89ADF0102
C025-W-HO63-P-_U-005-01,S61C7351154A23530D6FB499E269CDE,has logical start,S305319F6367E9A1C498F7A83EDEB24
C025-W-HO63-P-_U-005-01,S61C7351154A23530D6FB499E269CDE,has logical end,S127D4A631EC5665BDE8A787DE0E2C4
C025-W-HO63-P-_U-005-01,S127D4A631EC5665BDE8A787DE0E2C4,is logical end of,S61C7351154A23530D6FB499E269CDE
C025-W-HO63-P-_U-005-01,S127D4A631EC5665BDE8A787DE0E2C4,is fulfilled by,SD871FC34225B077753B1E56286DC1A
C025-W-HO63-P-_U-005-01,S127D4A631EC5665BDE8A787DE0E2C4,is located in,S759674C0177297ED313A3BE685E4CA
C025-W-HO64-P-_U-001-01,S4BD2A051488EA4C4ED525E72C02A95,is a collection including,SC1C54383585091E9D7FCF07B7A5CB3
C025-W-HO64-P-_U-001-01,S5E7AF2D0053688E103642951DFD325,is a collection including,SD1C2E46885F87BF8E1311627577306
C025-W-HO64-P-_U-001-01,SBA603DCD4EFAEA7E2E42D6D201ACD8,is a collection including,S95A32C6863BCD4318A0FF9C8497494
C025-W-HO64-P-_U-001-01,S8B571584D8D9BB1AB0E061BB6CAB8F,is a collection including,SBA90D868A2E2AFBEFF70F174B56AC5
C025-W-HO64-P-_U-001-01,S1F8F545C9BA9E4859D25A3B46EF54C,is a collection including,S64BB9C39EECB8F93754D585B0CE8BB
C025-W-HO64-P-_U-001-01,S23A69F9D348F53744C82D5FABDDCC9,is a collection including,S5E483B75B776B5580435D03A1B941E
C025-W-HO64-P-_U-001-01,SCC6A6BAF5909D049E99BDEC47642B4,is a collection including,SD9B0AB6E1C0C01E5138B6096553E64
C025-W-HO64-P-_U-001-01,S1FEAED259C00EFE7A2771AD04D2CBA,is a collection including,SF22919E7C13AC0ED2CC78347F56194
C025-W-HO64-P-_U-001-01,SACDA24744ACD64E76E76D5F0EC9708,is a collection including,S580EFA6A7A6F1A56B698E08A2472EF
C025-W-HO64-P-_U-001-01,S307D678180E9AD621A2568041DDC6E,is a collection including,S197E62F3A4AAB81FD3C2067D12A27B
C025-W-HO64-P-_U-001-01,SDB0BCF30F8120553C3E0735A58C339,is a collection including,S7E692EB6B2017930B1E24A591C42A0
C025-W-HO64-P-_U-001-01,S6AC5B874EE17CF2E247FD16E791850,is a collection including,SE3DA4FB872D5E1B97F173740EB9AEC
C025-W-HO64-P-_U-001-01,S71BC9BA08A2623AF67CA081C2A23C4,is a collection including,S76395A6BE970634FF3DB951CDC8F2D
C025-W-HO64-P-_U-001-01,S12FCEEA64FFFB5EA50812D85245ACB,is a collection including,SCCAC57D0D3528BEBA6DAEB4C9A6F86
C025-W-HO64-P-_U-001-01,SB54379A6FC1EB7F3E466A89F7D49B8,is a collection including,S48BFE936C94B1B994665E6CA7DDD9F
C025-W-HO64-P-_U-001-01,SA2668C061612214F385040570E4895,is a collection including,SFBCFC625FDD5EB9B223ACE71F0F27D
C025-W-HO64-P-_U-001-01,SF7FD5BD6BACAD9EC805B7CC0CBE476,is a collection including,SCDE8F5D1DCED766A2ED988B646DCC5
C025-W-HO64-P-_U-001-01,S2BFDCAE3C75C93A6ACA6B5205B9616,is a collection including,S27CE0038EDE014FC0822216A2F99EE
C025-W-HO64-P-_U-001-01,SE89C759C65CAEA3A5F00507A46EF89,is a collection including,S8720CE83F7A011EB8D45615EBDE564
C025-W-HO64-P-_U-001-01,SAF04B23CDE9A6FD0E4103247DCBFB6,is a collection including,S2844B94B73AC0758FAF7C3417B5F61
C025-W-HO64-P-_U-001-01,S102828EB048118275501DE453E9B0F,is a collection including,SED1DA5A7748504646B936AEDC126E8
C025-W-HO64-P-_U-001-01,SC8E5A198CC718D784196DBDAB8FDCA,is a collection including,S8B2DD347D98924743243E450D77794
C025-W-HO64-P-_U-001-01,SF5CD3024BA5010C442ABE4CE7E1D6E,fulfills,SA9825738B25D14FCFD3D9BBBC41E0D
C025-W-HO64-P-_U-001-01,SD328086AC28E240DCE86E7B8EE5E96,refers to,S4C46B23387791395D76B4F0AB42E1B
C025-W-HO64-P-_U-001-01,SCCF3D34EB6DD56EBB2A7313750CDCC,fulfills,SE1C2AC4E7EB3F7167B2980BE65A93B
C025-W-HO64-P-_U-001-01,S58F27B99EC7206B3CDA8F003C21606,refers to,S4EB7E24CE921F651B0D1C770E9FE62
C025-W-HO64-P-_U-001-01,S9EA4828EF23F254A8CE1A033ACA64A,fulfills,S9A3A77318F1D15A06060B5821C868F
C025-W-HO64-P-_U-001-01,SB5AB1A50634898BDBB6F26C8A71E94,refers to,SA5C2D74C51B40E21CC9B9A5AAD5FB2
C025-W-HO64-P-_U-001-01,S7265C9E1CA24CB69AF5020284278B7,fulfills,SC94621E93DDD907D256F2758C1D6E9
C025-W-HO64-P-_U-001-01,SF668F760BF66CD0EB84FB6182FC04F,refers to,SA629B9FDA0866A9E4583C1CA8C328F
C025-W-HO64-P-_U-001-01,SDE8B54738139B4F852C8AEDD7214FC,is the location of,S806BB53C1FA3E7E17E0C7E1214B1B8
C025-W-HO64-P-_U-001-01,SAE6B95509325586BAF003C728869BF,is the location of,S9A3A77318F1D15A06060B5821C868F
C025-W-HO64-P-_U-001-01,SA5C2D74C51B40E21CC9B9A5AAD5FB2,is referenced by,SB5AB1A50634898BDBB6F26C8A71E94
C025-W-HO64-P-_U-001-01,SCF30CD8E501F30FEB307156D220BA0,is the location of,SC94621E93DDD907D256F2758C1D6E9
C025-W-HO64-P-_U-001-01,SA629B9FDA0866A9E4583C1CA8C328F,is referenced by,SF668F760BF66CD0EB84FB6182FC04F
C025-W-HO64-P-_U-001-01,SF1EFBCF7B5AFFBF656C78A3A564490,is the location of,S935A713CDBBE727BF30FBE77188146
C025-W-HO64-P-_U-001-01,SCFE0B4DD833564B5B41B327172B2C6,is the location of,S74762720DD4A3D0878C2768C68163C
C025-W-HO64-P-_U-001-01,SB1E89EAC11FFCAA85DC5412CA9E6F9,is the location of,SA578BE224154B0DF8B482172FCCF78
C025-W-HO64-P-_U-001-01,SB8661D924106F6F1CF5AEB5AAECFF1,is the location of,SF440268EF24910F53B3D175CA8CB13
C025-W-HO64-P-_U-001-01,SC1C54383585091E9D7FCF07B7A5CB3,is a part of,S4BD2A051488EA4C4ED525E72C02A95
C025-W-HO64-P-_U-001-01,SC1C54383585091E9D7FCF07B7A5CB3,is logical end of,S109364B5ED0B40A2E53F6EE01F6878
C025-W-HO64-P-_U-001-01,S109364B5ED0B40A2E53F6EE01F6878,has logical start,S8B2DD347D98924743243E450D77794
C025-W-HO64-P-_U-001-01,S109364B5ED0B40A2E53F6EE01F6878,has logical end,SC1C54383585091E9D7FCF07B7A5CB3
C025-W-HO64-P-_U-001-01,SD1C2E46885F87BF8E1311627577306,is a part of,S5E7AF2D0053688E103642951DFD325
C025-W-HO64-P-_U-001-01,SD1C2E46885F87BF8E1311627577306,is logical end of,S111FE68E369DDE56646F5F7F77D40C
C025-W-HO64-P-_U-001-01,S111FE68E369DDE56646F5F7F77D40C,has logical start,SE3DA4FB872D5E1B97F173740EB9AEC
C025-W-HO64-P-_U-001-01,S111FE68E369DDE56646F5F7F77D40C,has logical end,SD1C2E46885F87BF8E1311627577306
C025-W-HO64-P-_U-001-01,S95A32C6863BCD4318A0FF9C8497494,is a part of,SBA603DCD4EFAEA7E2E42D6D201ACD8
C025-W-HO64-P-_U-001-01,S95A32C6863BCD4318A0FF9C8497494,is logical end of,SCA58250CEF4E0A7CB2B2D78D410BD7
C025-W-HO64-P-_U-001-01,SCA58250CEF4E0A7CB2B2D78D410BD7,has logical start,S580EFA6A7A6F1A56B698E08A2472EF
C025-W-HO64-P-_U-001-01,SCA58250CEF4E0A7CB2B2D78D410BD7,has logical end,S95A32C6863BCD4318A0FF9C8497494
C025-W-HO64-P-_U-001-01,SBA90D868A2E2AFBEFF70F174B56AC5,is a part of,S8B571584D8D9BB1AB0E061BB6CAB8F
C025-W-HO64-P-_U-001-01,SBA90D868A2E2AFBEFF70F174B56AC5,is logical start of,SCFF1AB86F2A14874CB46EFAC5BD161
C025-W-HO64-P-_U-001-01,S64BB9C39EECB8F93754D585B0CE8BB,is a part of,S1F8F545C9BA9E4859D25A3B46EF54C
C025-W-HO64-P-_U-001-01,S64BB9C39EECB8F93754D585B0CE8BB,is logical end of,SFBE5CB0D5A0B05150AA25643779F74
C025-W-HO64-P-_U-001-01,S5E483B75B776B5580435D03A1B941E,is a part of,S23A69F9D348F53744C82D5FABDDCC9
C025-W-HO64-P-_U-001-01,S5E483B75B776B5580435D03A1B941E,is logical end of,S9323BF43347DB96C482BA6CCFCD400
C025-W-HO64-P-_U-001-01,S9323BF43347DB96C482BA6CCFCD400,has logical start,S2844B94B73AC0758FAF7C3417B5F61
C025-W-HO64-P-_U-001-01,S9323BF43347DB96C482BA6CCFCD400,has logical end,S5E483B75B776B5580435D03A1B941E
C025-W-HO64-P-_U-001-01,SD9B0AB6E1C0C01E5138B6096553E64,is a part of,SCC6A6BAF5909D049E99BDEC47642B4
C025-W-HO64-P-_U-001-01,SD9B0AB6E1C0C01E5138B6096553E64,is logical start of,S6FDF21EB5B49B7088C5CCDFC473532
C025-W-HO64-P-_U-001-01,S6FDF21EB5B49B7088C5CCDFC473532,has logical start,SD9B0AB6E1C0C01E5138B6096553E64
C025-W-HO64-P-_U-001-01,S6FDF21EB5B49B7088C5CCDFC473532,has logical end,S8720CE83F7A011EB8D45615EBDE564
C025-W-HO64-P-_U-001-01,SAF5F858038CC627D946717A47701E3,is the location of,SE1C2AC4E7EB3F7167B2980BE65A93B
C025-W-HO64-P-_U-001-01,S4EB7E24CE921F651B0D1C770E9FE62,is referenced by,S58F27B99EC7206B3CDA8F003C21606
C025-W-HO64-P-_U-001-01,S4EDD7430C9FECE1FA005561896C2ED,is the location of,SA9825738B25D14FCFD3D9BBBC41E0D
C025-W-HO64-P-_U-001-01,S4C46B23387791395D76B4F0AB42E1B,is referenced by,SD328086AC28E240DCE86E7B8EE5E96
C025-W-HO64-P-_U-001-01,SF22919E7C13AC0ED2CC78347F56194,is a part of,S1FEAED259C00EFE7A2771AD04D2CBA
C025-W-HO64-P-_U-001-01,SF22919E7C13AC0ED2CC78347F56194,is logical end of,S6052507FE0F8EC848B56824782A0EF
C025-W-HO64-P-_U-001-01,SF22919E7C13AC0ED2CC78347F56194,is logical end of,S722B3E639276BCE1A61CD59C2DD1B7
C025-W-HO64-P-_U-001-01,S6052507FE0F8EC848B56824782A0EF,has logical start,S806BB53C1FA3E7E17E0C7E1214B1B8
C025-W-HO64-P-_U-001-01,S6052507FE0F8EC848B56824782A0EF,has logical end,SF22919E7C13AC0ED2CC78347F56194
C025-W-HO64-P-_U-001-01,S806BB53C1FA3E7E17E0C7E1214B1B8,is logical start of,S6052507FE0F8EC848B56824782A0EF
C025-W-HO64-P-_U-001-01,S806BB53C1FA3E7E17E0C7E1214B1B8,is located in,SDE8B54738139B4F852C8AEDD7214FC
C025-W-HO64-P-_U-001-01,S580EFA6A7A6F1A56B698E08A2472EF,is a part of,SACDA24744ACD64E76E76D5F0EC9708
C025-W-HO64-P-_U-001-01,S580EFA6A7A6F1A56B698E08A2472EF,is logical end of,SE21CA38AD5A3AA6BDDDC322509709E
C025-W-HO64-P-_U-001-01,S580EFA6A7A6F1A56B698E08A2472EF,is logical start of,SCA58250CEF4E0A7CB2B2D78D410BD7
C025-W-HO64-P-_U-001-01,SE21CA38AD5A3AA6BDDDC322509709E,has logical start,SC94621E93DDD907D256F2758C1D6E9
C025-W-HO64-P-_U-001-01,SE21CA38AD5A3AA6BDDDC322509709E,has logical end,S580EFA6A7A6F1A56B698E08A2472EF
C025-W-HO64-P-_U-001-01,SC94621E93DDD907D256F2758C1D6E9,is logical start of,SE21CA38AD5A3AA6BDDDC322509709E
C025-W-HO64-P-_U-001-01,SC94621E93DDD907D256F2758C1D6E9,is fulfilled by,S7265C9E1CA24CB69AF5020284278B7
C025-W-HO64-P-_U-001-01,SC94621E93DDD907D256F2758C1D6E9,is located in,SCF30CD8E501F30FEB307156D220BA0
C025-W-HO64-P-_U-001-01,S197E62F3A4AAB81FD3C2067D12A27B,is a part of,S307D678180E9AD621A2568041DDC6E
C025-W-HO64-P-_U-001-01,S197E62F3A4AAB81FD3C2067D12A27B,is logical end of,S3CE67D06E78468E8729CAD3A0A7B69
C025-W-HO64-P-_U-001-01,S197E62F3A4AAB81FD3C2067D12A27B,is logical end of,SCFF1AB86F2A14874CB46EFAC5BD161
C025-W-HO64-P-_U-001-01,S3CE67D06E78468E8729CAD3A0A7B69,has logical start,S9A3A77318F1D15A06060B5821C868F
C025-W-HO64-P-_U-001-01,S3CE67D06E78468E8729CAD3A0A7B69,has logical end,S197E62F3A4AAB81FD3C2067D12A27B
C025-W-HO64-P-_U-001-01,SCFF1AB86F2A14874CB46EFAC5BD161,has logical start,SBA90D868A2E2AFBEFF70F174B56AC5
C025-W-HO64-P-_U-001-01,SCFF1AB86F2A14874CB46EFAC5BD161,has logical end,S197E62F3A4AAB81FD3C2067D12A27B
C025-W-HO64-P-_U-001-01,S9A3A77318F1D15A06060B5821C868F,is logical start of,S3CE67D06E78468E8729CAD3A0A7B69
C025-W-HO64-P-_U-001-01,S9A3A77318F1D15A06060B5821C868F,is fulfilled by,S9EA4828EF23F254A8CE1A033ACA64A
C025-W-HO64-P-_U-001-01,S9A3A77318F1D15A06060B5821C868F,is located in,SAE6B95509325586BAF003C728869BF
C025-W-HO64-P-_U-001-01,S7E692EB6B2017930B1E24A591C42A0,is a part of,SDB0BCF30F8120553C3E0735A58C339
C025-W-HO64-P-_U-001-01,S7E692EB6B2017930B1E24A591C42A0,is logical end of,S5E638CA620FDB4FB39AD6394073979
C025-W-HO64-P-_U-001-01,S7E692EB6B2017930B1E24A591C42A0,is logical end of,S2CD827917C06479946B2A166D0A662
C025-W-HO64-P-_U-001-01,S5E638CA620FDB4FB39AD6394073979,has logical start,S8720CE83F7A011EB8D45615EBDE564
C025-W-HO64-P-_U-001-01,S5E638CA620FDB4FB39AD6394073979,has logical end,S7E692EB6B2017930B1E24A591C42A0
C025-W-HO64-P-_U-001-01,S2CD827917C06479946B2A166D0A662,has logical start,SA578BE224154B0DF8B482172FCCF78
C025-W-HO64-P-_U-001-01,S2CD827917C06479946B2A166D0A662,has logical end,S7E692EB6B2017930B1E24A591C42A0
C025-W-HO64-P-_U-001-01,SA578BE224154B0DF8B482172FCCF78,is logical start of,S2CD827917C06479946B2A166D0A662
C025-W-HO64-P-_U-001-01,SA578BE224154B0DF8B482172FCCF78,is located in,SB1E89EAC11FFCAA85DC5412CA9E6F9
C025-W-HO64-P-_U-001-01,SE3DA4FB872D5E1B97F173740EB9AEC,is a part of,S6AC5B874EE17CF2E247FD16E791850
C025-W-HO64-P-_U-001-01,SE3DA4FB872D5E1B97F173740EB9AEC,is logical end of,SFEF0B07196D3FF40CE1F63F46491B5
C025-W-HO64-P-_U-001-01,SE3DA4FB872D5E1B97F173740EB9AEC,is logical start of,S111FE68E369DDE56646F5F7F77D40C
C025-W-HO64-P-_U-001-01,SFEF0B07196D3FF40CE1F63F46491B5,has logical start,SF440268EF24910F53B3D175CA8CB13
C025-W-HO64-P-_U-001-01,SFEF0B07196D3FF40CE1F63F46491B5,has logical end,SE3DA4FB872D5E1B97F173740EB9AEC
C025-W-HO64-P-_U-001-01,SF440268EF24910F53B3D175CA8CB13,is logical start of,SFEF0B07196D3FF40CE1F63F46491B5
C025-W-HO64-P-_U-001-01,SF440268EF24910F53B3D175CA8CB13,is located in,SB8661D924106F6F1CF5AEB5AAECFF1
C025-W-HO64-P-_U-001-01,S76395A6BE970634FF3DB951CDC8F2D,is a part of,S71BC9BA08A2623AF67CA081C2A23C4
C025-W-HO64-P-_U-001-01,S76395A6BE970634FF3DB951CDC8F2D,is logical start of,S99D0C50A0E5391FCC5B5C9C0737FCA
C025-W-HO64-P-_U-001-01,S99D0C50A0E5391FCC5B5C9C0737FCA,has logical start,S76395A6BE970634FF3DB951CDC8F2D
C025-W-HO64-P-_U-001-01,S99D0C50A0E5391FCC5B5C9C0737FCA,has logical end,S8B2DD347D98924743243E450D77794
C025-W-HO64-P-_U-001-01,SCCAC57D0D3528BEBA6DAEB4C9A6F86,is a part of,S12FCEEA64FFFB5EA50812D85245ACB
C025-W-HO64-P-_U-001-01,SCCAC57D0D3528BEBA6DAEB4C9A6F86,is logical end of,S7D942F39006F9524369E203A51C6B8
C025-W-HO64-P-_U-001-01,S7D942F39006F9524369E203A51C6B8,has logical start,S74762720DD4A3D0878C2768C68163C
C025-W-HO64-P-_U-001-01,S7D942F39006F9524369E203A51C6B8,has logical end,SCCAC57D0D3528BEBA6DAEB4C9A6F86
C025-W-HO64-P-_U-001-01,S74762720DD4A3D0878C2768C68163C,is logical start of,S7D942F39006F9524369E203A51C6B8
C025-W-HO64-P-_U-001-01,S74762720DD4A3D0878C2768C68163C,is located in,SCFE0B4DD833564B5B41B327172B2C6
C025-W-HO64-P-_U-001-01,S48BFE936C94B1B994665E6CA7DDD9F,is a part of,SB54379A6FC1EB7F3E466A89F7D49B8
C025-W-HO64-P-_U-001-01,S48BFE936C94B1B994665E6CA7DDD9F,is logical end of,S112DCD3EA445E85A602AB2C26BE5C1
C025-W-HO64-P-_U-001-01,S112DCD3EA445E85A602AB2C26BE5C1,has logical start,S935A713CDBBE727BF30FBE77188146
C025-W-HO64-P-_U-001-01,S112DCD3EA445E85A602AB2C26BE5C1,has logical end,S48BFE936C94B1B994665E6CA7DDD9F
C025-W-HO64-P-_U-001-01,S935A713CDBBE727BF30FBE77188146,is logical start of,S112DCD3EA445E85A602AB2C26BE5C1
C025-W-HO64-P-_U-001-01,S935A713CDBBE727BF30FBE77188146,is located in,SF1EFBCF7B5AFFBF656C78A3A564490
C025-W-HO64-P-_U-001-01,SFBCFC625FDD5EB9B223ACE71F0F27D,is a part of,SA2668C061612214F385040570E4895
C025-W-HO64-P-_U-001-01,SFBCFC625FDD5EB9B223ACE71F0F27D,is logical end of,S7C22777DF8623E14A60965558262CD
C025-W-HO64-P-_U-001-01,S7C22777DF8623E14A60965558262CD,has logical start,S8720CE83F7A011EB8D45615EBDE564
C025-W-HO64-P-_U-001-01,S7C22777DF8623E14A60965558262CD,has logical end,SFBCFC625FDD5EB9B223ACE71F0F27D
C025-W-HO64-P-_U-001-01,SCDE8F5D1DCED766A2ED988B646DCC5,is a part of,SF7FD5BD6BACAD9EC805B7CC0CBE476
C025-W-HO64-P-_U-001-01,SCDE8F5D1DCED766A2ED988B646DCC5,is logical end of,SCEBF4518BC085B3C9AE57E8220BF90
C025-W-HO64-P-_U-001-01,SCEBF4518BC085B3C9AE57E8220BF90,has logical start,SED1DA5A7748504646B936AEDC126E8
C025-W-HO64-P-_U-001-01,SCEBF4518BC085B3C9AE57E8220BF90,has logical end,SCDE8F5D1DCED766A2ED988B646DCC5
C025-W-HO64-P-_U-001-01,S27CE0038EDE014FC0822216A2F99EE,is a part of,S2BFDCAE3C75C93A6ACA6B5205B9616
C025-W-HO64-P-_U-001-01,S27CE0038EDE014FC0822216A2F99EE,is logical start of,S36643A0E27B987099589A3680CF2CC
C025-W-HO64-P-_U-001-01,S8720CE83F7A011EB8D45615EBDE564,is a part of,SE89C759C65CAEA3A5F00507A46EF89
C025-W-HO64-P-_U-001-01,S8720CE83F7A011EB8D45615EBDE564,is logical start of,S5E638CA620FDB4FB39AD6394073979
C025-W-HO64-P-_U-001-01,S8720CE83F7A011EB8D45615EBDE564,is logical start of,S7C22777DF8623E14A60965558262CD
C025-W-HO64-P-_U-001-01,S8720CE83F7A011EB8D45615EBDE564,is logical end of,S6FDF21EB5B49B7088C5CCDFC473532
C025-W-HO64-P-_U-001-01,S2844B94B73AC0758FAF7C3417B5F61,is a part of,SAF04B23CDE9A6FD0E4103247DCBFB6
C025-W-HO64-P-_U-001-01,S2844B94B73AC0758FAF7C3417B5F61,is logical start of,S6AD9368FCE5D3CDC92192A49E15B80
C025-W-HO64-P-_U-001-01,S2844B94B73AC0758FAF7C3417B5F61,is logical end of,S36643A0E27B987099589A3680CF2CC
C025-W-HO64-P-_U-001-01,S2844B94B73AC0758FAF7C3417B5F61,is logical start of,S9323BF43347DB96C482BA6CCFCD400
C025-W-HO64-P-_U-001-01,S6AD9368FCE5D3CDC92192A49E15B80,has logical start,S2844B94B73AC0758FAF7C3417B5F61
C025-W-HO64-P-_U-001-01,S6AD9368FCE5D3CDC92192A49E15B80,has logical end,SA9825738B25D14FCFD3D9BBBC41E0D
C025-W-HO64-P-_U-001-01,S36643A0E27B987099589A3680CF2CC,has logical start,S27CE0038EDE014FC0822216A2F99EE
C025-W-HO64-P-_U-001-01,S36643A0E27B987099589A3680CF2CC,has logical end,S2844B94B73AC0758FAF7C3417B5F61
C025-W-HO64-P-_U-001-01,SA9825738B25D14FCFD3D9BBBC41E0D,is logical end of,S6AD9368FCE5D3CDC92192A49E15B80
C025-W-HO64-P-_U-001-01,SA9825738B25D14FCFD3D9BBBC41E0D,is fulfilled by,SF5CD3024BA5010C442ABE4CE7E1D6E
C025-W-HO64-P-_U-001-01,SA9825738B25D14FCFD3D9BBBC41E0D,is located in,S4EDD7430C9FECE1FA005561896C2ED
C025-W-HO64-P-_U-001-01,SED1DA5A7748504646B936AEDC126E8,is a part of,S102828EB048118275501DE453E9B0F
C025-W-HO64-P-_U-001-01,SED1DA5A7748504646B936AEDC126E8,is logical end of,SD7A13A14E6C6D6DD1DFA1AF4FD2043
C025-W-HO64-P-_U-001-01,SED1DA5A7748504646B936AEDC126E8,is logical start of,SCEBF4518BC085B3C9AE57E8220BF90
C025-W-HO64-P-_U-001-01,SED1DA5A7748504646B936AEDC126E8,is logical start of,SFBE5CB0D5A0B05150AA25643779F74
C025-W-HO64-P-_U-001-01,SD7A13A14E6C6D6DD1DFA1AF4FD2043,has logical start,SE1C2AC4E7EB3F7167B2980BE65A93B
C025-W-HO64-P-_U-001-01,SD7A13A14E6C6D6DD1DFA1AF4FD2043,has logical end,SED1DA5A7748504646B936AEDC126E8
C025-W-HO64-P-_U-001-01,SFBE5CB0D5A0B05150AA25643779F74,has logical start,SED1DA5A7748504646B936AEDC126E8
C025-W-HO64-P-_U-001-01,SFBE5CB0D5A0B05150AA25643779F74,has logical end,S64BB9C39EECB8F93754D585B0CE8BB
C025-W-HO64-P-_U-001-01,SE1C2AC4E7EB3F7167B2980BE65A93B,is logical start of,SD7A13A14E6C6D6DD1DFA1AF4FD2043
C025-W-HO64-P-_U-001-01,SE1C2AC4E7EB3F7167B2980BE65A93B,is fulfilled by,SCCF3D34EB6DD56EBB2A7313750CDCC
C025-W-HO64-P-_U-001-01,SE1C2AC4E7EB3F7167B2980BE65A93B,is located in,SAF5F858038CC627D946717A47701E3
C025-W-HO64-P-_U-001-01,S8B2DD347D98924743243E450D77794,is a part of,SC8E5A198CC718D784196DBDAB8FDCA
C025-W-HO64-P-_U-001-01,S8B2DD347D98924743243E450D77794,is logical end of,S99D0C50A0E5391FCC5B5C9C0737FCA
C025-W-HO64-P-_U-001-01,S8B2DD347D98924743243E450D77794,is logical start of,S109364B5ED0B40A2E53F6EE01F6878
C025-W-HO64-P-_U-001-01,S8B2DD347D98924743243E450D77794,is logical start of,S722B3E639276BCE1A61CD59C2DD1B7
C025-W-HO64-P-_U-001-01,S722B3E639276BCE1A61CD59C2DD1B7,has logical start,S8B2DD347D98924743243E450D77794
C025-W-HO64-P-_U-001-01,S722B3E639276BCE1A61CD59C2DD1B7,has logical end,SF22919E7C13AC0ED2CC78347F56194
C025-W-HO71-P-_W-001-01,S46DB49DF22E31A4E38524A6EC95D47,is a collection including,S579311BBD2299A0119E9391DB1CBF2
C025-W-HO71-P-_W-001-01,S75A6D91751C7BD60CB602AB2612881,is a collection including,SB52C34E4FD6F438CFDD37DC3A98189
C025-W-HO71-P-_W-001-01,S355ED712224A0971EF283B89C6D50E,is a collection including,S452C50078DDD646B1D444E8943E41F
C025-W-HO71-P-_W-001-01,S6BBEF8D2959089707EB0BCFDC2E252,is a collection including,SEBC27D8ECF44A4E8DCC7F81C0623C0
C025-W-HO71-P-_W-001-01,S39748FDCB7B0D54B01201603B1D69F,is a collection including,SFECF5EC260C0957D6EE68E4E4C804A
C025-W-HO71-P-_W-001-01,S42D276ED3FB8643D80428FB4077350,is a collection including,SB2ABEC049EDB2499A82686B07CB268
C025-W-HO71-P-_W-001-01,S1C51C1188D7012C710DF75AEB92FED,is a collection including,SBE55D77957CBDB0FE02A7A9F2DA0CC
C025-W-HO71-P-_W-001-01,S7E89F943D03A50518A13B5DEC16A73,is a collection including,SD156FD8E702FFFD56D86632649752F
C025-W-HO71-P-_W-001-01,S4980B2A36FCAEA90D62C6B7FE6D3D3,is a collection including,S80DAE0CC5F56A57CCE539996C2823C
C025-W-HO71-P-_W-001-01,SF10E6FC6529EF75847F55FD9548BF5,is a collection including,SB272121541DEC5831125460A56BE4E
C025-W-HO71-P-_W-001-01,S88D9B87A5B2831686AD1CB2A219397,is a collection including,S112688ECD131628B783D59806132CC
C025-W-HO71-P-_W-001-01,S2447AA435BEC90124E4BE438835BD4,is a collection including,SD8BEA72369156040435A115BF1AE53
C025-W-HO71-P-_W-001-01,SF6A4F4D6D85952056970B960719D14,is a collection including,SF431F7AF71E90039AEEE11731AA25F
C025-W-HO71-P-_W-001-01,S301D5C79EFC9096AE3FA0B7679721B,is a collection including,SD0F72025A2A9E68DAB4F3FDAF3DF44
C025-W-HO71-P-_W-001-01,S4980555CB6473061280A574BA733E4,is a collection including,S5AC73E0138E99D055D8621C1EC8986
C025-W-HO71-P-_W-001-01,SD9486EFB2631337F98FAF408B7B90A,is a collection including,S82936FEB505A234EFC83CE21AEC108
C025-W-HO71-P-_W-001-01,S46D8B6A0F67CB9B9C3CAB9D98B9EEA,is a collection including,S302EB730F4011B30B567B0F9874634
C025-W-HO71-P-_W-001-01,SC574DEB2C8EE733449D9B6D61F4105,is a collection including,S6293AB93BAE63B4181C7CCC61DCEB0
C025-W-HO71-P-_W-001-01,S995AC19D2923F45C4AD79BD12AFC38,is a collection including,S147BA95581FD013F50C292E86CE942
C025-W-HO71-P-_W-001-01,SCAC199D134F9B9051B15D570E959CB,is a collection including,SA504C11F1ED4C339F0EA1413E202D1
C025-W-HO71-P-_W-001-01,S350E7D949A02AE63D2938205D895B9,is a collection including,SCBE8B3F57632F5436C384CB4B66854
C025-W-HO71-P-_W-001-01,SC468AE4A3AE1242FE68A422908F1A0,is a collection including,S19C653B0F4CE4C81FBB24C7581D246
C025-W-HO71-P-_W-001-01,S34E629AD2227B153215EF7E5695EE3,is a collection including,S8BEB53F2A3D0CBE606F9AC274ECCF6
C025-W-HO71-P-_W-001-01,S59DF9024DC8F3D91A0F4BD02A8D38E,is a collection including,SFE80627D3B3FB36C8FE058208C27A6
C025-W-HO71-P-_W-001-01,S625CB42850687EE4B2FBE56261F38A,is a collection including,S2F830147D17CC0DACF012A72EE093A
C025-W-HO71-P-_W-001-01,SC3DDF7BEFC02D118DC3C06470915A7,refers to,S70E463566450AAE4C3017066F4C197
C025-W-HO71-P-_W-001-01,S14D841D010D7244381714F893CEAC5,refers to,SB092223DD42CD74A8FE2B0F6943488
C025-W-HO71-P-_W-001-01,S9B5EB75075DEB2F759DE711916C210,fulfills,S3CC0CF682339223AC7C0150F6C3250
C025-W-HO71-P-_W-001-01,S4BCBBE8CCE317BAB1009A825A42CFC,refers to,SDF734AAED52C7FE968DA9F7B634AE4
C025-W-HO71-P-_W-001-01,S5A4BCD75A7A398D5F5C9A448EEF36F,fulfills,SF25D0CB7C5E68F488C6381F4D460DC
C025-W-HO71-P-_W-001-01,SF150AA13EB94A2E793610D31657730,refers to,SC979378939B00BFC350FF3D30A121E
C025-W-HO71-P-_W-001-01,S20F1BC00ACB79FCDBC69E57F1C387A,is the location of,SA7E99DC0CE8F9C4229B81213892A9A
C025-W-HO71-P-_W-001-01,S8A9345343FCE41E159E593A4CD1467,is the location of,S3CC0CF682339223AC7C0150F6C3250
C025-W-HO71-P-_W-001-01,SDF734AAED52C7FE968DA9F7B634AE4,is referenced by,S4BCBBE8CCE317BAB1009A825A42CFC
C025-W-HO71-P-_W-001-01,SE50233BF9A1ECDBA20214217FB5D71,is the location of,S95167C8D92AB4BD046E4D2C8628267
C025-W-HO71-P-_W-001-01,S87C0BB5CF5F986054EF5398B33E67C,is the location of,S5B4F721550AE92F6F1EAFAFD0BBD36
C025-W-HO71-P-_W-001-01,S1ACB241671E0089D0AD75C5BED498F,is the location of,SC3A34784D2A87F5450CDB27730AEBC
C025-W-HO71-P-_W-001-01,SB092223DD42CD74A8FE2B0F6943488,is referenced by,S14D841D010D7244381714F893CEAC5
C025-W-HO71-P-_W-001-01,S70E463566450AAE4C3017066F4C197,is referenced by,SC3DDF7BEFC02D118DC3C06470915A7
C025-W-HO71-P-_W-001-01,S7FDFD1E969A32196632A2CE50077B8,is the location of,SFE03CE816E0CE9310CFDE6C44151ED
C025-W-HO71-P-_W-001-01,S45D4901BB514F943B0E341E0079E05,is the location of,S2B02690C340AC1E931834D5E2B52EE
C025-W-HO71-P-_W-001-01,SCE823397DA5743960CAE5B30A6A1AA,is the location of,S3AFD9121C94808C44983C0134323BF
C025-W-HO71-P-_W-001-01,S8DA63C5A838B946F1468E81DBB0CBD,is the location of,S49BA9722779A2A50EE214B9460B275
C025-W-HO71-P-_W-001-01,S9A640BC8B170E5174900E60657E11C,is the location of,S78A3EB21BD882645F28362A0AF078B
C025-W-HO71-P-_W-001-01,SFA2B7372ADA6AE06827FA83A2181C9,is the location of,SF25D0CB7C5E68F488C6381F4D460DC
C025-W-HO71-P-_W-001-01,SC979378939B00BFC350FF3D30A121E,is referenced by,SF150AA13EB94A2E793610D31657730
C025-W-HO71-P-_W-001-01,S5CBF674E7B9BA376FEF9F7D9945BE6,is the location of,SE776D17278A7FDCF34EA84A1DA15AB
C025-W-HO71-P-_W-001-01,S579311BBD2299A0119E9391DB1CBF2,is a part of,S46DB49DF22E31A4E38524A6EC95D47
C025-W-HO71-P-_W-001-01,S579311BBD2299A0119E9391DB1CBF2,is logical start of,S4FC240435EE64603B9DB4DDA09CA97
C025-W-HO71-P-_W-001-01,S4FC240435EE64603B9DB4DDA09CA97,has logical start,S579311BBD2299A0119E9391DB1CBF2
C025-W-HO71-P-_W-001-01,S4FC240435EE64603B9DB4DDA09CA97,has logical end,S3CC0CF682339223AC7C0150F6C3250
C025-W-HO71-P-_W-001-01,S3CC0CF682339223AC7C0150F6C3250,is logical end of,S4FC240435EE64603B9DB4DDA09CA97
C025-W-HO71-P-_W-001-01,S3CC0CF682339223AC7C0150F6C3250,is fulfilled by,S9B5EB75075DEB2F759DE711916C210
C025-W-HO71-P-_W-001-01,S3CC0CF682339223AC7C0150F6C3250,is located in,S8A9345343FCE41E159E593A4CD1467
C025-W-HO71-P-_W-001-01,SB52C34E4FD6F438CFDD37DC3A98189,is a part of,S75A6D91751C7BD60CB602AB2612881
C025-W-HO71-P-_W-001-01,SB52C34E4FD6F438CFDD37DC3A98189,is logical end of,SD39ED42E60E97CD14775440304B67A
C025-W-HO71-P-_W-001-01,SD39ED42E60E97CD14775440304B67A,has logical start,S80DAE0CC5F56A57CCE539996C2823C
C025-W-HO71-P-_W-001-01,SD39ED42E60E97CD14775440304B67A,has logical end,SB52C34E4FD6F438CFDD37DC3A98189
C025-W-HO71-P-_W-001-01,S452C50078DDD646B1D444E8943E41F,is a part of,S355ED712224A0971EF283B89C6D50E
C025-W-HO71-P-_W-001-01,S452C50078DDD646B1D444E8943E41F,is logical end of,S172CB0F5E6CF4354A71B1642F8A64A
C025-W-HO71-P-_W-001-01,SEBC27D8ECF44A4E8DCC7F81C0623C0,is a part of,S6BBEF8D2959089707EB0BCFDC2E252
C025-W-HO71-P-_W-001-01,SEBC27D8ECF44A4E8DCC7F81C0623C0,is logical end of,S7B6C431F08AAB9FA9D9E570309CD3D
C025-W-HO71-P-_W-001-01,SFECF5EC260C0957D6EE68E4E4C804A,is a part of,S39748FDCB7B0D54B01201603B1D69F
C025-W-HO71-P-_W-001-01,SFECF5EC260C0957D6EE68E4E4C804A,is logical end of,SA6AE886C1B3179504EAABD8AAE12BB
C025-W-HO71-P-_W-001-01,SA6AE886C1B3179504EAABD8AAE12BB,has logical start,S2F830147D17CC0DACF012A72EE093A
C025-W-HO71-P-_W-001-01,SA6AE886C1B3179504EAABD8AAE12BB,has logical end,SFECF5EC260C0957D6EE68E4E4C804A
C025-W-HO71-P-_W-001-01,SB2ABEC049EDB2499A82686B07CB268,is a part of,S42D276ED3FB8643D80428FB4077350
C025-W-HO71-P-_W-001-01,SB2ABEC049EDB2499A82686B07CB268,is logical end of,S1B029B3F7467C768855FEB74FA57B0
C025-W-HO71-P-_W-001-01,S1B029B3F7467C768855FEB74FA57B0,has logical start,SF25D0CB7C5E68F488C6381F4D460DC
C025-W-HO71-P-_W-001-01,S1B029B3F7467C768855FEB74FA57B0,has logical end,SB2ABEC049EDB2499A82686B07CB268
C025-W-HO71-P-_W-001-01,SF25D0CB7C5E68F488C6381F4D460DC,is logical start of,S1B029B3F7467C768855FEB74FA57B0
C025-W-HO71-P-_W-001-01,SF25D0CB7C5E68F488C6381F4D460DC,is fulfilled by,S5A4BCD75A7A398D5F5C9A448EEF36F
C025-W-HO71-P-_W-001-01,SF25D0CB7C5E68F488C6381F4D460DC,is located in,SFA2B7372ADA6AE06827FA83A2181C9
C025-W-HO71-P-_W-001-01,SBE55D77957CBDB0FE02A7A9F2DA0CC,is a part of,S1C51C1188D7012C710DF75AEB92FED
C025-W-HO71-P-_W-001-01,SBE55D77957CBDB0FE02A7A9F2DA0CC,is logical end of,S2008D446AF1F176477BDA13ACB1926
C025-W-HO71-P-_W-001-01,S2008D446AF1F176477BDA13ACB1926,has logical start,S6293AB93BAE63B4181C7CCC61DCEB0
C025-W-HO71-P-_W-001-01,S2008D446AF1F176477BDA13ACB1926,has logical end,SBE55D77957CBDB0FE02A7A9F2DA0CC
C025-W-HO71-P-_W-001-01,SD156FD8E702FFFD56D86632649752F,is a part of,S7E89F943D03A50518A13B5DEC16A73
C025-W-HO71-P-_W-001-01,SD156FD8E702FFFD56D86632649752F,is logical end of,SDF2685C22555F608D7738654C9E6B9
C025-W-HO71-P-_W-001-01,SDF2685C22555F608D7738654C9E6B9,has logical start,SFE03CE816E0CE9310CFDE6C44151ED
C025-W-HO71-P-_W-001-01,SDF2685C22555F608D7738654C9E6B9,has logical end,SD156FD8E702FFFD56D86632649752F
C025-W-HO71-P-_W-001-01,SFE03CE816E0CE9310CFDE6C44151ED,is logical start of,SDF2685C22555F608D7738654C9E6B9
C025-W-HO71-P-_W-001-01,SFE03CE816E0CE9310CFDE6C44151ED,is located in,S7FDFD1E969A32196632A2CE50077B8
C025-W-HO71-P-_W-001-01,S80DAE0CC5F56A57CCE539996C2823C,is a part of,S4980B2A36FCAEA90D62C6B7FE6D3D3
C025-W-HO71-P-_W-001-01,S80DAE0CC5F56A57CCE539996C2823C,is logical end of,S9A368822DE8AD67C430FC2583C7419
C025-W-HO71-P-_W-001-01,S80DAE0CC5F56A57CCE539996C2823C,is logical start of,SD39ED42E60E97CD14775440304B67A
C025-W-HO71-P-_W-001-01,S9A368822DE8AD67C430FC2583C7419,has logical start,SA7E99DC0CE8F9C4229B81213892A9A
C025-W-HO71-P-_W-001-01,S9A368822DE8AD67C430FC2583C7419,has logical end,S80DAE0CC5F56A57CCE539996C2823C
C025-W-HO71-P-_W-001-01,SA7E99DC0CE8F9C4229B81213892A9A,is logical start of,S9A368822DE8AD67C430FC2583C7419
C025-W-HO71-P-_W-001-01,SA7E99DC0CE8F9C4229B81213892A9A,is located in,S20F1BC00ACB79FCDBC69E57F1C387A
C025-W-HO71-P-_W-001-01,SB272121541DEC5831125460A56BE4E,is a part of,SF10E6FC6529EF75847F55FD9548BF5
C025-W-HO71-P-_W-001-01,SB272121541DEC5831125460A56BE4E,is logical end of,S99D24C33CE176AD51DAA978794F044
C025-W-HO71-P-_W-001-01,S99D24C33CE176AD51DAA978794F044,has logical start,SC6E1DDCE5067CC0250C50366105A36
C025-W-HO71-P-_W-001-01,S99D24C33CE176AD51DAA978794F044,has logical end,SB272121541DEC5831125460A56BE4E
C025-W-HO71-P-_W-001-01,SC6E1DDCE5067CC0250C50366105A36,is logical start of,S99D24C33CE176AD51DAA978794F044
C025-W-HO71-P-_W-001-01,SC6E1DDCE5067CC0250C50366105A36,is located in,S4D12FD9C18AEB45D753492E2A292DC
C025-W-HO71-P-_W-001-01,S112688ECD131628B783D59806132CC,is a part of,S88D9B87A5B2831686AD1CB2A219397
C025-W-HO71-P-_W-001-01,S112688ECD131628B783D59806132CC,is logical end of,S6E4A69EEEF33E6CA2ED2D08EA47092
C025-W-HO71-P-_W-001-01,S6E4A69EEEF33E6CA2ED2D08EA47092,has logical start,S5B4F721550AE92F6F1EAFAFD0BBD36
C025-W-HO71-P-_W-001-01,S6E4A69EEEF33E6CA2ED2D08EA47092,has logical end,S112688ECD131628B783D59806132CC
C025-W-HO71-P-_W-001-01,S5B4F721550AE92F6F1EAFAFD0BBD36,is logical start of,S6E4A69EEEF33E6CA2ED2D08EA47092
C025-W-HO71-P-_W-001-01,S5B4F721550AE92F6F1EAFAFD0BBD36,is located in,S87C0BB5CF5F986054EF5398B33E67C
C025-W-HO71-P-_W-001-01,SD8BEA72369156040435A115BF1AE53,is a part of,S2447AA435BEC90124E4BE438835BD4
C025-W-HO71-P-_W-001-01,SD8BEA72369156040435A115BF1AE53,is logical end of,SE1A09486101B3A43B7B4ABD002589A
C025-W-HO71-P-_W-001-01,SE1A09486101B3A43B7B4ABD002589A,has logical start,S95167C8D92AB4BD046E4D2C8628267
C025-W-HO71-P-_W-001-01,SE1A09486101B3A43B7B4ABD002589A,has logical end,SD8BEA72369156040435A115BF1AE53
C025-W-HO71-P-_W-001-01,S95167C8D92AB4BD046E4D2C8628267,is logical start of,SE1A09486101B3A43B7B4ABD002589A
C025-W-HO71-P-_W-001-01,S95167C8D92AB4BD046E4D2C8628267,is located in,SE50233BF9A1ECDBA20214217FB5D71
C025-W-HO71-P-_W-001-01,SF431F7AF71E90039AEEE11731AA25F,is a part of,SF6A4F4D6D85952056970B960719D14
C025-W-HO71-P-_W-001-01,SF431F7AF71E90039AEEE11731AA25F,is logical end of,SB7D47A0AEC2E76C7039AF9F90729BE
C025-W-HO71-P-_W-001-01,SB7D47A0AEC2E76C7039AF9F90729BE,has logical start,SC3A34784D2A87F5450CDB27730AEBC
C025-W-HO71-P-_W-001-01,SB7D47A0AEC2E76C7039AF9F90729BE,has logical end,SF431F7AF71E90039AEEE11731AA25F
C025-W-HO71-P-_W-001-01,SC3A34784D2A87F5450CDB27730AEBC,is logical start of,SB7D47A0AEC2E76C7039AF9F90729BE
C025-W-HO71-P-_W-001-01,SC3A34784D2A87F5450CDB27730AEBC,is located in,S1ACB241671E0089D0AD75C5BED498F
C025-W-HO71-P-_W-001-01,SD0F72025A2A9E68DAB4F3FDAF3DF44,is a part of,S301D5C79EFC9096AE3FA0B7679721B
C025-W-HO71-P-_W-001-01,SD0F72025A2A9E68DAB4F3FDAF3DF44,is logical end of,S78F8899C8FB4C445C03EA55AC5D379
C025-W-HO71-P-_W-001-01,SD0F72025A2A9E68DAB4F3FDAF3DF44,is logical end of,S7D6D491341A3C25B928E0EC83C2047
C025-W-HO71-P-_W-001-01,S78F8899C8FB4C445C03EA55AC5D379,has logical start,S49BA9722779A2A50EE214B9460B275
C025-W-HO71-P-_W-001-01,S78F8899C8FB4C445C03EA55AC5D379,has logical end,SD0F72025A2A9E68DAB4F3FDAF3DF44
C025-W-HO71-P-_W-001-01,S7D6D491341A3C25B928E0EC83C2047,has logical start,S2F830147D17CC0DACF012A72EE093A
C025-W-HO71-P-_W-001-01,S7D6D491341A3C25B928E0EC83C2047,has logical end,SD0F72025A2A9E68DAB4F3FDAF3DF44
C025-W-HO71-P-_W-001-01,S49BA9722779A2A50EE214B9460B275,is logical start of,S78F8899C8FB4C445C03EA55AC5D379
C025-W-HO71-P-_W-001-01,S49BA9722779A2A50EE214B9460B275,is located in,S8DA63C5A838B946F1468E81DBB0CBD
C025-W-HO71-P-_W-001-01,S5AC73E0138E99D055D8621C1EC8986,is a part of,S4980555CB6473061280A574BA733E4
C025-W-HO71-P-_W-001-01,S5AC73E0138E99D055D8621C1EC8986,is logical end of,S339ECF5FAB0983CE77EE16D1BB7938
C025-W-HO71-P-_W-001-01,S5AC73E0138E99D055D8621C1EC8986,is logical end of,S5031206A091020A5AEB8C582C70656
C025-W-HO71-P-_W-001-01,S339ECF5FAB0983CE77EE16D1BB7938,has logical start,S2B02690C340AC1E931834D5E2B52EE
C025-W-HO71-P-_W-001-01,S339ECF5FAB0983CE77EE16D1BB7938,has logical end,S5AC73E0138E99D055D8621C1EC8986
C025-W-HO71-P-_W-001-01,S5031206A091020A5AEB8C582C70656,has logical start,SFE80627D3B3FB36C8FE058208C27A6
C025-W-HO71-P-_W-001-01,S5031206A091020A5AEB8C582C70656,has logical end,S5AC73E0138E99D055D8621C1EC8986
C025-W-HO71-P-_W-001-01,S2B02690C340AC1E931834D5E2B52EE,is logical start of,S339ECF5FAB0983CE77EE16D1BB7938
C025-W-HO71-P-_W-001-01,S2B02690C340AC1E931834D5E2B52EE,is located in,S45D4901BB514F943B0E341E0079E05
C025-W-HO71-P-_W-001-01,S82936FEB505A234EFC83CE21AEC108,is a part of,SD9486EFB2631337F98FAF408B7B90A
C025-W-HO71-P-_W-001-01,S82936FEB505A234EFC83CE21AEC108,is logical end of,SC492ACF33C7AC0AD5D6545C9E8B685
C025-W-HO71-P-_W-001-01,SC492ACF33C7AC0AD5D6545C9E8B685,has logical start,S78A3EB21BD882645F28362A0AF078B
C025-W-HO71-P-_W-001-01,SC492ACF33C7AC0AD5D6545C9E8B685,has logical end,S82936FEB505A234EFC83CE21AEC108
C025-W-HO71-P-_W-001-01,S78A3EB21BD882645F28362A0AF078B,is logical start of,SC492ACF33C7AC0AD5D6545C9E8B685
C025-W-HO71-P-_W-001-01,S78A3EB21BD882645F28362A0AF078B,is located in,S9A640BC8B170E5174900E60657E11C
C025-W-HO71-P-_W-001-01,S302EB730F4011B30B567B0F9874634,is a part of,S46D8B6A0F67CB9B9C3CAB9D98B9EEA
C025-W-HO71-P-_W-001-01,S302EB730F4011B30B567B0F9874634,is logical end of,SC839D713933380B1CA406BEDDD4442
C025-W-HO71-P-_W-001-01,SC839D713933380B1CA406BEDDD4442,has logical start,S3AFD9121C94808C44983C0134323BF
C025-W-HO71-P-_W-001-01,SC839D713933380B1CA406BEDDD4442,has logical end,S302EB730F4011B30B567B0F9874634
C025-W-HO71-P-_W-001-01,S3AFD9121C94808C44983C0134323BF,is logical start of,SC839D713933380B1CA406BEDDD4442
C025-W-HO71-P-_W-001-01,S3AFD9121C94808C44983C0134323BF,is located in,SCE823397DA5743960CAE5B30A6A1AA
C025-W-HO71-P-_W-001-01,S6293AB93BAE63B4181C7CCC61DCEB0,is a part of,SC574DEB2C8EE733449D9B6D61F4105
C025-W-HO71-P-_W-001-01,S6293AB93BAE63B4181C7CCC61DCEB0,is logical start of,S2008D446AF1F176477BDA13ACB1926
C025-W-HO71-P-_W-001-01,S6293AB93BAE63B4181C7CCC61DCEB0,is logical end of,S79B390268C4378D5EF2777E448F015
C025-W-HO71-P-_W-001-01,S79B390268C4378D5EF2777E448F015,has logical start,SE776D17278A7FDCF34EA84A1DA15AB
C025-W-HO71-P-_W-001-01,S79B390268C4378D5EF2777E448F015,has logical end,S6293AB93BAE63B4181C7CCC61DCEB0
C025-W-HO71-P-_W-001-01,SE776D17278A7FDCF34EA84A1DA15AB,is logical start of,S79B390268C4378D5EF2777E448F015
C025-W-HO71-P-_W-001-01,SE776D17278A7FDCF34EA84A1DA15AB,is located in,S5CBF674E7B9BA376FEF9F7D9945BE6
C025-W-HO71-P-_W-001-01,S147BA95581FD013F50C292E86CE942,is a part of,S995AC19D2923F45C4AD79BD12AFC38
C025-W-HO71-P-_W-001-01,S147BA95581FD013F50C292E86CE942,is logical start of,S7F16CA71E98C87C057E60B1D81F3FE
C025-W-HO71-P-_W-001-01,S7F16CA71E98C87C057E60B1D81F3FE,has logical start,S147BA95581FD013F50C292E86CE942
C025-W-HO71-P-_W-001-01,S7F16CA71E98C87C057E60B1D81F3FE,has logical end,SFE80627D3B3FB36C8FE058208C27A6
C025-W-HO71-P-_W-001-01,SA504C11F1ED4C339F0EA1413E202D1,is a part of,SCAC199D134F9B9051B15D570E959CB
C025-W-HO71-P-_W-001-01,SA504C11F1ED4C339F0EA1413E202D1,is logical end of,S32EABDB744DF2DED7043412FCC8681
C025-W-HO71-P-_W-001-01,S32EABDB744DF2DED7043412FCC8681,has logical start,S70384D745DD9A87959BCC2CA155124
C025-W-HO71-P-_W-001-01,S32EABDB744DF2DED7043412FCC8681,has logical end,SA504C11F1ED4C339F0EA1413E202D1
C025-W-HO71-P-_W-001-01,S70384D745DD9A87959BCC2CA155124,is logical start of,S32EABDB744DF2DED7043412FCC8681
C025-W-HO71-P-_W-001-01,S70384D745DD9A87959BCC2CA155124,is located in,S2E2F4FE41C66E74DAD3E5576F77F15
C025-W-HO71-P-_W-001-01,SCBE8B3F57632F5436C384CB4B66854,is a part of,S350E7D949A02AE63D2938205D895B9
C025-W-HO71-P-_W-001-01,SCBE8B3F57632F5436C384CB4B66854,is logical start of,S8E5FD7682F383C6A2082A5504831AF
C025-W-HO71-P-_W-001-01,S8E5FD7682F383C6A2082A5504831AF,has logical start,SCBE8B3F57632F5436C384CB4B66854
C025-W-HO71-P-_W-001-01,S8E5FD7682F383C6A2082A5504831AF,has logical end,S2F830147D17CC0DACF012A72EE093A
C025-W-HO71-P-_W-001-01,S19C653B0F4CE4C81FBB24C7581D246,is a part of,SC468AE4A3AE1242FE68A422908F1A0
C025-W-HO71-P-_W-001-01,S19C653B0F4CE4C81FBB24C7581D246,is logical end of,S2545909856DED698FE3DA3A987EE12
C025-W-HO71-P-_W-001-01,S4D12FD9C18AEB45D753492E2A292DC,is the location of,SC6E1DDCE5067CC0250C50366105A36
C025-W-HO71-P-_W-001-01,S2E2F4FE41C66E74DAD3E5576F77F15,is the location of,S70384D745DD9A87959BCC2CA155124
C025-W-HO71-P-_W-001-01,S6C41F55A18CAD6FE279C0D6906675C,is the location of,SA52905C6CC5C1B1EC5DB9625E4E8D1
C025-W-HO71-P-_W-001-01,S8BEB53F2A3D0CBE606F9AC274ECCF6,is a part of,S34E629AD2227B153215EF7E5695EE3
C025-W-HO71-P-_W-001-01,S8BEB53F2A3D0CBE606F9AC274ECCF6,is logical start of,S2545909856DED698FE3DA3A987EE12
C025-W-HO71-P-_W-001-01,S8BEB53F2A3D0CBE606F9AC274ECCF6,is logical start of,S172CB0F5E6CF4354A71B1642F8A64A
C025-W-HO71-P-_W-001-01,S8BEB53F2A3D0CBE606F9AC274ECCF6,is logical end of,S14C3660A4A1C55681A82F6C8FFFEBF
C025-W-HO71-P-_W-001-01,S2545909856DED698FE3DA3A987EE12,has logical start,S8BEB53F2A3D0CBE606F9AC274ECCF6
C025-W-HO71-P-_W-001-01,S2545909856DED698FE3DA3A987EE12,has logical end,S19C653B0F4CE4C81FBB24C7581D246
C025-W-HO71-P-_W-001-01,S172CB0F5E6CF4354A71B1642F8A64A,has logical start,S8BEB53F2A3D0CBE606F9AC274ECCF6
C025-W-HO71-P-_W-001-01,S172CB0F5E6CF4354A71B1642F8A64A,has logical end,S452C50078DDD646B1D444E8943E41F
C025-W-HO71-P-_W-001-01,S14C3660A4A1C55681A82F6C8FFFEBF,has logical start,SA52905C6CC5C1B1EC5DB9625E4E8D1
C025-W-HO71-P-_W-001-01,S14C3660A4A1C55681A82F6C8FFFEBF,has logical end,S8BEB53F2A3D0CBE606F9AC274ECCF6
C025-W-HO71-P-_W-001-01,SA52905C6CC5C1B1EC5DB9625E4E8D1,is logical start of,S14C3660A4A1C55681A82F6C8FFFEBF
C025-W-HO71-P-_W-001-01,SA52905C6CC5C1B1EC5DB9625E4E8D1,is located in,S6C41F55A18CAD6FE279C0D6906675C
C025-W-HO71-P-_W-001-01,SFE80627D3B3FB36C8FE058208C27A6,is a part of,S59DF9024DC8F3D91A0F4BD02A8D38E
C025-W-HO71-P-_W-001-01,SFE80627D3B3FB36C8FE058208C27A6,is logical start of,S7B6C431F08AAB9FA9D9E570309CD3D
C025-W-HO71-P-_W-001-01,SFE80627D3B3FB36C8FE058208C27A6,is logical end of,S7F16CA71E98C87C057E60B1D81F3FE
C025-W-HO71-P-_W-001-01,SFE80627D3B3FB36C8FE058208C27A6,is logical start of,S5031206A091020A5AEB8C582C70656
C025-W-HO71-P-_W-001-01,S7B6C431F08AAB9FA9D9E570309CD3D,has logical start,SFE80627D3B3FB36C8FE058208C27A6
C025-W-HO71-P-_W-001-01,S7B6C431F08AAB9FA9D9E570309CD3D,has logical end,SEBC27D8ECF44A4E8DCC7F81C0623C0
C025-W-HO71-P-_W-001-01,S2F830147D17CC0DACF012A72EE093A,is a part of,S625CB42850687EE4B2FBE56261F38A
C025-W-HO71-P-_W-001-01,S2F830147D17CC0DACF012A72EE093A,is logical end of,S8E5FD7682F383C6A2082A5504831AF
C025-W-HO71-P-_W-001-01,S2F830147D17CC0DACF012A72EE093A,is logical start of,SA6AE886C1B3179504EAABD8AAE12BB
C025-W-HO71-P-_W-001-01,S2F830147D17CC0DACF012A72EE093A,is logical start of,S7D6D491341A3C25B928E0EC83C2047
C025-W-HO82-P-_U-001-01,S58AE7C49F10E54617B041F090AD2A7,is a collection including,SDDE365912EA016D87A0FED119EC9E2
C025-W-HO82-P-_U-001-01,S4FECDBCE5F9C16E94BE08A673663F1,is a collection including,SE6C40EF564B13A8899CBB894E3A609
C025-W-HO82-P-_U-001-01,SD5DA17AAA1039DD73D6204100E8A11,is a collection including,S580B397E178A673426D2E9F6C3FD5C
C025-W-HO82-P-_U-001-01,SD3F76510342C0E7CCEF2ABC50B4092,is a collection including,SF70A09EC8594702BECD7C8B33C5A17
C025-W-HO82-P-_U-001-01,SFD5E55E040F2C06FCBC9A4D0DA9C4A,is a collection including,S4838E7616A201AC826B39EEB738214
C025-W-HO82-P-_U-001-01,SF95289247346BFC040AE1DFB8008D3,is a collection including,SF7D6A815A8E43C2A411FE4C7F7B23A
C025-W-HO82-P-_U-001-01,S1E304F3800E41EC754D423FF564267,is a collection including,S38BE56C11392AB20F50465053C7166
C025-W-HO82-P-_U-001-01,SC0F2EAB7D7CB37BF0CA3A8C6540038,is a collection including,S58CC01D7D586F578E43EC68A25121D
C025-W-HO82-P-_U-001-01,S447A3430AC0FDABA6DC8D13379DC23,is a collection including,SA6584A00F7667BEB8120DC94D8D7B8
C025-W-HO82-P-_U-001-01,S9AD60106B4FC5B4AF2E7EA9E161337,is a collection including,S7FD2C88E8DAA87689881EE4C42F00F
C025-W-HO82-P-_U-001-01,S77F60F79FB32A6CC247238D5125559,is a collection including,SF9A4FBEE914B3183AEED0941CE758C
C025-W-HO82-P-_U-001-01,SB6F104DC2ABDB000C7FC89025748F6,is a collection including,S1685DB653F800FC1CC6B0C8AEEC94F
C025-W-HO82-P-_U-001-01,S56B3C5D9BE0D48372FEEC295AE91EF,is a collection including,S7E587FC675E070414459E5DB9366BD
C025-W-HO82-P-_U-001-01,S108BDF8EE807817492A32EF11253D2,is a collection including,S2EC1E038DED8D9B86F2726E979C31D
C025-W-HO82-P-_U-001-01,SD5737096E6DAD9B9EFF4B640EA490E,is a collection including,S29A3768ABDEA292BE2EE1CC5009140
C025-W-HO82-P-_U-001-01,SED95C8FEFCF1BA3ABFA21B44BFDB1E,is a collection including,S76878A4299207879182E3E315667DC
C025-W-HO82-P-_U-001-01,S1E5B2A81CF8E7DCBCD1A8321CD8AF4,is a collection including,SA961FEAD0CE28E05C1D23687B303D8
C025-W-HO82-P-_U-001-01,SB35BCA1E6E445004D5CD0F3A466D36,is a collection including,S49AA4A1FD9076D4665191EC343A7DE
C025-W-HO82-P-_U-001-01,SDEEBC1E302D427D61097E63D044536,is a collection including,S5905EBCBDA4AD342CB2A54638133F7
C025-W-HO82-P-_U-001-01,SC432BA1A0C3C27F904D377EF718DF6,is a collection including,S540A56DB818C7C8721EEA3FF0D744B
C025-W-HO82-P-_U-001-01,S3DF5AA60763BF6EFACEEC098B1BED4,is a collection including,S67B068F5E658675073C29CFF014D21
C025-W-HO82-P-_U-001-01,SA8B6827AF04F819DA9C3DFEA0032E2,is a collection including,S5F980A4E1164F22C483E18AAE114DD
C025-W-HO82-P-_U-001-01,S2C759CADED40B620EC35DB3C07A584,is a collection including,SC3A66378AD2D5A9496162121A0E431
C025-W-HO82-P-_U-001-01,S9AC4405554C3D13043C1F2B8B3919B,is a collection including,SC376BF08E80667CC9F691FCD0F5477
C025-W-HO82-P-_U-001-01,SB8CF52D2127719CFB65A603743AB32,fulfills,S9390459518D2A4C0BBE4DEE784A99B
C025-W-HO82-P-_U-001-01,SE76A112FC4127F7D04E171CFDD78C2,refers to,S2DFFB0D3E5E880B8CE1EC9DD804D1D
C025-W-HO82-P-_U-001-01,SA4CF5181247342E3F77B25C4B1DAC2,fulfills,S34137A62945B59F6149B0EA140DCC4
C025-W-HO82-P-_U-001-01,SD5FD74CB76E5D3532A973DA19BFD8B,refers to,S36E80C991F7F535A2C75398F261F39
C025-W-HO82-P-_U-001-01,SA49252D97A679A8FA4B4C7D757B57A,fulfills,S995FAECB4B934A01CD1FDE364D3AC3
C025-W-HO82-P-_U-001-01,SC0A0A0B52F80F268CA3218C5B58901,refers to,S28654927CF09B0A72B8833D9D9B3F0
C025-W-HO82-P-_U-001-01,S474AB594348247652329D1500D9FE1,fulfills,S1B05124ED028435894BE1C8032064A
C025-W-HO82-P-_U-001-01,SBF575089682EA7251E2F3F4F6DDFD6,refers to,SB332EC6B083DB4D3F88E95AEAFE6B2
C025-W-HO82-P-_U-001-01,SE48A69750780E2ACC716ABA6F7C661,fulfills,S5ACA3AA5214349D6AD8F91AEC627A8
C025-W-HO82-P-_U-001-01,S8A9504F32A01487178F22D8478564F,refers to,S3E5055DEBD445EEA9A3B38BE9F35A5
C025-W-HO82-P-_U-001-01,S771E554CC3E0A9838D4DB1135A8FD7,fulfills,SF1B970F1A2D2EFC39048A5EDEBFB83
C025-W-HO82-P-_U-001-01,S7D7074D9996CBDAF8D8C0E9838B652,refers to,S100F0E6A0BD29A9A1FCBD308090455
C025-W-HO82-P-_U-001-01,S8002D5C7928518B266B5B389FEA83F,fulfills,S5C65A63BE4F6FC2B78DA8CF84E193E
C025-W-HO82-P-_U-001-01,S65FA5FDAF2A16BE9F4A5DE9A097ADF,refers to,S8ED0A8D25CF985C169750B96482D24
C025-W-HO82-P-_U-001-01,S55B234D8813122D9296571B301A1B4,fulfills,S8D63E50350C720BDA05C9EE158AFF3
C025-W-HO82-P-_U-001-01,SE5D8EA83E132334068699CC70CCB15,refers to,S5B3C2948540870328815C3072C0F62
C025-W-HO82-P-_U-001-01,S8660940B6F49730FFBCB1F11D9B782,is the location of,S78E4FFDA40F4321CBDE3844D52EA19
C025-W-HO82-P-_U-001-01,S977146F131D5F99E506AA78D3C3CC9,is the location of,S6A176AF2424BA5832A40344B78AF7D
C025-W-HO82-P-_U-001-01,SC14FB0574E79495A1E5B9AAF1D2201,is the location of,S5ACA3AA5214349D6AD8F91AEC627A8
C025-W-HO82-P-_U-001-01,S3E5055DEBD445EEA9A3B38BE9F35A5,is referenced by,S8A9504F32A01487178F22D8478564F
C025-W-HO82-P-_U-001-01,S1CBCA7B41E57278C44443E66C56457,is the location of,S8D63E50350C720BDA05C9EE158AFF3
C025-W-HO82-P-_U-001-01,S5B3C2948540870328815C3072C0F62,is referenced by,SE5D8EA83E132334068699CC70CCB15
C025-W-HO82-P-_U-001-01,SF965BCA84B7F30AE81BA1B9EFDE833,is the location of,S9390459518D2A4C0BBE4DEE784A99B
C025-W-HO82-P-_U-001-01,S2DFFB0D3E5E880B8CE1EC9DD804D1D,is referenced by,SE76A112FC4127F7D04E171CFDD78C2
C025-W-HO82-P-_U-001-01,S6DA04B793996D5C203A3B7BE37FFFB,is the location of,S1B05124ED028435894BE1C8032064A
C025-W-HO82-P-_U-001-01,SB332EC6B083DB4D3F88E95AEAFE6B2,is referenced by,SBF575089682EA7251E2F3F4F6DDFD6
C025-W-HO82-P-_U-001-01,SDDE365912EA016D87A0FED119EC9E2,is a part of,S58AE7C49F10E54617B041F090AD2A7
C025-W-HO82-P-_U-001-01,SDDE365912EA016D87A0FED119EC9E2,is logical end of,S4216421DA2DB0050C34D3EFD999E6E
C025-W-HO82-P-_U-001-01,SE6C40EF564B13A8899CBB894E3A609,is a part of,S4FECDBCE5F9C16E94BE08A673663F1
C025-W-HO82-P-_U-001-01,SE6C40EF564B13A8899CBB894E3A609,is logical end of,S8E7D21ED043638A23B65FC107132C5
C025-W-HO82-P-_U-001-01,S8E7D21ED043638A23B65FC107132C5,has logical start,SC376BF08E80667CC9F691FCD0F5477
C025-W-HO82-P-_U-001-01,S8E7D21ED043638A23B65FC107132C5,has logical end,SE6C40EF564B13A8899CBB894E3A609
C025-W-HO82-P-_U-001-01,S580B397E178A673426D2E9F6C3FD5C,is a part of,SD5DA17AAA1039DD73D6204100E8A11
C025-W-HO82-P-_U-001-01,S580B397E178A673426D2E9F6C3FD5C,is logical start of,S68811F687148B0FE822C180DC9A689
C025-W-HO82-P-_U-001-01,SF70A09EC8594702BECD7C8B33C5A17,is a part of,SD3F76510342C0E7CCEF2ABC50B4092
C025-W-HO82-P-_U-001-01,SF70A09EC8594702BECD7C8B33C5A17,is logical start of,SEAC90BCB5956C782F962D15D03D3C6
C025-W-HO82-P-_U-001-01,SEAC90BCB5956C782F962D15D03D3C6,has logical start,SF70A09EC8594702BECD7C8B33C5A17
C025-W-HO82-P-_U-001-01,SEAC90BCB5956C782F962D15D03D3C6,has logical end,S2EC1E038DED8D9B86F2726E979C31D
C025-W-HO82-P-_U-001-01,S4838E7616A201AC826B39EEB738214,is a part of,SFD5E55E040F2C06FCBC9A4D0DA9C4A
C025-W-HO82-P-_U-001-01,S4838E7616A201AC826B39EEB738214,is logical start of,S11FD346D665B346ACD38CF3B805D97
C025-W-HO82-P-_U-001-01,S11FD346D665B346ACD38CF3B805D97,has logical start,S4838E7616A201AC826B39EEB738214
C025-W-HO82-P-_U-001-01,S11FD346D665B346ACD38CF3B805D97,has logical end,SF9A4FBEE914B3183AEED0941CE758C
C025-W-HO82-P-_U-001-01,SF7D6A815A8E43C2A411FE4C7F7B23A,is a part of,SF95289247346BFC040AE1DFB8008D3
C025-W-HO82-P-_U-001-01,SF7D6A815A8E43C2A411FE4C7F7B23A,is logical end of,SCF4993BC8A11859488392D00C8092E
C025-W-HO82-P-_U-001-01,SCF4993BC8A11859488392D00C8092E,has logical start,SC3A66378AD2D5A9496162121A0E431
C025-W-HO82-P-_U-001-01,SCF4993BC8A11859488392D00C8092E,has logical end,SF7D6A815A8E43C2A411FE4C7F7B23A
C025-W-HO82-P-_U-001-01,S38BE56C11392AB20F50465053C7166,is a part of,S1E304F3800E41EC754D423FF564267
C025-W-HO82-P-_U-001-01,S38BE56C11392AB20F50465053C7166,is logical end of,S73F54387D5D9DB6DC618A997500218
C025-W-HO82-P-_U-001-01,S73F54387D5D9DB6DC618A997500218,has logical start,SA6584A00F7667BEB8120DC94D8D7B8
C025-W-HO82-P-_U-001-01,S73F54387D5D9DB6DC618A997500218,has logical end,S38BE56C11392AB20F50465053C7166
C025-W-HO82-P-_U-001-01,S58CC01D7D586F578E43EC68A25121D,is a part of,SC0F2EAB7D7CB37BF0CA3A8C6540038
C025-W-HO82-P-_U-001-01,S58CC01D7D586F578E43EC68A25121D,is logical end of,SDBDA822BD952FBDD6DDF6F2B6CF1EB
C025-W-HO82-P-_U-001-01,S69339EE992B428716DA53320A6E798,is the location of,S995FAECB4B934A01CD1FDE364D3AC3
C025-W-HO82-P-_U-001-01,S28654927CF09B0A72B8833D9D9B3F0,is referenced by,SC0A0A0B52F80F268CA3218C5B58901
C025-W-HO82-P-_U-001-01,SF7D71EDBEA027AF67857770A342AB8,is the location of,S5C65A63BE4F6FC2B78DA8CF84E193E
C025-W-HO82-P-_U-001-01,S8ED0A8D25CF985C169750B96482D24,is referenced by,S65FA5FDAF2A16BE9F4A5DE9A097ADF
C025-W-HO82-P-_U-001-01,S28FEB538477FD809E39D9F67D78E24,is the location of,SF1B970F1A2D2EFC39048A5EDEBFB83
C025-W-HO82-P-_U-001-01,S100F0E6A0BD29A9A1FCBD308090455,is referenced by,S7D7074D9996CBDAF8D8C0E9838B652
C025-W-HO82-P-_U-001-01,S438B3FF7DC83A3A39B6D1B3CEBE0B6,is the location of,S34137A62945B59F6149B0EA140DCC4
C025-W-HO82-P-_U-001-01,S36E80C991F7F535A2C75398F261F39,is referenced by,SD5FD74CB76E5D3532A973DA19BFD8B
C025-W-HO82-P-_U-001-01,SA6584A00F7667BEB8120DC94D8D7B8,is a part of,S447A3430AC0FDABA6DC8D13379DC23
C025-W-HO82-P-_U-001-01,SA6584A00F7667BEB8120DC94D8D7B8,is logical start of,SEC8DE125F6A383B11C38BA8E37B1AA
C025-W-HO82-P-_U-001-01,SA6584A00F7667BEB8120DC94D8D7B8,is logical start of,S73F54387D5D9DB6DC618A997500218
C025-W-HO82-P-_U-001-01,SEC8DE125F6A383B11C38BA8E37B1AA,has logical start,SA6584A00F7667BEB8120DC94D8D7B8
C025-W-HO82-P-_U-001-01,SEC8DE125F6A383B11C38BA8E37B1AA,has logical end,S1B05124ED028435894BE1C8032064A
C025-W-HO82-P-_U-001-01,S1B05124ED028435894BE1C8032064A,is logical end of,SEC8DE125F6A383B11C38BA8E37B1AA
C025-W-HO82-P-_U-001-01,S1B05124ED028435894BE1C8032064A,is fulfilled by,S474AB594348247652329D1500D9FE1
C025-W-HO82-P-_U-001-01,S1B05124ED028435894BE1C8032064A,is located in,S6DA04B793996D5C203A3B7BE37FFFB
C025-W-HO82-P-_U-001-01,S7FD2C88E8DAA87689881EE4C42F00F,is a part of,S9AD60106B4FC5B4AF2E7EA9E161337
C025-W-HO82-P-_U-001-01,S7FD2C88E8DAA87689881EE4C42F00F,is logical start of,SE2D1C2AF94491C0C5A83D3FA6B0E8D
C025-W-HO82-P-_U-001-01,S7FD2C88E8DAA87689881EE4C42F00F,is logical start of,SDBDA822BD952FBDD6DDF6F2B6CF1EB
C025-W-HO82-P-_U-001-01,SE2D1C2AF94491C0C5A83D3FA6B0E8D,has logical start,S7FD2C88E8DAA87689881EE4C42F00F
C025-W-HO82-P-_U-001-01,SE2D1C2AF94491C0C5A83D3FA6B0E8D,has logical end,S5ACA3AA5214349D6AD8F91AEC627A8
C025-W-HO82-P-_U-001-01,SDBDA822BD952FBDD6DDF6F2B6CF1EB,has logical start,S7FD2C88E8DAA87689881EE4C42F00F
C025-W-HO82-P-_U-001-01,SDBDA822BD952FBDD6DDF6F2B6CF1EB,has logical end,S58CC01D7D586F578E43EC68A25121D
C025-W-HO82-P-_U-001-01,S5ACA3AA5214349D6AD8F91AEC627A8,is logical end of,SE2D1C2AF94491C0C5A83D3FA6B0E8D
C025-W-HO82-P-_U-001-01,S5ACA3AA5214349D6AD8F91AEC627A8,is fulfilled by,SE48A69750780E2ACC716ABA6F7C661
C025-W-HO82-P-_U-001-01,S5ACA3AA5214349D6AD8F91AEC627A8,is located in,SC14FB0574E79495A1E5B9AAF1D2201
C025-W-HO82-P-_U-001-01,SF9A4FBEE914B3183AEED0941CE758C,is a part of,S77F60F79FB32A6CC247238D5125559
C025-W-HO82-P-_U-001-01,SF9A4FBEE914B3183AEED0941CE758C,is logical end of,S11FD346D665B346ACD38CF3B805D97
C025-W-HO82-P-_U-001-01,SF9A4FBEE914B3183AEED0941CE758C,is logical start of,S2A638BB0AAFF89CD1DC40B6A87C5F8
C025-W-HO82-P-_U-001-01,S2A638BB0AAFF89CD1DC40B6A87C5F8,has logical start,SF9A4FBEE914B3183AEED0941CE758C
C025-W-HO82-P-_U-001-01,S2A638BB0AAFF89CD1DC40B6A87C5F8,has logical end,S9390459518D2A4C0BBE4DEE784A99B
C025-W-HO82-P-_U-001-01,S9390459518D2A4C0BBE4DEE784A99B,is logical end of,S2A638BB0AAFF89CD1DC40B6A87C5F8
C025-W-HO82-P-_U-001-01,S9390459518D2A4C0BBE4DEE784A99B,is fulfilled by,SB8CF52D2127719CFB65A603743AB32
C025-W-HO82-P-_U-001-01,S9390459518D2A4C0BBE4DEE784A99B,is located in,SF965BCA84B7F30AE81BA1B9EFDE833
C025-W-HO82-P-_U-001-01,S1685DB653F800FC1CC6B0C8AEEC94F,is a part of,SB6F104DC2ABDB000C7FC89025748F6
C025-W-HO82-P-_U-001-01,S1685DB653F800FC1CC6B0C8AEEC94F,is logical end of,SCE1A32DD2377103A7AB2B0D0E03212
C025-W-HO82-P-_U-001-01,S1685DB653F800FC1CC6B0C8AEEC94F,is logical start of,S4216421DA2DB0050C34D3EFD999E6E
C025-W-HO82-P-_U-001-01,SCE1A32DD2377103A7AB2B0D0E03212,has logical start,S8D63E50350C720BDA05C9EE158AFF3
C025-W-HO82-P-_U-001-01,SCE1A32DD2377103A7AB2B0D0E03212,has logical end,S1685DB653F800FC1CC6B0C8AEEC94F
C025-W-HO82-P-_U-001-01,S4216421DA2DB0050C34D3EFD999E6E,has logical start,S1685DB653F800FC1CC6B0C8AEEC94F
C025-W-HO82-P-_U-001-01,S4216421DA2DB0050C34D3EFD999E6E,has logical end,SDDE365912EA016D87A0FED119EC9E2
C025-W-HO82-P-_U-001-01,S8D63E50350C720BDA05C9EE158AFF3,is logical start of,SCE1A32DD2377103A7AB2B0D0E03212
C025-W-HO82-P-_U-001-01,S8D63E50350C720BDA05C9EE158AFF3,is fulfilled by,S55B234D8813122D9296571B301A1B4
C025-W-HO82-P-_U-001-01,S8D63E50350C720BDA05C9EE158AFF3,is located in,S1CBCA7B41E57278C44443E66C56457
C025-W-HO82-P-_U-001-01,S7E587FC675E070414459E5DB9366BD,is a part of,S56B3C5D9BE0D48372FEEC295AE91EF
C025-W-HO82-P-_U-001-01,S7E587FC675E070414459E5DB9366BD,is logical end of,S68811F687148B0FE822C180DC9A689
C025-W-HO82-P-_U-001-01,S7E587FC675E070414459E5DB9366BD,is logical end of,SB13FAC2AD8E6E5F0220572D08F4427
C025-W-HO82-P-_U-001-01,S68811F687148B0FE822C180DC9A689,has logical start,S580B397E178A673426D2E9F6C3FD5C
C025-W-HO82-P-_U-001-01,S68811F687148B0FE822C180DC9A689,has logical end,S7E587FC675E070414459E5DB9366BD
C025-W-HO82-P-_U-001-01,SB13FAC2AD8E6E5F0220572D08F4427,has logical start,S78E4FFDA40F4321CBDE3844D52EA19
C025-W-HO82-P-_U-001-01,SB13FAC2AD8E6E5F0220572D08F4427,has logical end,S7E587FC675E070414459E5DB9366BD
C025-W-HO82-P-_U-001-01,S78E4FFDA40F4321CBDE3844D52EA19,is logical start of,SB13FAC2AD8E6E5F0220572D08F4427
C025-W-HO82-P-_U-001-01,S78E4FFDA40F4321CBDE3844D52EA19,is located in,S8660940B6F49730FFBCB1F11D9B782
C025-W-HO82-P-_U-001-01,S2EC1E038DED8D9B86F2726E979C31D,is a part of,S108BDF8EE807817492A32EF11253D2
C025-W-HO82-P-_U-001-01,S2EC1E038DED8D9B86F2726E979C31D,is logical end of,SEAC90BCB5956C782F962D15D03D3C6
C025-W-HO82-P-_U-001-01,S2EC1E038DED8D9B86F2726E979C31D,is logical end of,S49E688AAB0EF09B1D5A0E94EE6765E
C025-W-HO82-P-_U-001-01,S49E688AAB0EF09B1D5A0E94EE6765E,has logical start,S6A176AF2424BA5832A40344B78AF7D
C025-W-HO82-P-_U-001-01,S49E688AAB0EF09B1D5A0E94EE6765E,has logical end,S2EC1E038DED8D9B86F2726E979C31D
C025-W-HO82-P-_U-001-01,S6A176AF2424BA5832A40344B78AF7D,is logical start of,S49E688AAB0EF09B1D5A0E94EE6765E
C025-W-HO82-P-_U-001-01,S6A176AF2424BA5832A40344B78AF7D,is located in,S977146F131D5F99E506AA78D3C3CC9
C025-W-HO82-P-_U-001-01,S29A3768ABDEA292BE2EE1CC5009140,is a part of,SD5737096E6DAD9B9EFF4B640EA490E
C025-W-HO82-P-_U-001-01,S29A3768ABDEA292BE2EE1CC5009140,is logical end of,S59DF150A18CEA422AF008A8A3AF179
C025-W-HO82-P-_U-001-01,S59DF150A18CEA422AF008A8A3AF179,has logical start,SC61A9B300E400B0B9D903C1CC9E0AB
C025-W-HO82-P-_U-001-01,S59DF150A18CEA422AF008A8A3AF179,has logical end,S29A3768ABDEA292BE2EE1CC5009140
C025-W-HO82-P-_U-001-01,SC61A9B300E400B0B9D903C1CC9E0AB,is logical start of,S59DF150A18CEA422AF008A8A3AF179
C025-W-HO82-P-_U-001-01,SC61A9B300E400B0B9D903C1CC9E0AB,is located in,S8751B9DD91587B04FE062DCC5F11F3
C025-W-HO82-P-_U-001-01,S76878A4299207879182E3E315667DC,is a part of,SED95C8FEFCF1BA3ABFA21B44BFDB1E
C025-W-HO82-P-_U-001-01,S76878A4299207879182E3E315667DC,is logical end of,S3D0F6A29A6EE85310BFCEF4A04B4A8
C025-W-HO82-P-_U-001-01,S3D0F6A29A6EE85310BFCEF4A04B4A8,has logical start,SA76CE8FE1E61F131078C802BD0EB00
C025-W-HO82-P-_U-001-01,S3D0F6A29A6EE85310BFCEF4A04B4A8,has logical end,S76878A4299207879182E3E315667DC
C025-W-HO82-P-_U-001-01,SA76CE8FE1E61F131078C802BD0EB00,is logical start of,S3D0F6A29A6EE85310BFCEF4A04B4A8
C025-W-HO82-P-_U-001-01,SA76CE8FE1E61F131078C802BD0EB00,is located in,S1A3D0294D67BD9074A9EEEDBAE40E2
C025-W-HO82-P-_U-001-01,SA961FEAD0CE28E05C1D23687B303D8,is a part of,S1E5B2A81CF8E7DCBCD1A8321CD8AF4
C025-W-HO82-P-_U-001-01,SA961FEAD0CE28E05C1D23687B303D8,is logical start of,SFCEDFF65BD644C1E7706D80F49EBB0
C025-W-HO82-P-_U-001-01,SFCEDFF65BD644C1E7706D80F49EBB0,has logical start,SA961FEAD0CE28E05C1D23687B303D8
C025-W-HO82-P-_U-001-01,SFCEDFF65BD644C1E7706D80F49EBB0,has logical end,SF1B970F1A2D2EFC39048A5EDEBFB83
C025-W-HO82-P-_U-001-01,SF1B970F1A2D2EFC39048A5EDEBFB83,is logical end of,SFCEDFF65BD644C1E7706D80F49EBB0
C025-W-HO82-P-_U-001-01,SF1B970F1A2D2EFC39048A5EDEBFB83,is fulfilled by,S771E554CC3E0A9838D4DB1135A8FD7
C025-W-HO82-P-_U-001-01,SF1B970F1A2D2EFC39048A5EDEBFB83,is located in,S28FEB538477FD809E39D9F67D78E24
C025-W-HO82-P-_U-001-01,S49AA4A1FD9076D4665191EC343A7DE,is a part of,SB35BCA1E6E445004D5CD0F3A466D36
C025-W-HO82-P-_U-001-01,S49AA4A1FD9076D4665191EC343A7DE,is logical end of,S71BCCD5FE858A4CB23FC87ECE8BA53
C025-W-HO82-P-_U-001-01,S71BCCD5FE858A4CB23FC87ECE8BA53,has logical start,S34137A62945B59F6149B0EA140DCC4
C025-W-HO82-P-_U-001-01,S71BCCD5FE858A4CB23FC87ECE8BA53,has logical end,S49AA4A1FD9076D4665191EC343A7DE
C025-W-HO82-P-_U-001-01,S34137A62945B59F6149B0EA140DCC4,is logical start of,S71BCCD5FE858A4CB23FC87ECE8BA53
C025-W-HO82-P-_U-001-01,S34137A62945B59F6149B0EA140DCC4,is fulfilled by,SA4CF5181247342E3F77B25C4B1DAC2
C025-W-HO82-P-_U-001-01,S34137A62945B59F6149B0EA140DCC4,is located in,S438B3FF7DC83A3A39B6D1B3CEBE0B6
C025-W-HO82-P-_U-001-01,S5905EBCBDA4AD342CB2A54638133F7,is a part of,SDEEBC1E302D427D61097E63D044536
C025-W-HO82-P-_U-001-01,S5905EBCBDA4AD342CB2A54638133F7,is logical end of,S6BF1FA689C1DC07A4F783B4188F0CB
C025-W-HO82-P-_U-001-01,S540A56DB818C7C8721EEA3FF0D744B,is a part of,SC432BA1A0C3C27F904D377EF718DF6
C025-W-HO82-P-_U-001-01,S540A56DB818C7C8721EEA3FF0D744B,is logical end of,SC0665622AE5500ECF3F065F87CF582
C025-W-HO82-P-_U-001-01,SC0665622AE5500ECF3F065F87CF582,has logical start,SA8B7B2578CE60CC3D0544D2A7D9498
C025-W-HO82-P-_U-001-01,SC0665622AE5500ECF3F065F87CF582,has logical end,S540A56DB818C7C8721EEA3FF0D744B
C025-W-HO82-P-_U-001-01,SA8B7B2578CE60CC3D0544D2A7D9498,is logical start of,SC0665622AE5500ECF3F065F87CF582
C025-W-HO82-P-_U-001-01,SA8B7B2578CE60CC3D0544D2A7D9498,is located in,S3346637BFB70E645D69D0136865880
C025-W-HO82-P-_U-001-01,S67B068F5E658675073C29CFF014D21,is a part of,S3DF5AA60763BF6EFACEEC098B1BED4
C025-W-HO82-P-_U-001-01,S67B068F5E658675073C29CFF014D21,is logical end of,S322E05DA20A9F8F632D6B7DC6626C8
C025-W-HO82-P-_U-001-01,S5F980A4E1164F22C483E18AAE114DD,is a part of,SA8B6827AF04F819DA9C3DFEA0032E2
C025-W-HO82-P-_U-001-01,S5F980A4E1164F22C483E18AAE114DD,is logical end of,SDBAF8F111EC52672571BF7DF7527CE
C025-W-HO82-P-_U-001-01,SDBAF8F111EC52672571BF7DF7527CE,has logical start,SCFB21D8760BA7C79DDC9313C6190F2
C025-W-HO82-P-_U-001-01,SDBAF8F111EC52672571BF7DF7527CE,has logical end,S5F980A4E1164F22C483E18AAE114DD
C025-W-HO82-P-_U-001-01,SCFB21D8760BA7C79DDC9313C6190F2,is logical start of,SDBAF8F111EC52672571BF7DF7527CE
C025-W-HO82-P-_U-001-01,SCFB21D8760BA7C79DDC9313C6190F2,is located in,SE727FE7158FC8CBBA3B284E14959F9
C025-W-HO82-P-_U-001-01,S8751B9DD91587B04FE062DCC5F11F3,is the location of,SC61A9B300E400B0B9D903C1CC9E0AB
C025-W-HO82-P-_U-001-01,S3346637BFB70E645D69D0136865880,is the location of,SA8B7B2578CE60CC3D0544D2A7D9498
C025-W-HO82-P-_U-001-01,S1A3D0294D67BD9074A9EEEDBAE40E2,is the location of,SA76CE8FE1E61F131078C802BD0EB00
C025-W-HO82-P-_U-001-01,SE727FE7158FC8CBBA3B284E14959F9,is the location of,SCFB21D8760BA7C79DDC9313C6190F2
C025-W-HO82-P-_U-001-01,SC3A66378AD2D5A9496162121A0E431,is a part of,S2C759CADED40B620EC35DB3C07A584
C025-W-HO82-P-_U-001-01,SC3A66378AD2D5A9496162121A0E431,is logical start of,S322E05DA20A9F8F632D6B7DC6626C8
C025-W-HO82-P-_U-001-01,SC3A66378AD2D5A9496162121A0E431,is logical start of,SCF4993BC8A11859488392D00C8092E
C025-W-HO82-P-_U-001-01,SC3A66378AD2D5A9496162121A0E431,is logical end of,SC55D3CC42F5341403BE7BDFFAAA3A4
C025-W-HO82-P-_U-001-01,S322E05DA20A9F8F632D6B7DC6626C8,has logical start,SC3A66378AD2D5A9496162121A0E431
C025-W-HO82-P-_U-001-01,S322E05DA20A9F8F632D6B7DC6626C8,has logical end,S67B068F5E658675073C29CFF014D21
C025-W-HO82-P-_U-001-01,SC55D3CC42F5341403BE7BDFFAAA3A4,has logical start,S5C65A63BE4F6FC2B78DA8CF84E193E
C025-W-HO82-P-_U-001-01,SC55D3CC42F5341403BE7BDFFAAA3A4,has logical end,SC3A66378AD2D5A9496162121A0E431
C025-W-HO82-P-_U-001-01,S5C65A63BE4F6FC2B78DA8CF84E193E,is logical start of,SC55D3CC42F5341403BE7BDFFAAA3A4
C025-W-HO82-P-_U-001-01,S5C65A63BE4F6FC2B78DA8CF84E193E,is fulfilled by,S8002D5C7928518B266B5B389FEA83F
C025-W-HO82-P-_U-001-01,S5C65A63BE4F6FC2B78DA8CF84E193E,is located in,SF7D71EDBEA027AF67857770A342AB8
C025-W-HO82-P-_U-001-01,SC376BF08E80667CC9F691FCD0F5477,is a part of,S9AC4405554C3D13043C1F2B8B3919B
C025-W-HO82-P-_U-001-01,SC376BF08E80667CC9F691FCD0F5477,is logical start of,S6BF1FA689C1DC07A4F783B4188F0CB
C025-W-HO82-P-_U-001-01,SC376BF08E80667CC9F691FCD0F5477,is logical start of,S8E7D21ED043638A23B65FC107132C5
C025-W-HO82-P-_U-001-01,SC376BF08E80667CC9F691FCD0F5477,is logical end of,SE2FD1340B2407D8C2A0DFC335DC80F
C025-W-HO82-P-_U-001-01,S6BF1FA689C1DC07A4F783B4188F0CB,has logical start,SC376BF08E80667CC9F691FCD0F5477
C025-W-HO82-P-_U-001-01,S6BF1FA689C1DC07A4F783B4188F0CB,has logical end,S5905EBCBDA4AD342CB2A54638133F7
C025-W-HO82-P-_U-001-01,SE2FD1340B2407D8C2A0DFC335DC80F,has logical start,S995FAECB4B934A01CD1FDE364D3AC3
C025-W-HO82-P-_U-001-01,SE2FD1340B2407D8C2A0DFC335DC80F,has logical end,SC376BF08E80667CC9F691FCD0F5477
C025-W-HO82-P-_U-001-01,S995FAECB4B934A01CD1FDE364D3AC3,is logical start of,SE2FD1340B2407D8C2A0DFC335DC80F
C025-W-HO82-P-_U-001-01,S995FAECB4B934A01CD1FDE364D3AC3,is fulfilled by,SA49252D97A679A8FA4B4C7D757B57A
C025-W-HO82-P-_U-001-01,S995FAECB4B934A01CD1FDE364D3AC3,is located in,S69339EE992B428716DA53320A6E798
