drawing,id,category,component_class,tag_name,x_mm,y_mm
C025-V-HA24-P-_E-001-01,SF08814D273B6CD5CDADCF499907732,nozzle,Nozzle,,0.0,0.0
C025-V-HA24-P-_E-001-01,S481760BEB8CEA0809987BC61357C2B,equipment,CustomEquipment,,0.0,0.0
C025-V-HA24-P-_E-001-01,SCAD8983B25D79877CB26F8D53ABD12,instrument,ProcessInstrumentationFunction,,0.0,0.0
C025-V-HA24-P-_E-001-01,SA09DE6C579D12870CA03B662DA18CA,equipment,Pump,,0.0,0.0
C025-V-HA24-P-_E-001-01,S90204EC07231ABFC65069F53D9140D,piping_component,GateValve,,0.0,0.0
C025-V-HA24-P-_E-001-01,S61274C0F8F183D7C3F4C7D6D0D53B5,piping_component,GlobeValve,,0.0,0.0
C025-V-HA24-P-_E-001-01,S7847B28E3AE9898D9488CFD5500B1E,piping_component,GlobeValve,,0.0,0.0
C025-V-HA24-P-_E-001-01,S8258279C1F43F084C4AC50D02AAB5D,piping_component,GlobeValve,,0.0,0.0
C025-V-HA24-P-_E-001-01,S180FDC5221495C254FDEC27AB70BFE,piping_component,GlobeValve,,0.0,0.0
C025-V-HA24-P-_E-001-01,S34E86B28CBF55F982CCC5229CFF94C,piping_component,GateValve,,0.0,0.0
C025-V-HA24-P-_E-001-01,S4AA80B20CBF29AD635EF5B99F8EB67,actuator,ControlledActuator,,0.0,0.0
C025-V-HA24-P-_E-001-01,SE9CB96070B8A61F3E44D2607F31A02,piping_component,GateValve,,0.0,0.0
C025-V-HA24-P-_E-001-01,SCA055C18B1B95619CFD6EF814F3120,instrument,ProcessInstrumentationFunction,,0.0,0.0
C025-V-HA24-P-_E-001-01,S74CC77D0D6CA85B30F1FF4495BFA95,instrument,ProcessInstrumentationFunction,,0.0,0.0
C025-V-HA24-P-_E-001-01,SD01E9CEF2143E691A1709AA3DA3B12,piping_component,AngleValve,,0.0,0.0
C025-V-HA24-P-_E-001-01,S97C9B9C8DF840E549E696D354EE08F,actuator,ControlledActuator,,0.0,0.0
C025-V-HA24-P-_E-001-01,S18D99536CC6251DDD47782DF1943B8,piping_component,CheckValve,,0.0,0.0
C025-V-HA24-P-_E-001-01,S662E3DAC2C065D00FB31289AECB3BB,piping_component,GlobeValve,,0.0,0.0
C025-V-HA24-P-_E-001-01,SD0CACFD9611E9C5DD276F2D4EB5CE7,piping_component,PipeReducer,,0.0,0.0
C025-V-HA24-P-_E-001-01,S9F75030CABF0D24765ECEAD66E49FA,actuator,ControlledActuator,,0.0,0.0
C025-V-HA24-P-_E-001-01,SD7D1DA11C2DB9A401C66D2EDA748CA,signal_off_page,FlowInSignalOffPageConnector,,0.0,0.0
C025-V-HA24-P-_E-001-01,SD3D960B8B28EA4D77A8BFBC8E8F0D3,pipe_off_page,FlowOutPipeOffPageConnector,,0.0,0.0
C025-V-HA24-P-_E-001-01,S8C484C3B56E169D61A5F59A7360FF4,pipe_off_page,FlowInPipeOffPageConnector,,0.0,0.0
C025-V-HA24-P-_E-001-01,SA78573E89D7C8412C563FF18EEB574,actuator,ControlledActuator,,0.0,0.0
C025-V-HA24-P-_E-001-01,SE8C62441707896E88A95DAFAF93F9B,piping_component,PipeReducer,,0.0,0.0
C025-V-HA24-P-_E-001-01,SC7B0FBC614BDEDED69455265ABFE77,piping_component,GateValve,,0.0,0.0
C025-V-HA24-P-_E-001-01,SA3EEC34D67E32AF57D7D2474AFE18B,instrument,ProcessInstrumentationFunction,,0.0,0.0
C025-V-HA24-P-_E-001-01,S72206AC7C2CD5A05F8D18B350DDE44,nozzle,Nozzle,,0.0,0.0
C025-V-HA24-P-_E-001-01,SD2C3C20A634F7EE66192D11C9125EF,nozzle,Nozzle,,0.0,0.0
C025-V-HA24-P-_E-001-01,S699255CA4FD5BD40141813E19EBE96,nozzle,Nozzle,,0.0,0.0
C025-V-HA24-P-_E-001-01,S554A930B99076687E808182F7B3081,nozzle,Nozzle,,0.0,0.0
C025-V-HA24-P-_E-001-01,S30961770FC45800278F17E9535A7A5,piping_component,PipeReducer,,0.0,0.0
C025-V-HA24-P-_E-001-01,S9C5AC050D79BF301DA849CFF5AB260,instrument,ProcessInstrumentationFunction,,0.0,0.0
C025-V-HA24-P-_E-001-01,S4C7C3455F68EDF171326F3760D3024,piping_component,FlowMeasuringElement,,0.0,0.0
C025-V-HA24-P-_E-001-01,S39C96745CBDC492B49A9838B2C4217,actuator,ControlledActuator,,0.0,0.0
C025-V-HA24-P-_E-001-01,SB2C0BFE0CF39EFEBE94AAA985DA876,instrument,ProcessInstrumentationFunction,,0.0,0.0
C025-V-HA24-P-_E-001-01,SF2FD65227207A2C39E51229E6C901F,piping_component,GateValve,,0.0,0.0
C025-V-HA24-P-_E-001-01,S19DFC06D950A5366DDDA699564D81D,piping_component,FlangedConnection,,0.0,0.0
C025-V-HA24-P-_E-001-01,S8E547768521B3C2DC1B81C42268BFB,piping_component,Flange,,0.0,0.0
C025-V-HA24-P-_E-001-01,S2774155CD821C00F677A654E1BBC8C,piping_component,PipeTee,,0.0,0.0
C025-V-HA24-P-_E-001-01,SCAD8983B25D79877CB26F8D53ABD121,instrument,ProcessInstrumentationFunction,,0.0,0.0
C025-V-HA24-P-_E-001-01,SD16169F96CA45FCF3C006E8DBCFD2F,instrument_loop,InstrumentationLoopFunction,,254.48,339.722
C025-V-HA24-P-_E-001-01,S671DC19C631A477C122E22A476B335,instrument_loop,InstrumentationLoopFunction,,653.582,364.046
C025-V-HA24-P-_E-001-01,SB95A3D3E9B6CD9083B24BE5059B349,instrument_loop,InstrumentationLoopFunction,,302.013,344.761
C025-V-HA24-P-_E-001-01,SB1F19DA35808633A7B5216792B4A73,instrument_loop,InstrumentationLoopFunction,,586.244,244.88
C025-V-HA24-P-_E-001-01,S9D257B78182F1AAE3CCDBB87D6DACB,instrument_loop,InstrumentationLoopFunction,,587.716,337.919
C025-V-HA24-P-_E-001-01,SA93C5428D8F071A6F034971E6A67FF,instrument_loop,InstrumentationLoopFunction,,167.972,244.556
C025-V-HA24-P-_E-001-01,S3A003BFCE36D40F6D2F92DCAC97A8C,instrument_loop,InstrumentationLoopFunction,,167.972,334.748
C025-V-HA24-P-_E-001-01,S4B6DEB181B33B8DEF95B32C39286EB,instrument_loop,InstrumentationLoopFunction,,167.972,388.777
C025-V-HA24-P-_E-001-01,S59EC3CCBA499D1C3E5DF0009E54C7F,instrument_loop,InstrumentationLoopFunction,,467.364,328.539
C025-V-HA24-P-_E-001-01,S1DE295607A79A356415B421DFA80BF,instrument_loop,InstrumentationLoopFunction,,499.756,233.342
C025-V-HA24-P-_E-001-01,S9AE49F7486CBBDA0B57DDD0075F154,instrument_loop,InstrumentationLoopFunction,,590.151,314.368
C025-V-HA24-P-_E-001-01,SA6CEE2F606B4B2864024E8BB5A7B0B,instrument_loop,InstrumentationLoopFunction,,588.679,221.33
C025-V-HA24-P-_E-001-01,SE307811D1D109D624933F82A737F7F,instrument_loop,InstrumentationLoopFunction,,256.914,363.342
C025-V-HA24-P-_E-001-01,S770EF288F97A2BF4264E2242E0BFDD,instrument_loop,InstrumentationLoopFunction,,256.914,316.102
C025-V-HA24-P-_E-001-01,SBC298713E6E9986A38F18E5A0E731C,instrument_loop,InstrumentationLoopFunction,,304.447,316.112
C025-V-HA24-P-_E-001-01,S51F53C583D039B9ED6689B5CA1D305,instrument_loop,InstrumentationLoopFunction,,170.491,215.907
C025-V-HA24-P-_E-001-01,S7DD69220DE5A61A6E2B49DD8819420,instrument_loop,InstrumentationLoopFunction,,170.491,306.099
C025-V-HA24-P-_E-001-01,S3A303B27FF01BC599FC0B56BCC0D09,instrument_loop,InstrumentationLoopFunction,,673.437,321.527
C025-V-HA24-P-_E-001-01,SD363AEFE20C4DD4CF9EF6C6C245B27,instrument_loop,InstrumentationLoopFunction,,676.016,230.33
C025-V-HA24-P-_E-001-01,S78CF9CF46E7C9CB71A180E30FA8D85,instrument_loop,InstrumentationLoopFunction,,194.998,339.574
C025-V-HA24-P-_E-001-01,S48C2E6F491A29A80B19E6BC0C54A75,instrument_loop,InstrumentationLoopFunction,,341.765,328.564
C025-V-HA24-P-_E-001-01,S291E6BF2F7A1BDBB8A662CDCDFE44D,instrument_loop,InstrumentationLoopFunction,,654.016,321.527
C025-V-HA24-P-_E-001-01,SA8F1546FAC582921D9A6C33F0F249E,instrument_loop,InstrumentationLoopFunction,,659.016,230.33
C025-V-HA24-P-_E-001-01,SF06CFD4494A066749AEDC4258DE6F3,instrument_loop,InstrumentationLoopFunction,,304.447,328.564
C025-V-HA24-P-_E-001-01,S6A263A9D3547407D90746CD4A10998,actuating_system,ActuatingSystem,,611.244,202.33
C025-V-HA24-P-_E-001-01,S96D48AEE3FBA6C2C5EE009F8F26927,actuator,ControlledActuator,,611.244,202.33
C025-V-HA24-P-_E-001-01,SC00065453CF1EF8F8F7D466032168B,actuator,OperatedValveReference,,611.244,202.33
C025-V-HA24-P-_E-001-01,SF72F2173282ADDF89B0F0EB3216E7E,actuating_system,ActuatingSystem,,611.244,230.33
C025-V-HA24-P-_E-001-01,SF68743C2549E6C89B3A85BCFE5EC2F,actuator,ControlledActuator,,611.244,230.33
C025-V-HA24-P-_E-001-01,S11F3D94D5C4F50778EDBD4719D42F0,actuator,OperatedValveReference,,611.244,230.33
C025-V-HA24-P-_E-001-01,S3EEAF2E3BFCA557B576D8D3F1D3E20,actuating_system,ActuatingSystem,,499.756,202.342
C025-V-HA24-P-_E-001-01,SD370296807CB072917B3055C617210,actuator,ControlledActuator,,499.756,202.342
C025-V-HA24-P-_E-001-01,SA49D693C7AC0B583C23F26A8E973A6,actuator,OperatedValveReference,,499.756,202.342
C025-V-HA24-P-_E-001-01,SB74A3D02AB6A54696E63B8C1A2AB24,actuating_system,ActuatingSystem,,611.244,292.527
C025-V-HA24-P-_E-001-01,S4EFEC67917326079B117AC81CEB738,actuator,ControlledActuator,,611.244,292.527
C025-V-HA24-P-_E-001-01,SAD4C9C226F30C095227F77A9573CA8,actuator,OperatedValveReference,,611.244,292.527
C025-V-HA24-P-_E-001-01,S1033332067AC7202BE29EE4DBF1B76,actuating_system,ActuatingSystem,,284.301,363.342
C025-V-HA24-P-_E-001-01,SCDB71D9BF07C16471E72854E0BBD8E,actuator,ControlledActuator,,284.301,363.342
C025-V-HA24-P-_E-001-01,S28E45DAD045A14A21CE533D15E16B2,actuator,OperatedValveReference,,284.301,363.342
C025-V-HA24-P-_E-001-01,S9DEC94CF34E1B57511509282D06BF9,actuating_system,ActuatingSystem,,611.244,321.527
C025-V-HA24-P-_E-001-01,SF3ECF5C4049C6B98991DEFA50080FB,actuator,ControlledActuator,,611.244,321.527
C025-V-HA24-P-_E-001-01,SC753880C2BB95FDC99529D797EAB7E,actuator,OperatedValveReference,,611.244,321.527
C025-V-HA24-P-_E-001-01,S25CF52484EA6503DF8B81539F5244F,actuating_system,ActuatingSystem,,467.364,292.539
C025-V-HA24-P-_E-001-01,SC79F9FC5E8D9AE9976A9175526E240,actuator,ControlledActuator,,467.364,292.539
C025-V-HA24-P-_E-001-01,SECE66FE1DE4AC8D896912169A35817,actuator,OperatedValveReference,,467.364,292.539
C025-V-HA24-P-_E-001-01,S9C3DFD0FBE8ACAC27BBB121CDE9BF4,piping_system,PipingNetworkSystem,,130.27,276.103
C025-V-HA24-P-_E-001-01,S8E7D44E143A82453C1BB328009D7F8,piping_segment,PipingNetworkSegment,"4""-PL-242202-ED200-4",133.78,280.438
C025-V-HA24-P-_E-001-01,SC6975D96F2880059CC37FFB7779EB3,piping_component,GateValve,24-2052PL,135.739,280.441
C025-V-HA24-P-_E-001-01,SD5202622C836E7D909C8DC36592BA7,piping_segment,PipingNetworkSegment,"4""-PL-242202-ED200-4",89.257,280.441
C025-V-HA24-P-_E-001-01,S251B759F2D11B566C45D6C6D58ECA5,pipe_off_page,FlowInPipeOffPageConnector,,61.248,280.441
C025-V-HA24-P-_E-001-01,S1C26EF1778B86ED7AC56AFE222098D,piping_component,PipeReducer,,117.266,280.441
C025-V-HA24-P-_E-001-01,SB1276FCBE53E581460A5B69EE1B5DA,piping_segment,PipingNetworkSegment,"4""-PL-242202-ED200-4",144.38,271.716
C025-V-HA24-P-_E-001-01,S65FA8A235092168499B6C288A16C0D,piping_component,Flange,,144.38,262.992
C025-V-HA24-P-_E-001-01,SF86922D5F443F51BA7ADDB6796A2CF,piping_component,GlobeValve,24-2053PL,144.38,267.992
C025-V-HA24-P-_E-001-01,SE6E35107961F3844E08298C5380F02,piping_component,PipeTee,,144.38,280.441
C025-V-HA24-P-_E-001-01,S1C3AD75CBB8A241E09758D0A27195E,piping_segment,PipingNetworkSegment,"4""-PL-242202-ED200-4",171.284,280.489
C025-V-HA24-P-_E-001-01,SB1DE1CED2EC496C2D62F8528634535,piping_component,FlangedConnection,,177.281,280.44
C025-V-HA24-P-_E-001-01,S268E108EF343F213E12A256E0E2D40,piping_system,PipingNetworkSystem,,313.507,292.535
C025-V-HA24-P-_E-001-01,S5356E9834842ED563BC7D2BE99CEC2,piping_segment,PipingNetworkSegment,"2""-PL-242203-ED200-4",325.712,292.526
C025-V-HA24-P-_E-001-01,S8E2C69877A05E366E6D0EE91236541,piping_component,CheckValve,24-2059PL,327.407,292.539
C025-V-HA24-P-_E-001-01,SEF761B71B92AA7DB8855709CD0BD81,piping_component,PipeTee,,336.996,292.531
C025-V-HA24-P-_E-001-01,SB7827AD83A1CB40A0F4AC4B1092D2E,piping_segment,PipingNetworkSegment,"2""-PL-242203-ED200-4",353.601,292.536
C025-V-HA24-P-_E-001-01,SDC96B39F0BEB7746C15A1DBA640880,piping_component,GateValve,24-2056PL,352.351,292.539
C025-V-HA24-P-_E-001-01,S1DFB6C9913A1A73C43472B86961F3C,piping_component,PipeTee,,364.03,292.539
C025-V-HA24-P-_E-001-01,SED324E6CFFE8BBE3B3710BE6C7A677,piping_segment,PipingNetworkSegment,"2""-PL-242203-ED200-4",336.996,282.093
C025-V-HA24-P-_E-001-01,S2E4B00EE544987410C643A4AC3A710,piping_component,GlobeValve,24-2055PL,336.996,280.613
C025-V-HA24-P-_E-001-01,SD8865133F3E7053DF5BC94D3EB6FF2,piping_component,Flange,,336.996,275.613
C025-V-HA24-P-_E-001-01,SD1A1B004B07FEBE818E6BE345A58FE,piping_segment,PipingNetworkSegment,"2""-PL-242203-ED200-4",364.03,302.977
C025-V-HA24-P-_E-001-01,S2EFC879A3881CED85DC682FC09B32A,piping_component,GlobeValve,24-2057PL,364.03,304.457
C025-V-HA24-P-_E-001-01,SD2C6F80CEB3918BB82FB3A2ACE3071,piping_component,Flange,,364.03,309.457
C025-V-HA24-P-_E-001-01,S6890EDADE405B0BBC8B3A92394BE05,piping_segment,PipingNetworkSegment,"2""-PL-242203-ED200-4",299.663,292.508
C025-V-HA24-P-_E-001-01,S510AD4F5F11BDF9DE003CD35E9A74D,piping_component,PipeTee,,304.45,292.518
C025-V-HA24-P-_E-001-01,SE20642C0B6731A27FE099C691ADAA3,piping_segment,PipingNetworkSegment,"2""-PL-242203-ED200-4",262.985,292.506
C025-V-HA24-P-_E-001-01,SF9F769D62366635916B201D02ED1E3,piping_component,FlangedConnection,,245.515,292.539
C025-V-HA24-P-_E-001-01,SC768A8C3950A2E5FDF401B9E0E9663,piping_component,FlowMeasuringElement,,256.914,292.475
C025-V-HA24-P-_E-001-01,S677F5B000D2005D36A2F1A34BCEA02,piping_component,FlangedConnection,,268.313,292.479
C025-V-HA24-P-_E-001-01,S3E0927E9033A42B946F5573AC5583D,piping_component,PipeTee,,285.3,292.483
C025-V-HA24-P-_E-001-01,S12C36A1753FBD065DDACBC6720C095,piping_segment,PipingNetworkSegment,"2""-PL-242203-ED200-4",304.45,299.94
C025-V-HA24-P-_E-001-01,S6F041F660CC3C365ABEC3A170EEA67,piping_component,GateValve,24-2054PL,304.45,303.743
C025-V-HA24-P-_E-001-01,SA32F1275A48392625AD2665459698E,piping_system,PipingNetworkSystem,,504.227,208.36
C025-V-HA24-P-_E-001-01,S5E2F923CBE9E574BCC68BC2924F581,piping_segment,PipingNetworkSegment,"4""-PL-242002-ED200-4",606.008,224.879
C025-V-HA24-P-_E-001-01,S12411B07BE35428C4D5B29EC7A341C,piping_component,GateValve,24-XV2163B,611.244,202.33
C025-V-HA24-P-_E-001-01,S24D7404F702E850424E784D39A73BD,piping_segment,PipingNetworkSegment,"4""-PL-242002-ED200-4",402.446,224.857
C025-V-HA24-P-_E-001-01,SBD7EE4EB1BBAA639BE5E4CDC066D91,piping_component,GateValve,24-2008PL,402.01,202.342
C025-V-HA24-P-_E-001-01,S37A6B03833807FF630603E271DF8DC,piping_component,PipeTee,,420.201,202.342
C025-V-HA24-P-_E-001-01,SEAA1417F8D3F261F6FF5FF488F0874,piping_segment,PipingNetworkSegment,"4""-PL-242002-ED200-4",420.201,191.842
C025-V-HA24-P-_E-001-01,S9A39339AEA85EBF6D8A5953DF1F53B,piping_component,GlobeValve,24-2010PL,420.201,190.342
C025-V-HA24-P-_E-001-01,SFD6AD030AFC6DD698E5DDB29AB7B06,piping_component,Flange,,420.201,185.342
C025-V-HA24-P-_E-001-01,S298F38704F966CCD8131FFD2FA92B7,piping_segment,PipingNetworkSegment,"4""-PL-242002-ED200-4",502.756,202.345
C025-V-HA24-P-_E-001-01,S20B90F88E51B2A8444118DA79B90C3,piping_component,GateValve,24-LV2162B,499.756,202.342
C025-V-HA24-P-_E-001-01,S2F8A2315DBD21C744F2468D476F486,piping_component,PipeReducer,,516.756,202.348
C025-V-HA24-P-_E-001-01,SFCA9A72A2DC1C079A5AF894BD6DB15,piping_segment,PipingNetworkSegment,"4""-PL-242002-ED200-4",464.367,202.345
C025-V-HA24-P-_E-001-01,S1D3A8E8D13243312A7C4703BAD0999,piping_component,PipeReducer,,479.756,202.348
C025-V-HA24-P-_E-001-01,S899368EC1256D0A8D38DA5799DF530,piping_system,PipingNetworkSystem,,538.061,369.07
C025-V-HA24-P-_E-001-01,SE2F405FFD597478DDBDF9B885D006F,piping_segment,PipingNetworkSegment,"2""-PL-242204-ED200-4",538.061,369.07
C025-V-HA24-P-_E-001-01,S4E997AB454ADE6515486A7AD4CC826,piping_component,GlobeValve,24-FV2100,285.3,363.342
C025-V-HA24-P-_E-001-01,S58C5A082E84D74DF7D9412DBECFFE8,piping_component,CheckValve,24-2061PL,563.214,411.057
C025-V-HA24-P-_E-001-01,S9A83A5A1371106731DC348CA01A597,piping_component,GateValve,24-2060PL,612.589,411.091
C025-V-HA24-P-_E-001-01,SCD96FB2E61FA636BE0DB0816463DF8,pipe_off_page,FlowOutPipeOffPageConnector,,790.822,411.732
C025-V-HA24-P-_E-001-01,SB827618FE8BCE0B794578D4D4D5C2F,piping_system,PipingNetworkSystem,,562.857,285.21
C025-V-HA24-P-_E-001-01,SEDAD962ABF4714823A7CF1537722B0,piping_segment,PipingNetworkSegment,"4""-PL-242001-ED200-4",375.132,292.492
C025-V-HA24-P-_E-001-01,S275800040E2B75F6036517F468FB2D,piping_component,PipeReducer,,379.5,292.445
C025-V-HA24-P-_E-001-01,SFBE8FA3D0BD77090595C9965DEBB04,piping_segment,PipingNetworkSegment,"4""-PL-242001-ED200-4",383.894,292.54
C025-V-HA24-P-_E-001-01,S9A02DB39A355E958CC487C210229B4,piping_component,PipeTee,,384.692,292.54
C025-V-HA24-P-_E-001-01,S6542E76590C6C0296B87C93A474441,piping_segment,PipingNetworkSegment,"4""-PL-242001-ED200-4",601.16,292.526
C025-V-HA24-P-_E-001-01,S8B28ABD3956F46DFF33F933DD5403D,piping_component,GateValve,24-XV2163A,611.244,292.527
C025-V-HA24-P-_E-001-01,SC7E72DAE42B9D7C344DF004E656EEC,piping_component,PipeTee,,652.016,292.527
C025-V-HA24-P-_E-001-01,S4851FDF798E9D94FC7FF156D1F4DA6,piping_segment,PipingNetworkSegment,"4""-PL-242001-ED200-4",471.871,292.542
C025-V-HA24-P-_E-001-01,S47204DAE1EA551DEEE9650F5720476,piping_component,GateValve,24-LV2162A,467.364,292.539
C025-V-HA24-P-_E-001-01,SD921CCB57F4D503100521D357FACC6,piping_component,PipeReducer,,491.364,292.545
C025-V-HA24-P-_E-001-01,S96069D04275A7C51AF5B4D5DECAD9C,piping_segment,PipingNetworkSegment,"4""-PL-242001-ED200-4",434.547,292.539
C025-V-HA24-P-_E-001-01,S8D48ABBFD841F6E32D218D6B6CC963,piping_component,PipeReducer,,439.392,292.539
C025-V-HA24-P-_E-001-01,SEC1E906ED020AEFE24BED856C1DAD8,piping_segment,PipingNetworkSegment,"4""-PL-242001-ED200-4",606.891,277.878
C025-V-HA24-P-_E-001-01,SBBE6BFC14F0489684833485EA078E2,piping_component,GlobeValve,24-2009PL,422.011,281.032
C025-V-HA24-P-_E-001-01,S3ECF973D8842AC99918AD68365AA01,piping_component,Flange,,422.011,276.032
C025-V-HA24-P-_E-001-01,SCED81C454692D2993C6D1823CBCBF8,pipe_off_page,FlowOutPipeOffPageConnector,,791.771,266.996
C025-V-HA24-P-_E-001-01,S2F52ADF8E74584E4F2088654E228F3,piping_segment,PipingNetworkSegment,"4""-PL-242001-ED200-4",750.582,292.527
C025-V-HA24-P-_E-001-01,S4A08BA9FA4E234936C55DB6688B0FF,pipe_off_page,FlowOutPipeOffPageConnector,,791.771,292.527
C025-V-HA24-P-_E-001-01,SCAC2FF5C36FE73F090AC45DE1FAF16,piping_segment,PipingNetworkSegment,"4""-PL-242001-ED200-4",406.648,292.53
C025-V-HA24-P-_E-001-01,S689FC8B8CE3E7A05F610B3D813D14F,piping_component,GateValve,24-2007PL,402.01,292.539
C025-V-HA24-P-_E-001-01,S9D2A0D465171D422A1655ADB2BFF9F,piping_component,PipeTee,,422.011,292.514
C025-V-HA24-P-_E-001-01,SAAF424D0B32E37816D13EC7C3D7940,piping_system,PipingNetworkSystem,,243.349,273.542
C025-V-HA24-P-_E-001-01,S74DFD35B863CB783163534F7810B94,piping_segment,PipingNetworkSegment,,243.349,273.542
C025-V-HA24-P-_E-001-01,SCE45E133568E25113B0B15C6CB3058,piping_component,Flange,,245.821,273.542
C025-V-HA24-P-_E-001-01,SB06E2EE17C32D85327FA8DB85BE229,piping_component,GateValve,57-2001PL,240.876,273.542
C025-V-HA24-P-_E-001-01,S3C537543CDA9D217BFECDA620C6210,piping_system,PipingNetworkSystem,,209.697,322.922
C025-V-HA24-P-_E-001-01,S55ECEFC495775866F3363928C9D0A1,piping_segment,PipingNetworkSegment,,209.697,322.922
C025-V-HA24-P-_E-001-01,S53D9E777F32A35F9EE2805DBF38138,piping_component,FlangedConnection,,209.697,322.922
C025-V-HA24-P-_E-001-01,SDA9AC7EC2D148B10EE97375D79D011,piping_system,PipingNetworkSystem,,243.242,251.256
C025-V-HA24-P-_E-001-01,SED950BD97F62532A4D170CBA0DF24C,piping_segment,PipingNetworkSegment,,243.242,251.256
C025-V-HA24-P-_E-001-01,S75D7F1E7CC17BA3CFDA8406E33C838,piping_component,Flange,,245.715,251.256
C025-V-HA24-P-_E-001-01,SA9BF114D71B73B19E8966CD82BBC68,piping_component,GateValve,56-2003PL,240.77,251.256
C025-V-HA24-P-_E-001-01,S850D6F046076A1C72C3043219719B4,equipment,Pump,24-PA001,210.117,278.539
C025-V-HA24-P-_E-001-01,SAB08D8EF3EA2576D142BDEAD4338C3,nozzle,Nozzle,N12,235.77,251.256
C025-V-HA24-P-_E-001-01,S7A9899C71E77054839AA3B524357A4,nozzle,Nozzle,N1,187.183,280.44
C025-V-HA24-P-_E-001-01,S30BB618C0B381DCA79ED167BC69489,nozzle,Nozzle,N3,235.876,273.542
C025-V-HA24-P-_E-001-01,S6C4DB1333AFEA6EEF749432991EE2A,nozzle,Nozzle,N2,235.826,292.539
C025-V-HA24-P-_E-001-01,S8B6DF0C4876DA7F79D27885EE2ECD8,nozzle,Nozzle,,187.203,306.099
C025-V-HA24-P-_E-001-01,S6DEE36358696508DA65D0AC91A0C05,nozzle,Nozzle,,196.329,240.0
C025-V-HA24-P-_E-001-01,SA0495F63A013B181F680682E34A0C8,nozzle,Nozzle,,211.697,322.643
C025-V-HA24-P-_E-001-01,SC51D0D8CEBD621CC8DAC7335C40D22,instrument,ProcessInstrumentationFunction,24-FIC2100,254.48,339.722
C025-V-HA24-P-_E-001-01,S4AF961655AC717AF4689A0B5D350BB,instrument,ProcessInstrumentationFunction,24-HS2163,653.582,364.046
C025-V-HA24-P-_E-001-01,SD0EE04E34C6480DA412C0BF0214372,instrument,ProcessInstrumentationFunction,24-PI2160,302.013,344.761
C025-V-HA24-P-_E-001-01,S5CC2A4673D605D38B888E33EE4C0D5,instrument,ProcessInstrumentationFunction,24-ZL2163B,586.244,244.88
C025-V-HA24-P-_E-001-01,SAD4F85613E904B0C980896E91F06DD,instrument,ProcessInstrumentationFunction,24-ZL2163A,587.716,337.919
C025-V-HA24-P-_E-001-01,SADBDF25F2DE8CEF92CA5065D8CFE3D,instrument,ProcessInstrumentationFunction,24-LSH2005,167.972,244.556
C025-V-HA24-P-_E-001-01,SD4A89626B8AFD06ACB01EB9A99CB93,instrument,ProcessInstrumentationFunction,24-PI2159,167.972,334.748
C025-V-HA24-P-_E-001-01,S1ABC70738D25EA5AF1A3C86F1A99A2,instrument,ProcessInstrumentationFunction,24-PDI2001,167.972,388.777
C025-V-HA24-P-_E-001-01,S36D8841D6D782D73B74898DA453EC5,signal_generator,ProcessSignalGeneratingFunction,,62.905,388.813
C025-V-HA24-P-_E-001-01,SEF468677AE3FCF3158875052A6C9FA,signal_off_page,FlowInSignalOffPageConnector,,62.905,388.813
C025-V-HA24-P-_E-001-01,SE0A7D090B43DBAAE6001693290DD46,piping_system,PipingNetworkSystem,,611.244,230.33
C025-V-HA24-P-_E-001-01,S6BD5B5556E10CEEF3956A3B592957B,piping_segment,PipingNetworkSegment,,611.244,230.33
C025-V-HA24-P-_E-001-01,SCEFE61451CDD7AA81CE8E80FF2F12A,piping_component,AngleValve,24-XY2163B,611.244,230.33
C025-V-HA24-P-_E-001-01,S1A88284F621C2C961306FB562C29BB,piping_system,PipingNetworkSystem,,611.244,321.527
C025-V-HA24-P-_E-001-01,SE770ABB5D9F8050AB3E45E8A6E48CF,piping_segment,PipingNetworkSegment,,611.244,321.527
C025-V-HA24-P-_E-001-01,S2E6AB3688B2CADFE694F3FA5854992,piping_component,AngleValve,24-XY2163A,611.244,321.527
C025-V-HA24-P-_E-001-01,S286F3F09DD43BABDA0112AA3A451A1,instrument,ProcessInstrumentationFunction,24-LY2162A,467.364,328.539
C025-V-HA24-P-_E-001-01,SE7F85CCCD661EE22191322B6479D24,signal_generator,ProcessSignalGeneratingFunction,,62.905,440.303
C025-V-HA24-P-_E-001-01,SA6DF1B8BB12065A3163C964698F4CF,actuating_function,ActuatingFunction,,467.364,292.539
C025-V-HA24-P-_E-001-01,SD8B412F29B8B8A7132D2AFC07251F8,signal_off_page,FlowInSignalOffPageConnector,,62.905,440.303
C025-V-HA24-P-_E-001-01,S245FCF5FE0708B9D62BB9F9032E3B1,instrument,ProcessInstrumentationFunction,24-LY2162B,499.756,233.342
C025-V-HA24-P-_E-001-01,SFB58210D761F1D76D1A989015AA97B,signal_generator,ProcessSignalGeneratingFunction,,62.908,467.803
C025-V-HA24-P-_E-001-01,SF7368DDBBF92C85C37B0B41CA3069C,actuating_function,ActuatingFunction,,499.756,202.342
C025-V-HA24-P-_E-001-01,S3C74E74567E4FBFEECC2568E5749CD,signal_off_page,FlowInSignalOffPageConnector,,62.908,467.803
C025-V-HA24-P-_E-001-01,S9D619910F4E080D189959A26031866,instrument,ProcessInstrumentationFunction,24-ZS2163A,590.151,314.368
C025-V-HA24-P-_E-001-01,S79C632796B9EB3BAAE6829457ACCB3,actuating_function,ActuatingFunction,,611.244,292.527
C025-V-HA24-P-_E-001-01,SFE7072D7F7E7D8ED53F27B8CAD38EA,instrument,ProcessInstrumentationFunction,24-ZS2163B,588.679,221.33
C025-V-HA24-P-_E-001-01,S5C5BFB131E1316A90E554A25AE087D,actuating_function,ActuatingFunction,,611.244,202.33
C025-V-HA24-P-_E-001-01,S1C8E1C7CE0B1828662D9E2D8C480ED,instrument,ProcessInstrumentationFunction,24-FY2100,256.914,363.342
C025-V-HA24-P-_E-001-01,S10F430B54FE806FA47D302EE21E794,actuating_function,ActuatingFunction,,284.301,363.342
C025-V-HA24-P-_E-001-01,SEC2C454A4FF76A2F3D918B35538599,instrument,ProcessInstrumentationFunction,24-FT2100,256.914,316.102
C025-V-HA24-P-_E-001-01,SAA7B19339F7F62D980BE50E98BAF80,signal_generator,ProcessSignalGeneratingFunction,,256.914,292.475
C025-V-HA24-P-_E-001-01,S1E072418AABA5F921E8B06772F16F1,instrument,ProcessInstrumentationFunction,24-PT2160,304.447,316.112
C025-V-HA24-P-_E-001-01,SF3811B0D39096685044D5051A54305,signal_generator,ProcessSignalGeneratingFunction,,304.45,303.743
C025-V-HA24-P-_E-001-01,SA05C5B2FE36B48CCAC0137291C2CA1,instrument,ProcessInstrumentationFunction,24-LSH2005,170.491,215.907
C025-V-HA24-P-_E-001-01,SFC16E0BD699B56D043D841416808C6,signal_generator,ProcessSignalGeneratingFunction,,196.329,240.0
C025-V-HA24-P-_E-001-01,S36E41A063A5C9395C0DBF8C8F49823,instrument,ProcessInstrumentationFunction,24-PT2159,170.491,306.099
C025-V-HA24-P-_E-001-01,SD5BE34FA531F2F9E0EB4DCA7DA9068,signal_generator,ProcessSignalGeneratingFunction,,187.203,306.099
C025-V-HA24-P-_E-001-01,SAD81F06857B45DD79744A3E6C30B05,instrument,ProcessInstrumentationFunction,,673.437,321.527
C025-V-HA24-P-_E-001-01,S5D3B27D205C3FC196F03858E28BD75,instrument,ProcessInstrumentationFunction,,676.016,230.33
C025-V-HA24-P-_E-001-01,S3D1CE26C26FCEFB3A1927C1AB3B538,instrument,ProcessInstrumentationFunction,,194.998,339.574
C025-V-HA24-P-_E-001-01,SE71D1D99732C62D247F92546224B02,signal_generator,ProcessSignalGeneratingFunction,,209.697,322.922
C025-V-HA24-P-_E-001-01,SF6C39D06B1CC66846230914282C5E0,instrument,ProcessInstrumentationFunction,,341.765,328.564
C025-V-HA24-P-_E-001-01,S2F73E2F34CF7ECE96115C938E6CACD,instrument,ProcessInstrumentationFunction,,654.016,321.527
C025-V-HA24-P-_E-001-01,S995048F37A4E7D812A2F69F161DBEB,actuating_function,ActuatingFunction,,611.244,321.527
C025-V-HA24-P-_E-001-01,SFE895A4A02CB06E876F35C73CC290A,instrument,ProcessInstrumentationFunction,,659.016,230.33
C025-V-HA24-P-_E-001-01,S372FF35C4CAF868572FE0F28CA8695,actuating_function,ActuatingFunction,,611.244,230.33
C025-V-HA24-P-_E-001-01,SF09B12B5ECB184E172DBF8385236A4,instrument,ProcessInstrumentationFunction,,304.447,328.564
C025-V-HO27-P-_E-001-01,S166DE62B97C43A053155F3EF3AF3B5,nozzle,Nozzle,,0.0,0.0
C025-V-HO27-P-_E-001-01,SE86684DEDACDACB383CBD9F2F60F42,equipment,CustomEquipment,,0.0,0.0
C025-V-HO27-P-_E-001-01,S5D40230EF7FB53C1D39583563BA37F,instrument,ProcessInstrumentationFunction,,0.0,0.0
C025-V-HO27-P-_E-001-01,SCFDA3D6EED638B15DE3B1A595E6247,piping_component,RestrictionOrifice,,0.0,0.0
C025-V-HO27-P-_E-001-01,S50301EC9277B7C7E237A54C7BF3901,equipment,Compressor,,0.0,0.0
C025-V-HO27-P-_E-001-01,S16FE3DC9B1C72E87088D9B4104620A,piping_component,Strainer,,0.0,0.0
C025-V-HO27-P-_E-001-01,SCB3E9E47131FB604D9AB2665C33C66,instrument,ProcessInstrumentationFunction,,0.0,0.0
C025-V-HO27-P-_E-001-01,SE3C2260E0EE653F3214D1956D10EA4,instrument,ProcessInstrumentationFunction,,0.0,0.0
C025-V-HO27-P-_E-001-01,S502AF2082576A374DE65A73CF68201,instrument,ProcessInstrumentationFunction,,0.0,0.0
C025-V-HO27-P-_E-001-01,SF66735597C0BC3BD28318DED553DA4,instrument,ProcessInstrumentationFunction,,0.0,0.0
C025-V-HO27-P-_E-001-01,S839D04266D9BE5FEC781E39EAE4DEB,piping_component,GlobeValve,,0.0,0.0
C025-V-HO27-P-_E-001-01,SAC124619D683436D943AC7F3D24576,piping_component,GlobeValve,,0.0,0.0
C025-V-HO27-P-_E-001-01,S8DF8CD4378B830CB82080252E317F8,actuator,ControlledActuator,,0.0,0.0
C025-V-HO27-P-_E-001-01,S19DA84A8D3A91890FCA458C0B82F90,actuator,ControlledActuator,,0.0,0.0
C025-V-HO27-P-_E-001-01,SC5375BA4B493A46ED96022D04D2D01,piping_component,BallValve,,0.0,0.0
C025-V-HO27-P-_E-001-01,SD8349EA740604EE28E93E239EEA25A,piping_component,CheckValve,,0.0,0.0
C025-V-HO27-P-_E-001-01,S6DBA54211C86B29936090C15D29EF4,piping_component,BallValve,,0.0,0.0
C025-V-HO27-P-_E-001-01,SF26E9E8BCFD733872160E74B233CA5,piping_component,BallValve,,0.0,0.0
C025-V-HO27-P-_E-001-01,S872F3B0DBA7985D204EA06D6F0E6A9,piping_component,AngleValve,,0.0,0.0
C025-V-HO27-P-_E-001-01,S2EC81A6D10426E6873B5FA2095675A,actuator,ControlledActuator,,0.0,0.0
C025-V-HO27-P-_E-001-01,S339FF1A970381CBDCBDB6A4E6FC999,pipe_off_page,FlowInPipeOffPageConnector,,0.0,0.0
C025-V-HO27-P-_E-001-01,S71534076742A84A8B567330BF247A5,pipe_off_page,FlowOutPipeOffPageConnector,,0.0,0.0
C025-V-HO27-P-_E-001-01,SCF7B8DDEF2C263A4DEAE6BF12D3265,signal_off_page,FlowOutSignalOffPageConnector,,0.0,0.0
C025-V-HO27-P-_E-001-01,S5D28890B6FA40F20102C628FE49AEF,piping_component,AngleValve,,0.0,0.0
C025-V-HO27-P-_E-001-01,SEC6F836D8FD017F041A2F2E51F792C,nozzle,Nozzle,,0.0,0.0
C025-V-HO27-P-_E-001-01,S8264BB99EA58390E73BF33066E4A65,nozzle,Nozzle,,0.0,0.0
C025-V-HO27-P-_E-001-01,S12880C58B0863F5CE01C1396AC3BFC,piping_component,VenturiTube,,0.0,0.0
C025-V-HO27-P-_E-001-01,S10A1DB511FEC635F90C3254EDDFC56,piping_component,BallValve,,0.0,0.0
C025-V-HO27-P-_E-001-01,S929662DBEE58AF2160C1D772B375C4,piping_component,GateValve,,0.0,0.0
C025-V-HO27-P-_E-001-01,S4429DBC6739CFD454FDE7701E2AA1B,piping_component,GateValve,,0.0,0.0
C025-V-HO27-P-_E-001-01,SE71F74B69F7D8620D203E6AD3C2EAF,instrument,ProcessInstrumentationFunction,,0.0,0.0
C025-V-HO27-P-_E-001-01,S81CC5544D5B1FD81EA2443BC6D1047,instrument,ProcessInstrumentationFunction,,0.0,0.0
C025-V-HO27-P-_E-001-01,S3FB2E6AD87C001D0CBB9BF0ACC4F1A,piping_component,PipeReducer,,0.0,0.0
C025-V-HO27-P-_E-001-01,S7FB78399475367B9354813EB52CF4B,piping_component,PipeReducer,,0.0,0.0
C025-V-HO27-P-_E-001-01,S7337987F3A4713B1935B7BEB58D4CC,instrument,ProcessInstrumentationFunction,,0.0,0.0
C025-V-HO27-P-_E-001-01,S5B592CCF88D75108AAECC97AD1771A,actuator,ControlledActuator,,0.0,0.0
C025-V-HO27-P-_E-001-01,S56B7B83A6EF81344FA51F804AC4BFD,instrument,ProcessInstrumentationFunction,,0.0,0.0
C025-V-HO27-P-_E-001-01,S3B9CD12DFC103A7A86A8B165013E08,piping_component,BallValve,,0.0,0.0
C025-V-HO27-P-_E-001-01,SA345A91B0D79BB1E1E40F78921B57C,instrument,ProcessInstrumentationFunction,,0.0,0.0
C025-V-HO27-P-_E-001-01,S69D7E65764F31CBBE310EC8AE46DBD,piping_component,BallValve,,0.0,0.0
C025-V-HO27-P-_E-001-01,S601171BBA7AB4B103E916ECB3951B8,piping_component,BallValve,,0.0,0.0
C025-V-HO27-P-_E-001-01,S95BEB5829F6A53A8F53F1BAB028816,piping_component,GateValve,,0.0,0.0
C025-V-HO27-P-_E-001-01,S907B89645FA71425DB54B156920E2A,instrument,ProcessInstrumentationFunction,,0.0,0.0
C025-V-HO27-P-_E-001-01,S10AAB48BA44672FCC9E0F2B05F8866,piping_component,GateValve,,0.0,0.0
C025-V-HO27-P-_E-001-01,SE0EFFFCB3C20937929A2954E5FD2C2,piping_component,GateValve,,0.0,0.0
C025-V-HO27-P-_E-001-01,S76AB0B27EC296C57B673627C49A243,piping_component,FlangedConnection,,0.0,0.0
C025-V-HO27-P-_E-001-01,S67C6FF59F1E08A3464771871892137,piping_component,PipeTee,,0.0,0.0
C025-V-HO27-P-_E-001-01,S5D40230EF7FB53C1D39583563BA37F1,instrument,ProcessInstrumentationFunction,,0.0,0.0
C025-V-HO27-P-_E-001-01,S65D2ADF4E49FD03FE33AEFD949DF65,instrument_loop,InstrumentationLoopFunction,,240.998,155.0
C025-V-HO27-P-_E-001-01,S4B929D61ADC7931EE2CFC3A0C46358,instrument_loop,InstrumentationLoopFunction,,389.998,155.0
C025-V-HO27-P-_E-001-01,S3E63234A2FC4BBD8EFEAE65D0A2FEA,instrument_loop,InstrumentationLoopFunction,,282.998,190.0
C025-V-HO27-P-_E-001-01,S1E2AD464A81BBC71DEC8E1E1CED4E4,instrument_loop,InstrumentationLoopFunction,,404.998,192.0
C025-V-HO27-P-_E-001-01,S78B14B698C85E72524C986AF5E370A,instrument_loop,InstrumentationLoopFunction,,126.998,304.0
C025-V-HO27-P-_E-001-01,S115740963A1BC96414D22BF5ABFEE0,instrument_loop,InstrumentationLoopFunction,,159.999,304.0
C025-V-HO27-P-_E-001-01,SA52C35B6A1E19498F8281C34209949,instrument_loop,InstrumentationLoopFunction,,272.653,303.9
C025-V-HO27-P-_E-001-01,S3404B5437E178ECADA2D7AC7281BA4,instrument_loop,InstrumentationLoopFunction,,195.999,304.0
C025-V-HO27-P-_E-001-01,SC96E888B0158C16D54B7789818B773,instrument_loop,InstrumentationLoopFunction,,571.998,290.901
C025-V-HO27-P-_E-001-01,S4F0A79C46C183A5C60C005BD929A44,instrument_loop,InstrumentationLoopFunction,,138.114,148.576
C025-V-HO27-P-_E-001-01,S42F403259DA7DB5EAC5570AD0D1350,instrument_loop,InstrumentationLoopFunction,,624.998,290.901
C025-V-HO27-P-_E-001-01,S726B69567CB4B1AB5A91D32700D264,instrument_loop,InstrumentationLoopFunction,,445.998,458.901
C025-V-HO27-P-_E-001-01,S87997F60A64F3F3C11D3B150D14057,instrument_loop,InstrumentationLoopFunction,,428.365,293.901
C025-V-HO27-P-_E-001-01,SB3086CF9FDD4318B0C78F6E285BF74,instrument_loop,InstrumentationLoopFunction,,472.196,293.901
C025-V-HO27-P-_E-001-01,SE4DA6FDD6A7FECBBAD3D2E5CD0094C,instrument_loop,InstrumentationLoopFunction,,374.365,293.901
C025-V-HO27-P-_E-001-01,S7C314750BD58B5005231A173091996,instrument_loop,InstrumentationLoopFunction,,534.998,509.901
C025-V-HO27-P-_E-001-01,SD9BBDCBAB3CB1976A15374BA385441,instrument_loop,InstrumentationLoopFunction,,534.998,544.901
C025-V-HO27-P-_E-001-01,SA3CB9FE59ED81086178E45DC023CBC,instrument_loop,InstrumentationLoopFunction,,238.998,542.001
C025-V-HO27-P-_E-001-01,S3D60A57AC9AAA5A3B26F0166E299D4,instrument_loop,InstrumentationLoopFunction,,164.865,148.576
C025-V-HO27-P-_E-001-01,S898D584F2FFAC5A62E916B85670D63,instrument_loop,InstrumentationLoopFunction,,152.865,148.576
C025-V-HO27-P-_E-001-01,S8B322C6758DC2DB7C6A3E190A779DD,instrument_loop,InstrumentationLoopFunction,,139.903,209.032
C025-V-HO27-P-_E-001-01,S714EF362781820A62F15A3CD846014,instrument_loop,InstrumentationLoopFunction,,205.0,542.001
C025-V-HO27-P-_E-001-01,S6BDA0B76A1A865E5E660E2237A930B,instrument_loop,InstrumentationLoopFunction,,281.001,155.0
C025-V-HO27-P-_E-001-01,S433234C3A27903C310BC10910631F3,instrument_loop,InstrumentationLoopFunction,,349.998,154.999
C025-V-HO27-P-_E-001-01,S48975871BB78E06810972BDCD84EA8,instrument_loop,InstrumentationLoopFunction,,350.001,135.0
C025-V-HO27-P-_E-001-01,S610AC98DBB07AF79516DF6718DDC8A,instrument_loop,InstrumentationLoopFunction,,428.366,267.0
C025-V-HO27-P-_E-001-01,S535099DA9E24F9CD14C1838E4F6F94,instrument_loop,InstrumentationLoopFunction,,200.252,173.442
C025-V-HO27-P-_E-001-01,S7121E7514EBBD228A5D2CAD9F16708,instrument_loop,InstrumentationLoopFunction,,160.141,276.207
C025-V-HO27-P-_E-001-01,S4511A70EA7A272B61D577A29DF9B0B,instrument_loop,InstrumentationLoopFunction,,196.0,266.969
C025-V-HO27-P-_E-001-01,S6B56A60F6DBA8C691FBE7CE4BDD57B,instrument_loop,InstrumentationLoopFunction,,572.0,253.0
C025-V-HO27-P-_E-001-01,SA25CE64B902C8A74166388CD3A3B6F,instrument_loop,InstrumentationLoopFunction,,510.0,510.0
C025-V-HO27-P-_E-001-01,S4E60BAD0C43558A2A7A1FA8860EFA6,instrument_loop,InstrumentationLoopFunction,,374.366,267.0
C025-V-HO27-P-_E-001-01,S615BA1B4DCD066DE5914867F7E8BB7,instrument_loop,InstrumentationLoopFunction,,472.198,267.0
C025-V-HO27-P-_E-001-01,S7AD466620AD35288CC0F4421628402,instrument_loop,InstrumentationLoopFunction,,403.0,411.0
C025-V-HO27-P-_E-001-01,SC92000F7FB4984F9CC69A44F2A5DB3,instrument_loop,InstrumentationLoopFunction,,426.0,522.0
C025-V-HO27-P-_E-001-01,S546DF5CF333D829B0CBD6E81F4C16A,instrument_loop,InstrumentationLoopFunction,,281.001,135.0
C025-V-HO27-P-_E-001-01,S1DDC92A8099FD4327D3D0BFC8AB698,instrument_loop,InstrumentationLoopFunction,,127.0,276.0
C025-V-HO27-P-_E-001-01,SD0B9B5F654849AAF287AC8B608AB7B,instrument_loop,InstrumentationLoopFunction,,272.654,267.316
C025-V-HO27-P-_E-001-01,SDDF9AF4E78A63A3A871EFF8514B248,instrument_loop,InstrumentationLoopFunction,,285.0,447.0
C025-V-HO27-P-_E-001-01,SC323EC33B6574100510AB8765C0E42,instrument_loop,InstrumentationLoopFunction,,653.0,261.999
C025-V-HO27-P-_E-001-01,S6708D3F862E160268AD51E723453DA,instrument_loop,InstrumentationLoopFunction,,472.001,461.0
C025-V-HO27-P-_E-001-01,S2898CD40F78BD4392B4251E4603BC4,instrument_loop,InstrumentationLoopFunction,,296.632,283.315
C025-V-HO27-P-_E-001-01,S69EC42BDF2FF1FD73490537D89CE7E,instrument_loop,InstrumentationLoopFunction,,224.978,282.115
C025-V-HO27-P-_E-001-01,S40EC008943D07179EFD31B590FC7F9,instrument_loop,InstrumentationLoopFunction,,353.366,281.0
C025-V-HO27-P-_E-001-01,SEF5E076BB65BC4D168E82AD3E116ED,instrument_loop,InstrumentationLoopFunction,,407.366,281.0
C025-V-HO27-P-_E-001-01,S1A25E2B003F3534891740C34D18F43,instrument_loop,InstrumentationLoopFunction,,560.001,523.999
C025-V-HO27-P-_E-001-01,S141FCF9BDF7A5D6CED9BCA962D19FD,instrument_loop,InstrumentationLoopFunction,,265.0,204.001
C025-V-HO27-P-_E-001-01,S4BD04C3AF2ADD857627ECBCC82B81E,instrument_loop,InstrumentationLoopFunction,,372.0,206.001
C025-V-HO27-P-_E-001-01,S79D86EE5DE16AF8580628B891ED8EB,instrument_loop,InstrumentationLoopFunction,,183.999,380.999
C025-V-HO27-P-_E-001-01,S402ADF67E305D134BB43DA8D26644C,instrument_loop,InstrumentationLoopFunction,,328.0,421.999
C025-V-HO27-P-_E-001-01,SA14181FE823B95AF5FC1555FCB0C88,instrument_loop,InstrumentationLoopFunction,,298.0,421.999
C025-V-HO27-P-_E-001-01,SBC5F961ECB037E08898D738DD41BCC,instrument_loop,InstrumentationLoopFunction,,238.0,421.999
C025-V-HO27-P-_E-001-01,S62B0E6F4490DF15B6E0E65799CB082,instrument_loop,InstrumentationLoopFunction,,268.0,421.999
C025-V-HO27-P-_E-001-01,S8DE242E65396B391B4AB56A95ED000,instrument_loop,InstrumentationLoopFunction,,183.001,351.001
C025-V-HO27-P-_E-001-01,SBD6F9DD0F8F2C979D7BD36D29D6C9F,instrument_loop,InstrumentationLoopFunction,,535.019,524.019
C025-V-HO27-P-_E-001-01,S8D7ECD956D21CCEF00E5ABEF1B2C1E,instrument_loop,InstrumentationLoopFunction,,624.981,262.019
C025-V-HO27-P-_E-001-01,SCCE19528F55BF6CE0DC06AC424C11F,instrument_loop,InstrumentationLoopFunction,,264.981,190.019
C025-V-HO27-P-_E-001-01,S2C20F6CCD0987C864B1FE7D2813270,instrument_loop,InstrumentationLoopFunction,,371.981,192.019
C025-V-HO27-P-_E-001-01,S87FC996ED721300554897C540C042D,instrument_loop,InstrumentationLoopFunction,,472.019,441.019
C025-V-HO27-P-_E-001-01,SB1AF46271902F57ED96A5EB81A43D8,instrument_loop,InstrumentationLoopFunction,,272.673,283.335
C025-V-HO27-P-_E-001-01,S9DDAD1333F9C02B16CF858736F8894,instrument_loop,InstrumentationLoopFunction,,196.019,282.135
C025-V-HO27-P-_E-001-01,S20547B0A416113074E4E7855652DAA,instrument_loop,InstrumentationLoopFunction,,428.347,281.019
C025-V-HO27-P-_E-001-01,S2A01EBB8A1432F603DFE48FB53E174,instrument_loop,InstrumentationLoopFunction,,374.347,281.019
C025-V-HO27-P-_E-001-01,S132CEDE3E88941780FE8C28AF8100D,instrument_loop,InstrumentationLoopFunction,,150.116,108.0
C025-V-HO27-P-_E-001-01,SE9F966A15ED066D9FE7130A9BD2196,instrument_loop,InstrumentationLoopFunction,,150.115,173.442
C025-V-HO27-P-_E-001-01,SC13E0198159A34D2BB98C3C4C3B6DB,instrument_loop,InstrumentationLoopFunction,,162.115,173.442
C025-V-HO27-P-_E-001-01,S45CA1912A18E5102152FB506D96232,actuating_system,ActuatingSystem,,472.001,411.001
C025-V-HO27-P-_E-001-01,S28C22B24BE39E121843E5A24289E31,actuator,ControlledActuator,,472.001,411.001
C025-V-HO27-P-_E-001-01,S6991C39C4506B6DC784C6019D6C915,actuator,OperatedValveReference,,472.001,411.001
C025-V-HO27-P-_E-001-01,S52169825741F2799CFD3B0716FD90B,actuating_system,ActuatingSystem,,426.0,499.0
C025-V-HO27-P-_E-001-01,S31343ABC86ADBCA2527B95766C68B2,actuator,ControlledActuator,,426.0,499.0
C025-V-HO27-P-_E-001-01,S13201F402DEAAB35E7A51E1506228D,actuator,OperatedValveReference,,426.0,499.0
C025-V-HO27-P-_E-001-01,SCFC1DCFE1EDDC51138DEA8013600E8,actuating_system,ActuatingSystem,,298.5,167.0
C025-V-HO27-P-_E-001-01,S8265F3D66D87D73E562B50B676BA21,actuator,ControlledActuator,,298.5,167.0
C025-V-HO27-P-_E-001-01,S36666B1913AE4D09EC0E61BDAF7CD1,actuator,OperatedValveReference,,298.5,167.0
C025-V-HO27-P-_E-001-01,S183AB6863AE1AE7B9B14EEE355C4E2,actuating_system,ActuatingSystem,,372.0,167.0
C025-V-HO27-P-_E-001-01,S20F5487DDE424A739FDD44976D9B48,actuator,ControlledActuator,,372.0,167.0
C025-V-HO27-P-_E-001-01,SC208E43F64EACB58C641FEC3569FD6,actuator,OperatedValveReference,,372.0,167.0
C025-V-HO27-P-_E-001-01,S1E7E20A37ED9BA19C6F460EC26280C,actuating_system,ActuatingSystem,,434.001,411.001
C025-V-HO27-P-_E-001-01,S40364454C61E493943C5AB021192EE,actuator,ControlledActuator,,434.001,411.001
C025-V-HO27-P-_E-001-01,SD84CD6F7C462DBA8BD863A1F830C5E,actuator,OperatedValveReference,,434.001,411.001
C025-V-HO27-P-_E-001-01,SD06B0273165F0AFEFA0101F2156B6F,actuating_system,ActuatingSystem,,495.057,411.014
C025-V-HO27-P-_E-001-01,S2C0C3671B8F2105212F2C7FBE255B8,actuator,ControlledActuator,,495.057,411.014
C025-V-HO27-P-_E-001-01,S892161AF607BE2BACDCD3E156DE3FC,actuator,OperatedValveReference,,495.057,411.014
C025-V-HO27-P-_E-001-01,S9B27B385A449AB16E1C0A69C338E3D,actuating_system,ActuatingSystem,,482.0,524.0
C025-V-HO27-P-_E-001-01,S5F54F6339A47013C6ACF4D6E55C231,actuator,ControlledActuator,,482.0,524.0
C025-V-HO27-P-_E-001-01,S33282BB791209640F2F8A866D5F659,actuator,OperatedValveReference,,482.0,524.0
C025-V-HO27-P-_E-001-01,S58E7E42A8FE80591F637941EE1E23A,actuating_system,ActuatingSystem,,595.0,227.101
C025-V-HO27-P-_E-001-01,S8CB698743DBCD93F67554A6E8AA846,actuator,ControlledActuator,,595.0,227.101
C025-V-HO27-P-_E-001-01,S99DDB893AEEDDA0945DD233F9D9487,actuator,OperatedValveReference,,595.0,227.101
C025-V-HO27-P-_E-001-01,S30CCC13558411BC91F3A5694EC954B,actuating_system,ActuatingSystem,,482.0,500.5
C025-V-HO27-P-_E-001-01,S6D1F08F1112607803CB8AB3A2E5203,actuator,ControlledActuator,,482.0,500.5
C025-V-HO27-P-_E-001-01,SADC248B44FAD42AEF6885F0533799D,actuator,OperatedValveReference,,482.0,500.5
C025-V-HO27-P-_E-001-01,SA5A096926B73F8CD9B5A122F07D523,actuating_system,ActuatingSystem,,265.0,167.0
C025-V-HO27-P-_E-001-01,S1F4D50ACEB54D223FCB32C300D0049,actuator,ControlledActuator,,265.0,167.0
C025-V-HO27-P-_E-001-01,S4322313E379947FDD6AEAA1FFF6C73,actuator,OperatedValveReference,,265.0,167.0
C025-V-HO27-P-_E-001-01,S4FDC25F268DA6E8FC161636E2A648A,actuating_system,ActuatingSystem,,332.5,167.0
C025-V-HO27-P-_E-001-01,SC0AA5356BA4F35509EC96E34887954,actuator,ControlledActuator,,332.5,167.0
C025-V-HO27-P-_E-001-01,S330DEB29CF710065EE92EF5293F7EF,actuator,OperatedValveReference,,332.5,167.0
C025-V-HO27-P-_E-001-01,S7ADCA5F5B6E84611A9EE8F7951092C,actuating_system,ActuatingSystem,,595.001,261.999
C025-V-HO27-P-_E-001-01,S289A4059A901E4FC7FFECCDCF859FE,actuator,ControlledActuator,,595.001,261.999
C025-V-HO27-P-_E-001-01,S617EB17094FEB5A3534363252F5E70,actuator,OperatedValveReference,,595.001,261.999
C025-V-HO27-P-_E-001-01,S46CB5765FC4F0970F6A79756A71F7C,piping_system,PipingNetworkSystem,,453.001,411.0
C025-V-HO27-P-_E-001-01,S99972376767506320F7E5F1CC91411,piping_segment,PipingNetworkSegment,,453.001,411.0
C025-V-HO27-P-_E-001-01,SF728F94E3DCF234FD93591652DEE69,piping_component,AngleValve,27-FY4811B,434.001,411.001
C025-V-HO27-P-_E-001-01,S7193FDDF138A9797265885FEB6B2C1,piping_component,AngleValve,27-FY4811C,472.001,411.001
C025-V-HO27-P-_E-001-01,SA45217AC0C3BE7CE952784CEB4650E,piping_system,PipingNetworkSystem,,496.011,376.7
C025-V-HO27-P-_E-001-01,S78F0AAEF8ADD673FAEB624858D689F,piping_segment,PipingNetworkSegment,"8""-PV-274505-ED200-8",495.997,341.151
C025-V-HO27-P-_E-001-01,S370C168D61779BBB4E38C39CF0C6FE,piping_component,PipeReducer,,495.994,381.001
C025-V-HO27-P-_E-001-01,SF15B55236E5EA930876B39D4772F5F,piping_segment,PipingNetworkSegment,"8""-PV-274505-ED200-8",496.026,412.25
C025-V-HO27-P-_E-001-01,S876609E4D0D26DEB28351672282E12,piping_component,GlobeValve,27-FV4811,496.057,411.014
C025-V-HO27-P-_E-001-01,SFEB7645C5F47C017FE36102F7EA678,piping_component,PipeReducer,,495.994,428.999
C025-V-HO27-P-_E-001-01,S45066136545A73BDEBED393558931A,piping_system,PipingNetworkSystem,,277.662,383.0
C025-V-HO27-P-_E-001-01,S6C346D53262079A24A6D5A0C544747,piping_segment,PipingNetworkSegment,"6""-PV-274508-ED200-7",110.0,253.75
C025-V-HO27-P-_E-001-01,S770E2266F36184C3AEA6D13CDE7974,piping_component,PipeTee,,110.0,264.0
C025-V-HO27-P-_E-001-01,SAEEFA842F73E80C55CE7F2A962AD0A,piping_segment,PipingNetworkSegment,"6""-PV-274508-ED200-7",332.25,498.0
C025-V-HO27-P-_E-001-01,S64762967C4F6D6F3D4A3718240A595,piping_component,BallValve,27-4510PV,363.0,498.0
C025-V-HO27-P-_E-001-01,SACF1967571186FDC77A5103A7554E5,piping_component,PipeTee,,382.0,498.0
C025-V-HO27-P-_E-001-01,S5C1EBE81D3E5F82702329A086A6CB7,piping_segment,PipingNetworkSegment,"6""-PV-274508-ED200-7",452.749,493.375
C025-V-HO27-P-_E-001-01,S21D469BFC033A2CE60AB40B6929A99,piping_component,GlobeValve,27-PV4803,426.0,498.0
C025-V-HO27-P-_E-001-01,S1144134C61E39513E4EBE5D4ABD9A2,piping_component,BallValve,27-XV4814,482.0,498.0
C025-V-HO27-P-_E-001-01,S62CDC010348C62A0FC125B93745F36,piping_segment,PipingNetworkSegment,"6""-PV-274508-ED200-7",205.0,512.25
C025-V-HO27-P-_E-001-01,SE5A24BC753D6A28D7E2A1CDC22C6FB,piping_component,GateValve,27-4542PV,205.0,520.0
C025-V-HO27-P-_E-001-01,SD9E092CA067971097C4DF88C41E4B7,piping_component,GateValve,27-4541PV,205.0,514.0
C025-V-HO27-P-_E-001-01,SF6FD860DC440EAAF324B95380C3FDF,piping_segment,PipingNetworkSegment,"6""-PV-274508-ED200-7",157.5,439.5
C025-V-HO27-P-_E-001-01,S5BC1D0AC666FDD018C98A1ECF468CB,piping_component,PipeTee,,205.0,498.0
C025-V-HO27-P-_E-001-01,S3DD0CEE0138D9274BFA0B5BBB50431,piping_segment,PipingNetworkSegment,"6""-PV-274508-ED200-7",102.575,258.964
C025-V-HO27-P-_E-001-01,SB0B0E891542CCA7EA53002B73FB083,piping_component,FlangedConnection,,100.1,253.928
C025-V-HO27-P-_E-001-01,S868BF505EB863DE68806D8A263FB74,piping_segment,PipingNetworkSegment,"6""-PV-274508-ED200-7",395.75,498.003
C025-V-HO27-P-_E-001-01,S1102A7ADE0799C123F254F2B748F2B,piping_component,BallValve,27-4511PV,392.0,498.0
C025-V-HO27-P-_E-001-01,S181B92C61DC1F45145197DA3898C96,piping_component,PipeReducer,,405.999,498.006
C025-V-HO27-P-_E-001-01,S7BA9C6C4B2D731CA6EF4D26BAFF6A9,piping_segment,PipingNetworkSegment,"6""-PV-274508-ED200-7",382.0,487.0
C025-V-HO27-P-_E-001-01,S7D8E1CBE1E156337CEBC0B895B5BB9,piping_component,FlangedConnection,,382.0,481.0
C025-V-HO27-P-_E-001-01,S1548F1EA9ACD6ADD9893F5AED3E7F3,piping_component,GateValve,27-4512PV,382.0,485.0
C025-V-HO27-P-_E-001-01,S3E67E3EC41DA1772F7FD34538C8AB2,piping_system,PipingNetworkSystem,,606.75,465.0
C025-V-HO27-P-_E-001-01,SACCBDB4B91D373C318F2F652FAECDF,piping_segment,PipingNetworkSegment,"10""-PV-274507-ED200-7",606.75,465.0
C025-V-HO27-P-_E-001-01,S75B1592F3F64144F2B07E6A976D877,piping_component,GateValve,27-4453PV,546.0,465.0
C025-V-HO27-P-_E-001-01,SD0BA9EDF82A03A377AD6A3EA10F308,piping_component,FlangedConnection,,595.0,465.0
C025-V-HO27-P-_E-001-01,S41EEEFC0187616495C8E1B7358070D,pipe_off_page,FlowOutPipeOffPageConnector,,667.5,465.0
C025-V-HO27-P-_E-001-01,SCBCDB5962F414861F5DE0B7A955BE2,piping_system,PipingNetworkSystem,,605.25,283.9
C025-V-HO27-P-_E-001-01,S5AF86CF3B7F96FD2B0F2B143CC1D9B,piping_segment,PipingNetworkSegment,"1""-PV-274512-ED200-4",605.25,283.9
C025-V-HO27-P-_E-001-01,SC12368460796779E0FDF2A674D1B30,pipe_off_page,FlowOutPipeOffPageConnector,,667.5,304.0
C025-V-HO27-P-_E-001-01,S93EC9FDBDC05AB52735179E203D1F0,piping_system,PipingNetworkSystem,,216.875,235.228
C025-V-HO27-P-_E-001-01,S7DE813767A6A61E523B2FCF928C9AD,piping_segment,PipingNetworkSegment,"10""-PV-274501-ED200-7",176.0,226.008
C025-V-HO27-P-_E-001-01,SC85B78DFCACA430C78622F34CDFB16,piping_component,FlangedConnection,,176.0,229.0
C025-V-HO27-P-_E-001-01,S5748D43799EA2111DBBC2ADE47E509,piping_component,PipeTee,,176.0,223.016
C025-V-HO27-P-_E-001-01,SCE72B52DB0CAF18210BB09103217A8,piping_segment,PipingNetworkSegment,"10""-PV-274501-ED200-7",293.654,236.392
C025-V-HO27-P-_E-001-01,SEBC3B85A954DD562BF34C293EBC4C6,piping_component,GateValve,27-4530PV,293.654,249.754
C025-V-HO27-P-_E-001-01,S24D0A0ABBA68B9130EF28CEC74CC6D,piping_component,GateValve,27-4531PV,293.654,243.754
C025-V-HO27-P-_E-001-01,S423EC23BBA425309C2BEAA2F79E456,piping_component,PipeTee,,293.654,223.031
C025-V-HO27-P-_E-001-01,SBBEE2647BBB7039459981B5354F32B,piping_segment,PipingNetworkSegment,"10""-PV-274501-ED200-7",156.5,223.032
C025-V-HO27-P-_E-001-01,S6C037A81ECDA7609DD974425851610,piping_segment,PipingNetworkSegment,"10""-PV-274501-ED200-7",160.0,236.008
C025-V-HO27-P-_E-001-01,S2365A97C7D3CF8BA37301260605629,piping_component,GateValve,27-4524PV,160.0,249.0
C025-V-HO27-P-_E-001-01,S55C1282E048AF062062C4C9808EC72,piping_component,GateValve,27-4525PV,160.0,243.0
C025-V-HO27-P-_E-001-01,S18160629E77B7CB501AEB5395690EF,piping_component,PipeTee,,160.0,223.016
C025-V-HO27-P-_E-001-01,S27647DD6A93467E0FD868AE73FE3E2,piping_segment,PipingNetworkSegment,"10""-PV-274501-ED200-7",146.226,223.019
C025-V-HO27-P-_E-001-01,SC599A0AA008D9A8DA6B1B628A05D5B,piping_component,PipeReducer,,151.0,223.006
C025-V-HO27-P-_E-001-01,S90F1A36D29E71268032C3FC3F32E2F,piping_segment,PipingNetworkSegment,"10""-PV-274501-ED200-7",186.0,223.032
C025-V-HO27-P-_E-001-01,S13143162330BF1A15F179E8B0091FF,piping_segment,PipingNetworkSegment,"10""-PV-274501-ED200-7",271.263,223.032
C025-V-HO27-P-_E-001-01,S6EEDDD4B65DCCF73F261CB0C084A71,piping_component,Strainer,,265.372,223.031
C025-V-HO27-P-_E-001-01,S816B9F5273DA24A6882E0F6A77E6A4,piping_component,FlangedConnection,,279.872,223.031
C025-V-HO27-P-_E-001-01,SA83D1C8D5F3260695440282BD4B8CB,piping_segment,PipingNetworkSegment,"10""-PV-274501-ED200-7",299.164,223.024
C025-V-HO27-P-_E-001-01,SA327DD964303880198B8E3C1C3DFA6,piping_component,PipeTee,,301.0,223.016
C025-V-HO27-P-_E-001-01,SC4BB7D84D3AB0B6D2C2406DAF6530C,piping_segment,PipingNetworkSegment,"10""-PV-274501-ED200-7",168.0,223.032
C025-V-HO27-P-_E-001-01,S45812405A043E23837615834E4155F,piping_segment,PipingNetworkSegment,"10""-PV-274501-ED200-7",198.126,223.032
C025-V-HO27-P-_E-001-01,SA1072CCE2AF7106C551A2A3D15881D,piping_segment,PipingNetworkSegment,"10""-PV-274501-ED200-7",138.5,240.75
C025-V-HO27-P-_E-001-01,S101B900724657EE4FA645BBAC0BA9C,piping_component,GateValve,27-4522PV,141.0,249.0
C025-V-HO27-P-_E-001-01,S95FE4B578ADFDF4A7CF136DC783849,piping_component,GateValve,27-4523PV,141.0,243.0
C025-V-HO27-P-_E-001-01,SE395C2C00C603F3DDE221C2F811489,piping_segment,PipingNetworkSegment,"10""-PV-274501-ED200-7",239.554,223.032
C025-V-HO27-P-_E-001-01,S51E2E26A6FC514D64DF8E23ED3F81D,piping_component,PipeTee,,252.654,223.032
C025-V-HO27-P-_E-001-01,S69BFBC3F65193A51C749157CD7CE6D,piping_segment,PipingNetworkSegment,"10""-PV-274501-ED200-7",120.75,240.75
C025-V-HO27-P-_E-001-01,S54D924D6D95F2A84900FE3F136952F,piping_component,GateValve,27-4521PV,120.0,243.0
C025-V-HO27-P-_E-001-01,S821FD6007C1DCBE15C5A46E9A73E9C,piping_component,GateValve,27-4520PV,120.0,249.0
C025-V-HO27-P-_E-001-01,S8C4E8C1E4A886BE02BD4F0C1F19E11,piping_segment,PipingNetworkSegment,"10""-PV-274501-ED200-7",313.0,259.516
C025-V-HO27-P-_E-001-01,SA01BD2F306D5392DB2B4464B342274,piping_component,FlangedConnection,,317.0,271.0
C025-V-HO27-P-_E-001-01,SA89BBC7D7A23C0E7138D3A246B876B,piping_segment,PipingNetworkSegment,"10""-PV-274501-ED200-7",196.0,233.211
C025-V-HO27-P-_E-001-01,S3FCB4987F6ABC179FA1FD39E11EAEA,piping_component,GateValve,27-4526PV,196.0,243.407
C025-V-HO27-P-_E-001-01,S721C42595D785431BF64634507C15D,piping_component,GateValve,27-4527PV,196.0,237.407
C025-V-HO27-P-_E-001-01,S9CC3663D4B358A3DC766442B924E30,piping_component,PipeTee,,196.0,223.016
C025-V-HO27-P-_E-001-01,S8CBD22708CFA1DC7BFF6EDECA9C371,piping_segment,PipingNetworkSegment,"10""-PV-274501-ED200-7",252.654,240.823
C025-V-HO27-P-_E-001-01,S7F878ED818008E4B2F6197FAF4F427,piping_component,GateValve,27-4529PV,252.654,243.753
C025-V-HO27-P-_E-001-01,S4C4252B7892E0A423E12AF9828D138,piping_component,GateValve,27-4528PV,252.654,249.753
C025-V-HO27-P-_E-001-01,SF18534747443F86FD593BC2FE64FF6,piping_segment,PipingNetworkSegment,"10""-PV-274501-ED200-7",200.252,210.94
C025-V-HO27-P-_E-001-01,S24C2648F40C34FCDB21A313D0BF03F,piping_component,GateValve,27-4540PV,200.252,198.848
C025-V-HO27-P-_E-001-01,S4748AD22DF63E0B735976ADE28A1E8,piping_component,GateValve,27-4539PV,200.252,204.848
C025-V-HO27-P-_E-001-01,S3F605AD7055F124C8BE92B9B91F376,piping_component,PipeTee,,200.252,223.032
C025-V-HO27-P-_E-001-01,SE1A3C2BA7DA51C027AE48F6468714B,piping_segment,PipingNetworkSegment,"10""-PV-274501-ED200-7",120.951,223.008
C025-V-HO27-P-_E-001-01,S868145057AE7C332B0425BE435DDE6,piping_component,VenturiTube,,126.903,223.016
C025-V-HO27-P-_E-001-01,SDD5BCACC018493E768805EFBEC1B3A,piping_system,PipingNetworkSystem,,629.125,357.003
C025-V-HO27-P-_E-001-01,S62B25DA7EEDEAAFB5BC66A24E640F5,piping_segment,PipingNetworkSegment,"12""-VF-434603-AS200-7",612.999,364.006
C025-V-HO27-P-_E-001-01,S8944C0DE293C4D97019C725046ADDD,piping_component,PipeReducer,,612.999,364.006
C025-V-HO27-P-_E-001-01,SDAD069B92987225FF1E49025370DCC,piping_segment,PipingNetworkSegment,"12""-VF-434603-AS200-7",645.25,364.0
C025-V-HO27-P-_E-001-01,SC0508DDF0993EDA56A84251B3C1C78,piping_component,BallValve,43-4506VF,628.0,364.0
C025-V-HO27-P-_E-001-01,SBA51AD4D277D930EE3C1A1E4457729,pipe_off_page,FlowOutPipeOffPageConnector,,667.5,364.0
C025-V-HO27-P-_E-001-01,S623714A7E6CFE4D4D6D6C09C65A461,piping_segment,PipingNetworkSegment,"12""-VF-434603-AS200-7",618.0,364.0
C025-V-HO27-P-_E-001-01,S31AAF8A74C6FEF1E3E328F194E0D9E,piping_segment,PipingNetworkSegment,"12""-VF-434603-AS200-7",621.0,350.0
C025-V-HO27-P-_E-001-01,SE24DE5FA2591565BB93C7CD3160D47,piping_component,GateValve,43-4517VF,621.0,347.0
C025-V-HO27-P-_E-001-01,S5DAEAD298A2680116AAF60CE8683DD,piping_component,FlangedConnection,,621.0,343.0
C025-V-HO27-P-_E-001-01,S7700BDA982B60BED04AF35CD262C86,piping_segment,PipingNetworkSegment,"12""-VF-434603-AS200-7",621.0,364.0
C025-V-HO27-P-_E-001-01,S6C9D14BDA2E1FCCD15BD6009FA9EAA,piping_component,PipeTee,,621.0,364.0
C025-V-HO27-P-_E-001-01,S138CB57E11973D44CC3E367D400330,piping_system,PipingNetworkSystem,,613.5,127.0
C025-V-HO27-P-_E-001-01,S2A87C1A8DDB5766DDBE550F9B62463,piping_segment,PipingNetworkSegment,"2""-DC-574515-ED200-0",613.5,127.0
C025-V-HO27-P-_E-001-01,SBBB87EFEB75CF84C43B968FD48AE92,pipe_off_page,FlowOutPipeOffPageConnector,,667.5,127.0
C025-V-HO27-P-_E-001-01,SAA7F39858F6E4538381D941E102CBC,piping_system,PipingNetworkSystem,,333.0,166.5
C025-V-HO27-P-_E-001-01,S3CDE13BB36BFB4CBB5C9F2BFE45575,piping_segment,PipingNetworkSegment,"2""-PL-274514-ED200-4",333.0,166.5
C025-V-HO27-P-_E-001-01,S2197F24F1315F2DC81965FF751C7AF,piping_component,BallValve,27-XV4828,330.0,167.0
C025-V-HO27-P-_E-001-01,S66995B45AA1A36CB9CCFAD6A4F5615,piping_component,RestrictionOrifice,,330.0,135.0
C025-V-HO27-P-_E-001-01,SD0C852C7D50C3ED61CE4AE7AB9DC53,piping_system,PipingNetworkSystem,,580.75,393.003
C025-V-HO27-P-_E-001-01,SA944457DA0FAEB6E640A1CE6C5EE6A,piping_segment,PipingNetworkSegment,"12""-VF-434602-AS200-7",613.5,400.0
C025-V-HO27-P-_E-001-01,S46B98DF08BC1DDBECD454214093290,piping_component,BallValve,43-4505VF,566.0,400.0
C025-V-HO27-P-_E-001-01,S4DE45F0A3437A0C4E0DFCD6EFAB6D7,pipe_off_page,FlowOutPipeOffPageConnector,,667.5,400.0
C025-V-HO27-P-_E-001-01,SC3987F7BC8FD6EB6ED8CA9AA67AAB1,piping_segment,PipingNetworkSegment,"12""-VF-434602-AS200-7",556.0,386.0
C025-V-HO27-P-_E-001-01,S5B753962998770DA28A89269B58363,piping_component,FlangedConnection,,556.0,379.0
C025-V-HO27-P-_E-001-01,S9183546BFA482446840B4995BA3FD2,piping_component,GateValve,43-4516VF,556.0,383.0
C025-V-HO27-P-_E-001-01,S46920247A4E7673B36CD469581A02A,piping_segment,PipingNetworkSegment,"12""-VF-434602-AS200-7",547.999,400.006
C025-V-HO27-P-_E-001-01,S135DA2165802F55D688D03C5C53BEF,piping_component,PipeReducer,,547.999,400.006
C025-V-HO27-P-_E-001-01,SF3F290CFCCB8C290AD64F0222FFE06,piping_segment,PipingNetworkSegment,"12""-VF-434602-AS200-7",554.5,400.0
C025-V-HO27-P-_E-001-01,S27CD0EF5D71AE3550554A06A680494,piping_component,PipeTee,,556.0,400.0
C025-V-HO27-P-_E-001-01,SF84094564008CC351A32D028F1B0D6,piping_system,PipingNetworkSystem,,507.75,455.0
C025-V-HO27-P-_E-001-01,S2AB28C86A7FA398F725BD16DF209EE,piping_segment,PipingNetworkSegment,"10""-PV-274506-ED200-8",507.75,455.0
C025-V-HO27-P-_E-001-01,SBE414DB0D012E0621E5A1593279262,piping_system,PipingNetworkSystem,,567.0,361.5
C025-V-HO27-P-_E-001-01,S7CCAB0BB930F1DB0C4D4D872A6AE3E,piping_segment,PipingNetworkSegment,"6""-PV-274511-ED200-7",527.0,353.0
C025-V-HO27-P-_E-001-01,S68EB945FEF122CD918CAF86309883C,piping_component,FlangedConnection,,515.0,353.0
C025-V-HO27-P-_E-001-01,SE7F164B543198651149F186435A683,piping_component,GateValve,27-4514PV,519.0,353.0
C025-V-HO27-P-_E-001-01,S1CBD73D6AFC6B7294ED5BABC098289,piping_component,PipeTee,,539.0,353.0
C025-V-HO27-P-_E-001-01,SD8698774C12B0F41CE3BB185A9195C,piping_segment,PipingNetworkSegment,"6""-PV-274511-ED200-7",607.0,364.25
C025-V-HO27-P-_E-001-01,SFE9EEB57656F02B3CF557FCF060F25,piping_component,AngleValve,27-PSV4810,603.0,364.0
C025-V-HO27-P-_E-001-01,S9338C26008A01BA2695965D28F7075,piping_segment,PipingNetworkSegment,"6""-PV-274511-ED200-7",559.0,333.0
C025-V-HO27-P-_E-001-01,SD2CF781A332740E86A2581D6D2E993,piping_component,BallValve,27-4503PV,560.0,333.0
C025-V-HO27-P-_E-001-01,S87817F5EF288CEE4D8F3051B90E702,piping_segment,PipingNetworkSegment,"6""-PV-274511-ED200-7",539.003,373.0
C025-V-HO27-P-_E-001-01,S3738702799F9B84EE5C1182D7A4314,piping_component,BallValve,27-4502PV,539.0,364.0
C025-V-HO27-P-_E-001-01,SB9338E4984EA1FCC6FFDCF12D1B53D,piping_component,PipeReducer,,539.006,389.001
C025-V-HO27-P-_E-001-01,S7D2096C421CEE2F44799633A998F6A,piping_segment,PipingNetworkSegment,"6""-PV-274511-ED200-7",543.0,340.75
C025-V-HO27-P-_E-001-01,SAC86BC3F1AF00E819E5C959FC0AF08,piping_component,PipeTee,,547.0,333.0
C025-V-HO27-P-_E-001-01,SC8EF83EA35008882892458C55BBA62,piping_component,BallValve,27-4501PV,539.0,341.0
C025-V-HO27-P-_E-001-01,S98583BA7F863751C57FF59900A33E2,piping_segment,PipingNetworkSegment,"6""-PV-274511-ED200-7",587.747,342.5
C025-V-HO27-P-_E-001-01,SB2470F8EA4E1993DE7C301A7018F4F,piping_component,BallValve,27-4504PV,579.0,333.0
C025-V-HO27-P-_E-001-01,S4028101622400BE2C6CCE8338E6214,piping_component,PipeReducer,,602.994,352.001
C025-V-HO27-P-_E-001-01,SE77DCDB62F9DFCBB886A00A588B7B5,piping_segment,PipingNetworkSegment,"6""-PV-274511-ED200-7",569.0,322.5
C025-V-HO27-P-_E-001-01,SDB342B96816E2A772AD87C4F802464,piping_component,FlangedConnection,,569.0,312.0
C025-V-HO27-P-_E-001-01,S4634B1B0298FE839DE09CE6FDB3417,piping_component,GateValve,27-4515PV,569.0,316.0
C025-V-HO27-P-_E-001-01,S805DEB3F2B01A6BE447EF0AE5A8415,piping_component,PipeTee,,569.0,333.0
C025-V-HO27-P-_E-001-01,S9F2667A7ABB6EE5073467114BD5708,piping_segment,PipingNetworkSegment,"6""-PV-274511-ED200-7",544.5,400.5
C025-V-HO27-P-_E-001-01,S2208D2531CEA70ED501C9631576F75,piping_component,AngleValve,27-PSV4809,539.0,400.0
C025-V-HO27-P-_E-001-01,S64D67B3E5835CE91A3C492966A08B0,piping_system,PipingNetworkSystem,,81.75,223.016
C025-V-HO27-P-_E-001-01,S268FDC6BDE80F8565750C333B6435F,piping_segment,PipingNetworkSegment,"10""-PV-274500-ED200-7",81.75,223.016
C025-V-HO27-P-_E-001-01,S3941A9BF0009D84A35409E3F0EA9B5,pipe_off_page,FlowInPipeOffPageConnector,,53.5,223.031
C025-V-HO27-P-_E-001-01,S62C5BED177BA1015A3BE327445483F,piping_component,FlangedConnection,,82.935,223.031
C025-V-HO27-P-_E-001-01,S12688ABD9AC18C2BA84FCAE88F4795,piping_component,PipeTee,,110.0,223.0
C025-V-HO27-P-_E-001-01,SCDC753C9FBE90B68D3C909ED848805,piping_system,PipingNetworkSystem,,528.5,298.15
C025-V-HO27-P-_E-001-01,S20EA1FE1BC414AE39308956BA73425,piping_segment,PipingNetworkSegment,"6""-PV-274510-ED200-7",528.5,298.15
C025-V-HO27-P-_E-001-01,SD2921C44DCA8545C5F9EBE5AA09917,piping_system,PipingNetworkSystem,,479.75,244.8
C025-V-HO27-P-_E-001-01,S75D6A229F48705E40DB4BE1C3BFAF2,piping_segment,PipingNetworkSegment,"10""-PV-274502-ED200-8",450.282,223.601
C025-V-HO27-P-_E-001-01,S259E9DBEDC6CDD1C666B8C93518E9E,piping_segment,PipingNetworkSegment,"10""-PV-274502-ED200-8",401.366,223.601
C025-V-HO27-P-_E-001-01,S2446D5DD38937D8787B8ED6056E1B9,piping_segment,PipingNetworkSegment,"10""-PV-274502-ED200-8",472.198,234.52
C025-V-HO27-P-_E-001-01,SA1FBCDFF094B48628EEBB618EB5FCF,piping_component,GateValve,27-4534PV,472.198,245.44
C025-V-HO27-P-_E-001-01,S82E6D5ABC92E387FB88EB2EBDB2A2E,piping_component,GateValve,27-4535PV,472.198,239.44
C025-V-HO27-P-_E-001-01,S72F177F8417E158865B95A8D334B2F,piping_component,PipeTee,,472.198,223.601
C025-V-HO27-P-_E-001-01,SF6E4355E2A2673F1B119E9BDB76481,piping_segment,PipingNetworkSegment,"10""-PV-274502-ED200-8",486.772,231.101
C025-V-HO27-P-_E-001-01,S4DFDB58B265A999A17FB241717C819,piping_component,FlangedConnection,,486.772,238.601
C025-V-HO27-P-_E-001-01,S9919A6CCD86E3035307526036E8358,piping_component,PipeTee,,486.772,223.601
C025-V-HO27-P-_E-001-01,SFCAEBECDEF42A4D4A519BE0A3DBF16,piping_segment,PipingNetworkSegment,"10""-PV-274502-ED200-8",508.75,223.601
C025-V-HO27-P-_E-001-01,S542484903B2E5FB34D43B0CA37E8CC,piping_component,PipeTee,,513.0,223.601
C025-V-HO27-P-_E-001-01,S63C7A59AF29725F8759AB79C2A5934,piping_segment,PipingNetworkSegment,"10""-PV-274502-ED200-8",617.5,223.6
C025-V-HO27-P-_E-001-01,SEEDDE62A31BCCC934113842309CC31,piping_component,BallValve,27-XV4813,595.0,223.6
C025-V-HO27-P-_E-001-01,SA1109D7B9D6CFDA10F620DDA14B26B,pipe_off_page,FlowOutPipeOffPageConnector,,667.5,223.601
C025-V-HO27-P-_E-001-01,S39F51BE8496B3291C5A7B387ACA4BB,piping_segment,PipingNetworkSegment,"10""-PV-274502-ED200-8",531.25,223.601
C025-V-HO27-P-_E-001-01,S9CD9D5CC88F8C8E44B9D90FD1746BB,piping_component,CheckValve,27-4500PV,529.0,223.601
C025-V-HO27-P-_E-001-01,SC190EB387637863C523F3FB7DF30F3,piping_component,PipeTee,,543.0,223.601
C025-V-HO27-P-_E-001-01,SE5281F41B597A8F7700B09E79074C0,piping_segment,PipingNetworkSegment,"10""-PV-274502-ED200-8",479.485,223.601
C025-V-HO27-P-_E-001-01,S572187FBC6D51C081CFC64C5D421B3,piping_segment,PipingNetworkSegment,"10""-PV-274502-ED200-8",428.366,231.101
C025-V-HO27-P-_E-001-01,SF5CCB990A0A79957B2C2599CFFDF83,piping_component,FlangedConnection,,428.366,238.601
C025-V-HO27-P-_E-001-01,S55FF26CA410BB646ADB5751FAD1360,piping_component,PipeTee,,428.366,223.601
C025-V-HO27-P-_E-001-01,S5DDEE8E1FAB3D6B4FBDADBCBE864C6,piping_segment,PipingNetworkSegment,"10""-PV-274502-ED200-8",358.183,226.7
C025-V-HO27-P-_E-001-01,S2522A2197A48B5D8D6257E2EC33165,piping_component,PipeTee,,374.366,223.601
C025-V-HO27-P-_E-001-01,S12E0A42CF1FBED4C77A1D78E5D4839,piping_segment,PipingNetworkSegment,"10""-PV-274502-ED200-8",342.0,266.0
C025-V-HO27-P-_E-001-01,S2466E0673636DB3E29193A431D3334,piping_component,FlangedConnection,,342.0,271.0
C025-V-HO27-P-_E-001-01,S76456D113294A3F2D9D90A36EAF2DB,piping_component,PipeTee,,342.0,236.0
C025-V-HO27-P-_E-001-01,S9C51E7C62F7F7A78887E308E3731A5,piping_segment,PipingNetworkSegment,"10""-PV-274502-ED200-8",493.693,223.601
C025-V-HO27-P-_E-001-01,S8105542B88CE9D3540D1B77690637B,piping_component,PipeTee,,496.0,223.601
C025-V-HO27-P-_E-001-01,S810F236D881F6DA10A9ED406E67899,piping_segment,PipingNetworkSegment,"10""-PV-274502-ED200-8",374.366,237.73
C025-V-HO27-P-_E-001-01,S9A47BDDF3DBA439D381D637449B537,piping_component,GateValve,27-4533PV,374.366,239.44
C025-V-HO27-P-_E-001-01,SDA789D966EB416076C701FF1AEB6D2,piping_component,GateValve,27-4532PV,374.366,245.44
C025-V-HO27-P-_E-001-01,SBACBC7307C108CA0FA46D0C56F1A7A,piping_system,PipingNetworkSystem,,389.75,144.375
C025-V-HO27-P-_E-001-01,SA7ECE69A26A8C1FA448AC9C2DAF333,piping_segment,PipingNetworkSegment,"2""-PL-274513-ED200-4",315.5,161.75
C025-V-HO27-P-_E-001-01,SBA4EF7253D9120FE6AEAD45A6B6E4C,piping_component,BallValve,27-XV4826,301.0,167.0
C025-V-HO27-P-_E-001-01,SABA036CBC5E23B7F037F7848061C88,piping_component,RestrictionOrifice,,301.0,135.0
C025-V-HO27-P-_E-001-01,S901EA7E0FEBD85AF960B2CA0BEB4A4,piping_component,PipeTee,,330.0,127.0
C025-V-HO27-P-_E-001-01,SF02E13EB4738F2934F33865C034F72,piping_segment,PipingNetworkSegment,"2""-PL-274513-ED200-4",383.5,127.0
C025-V-HO27-P-_E-001-01,S66281E1B98FD6D6DF388C4287709CB,piping_segment,PipingNetworkSegment,"2""-PL-274513-ED200-4",464.0,133.5
C025-V-HO27-P-_E-001-01,SBBE662E366C19DA6675472B7845973,piping_component,GateValve,27-4454PL,472.0,127.0
C025-V-HO27-P-_E-001-01,S9EB05D990FD9838F0FC6A2B4DD7ADD,piping_segment,PipingNetworkSegment,"2""-PL-274513-ED200-4",437.0,132.5
C025-V-HO27-P-_E-001-01,S725ADE4F7DE0589374C387846E8E6F,piping_component,FlangedConnection,,437.0,138.0
C025-V-HO27-P-_E-001-01,SA8D330BD8351D9AC46876AF11A4D47,piping_component,GateValve,27-4536PL,437.0,134.0
C025-V-HO27-P-_E-001-01,S120E427663A88B6BF7133716CAADC7,piping_component,PipeTee,,437.0,127.0
C025-V-HO27-P-_E-001-01,S727A1FBC5BC7A669468EBEAB9EF215,piping_system,PipingNetworkSystem,,616.0,498.0
C025-V-HO27-P-_E-001-01,SDD6DDAC8A3439A14EAA83A6E14C409,piping_segment,PipingNetworkSegment,"8""-VF-434601-AS200-7",616.0,498.0
C025-V-HO27-P-_E-001-01,SF9ACFE1EA6B37CF29C7EF6E53E30A0,pipe_off_page,FlowOutPipeOffPageConnector,,667.5,498.0
C025-V-HO27-P-_E-001-01,S53FA2FDC3858160239742D8C161809,piping_system,PipingNetworkSystem,,315.5,158.001
C025-V-HO27-P-_E-001-01,S1D65FA7A2C427D4019DFDE79DADCE1,piping_segment,PipingNetworkSegment,,315.5,158.001
C025-V-HO27-P-_E-001-01,S628C4B9606E12D0E634239996D4A5E,equipment,Compressor,27-KA50,282.5,362.0
C025-V-HO27-P-_E-001-01,SE7AB63CF7994DF4603C8BC1ECDA017,nozzle,Nozzle,N1103,348.146,324.435
C025-V-HO27-P-_E-001-01,SB65F04CA6A4715B3EC5D66B37B0524,nozzle,Nozzle,N1100,323.246,324.435
C025-V-HO27-P-_E-001-01,S754A2BC836ABFD8FE1ADA56843E2CF,nozzle,Nozzle,,268.0,403.0
C025-V-HO27-P-_E-001-01,SADCACD5045BBD21AABC578CF498E0C,nozzle,Nozzle,,238.0,403.0
C025-V-HO27-P-_E-001-01,SFF3200B668A1A6791027E623F07F86,nozzle,Nozzle,,328.0,403.0
C025-V-HO27-P-_E-001-01,SFBC468C23070822F9F544B35FD8B39,nozzle,Nozzle,,298.0,403.0
C025-V-HO27-P-_E-001-01,S1FD5DC3F097D2420B40D6AAB7C5B8C,nozzle,Nozzle,,209.0,351.0
C025-V-HO27-P-_E-001-01,SC8FF7596690E4390FC4763D2A920CA,nozzle,Nozzle,,209.0,381.0
C025-V-HO27-P-_E-001-01,SCB3FA9E367E1772514D7C103EDE1BF,nozzle,Nozzle,,240.639,321.0
C025-V-HO27-P-_E-001-01,S4602D8E4E948C06C554378223E7C12,instrument,ProcessInstrumentationFunction,27-ZL4826,240.998,155.0
C025-V-HO27-P-_E-001-01,S6DA0FE0E4B9CDD01866F8AE6236FB7,instrument,ProcessInstrumentationFunction,27-ZL4828,389.998,155.0
C025-V-HO27-P-_E-001-01,S53EB4B01A3B983153947D78BE78779,instrument,ProcessInstrumentationFunction,27-HS4826,282.998,190.0
C025-V-HO27-P-_E-001-01,S20B298B02556031F5021888D17E28C,instrument,ProcessInstrumentationFunction,27-HS4828,404.998,192.0
C025-V-HO27-P-_E-001-01,S21CB11B2BC10A42265C8DC015CC401,instrument,ProcessInstrumentationFunction,27-FI4801,126.998,304.0
C025-V-HO27-P-_E-001-01,S84F01F46215C2AE5EC6940E45B5B14,instrument,ProcessInstrumentationFunction,27-PI4823,159.999,304.0
C025-V-HO27-P-_E-001-01,S665B17A84BD218E8A3942728E4D321,instrument,ProcessInstrumentationFunction,27-PDI4812,272.653,303.9
C025-V-HO27-P-_E-001-01,S6D533E5A63745838BA094F1769FF21,instrument,ProcessInstrumentationFunction,27-PI4804,195.999,304.0
C025-V-HO27-P-_E-001-01,SBC5D7881E8E1AEE977A611193AD5DF,instrument,ProcessInstrumentationFunction,27-ZL4813,571.998,290.901
C025-V-HO27-P-_E-001-01,SF8BB1B084AA809FD040724AA89E040,instrument,ProcessInstrumentationFunction,27-PIC4825A,138.114,148.576
C025-V-HO27-P-_E-001-01,SE4A5B7CF8A648454D4345924B007CE,instrument,ProcessInstrumentationFunction,27-HS4813,624.998,290.901
C025-V-HO27-P-_E-001-01,SBBDA6CEB81FAE08710A7024CC08768,instrument,ProcessInstrumentationFunction,27-HS4811,445.998,458.901
C025-V-HO27-P-_E-001-01,S70A48D0FA97ECB086CDF2DAAC43A93,instrument,ProcessInstrumentationFunction,27-TI4806,428.365,293.901
C025-V-HO27-P-_E-001-01,S3BA04636DD5981F58EA6230C46BC4F,instrument,ProcessInstrumentationFunction,27-PI4807,472.196,293.901
C025-V-HO27-P-_E-001-01,SDE3EF697249E4CED4E92FE8E025898,instrument,ProcessInstrumentationFunction,27-PI4805,374.365,293.901
C025-V-HO27-P-_E-001-01,S631FDFF2BCA361CF02F526686FF1EA,instrument,ProcessInstrumentationFunction,27-ZL4814,534.998,509.901
C025-V-HO27-P-_E-001-01,SBB0928CF6F9FAD5244FD2D3B7891B6,instrument,ProcessInstrumentationFunction,27-HS4814,534.998,544.901
C025-V-HO27-P-_E-001-01,S831E3C8D2670320988AB1212DA71F7,instrument,ProcessInstrumentationFunction,27-PIC4803,238.998,542.001
C025-V-HO27-P-_E-001-01,SE434F20B14FA71E9E9E23D615C5DE7,instrument,ProcessInstrumentationFunction,27-PIC4825C,164.865,148.576
C025-V-HO27-P-_E-001-01,S82443731E1CADC9DE1C262647C07FD,signal_generator,ProcessSignalGeneratingFunction,,240.639,321.0
C025-V-HO27-P-_E-001-01,S54AD2BF418455843322C4FD68255A6,instrument,ProcessInstrumentationFunction,27-PIC4825B,152.865,148.576
C025-V-HO27-P-_E-001-01,S9932165821CC12577F1D0C523FF0F9,piping_system,PipingNetworkSystem,,595.001,261.999
C025-V-HO27-P-_E-001-01,S7EAC3F8E97E9B7B41FAAA3E4B86044,piping_segment,PipingNetworkSegment,,595.001,261.999
C025-V-HO27-P-_E-001-01,S5426F8A64202B5C086BF5BE95CEBF1,piping_component,AngleValve,27-XY4813,595.001,261.999
C025-V-HO27-P-_E-001-01,SE7FEAF234BDC54F0B1FB9A4EBE7E0E,piping_system,PipingNetworkSystem,,482.0,524.0
C025-V-HO27-P-_E-001-01,S8E3AE3122B9343F82751D132E36617,piping_segment,PipingNetworkSegment,,482.0,524.0
C025-V-HO27-P-_E-001-01,S45E61521D85680804DDD3E2AC294F5,piping_component,AngleValve,27-XY4814,482.0,524.0
C025-V-HO27-P-_E-001-01,SA256829BCE82D3B25D0674F2D4F84C,piping_system,PipingNetworkSystem,,265.0,167.0
C025-V-HO27-P-_E-001-01,S7EA4FB4ADCEF23E4FE7C2ABE07BAF3,piping_segment,PipingNetworkSegment,,265.0,167.0
C025-V-HO27-P-_E-001-01,SAC5A35018EE23670D71DDBE21EB28E,piping_component,AngleValve,27-XY4826,265.0,167.0
C025-V-HO27-P-_E-001-01,S253DA6FFDCB2D85C10FB93300E44EB,piping_system,PipingNetworkSystem,,372.0,167.0
C025-V-HO27-P-_E-001-01,S969405D8774A2F8F0CBE36925DFE07,piping_segment,PipingNetworkSegment,,372.0,167.0
C025-V-HO27-P-_E-001-01,SFEF2BE7345B11827499C2911081152,piping_component,AngleValve,27-XY4828,372.0,167.0
C025-V-HO27-P-_E-001-01,S4623C0847D1C1DC6881837ABDD75F0,instrument,ProcessInstrumentationFunction,27-FE4801,139.903,209.032
C025-V-HO27-P-_E-001-01,S6B0C3FFA7A596E6B61FCC752978124,signal_generator,ProcessSignalGeneratingFunction,,126.903,223.016
C025-V-HO27-P-_E-001-01,SA7D5A482E94B0046761DD7D9F4AC58,instrument,ProcessInstrumentationFunction,27-PT4803,205.0,542.001
C025-V-HO27-P-_E-001-01,S895769A9348776629D431F55BF1318,signal_generator,ProcessSignalGeneratingFunction,,205.0,520.0
C025-V-HO27-P-_E-001-01,SDB7D353B175EFE53D4A73DB8C84307,instrument,ProcessInstrumentationFunction,27-ZS4826,281.001,155.0
C025-V-HO27-P-_E-001-01,S233EB17A4F92122DDA2148EE0B3268,actuating_function,ActuatingFunction,,298.5,167.0
C025-V-HO27-P-_E-001-01,SA42860C118E0D131B66744706BDF6B,instrument,ProcessInstrumentationFunction,27-ZS4828,349.998,154.999
C025-V-HO27-P-_E-001-01,S9FF6DC613D695E89726A5065C6A3F0,actuating_function,ActuatingFunction,,332.5,167.0
C025-V-HO27-P-_E-001-01,S7EB121CEEAA0C0A533C6DC494E9437,instrument,ProcessInstrumentationFunction,27-FO4829,350.001,135.0
C025-V-HO27-P-_E-001-01,SE6AB05B98DA68A886EE3F24532568E,signal_generator,ProcessSignalGeneratingFunction,,330.0,135.0
C025-V-HO27-P-_E-001-01,SEFEC53A000E154EDEBF89B39BBF7AB,instrument,ProcessInstrumentationFunction,27-TT4806,428.366,267.0
C025-V-HO27-P-_E-001-01,SDBC308DDAD73067281C997E4480051,signal_generator,ProcessSignalGeneratingFunction,,428.366,238.601
C025-V-HO27-P-_E-001-01,S68252D4407782FBEDE3EB9221DF892,instrument,ProcessInstrumentationFunction,27-PT4825,200.252,173.442
C025-V-HO27-P-_E-001-01,SE5827C9ECC786C58E01AC2D78D0E02,signal_generator,ProcessSignalGeneratingFunction,,200.252,198.848
C025-V-HO27-P-_E-001-01,S694D58AE7F83F2DDBA85DDE3B275E3,instrument,ProcessInstrumentationFunction,27-PT4823,160.141,276.207
C025-V-HO27-P-_E-001-01,SB46BF999DC2376B267883ADBBA0871,signal_generator,ProcessSignalGeneratingFunction,,160.0,249.0
C025-V-HO27-P-_E-001-01,SF0284D923D5DD4E663860A8F2D59CA,instrument,ProcessInstrumentationFunction,27-PT4804,196.0,266.969
C025-V-HO27-P-_E-001-01,SE2CF2678DB129AE29ADB6DF386DC74,signal_generator,ProcessSignalGeneratingFunction,,196.0,243.407
C025-V-HO27-P-_E-001-01,SFBCBB7CAFBD57ECE968983243FAC24,instrument,ProcessInstrumentationFunction,27-ZS4813,572.0,253.0
C025-V-HO27-P-_E-001-01,SF7B67545801A1DC830614337EE248A,actuating_function,ActuatingFunction,,595.0,227.101
C025-V-HO27-P-_E-001-01,S44CB9081BF88DE1E3E2EDD7E865127,instrument,ProcessInstrumentationFunction,27-ZS4814,510.0,510.0
C025-V-HO27-P-_E-001-01,S595BF9DFFFFD4854D78D1F9FACE333,actuating_function,ActuatingFunction,,482.0,500.5
C025-V-HO27-P-_E-001-01,S9B91AB5EA8905DFDE222EAF6AC3B93,instrument,ProcessInstrumentationFunction,27-PT4805,374.366,267.0
C025-V-HO27-P-_E-001-01,S5C73D4B4FC86EBED4D6E35415EBFE9,signal_generator,ProcessSignalGeneratingFunction,,374.366,245.44
C025-V-HO27-P-_E-001-01,S6F7408CC9D6A2AD5B1573B08BF8E39,instrument,ProcessInstrumentationFunction,27-PT4807,472.198,267.0
C025-V-HO27-P-_E-001-01,SC40F0585058551EBEA6F3F50B20A66,signal_generator,ProcessSignalGeneratingFunction,,472.198,245.44
C025-V-HO27-P-_E-001-01,S6342328471520017A9480C238B75FE,instrument,ProcessInstrumentationFunction,27-FY4811A,403.0,411.0
C025-V-HO27-P-_E-001-01,SA1F838A1042E48743ED1AFE5A296E0,signal_generator,ProcessSignalGeneratingFunction,,434.001,411.001
C025-V-HO27-P-_E-001-01,S90A95B2009740EE72287CA29892559,instrument,ProcessInstrumentationFunction,27-PY4803,426.0,522.0
C025-V-HO27-P-_E-001-01,S436AF005E9B52DAC254BE17312F396,actuating_function,ActuatingFunction,,426.0,499.0
C025-V-HO27-P-_E-001-01,SD2121B8218A58335AB8A8D7A7BA874,instrument,ProcessInstrumentationFunction,27-FO4827,281.001,135.0
C025-V-HO27-P-_E-001-01,S5E501AE244E42F74DC0FFC3D54E72F,signal_generator,ProcessSignalGeneratingFunction,,301.0,135.0
C025-V-HO27-P-_E-001-01,SE2CA2FBBDC5DE259CA447E449B8855,instrument,ProcessInstrumentationFunction,27-FT4801,127.0,276.0
C025-V-HO27-P-_E-001-01,SAFA840D795EB2D4B4FE31DE303E454,signal_generator,ProcessSignalGeneratingFunction,,120.0,249.0
C025-V-HO27-P-_E-001-01,S1016E45C5739319F939801CAD3981A,signal_generator,ProcessSignalGeneratingFunction,,141.0,249.0
C025-V-HO27-P-_E-001-01,SD977C2B42E7B87F77A410059A9A54A,instrument,ProcessInstrumentationFunction,27-PDT4812,272.654,267.316
C025-V-HO27-P-_E-001-01,S964381E3016A461E03E54F31D2AEF5,signal_generator,ProcessSignalGeneratingFunction,,252.654,249.753
C025-V-HO27-P-_E-001-01,S1996158DDF6781BA15A54584BCF116,signal_generator,ProcessSignalGeneratingFunction,,293.654,249.754
C025-V-HO27-P-_E-001-01,S9FBD09304A2010C234A8C5708EDBCC,instrument,ProcessInstrumentationFunction,,285.0,447.0
C025-V-HO27-P-_E-001-01,SAFACA01E80F612627109E3B84374A4,actuating_function,ActuatingFunction,,434.001,411.001
C025-V-HO27-P-_E-001-01,SE00E04A90381EC57770A59E6799476,instrument,ProcessInstrumentationFunction,,653.0,261.999
C025-V-HO27-P-_E-001-01,S2D3D1D27B2287BE75F2D6E26594B68,instrument,ProcessInstrumentationFunction,,472.001,461.0
C025-V-HO27-P-_E-001-01,S3985D791ABB05EA01AF9CF11BB36AB,instrument,ProcessInstrumentationFunction,,296.632,283.315
C025-V-HO27-P-_E-001-01,S6E87B8030AEE10C8DEEA2637B3D8B5,instrument,ProcessInstrumentationFunction,,224.978,282.115
C025-V-HO27-P-_E-001-01,S3D40F9BEA6B86522DCC423E8E2A598,instrument,ProcessInstrumentationFunction,,353.366,281.0
C025-V-HO27-P-_E-001-01,S7A8D189644D041CA44ECFDD298FD1D,instrument,ProcessInstrumentationFunction,,407.366,281.0
C025-V-HO27-P-_E-001-01,SD77B482699C7A858E636CA204A7AF4,instrument,ProcessInstrumentationFunction,,560.001,523.999
C025-V-HO27-P-_E-001-01,SE7AA5C5511F9BB7C85B99376276309,instrument,ProcessInstrumentationFunction,,265.0,204.001
C025-V-HO27-P-_E-001-01,SFD95707F7FFF054C7FB651A558572A,instrument,ProcessInstrumentationFunction,,372.0,206.001
C025-V-HO27-P-_E-001-01,S170BD9BD04B62F61D7E5452861AA47,instrument,ProcessInstrumentationFunction,,183.999,380.999
C025-V-HO27-P-_E-001-01,S9200544E81074D71C1D7DB6953A975,signal_generator,ProcessSignalGeneratingFunction,,209.0,381.0
C025-V-HO27-P-_E-001-01,S8A99420B85274EBEE00C6EFA1A5E76,instrument,ProcessInstrumentationFunction,,328.0,421.999
C025-V-HO27-P-_E-001-01,S64132D34B7D942347652DC65383D2C,signal_generator,ProcessSignalGeneratingFunction,,328.0,403.0
C025-V-HO27-P-_E-001-01,S99A1D1CD6204795465AA61B8707E79,instrument,ProcessInstrumentationFunction,,298.0,421.999
C025-V-HO27-P-_E-001-01,SD744B077D0F756DC5941FE92404B7E,signal_generator,ProcessSignalGeneratingFunction,,298.0,403.0
C025-V-HO27-P-_E-001-01,S47CFB396E37E008834814BA95B8C06,instrument,ProcessInstrumentationFunction,,238.0,421.999
C025-V-HO27-P-_E-001-01,SF990031863CD73B11F52A7E86486C9,signal_generator,ProcessSignalGeneratingFunction,,238.0,403.0
C025-V-HO27-P-_E-001-01,S2A6D9C47DAB32BE4CCACCE9E2C0BB6,instrument,ProcessInstrumentationFunction,,268.0,421.999
C025-V-HO27-P-_E-001-01,SC0527E10C34CA383191C32D7841B65,signal_generator,ProcessSignalGeneratingFunction,,268.0,403.0
C025-V-HO27-P-_E-001-01,S2706AD38187472289B8DE839E1334B,instrument,ProcessInstrumentationFunction,,183.001,351.001
C025-V-HO27-P-_E-001-01,SDBD0EA644E7EEECD612FCD2F5F536F,signal_generator,ProcessSignalGeneratingFunction,,209.0,351.0
C025-V-HO27-P-_E-001-01,S9D25386B0DDC7CC10D9A4B1EE0ECF3,instrument,ProcessInstrumentationFunction,,535.019,524.019
C025-V-HO27-P-_E-001-01,SFA707D0880350312022245D068361C,actuating_function,ActuatingFunction,,482.0,524.0
C025-V-HO27-P-_E-001-01,SC1BC27318E58833B4C3FC1C96D8AA4,instrument,ProcessInstrumentationFunction,,624.981,262.019
C025-V-HO27-P-_E-001-01,S2FF7613672BA9DCD25FD8B777AB40F,actuating_function,ActuatingFunction,,595.001,261.999
C025-V-HO27-P-_E-001-01,S57CE682289CFFA41583DF51E54062A,instrument,ProcessInstrumentationFunction,,264.981,190.019
C025-V-HO27-P-_E-001-01,S491431DDF94B9E4838E63A8412F1A3,actuating_function,ActuatingFunction,,265.0,167.0
C025-V-HO27-P-_E-001-01,S872AB7442E0E1B242315377D599225,instrument,ProcessInstrumentationFunction,,371.981,192.019
C025-V-HO27-P-_E-001-01,S40CB80ACC34CB0A81EF36B2E8C7F1F,actuating_function,ActuatingFunction,,372.0,167.0
C025-V-HO27-P-_E-001-01,S394BE1C3082446F6386858432632F7,instrument,ProcessInstrumentationFunction,,472.019,441.019
C025-V-HO27-P-_E-001-01,S1471B6973B3301156610F3C4D2CBF7,actuating_function,ActuatingFunction,,472.001,411.001
C025-V-HO27-P-_E-001-01,S366305206B5F57461AB54D688D7A7B,instrument,ProcessInstrumentationFunction,,272.673,283.335
C025-V-HO27-P-_E-001-01,S776B097475EADCB5DD89D2FBE34B38,instrument,ProcessInstrumentationFunction,,196.019,282.135
C025-V-HO27-P-_E-001-01,S12E7D562701339C2659F21676AC886,instrument,ProcessInstrumentationFunction,,428.347,281.019
C025-V-HO27-P-_E-001-01,S16F6D7581D51CA85AB5753F1BB0EAB,instrument,ProcessInstrumentationFunction,,374.347,281.019
C025-V-HO27-P-_E-001-01,S23067B4A77C4248DE67DBF30EF2D5E,piping_system,PipingNetworkSystem,,422.999,488.75
C025-V-HO27-P-_E-001-01,S47933E5D48521AF3643D2813073F47,piping_segment,PipingNetworkSegment,,422.999,488.75
C025-V-HO27-P-_E-001-01,S977CC47AC78E9C12A85684320A60B6,piping_system,PipingNetworkSystem,,598.75,364.001
C025-V-HO27-P-_E-001-01,S7B729CC0F3E584914C3741B6BAED54,piping_segment,PipingNetworkSegment,,598.75,364.001
C025-V-HO27-P-_E-001-01,SA13B428027C71D8D08AF438C188E07,piping_system,PipingNetworkSystem,,534.75,400.001
C025-V-HO27-P-_E-001-01,S30450CF03707F9D23F9AB9E05B6153,piping_segment,PipingNetworkSegment,,534.75,400.001
C025-V-HO27-P-_E-001-01,S8FA7306841D491FBDB9A6206BD9CF4,piping_system,PipingNetworkSystem,,82.903,120.0
C025-V-HO27-P-_E-001-01,S96997BE90327132667FAD63035AED9,piping_segment,PipingNetworkSegment,,82.903,120.0
C025-V-HO27-P-_E-001-01,S264128E2FE8A27A44A2D49C3B4D15B,piping_system,PipingNetworkSystem,,336.0,321.001
C025-V-HO27-P-_E-001-01,SC56C922248D1508BE06F94486A6233,piping_segment,PipingNetworkSegment,,336.0,321.001
C025-V-HO27-P-_E-001-01,SC5B5EFCAF7DFF4BA56A83E90BDE39A,piping_system,PipingNetworkSystem,,314.0,321.001
C025-V-HO27-P-_E-001-01,S59601FDEF75C9EB2E26352F80D1DF5,piping_segment,PipingNetworkSegment,,314.0,321.001
C025-V-HO27-P-_E-001-01,SA98627314AB073663CBFC2D3C00CB9,instrument,ProcessInstrumentationFunction,,150.116,108.0
C025-V-HO27-P-_E-001-01,SF90E9E5C98650F2D1B485B65EF3E31,signal_generator,ProcessSignalGeneratingFunction,,667.5,108.0
C025-V-HO27-P-_E-001-01,S3FBCB8D597584D7AEE860EF7E80EDB,signal_off_page,FlowOutSignalOffPageConnector,,667.5,108.0
C025-V-HO27-P-_E-001-01,SC48621565B6D57F55637C11D10D204,instrument,ProcessInstrumentationFunction,,150.115,173.442
C025-V-HO27-P-_E-001-01,SECF74967D5939D1B35E6419024DE78,instrument,ProcessInstrumentationFunction,,162.115,173.442
C025-V-HO27-P-_E-002-01,S92F15934F35E4C9629503C7CC48C0F,nozzle,Nozzle,,0.0,0.0
C025-V-HO27-P-_E-002-01,SCF96397200D46D2F6B0981CB6F8DD9,equipment,CustomEquipment,,0.0,0.0
C025-V-HO27-P-_E-002-01,SCB1DAB8CF135EB82B54E4FC9AC30B5,instrument,ProcessInstrumentationFunction,,0.0,0.0
C025-V-HO27-P-_E-002-01,S47A95B76AF7FE406DACC4A573387A4,piping_component,GlobeValve,,0.0,0.0
C025-V-HO27-P-_E-002-01,S612DB4EF1366BCCAA2D7551AA155B5,equipment,Pump,,0.0,0.0
C025-V-HO27-P-_E-002-01,S33E47D578C581BD079CC43BFD3D817,equipment,HeatExchanger,,0.0,0.0
C025-V-HO27-P-_E-002-01,S19D0F735C2D98D2867B39DD5D63BF4,instrument,ProcessInstrumentationFunction,,0.0,0.0
C025-V-HO27-P-_E-002-01,S89DFF768E1AB1F8F960CE69D5B33FB,instrument,ProcessInstrumentationFunction,,0.0,0.0
C025-V-HO27-P-_E-002-01,S1B0F5739814F0199AB1C3D5D68F148,instrument,ProcessInstrumentationFunction,,0.0,0.0
C025-V-HO27-P-_E-002-01,S69CE81C8EF79ABDEB290BF20A62EAD,piping_component,CustomPipingComponent,,0.0,0.0
C025-V-HO27-P-_E-002-01,S12123FF38DCB0A887C403E99A592B2,piping_component,Strainer,,0.0,0.0
C025-V-HO27-P-_E-002-01,SAE02BDC2571AB2515B18F8E1759E8E,piping_component,ButterflyValve,,0.0,0.0
C025-V-HO27-P-_E-002-01,S8445C82956456F7FAB0479D761FF67,piping_component,ButterflyValve,,0.0,0.0
C025-V-HO27-P-_E-002-01,SED60F1D99AF0084CFFDADF5E5DD928,piping_component,ButterflyValve,,0.0,0.0
C025-V-HO27-P-_E-002-01,SDBCE832B96768C18138F8D9CC5A121,piping_component,CheckValve,,0.0,0.0
C025-V-HO27-P-_E-002-01,S6A699DD8D825D1A1D9054E32443F60,piping_component,AngleValve,,0.0,0.0
C025-V-HO27-P-_E-002-01,S16CF3B0F2C9666C329E24BA4EFA9A6,piping_component,GlobeValve,,0.0,0.0
C025-V-HO27-P-_E-002-01,SD7FDD72295DA24C8110939D8EF6732,actuator,ControlledActuator,,0.0,0.0
C025-V-HO27-P-_E-002-01,S6C6FB9806E12B8FBC2522948FB1D4D,piping_component,RuptureDisc,,0.0,0.0
C025-V-HO27-P-_E-002-01,SDB9B036198C128E5AECCAC5D96C9E3,piping_component,ButterflyValve,,0.0,0.0
C025-V-HO27-P-_E-002-01,SD510C0BE2D96E941C8EB0D573B0358,piping_component,FlowMeasuringElement,,0.0,0.0
C025-V-HO27-P-_E-002-01,S81B0A46D11AD46DE57A62B44144795,pipe_off_page,FlowOutPipeOffPageConnector,,0.0,0.0
C025-V-HO27-P-_E-002-01,S9487CC0D4ED064555C366B2C7B1017,signal_off_page,FlowInSignalOffPageConnector,,0.0,0.0
C025-V-HO27-P-_E-002-01,SAD77093C1C8D3434373201AACF2538,pipe_off_page,FlowInPipeOffPageConnector,,0.0,0.0
C025-V-HO27-P-_E-002-01,S584EFB0C5B581775F44E7EE3BB7CC1,piping_component,AngleValve,,0.0,0.0
C025-V-HO27-P-_E-002-01,SFFA211E0320DE243A5114AFDD43BAE,nozzle,Nozzle,,0.0,0.0
C025-V-HO27-P-_E-002-01,SB19C05760F2C0C80B98DF940435C18,piping_component,BallValve,,0.0,0.0
C025-V-HO27-P-_E-002-01,SFE53FABDFF5B006891CC877238D286,piping_component,GateValve,,0.0,0.0
C025-V-HO27-P-_E-002-01,S511046E2E1506F62156DB5812065F3,piping_component,GateValve,,0.0,0.0
C025-V-HO27-P-_E-002-01,S759236F24F465A6B0B7E50FEDB1A6F,instrument,ProcessInstrumentationFunction,,0.0,0.0
C025-V-HO27-P-_E-002-01,SEA10309D6C900555D840F5A4D768E5,instrument,ProcessInstrumentationFunction,,0.0,0.0
C025-V-HO27-P-_E-002-01,SB3AE0277ECF40BBB15EC15CE73A63C,piping_component,PipeReducer,,0.0,0.0
C025-V-HO27-P-_E-002-01,S810122242B981DF7E1162A497C11C1,nozzle,Nozzle,,0.0,0.0
C025-V-HO27-P-_E-002-01,S75BE62C0D10AB395A3573C07DD5673,nozzle,Nozzle,,0.0,0.0
C025-V-HO27-P-_E-002-01,S4BCCACC7B480BD78E09B0A946431EA,nozzle,Nozzle,,0.0,0.0
C025-V-HO27-P-_E-002-01,S27C273C47AF94DA60518BDC8755393,actuator,ControlledActuator,,0.0,0.0
C025-V-HO27-P-_E-002-01,SAC16422197FFA9BCDD172911A010A2,actuator,ControlledActuator,,0.0,0.0
C025-V-HO27-P-_E-002-01,SE0A7C4171D6545E311937FAD1758B1,instrument,ProcessInstrumentationFunction,,0.0,0.0
C025-V-HO27-P-_E-002-01,SB0FCF3ED793E218CEF93C2293A9811,instrument,ProcessInstrumentationFunction,,0.0,0.0
C025-V-HO27-P-_E-002-01,S595DED38E0C18E5541160A49EEA7C1,actuator,ControlledActuator,,0.0,0.0
C025-V-HO27-P-_E-002-01,S995B3508FCA18C64968AFFA15CF6AD,instrument,ProcessInstrumentationFunction,,0.0,0.0
C025-V-HO27-P-_E-002-01,SA770343C72F0A5BA49E9628173538A,nozzle,Nozzle,,0.0,0.0
C025-V-HO27-P-_E-002-01,S7135B02EE4CF43709EB99BB1AE547D,nozzle,Nozzle,,0.0,0.0
C025-V-HO27-P-_E-002-01,SAC890F37D31E2C9303F4671F981654,nozzle,Nozzle,,0.0,0.0
C025-V-HO27-P-_E-002-01,S9B95984879156B411CD6D654C4DB4F,nozzle,Nozzle,,0.0,0.0
C025-V-HO27-P-_E-002-01,SE0E19E0CCB80DBD4883C3B2A95367D,nozzle,Nozzle,,0.0,0.0
C025-V-HO27-P-_E-002-01,SA0C65F4BE40B3B6C47FB75379B06EC,nozzle,Nozzle,,0.0,0.0
C025-V-HO27-P-_E-002-01,S63D434AFE8F3C409D16852B9AD11E1,piping_component,BallValve,,0.0,0.0
C025-V-HO27-P-_E-002-01,SB2ECB6BCAC39B62903B5DA2EB62FD6,piping_component,BallValve,,0.0,0.0
C025-V-HO27-P-_E-002-01,S1B7C8D315CF6F5BD1D89371C015697,piping_component,BallValve,,0.0,0.0
C025-V-HO27-P-_E-002-01,S118CF7BE3205D824054192AE54F2F2,piping_component,BallValve,,0.0,0.0
C025-V-HO27-P-_E-002-01,SD7FBFA8B1CC65AFA3C72A72B35F9A9,piping_component,BallValve,,0.0,0.0
C025-V-HO27-P-_E-002-01,S8923D386423A6A82231ACB74B2D8D7,piping_component,GateValve,,0.0,0.0
C025-V-HO27-P-_E-002-01,SBF8857C08DFE122205518DC5420D3F,instrument,ProcessInstrumentationFunction,,0.0,0.0
C025-V-HO27-P-_E-002-01,SB4D9075A9BCC80768F1CB3188EB975,piping_component,CustomPipingComponent,,0.0,0.0
C025-V-HO27-P-_E-002-01,SC4EDE96F991F5C1ACF8AFFFF65B9CF,instrument,ProcessInstrumentationFunction,,0.0,0.0
C025-V-HO27-P-_E-002-01,S9DB28F6189AC10C1B414027C9C5CBF,instrument,ProcessInstrumentationFunction,,0.0,0.0
C025-V-HO27-P-_E-002-01,S861E999C53E328C0D54A3A69B1E4AD,piping_component,PipeFitting,,0.0,0.0
C025-V-HO27-P-_E-002-01,S65A1317066C1F39DE85F483488A487,piping_component,GateValve,,0.0,0.0
C025-V-HO27-P-_E-002-01,SC28CE7FA72882CD1CDEAE0F24BA6A0,piping_component,FlangedConnection,,0.0,0.0
C025-V-HO27-P-_E-002-01,S3B64E191850772D8353B8CD50E7225,piping_component,PipeTee,,0.0,0.0
C025-V-HO27-P-_E-002-01,S2AAEBD029C854891189212A1951606,instrument_loop,InstrumentationLoopFunction,,388.999,277.999
C025-V-HO27-P-_E-002-01,S18D31F3E74AFE8E1F64F122BADAC56,instrument_loop,InstrumentationLoopFunction,,227.998,503.0
C025-V-HO27-P-_E-002-01,SE3F2F5687F82D512A381E5A8504D7C,instrument_loop,InstrumentationLoopFunction,,301.998,460.0
C025-V-HO27-P-_E-002-01,SE73FCDE04E35111ED93C8C2D9822E6,instrument_loop,InstrumentationLoopFunction,,485.802,538.901
C025-V-HO27-P-_E-002-01,S9FDDDDE4CCC9A50D525E8E5E4B69A6,instrument_loop,InstrumentationLoopFunction,,462.667,229.901
C025-V-HO27-P-_E-002-01,SA55AAB725987FC447FB8E12E3BFE04,instrument_loop,InstrumentationLoopFunction,,515.919,229.901
C025-V-HO27-P-_E-002-01,S86BBF14949133D1465393BF176B73E,instrument_loop,InstrumentationLoopFunction,,435.998,538.901
C025-V-HO27-P-_E-002-01,SE300FA6E80479B7ACE38DB5BD52D9F,instrument_loop,InstrumentationLoopFunction,,610.998,328.0
C025-V-HO27-P-_E-002-01,SCAF6482A0EC442B7D299170A11BF6F,instrument_loop,InstrumentationLoopFunction,,303.013,426.308
C025-V-HO27-P-_E-002-01,S8A2F661CA49C2582024B5DBDCDEFC3,instrument_loop,InstrumentationLoopFunction,,343.701,425.403
C025-V-HO27-P-_E-002-01,S4AA897628A4D293A3CC3F114C743C9,instrument_loop,InstrumentationLoopFunction,,358.761,361.9
C025-V-HO27-P-_E-002-01,S1D71C509BD8AA5E36EB4FA3B2587DC,instrument_loop,InstrumentationLoopFunction,,418.998,230.901
C025-V-HO27-P-_E-002-01,S97EAAD81EA9C1A1E896D27799F0386,instrument_loop,InstrumentationLoopFunction,,495.0,350.899
C025-V-HO27-P-_E-002-01,S5C529C3831E836109D45EB1D196F7C,instrument_loop,InstrumentationLoopFunction,,561.947,431.899
C025-V-HO27-P-_E-002-01,S7B52CA5BFEC2B49DB01606C0616A68,instrument_loop,InstrumentationLoopFunction,,528.998,540.0
C025-V-HO27-P-_E-002-01,S62254305E381D52FF46E3D4C509DE5,instrument_loop,InstrumentationLoopFunction,,528.752,516.056
C025-V-HO27-P-_E-002-01,SAFA0E1224233ADE3D4454A7536B7F3,instrument_loop,InstrumentationLoopFunction,,611.0,354.0
C025-V-HO27-P-_E-002-01,S48D1F1BA757E35274F84B7650C979F,instrument_loop,InstrumentationLoopFunction,,535.446,431.999
C025-V-HO27-P-_E-002-01,S8160A61F12EF88D980D9DF52D53773,instrument_loop,InstrumentationLoopFunction,,228.0,479.0
C025-V-HO27-P-_E-002-01,S3E3679E7697394E2BAC9FE3D8FA5D1,instrument_loop,InstrumentationLoopFunction,,267.0,481.0
C025-V-HO27-P-_E-002-01,S783A2EAD588CD832BD830CE0EC6F3B,instrument_loop,InstrumentationLoopFunction,,279.0,460.0
C025-V-HO27-P-_E-002-01,S8E5078833E29D83A1112CD1577B2CA,instrument_loop,InstrumentationLoopFunction,,404.0,510.0
C025-V-HO27-P-_E-002-01,S8B3854CDEEA04F868CB303B0E86135,instrument_loop,InstrumentationLoopFunction,,515.92,195.0
C025-V-HO27-P-_E-002-01,SBA49064FA172AAB129C5B0DC7F1C9C,instrument_loop,InstrumentationLoopFunction,,462.669,195.0
C025-V-HO27-P-_E-002-01,S603DE7507DE9EA199E19BBE8CC412D,instrument_loop,InstrumentationLoopFunction,,237.953,192.094
C025-V-HO27-P-_E-002-01,S8A4E1D733A775527929FF424F642BC,instrument_loop,InstrumentationLoopFunction,,419.0,195.0
C025-V-HO27-P-_E-002-01,S9E67044C36490CF50014F595C5E5A9,instrument_loop,InstrumentationLoopFunction,,303.014,399.468
C025-V-HO27-P-_E-002-01,S3E0AFB2115AABE2F0E4007297AEDA7,instrument_loop,InstrumentationLoopFunction,,529.001,257.0
C025-V-HO27-P-_E-002-01,SB1DFAE750823161F73BEE4F20F6CDA,instrument_loop,InstrumentationLoopFunction,,399.018,425.503
C025-V-HO27-P-_E-002-01,SB89841168321CEBB3FE652CB8B2CE8,instrument_loop,InstrumentationLoopFunction,,358.762,334.999
C025-V-HO27-P-_E-002-01,SEADDB2EAF38067B922C80735ED1E4C,instrument_loop,InstrumentationLoopFunction,,436.0,501.0
C025-V-HO27-P-_E-002-01,S89F051D7A873179FBB8ADFC26403D0,instrument_loop,InstrumentationLoopFunction,,541.001,351.0
C025-V-HO27-P-_E-002-01,S18231E12BBFA61FBA3598780561816,instrument_loop,InstrumentationLoopFunction,,582.901,328.0
C025-V-HO27-P-_E-002-01,S94F064471920B94078C13299FA69FE,instrument_loop,InstrumentationLoopFunction,,619.113,516.082
C025-V-HO27-P-_E-002-01,S3C2F3772CA9611EBEB59EA6E0658BC,instrument_loop,InstrumentationLoopFunction,,279.042,481.0
C025-V-HO27-P-_E-002-01,S637B0FB5B68B36AB52D864EF0A750E,instrument_loop,InstrumentationLoopFunction,,503.51,510.0
C025-V-HO27-P-_E-002-01,S761AB131222758EEBCDE8D040183AB,instrument_loop,InstrumentationLoopFunction,,228.001,531.0
C025-V-HO27-P-_E-002-01,SE0745BCA0F551841C25F0CBBC97902,instrument_loop,InstrumentationLoopFunction,,496.669,212.999
C025-V-HO27-P-_E-002-01,SDFE6C27B5069E86DD42E892A82E02F,instrument_loop,InstrumentationLoopFunction,,272.349,413.384
C025-V-HO27-P-_E-002-01,S18B60719B8B4BFA888E50D8A9E9A45,instrument_loop,InstrumentationLoopFunction,,338.979,348.998
C025-V-HO27-P-_E-002-01,S507C5C4E2EACFB5C9123D07CC88129,instrument_loop,InstrumentationLoopFunction,,369.072,456.332
C025-V-HO27-P-_E-002-01,SC79A261C7B610EBCAB7A605B89C738,instrument_loop,InstrumentationLoopFunction,,581.354,414.0
C025-V-HO27-P-_E-002-01,S69AF7FE47BDF4E750231113A1A507E,instrument_loop,InstrumentationLoopFunction,,549.999,212.999
C025-V-HO27-P-_E-002-01,SEBE1945723581285B5BE0472CF5DBB,instrument_loop,InstrumentationLoopFunction,,539.001,374.951
C025-V-HO27-P-_E-002-01,S398145CF1EA52FFAEB27906E1D3CC1,instrument_loop,InstrumentationLoopFunction,,505.001,329.001
C025-V-HO27-P-_E-002-01,S5FB9F22AEF7591EB370DE70F1BA871,instrument_loop,InstrumentationLoopFunction,,515.477,374.95
C025-V-HO27-P-_E-002-01,SA287A169BBAAD1F931D5551E3404DB,instrument_loop,InstrumentationLoopFunction,,545.949,432.0
C025-V-HO27-P-_E-002-01,S30AB1DC89033CF4D2BF76646C86DF9,instrument_loop,InstrumentationLoopFunction,,525.002,350.999
C025-V-HO27-P-_E-002-01,SD9DA2782B59D03B6F9C31274EE6D70,instrument_loop,InstrumentationLoopFunction,,369.073,425.773
C025-V-HO27-P-_E-002-01,S1F0B5924CA2E5D59B4B5CEFF8B4CA9,instrument_loop,InstrumentationLoopFunction,,303.033,413.403
C025-V-HO27-P-_E-002-01,S841C90C071A833A1F2606D029FA52E,instrument_loop,InstrumentationLoopFunction,,358.788,348.992
C025-V-HO27-P-_E-002-01,SDDEE317A5F36289FD0232BE0A90A37,instrument_loop,InstrumentationLoopFunction,,515.939,213.019
C025-V-HO27-P-_E-002-01,S29D4890B781A9FEFF84E4AD6BBFFBE,instrument_loop,InstrumentationLoopFunction,,462.688,213.019
C025-V-HO27-P-_E-002-01,S5D91E245ACFC957AE4B09CCF560540,instrument_loop,InstrumentationLoopFunction,,485.785,510.019
C025-V-HO27-P-_E-002-01,S856C873BB12A52C6835E8F1C2D1A91,actuating_system,ActuatingSystem,,644.983,353.998
C025-V-HO27-P-_E-002-01,S2AE5702656DEB657B713756C12B7D4,actuator,ControlledActuator,,644.983,353.998
C025-V-HO27-P-_E-002-01,S126A3DA582FCA1944DA027322292BC,actuator,OperatedValveReference,,644.983,353.998
C025-V-HO27-P-_E-002-01,SC6CB6B5C84957F330C32F81E6EA63B,actuating_system,ActuatingSystem,,403.9,483.3
C025-V-HO27-P-_E-002-01,S1DF94DADD30D5A938499DDAE858FBB,actuator,ControlledActuator,,403.9,483.3
C025-V-HO27-P-_E-002-01,S1FB2D968000CD393553A39A8139A6E,actuator,OperatedValveReference,,403.9,483.3
C025-V-HO27-P-_E-002-01,S4817D75BB4A93C1E37F1FB7CA894B7,actuating_system,ActuatingSystem,,463.001,509.999
C025-V-HO27-P-_E-002-01,S9325E1374231EDEA2CB2ED1B9A932A,actuator,ControlledActuator,,463.001,509.999
C025-V-HO27-P-_E-002-01,S56F07975AA36168610D83B65AE5CFD,actuator,OperatedValveReference,,463.001,509.999
C025-V-HO27-P-_E-002-01,S90B49BB7D6830C6AF58F7FD0FD70F9,actuating_system,ActuatingSystem,,618.9,483.3
C025-V-HO27-P-_E-002-01,S8A62FD332C6F06AD5DEA27E2941C77,actuator,ControlledActuator,,618.9,483.3
C025-V-HO27-P-_E-002-01,SDAD8EF29F2A36AD7359FE8C822A4CF,actuator,OperatedValveReference,,618.9,483.3
C025-V-HO27-P-_E-002-01,SE5EDF063C8280BD54E8E010AA87DF6,actuating_system,ActuatingSystem,,463.0,481.825
C025-V-HO27-P-_E-002-01,S2E6B527BB21A73AD061A686C8DBBAF,actuator,ControlledActuator,,463.0,481.825
C025-V-HO27-P-_E-002-01,SDD68BAC32AC1FC9E6145B3806EA4EF,actuator,OperatedValveReference,,463.0,481.825
C025-V-HO27-P-_E-002-01,S636FD4A66D4C7745AC2D2C78B02F0C,actuating_system,ActuatingSystem,,561.7,256.9
C025-V-HO27-P-_E-002-01,S4851FC03742186E276BF45B5D6CD50,actuator,ControlledActuator,,561.7,256.9
C025-V-HO27-P-_E-002-01,SB7E81F859EA25ADFE7231F6BA57EE6,actuator,OperatedValveReference,,561.7,256.9
C025-V-HO27-P-_E-002-01,S84D28E1F4C77C857A0235BAE574F84,piping_system,PipingNetworkSystem,,567.75,319.75
C025-V-HO27-P-_E-002-01,S22C378A3C7208843F8608B9BB07309,piping_segment,PipingNetworkSegment,"2""-DO-564670-AT900-0",567.75,319.75
C025-V-HO27-P-_E-002-01,S96054B040DA16C89BC52248D07F272,pipe_off_page,FlowOutPipeOffPageConnector,,667.5,307.0
C025-V-HO27-P-_E-002-01,S8705B6326594A94DECCFD8B4FB3C78,piping_system,PipingNetworkSystem,,237.0,306.0
C025-V-HO27-P-_E-002-01,S862AD455FDC4CCFDB8CFFB96F65CEA,piping_segment,PipingNetworkSegment,,237.0,306.0
C025-V-HO27-P-_E-002-01,SE922AC835EEB4A8E42E5F7393DC8EF,piping_component,FlangedConnection,,237.0,316.0
C025-V-HO27-P-_E-002-01,S2FB2BA3274DEDB361E0255D5440B49,piping_component,GateValve,50-4556WS,237.0,312.0
C025-V-HO27-P-_E-002-01,S57046C89FE71BB6C4AA0B5310A664B,piping_component,FlangedConnection,,237.0,296.0
C025-V-HO27-P-_E-002-01,S5FCFCF1790267BD2A826895C7A7F97,piping_system,PipingNetworkSystem,,221.0,313.5
C025-V-HO27-P-_E-002-01,S790FCCBD4EF2C8853A213A35A2F9AD,piping_segment,PipingNetworkSegment,,221.0,313.5
C025-V-HO27-P-_E-002-01,S27E1C0FF35254CDEBAA4598CC8CC0C,piping_component,FlangedConnection,,221.0,296.0
C025-V-HO27-P-_E-002-01,S5B5462A3FC4C95505C4D05B9BA3022,piping_component,GateValve,27-4561PV,221.0,327.0
C025-V-HO27-P-_E-002-01,SF52B2B64BE093507DA6692815AFAB1,piping_component,FlangedConnection,,221.0,331.0
C025-V-HO27-P-_E-002-01,SB0C7AE1FFDC52A88C95EF4546C44F1,piping_system,PipingNetworkSystem,,126.612,501.055
C025-V-HO27-P-_E-002-01,SDDF439E4C3E5B7FFD2CD2054F9A2BD,piping_segment,PipingNetworkSegment,"6""-VF-434518-AS200-7",97.085,508.317
C025-V-HO27-P-_E-002-01,SB64D89571860777CAFE447F4F1218C,piping_component,BallValve,43-4597VF,127.568,508.317
C025-V-HO27-P-_E-002-01,S4A65E33A201CB788FFF4C0DB41AEEF,pipe_off_page,FlowOutPipeOffPageConnector,,57.5,508.317
C025-V-HO27-P-_E-002-01,SA254EED1309F49B8840625DD22951D,piping_segment,PipingNetworkSegment,"6""-VF-434518-AS200-7",156.139,508.311
C025-V-HO27-P-_E-002-01,S9E03C3F71D4EC5BED3EE36B7ACEC3B,piping_component,PipeReducer,,156.139,508.311
C025-V-HO27-P-_E-002-01,SDC4465CF289DE7F6C6451B6065C681,piping_segment,PipingNetworkSegment,"6""-VF-434518-AS200-7",145.615,508.317
C025-V-HO27-P-_E-002-01,S71C06626C5C73CE46A2C0F2F5D367B,piping_component,PipeTee,,142.773,508.317
C025-V-HO27-P-_E-002-01,S32144F4E67C4A82E63A41683B83B1E,piping_segment,PipingNetworkSegment,"6""-VF-434518-AS200-7",142.774,493.792
C025-V-HO27-P-_E-002-01,SF98DC54620B54D9AF39C55443967E9,piping_component,FlangedConnection,,142.774,486.617
C025-V-HO27-P-_E-002-01,SF55CE3B12BA573DDC571E6BFC6AE9F,piping_component,GateValve,43-4598VF,142.774,490.617
C025-V-HO27-P-_E-002-01,S9DA6EF08F1EDD3CF2C7DA0F8A88421,piping_system,PipingNetworkSystem,,553.097,174.617
C025-V-HO27-P-_E-002-01,SA9161D631799EC4919AD243EBF4800,piping_segment,PipingNetworkSegment,"10""-PV-274504-ED200-7",541.178,171.997
C025-V-HO27-P-_E-002-01,SDDFCA2D33964F56690E2E1B7CDEEC5,piping_component,PipeTee,,549.597,171.995
C025-V-HO27-P-_E-002-01,SFECCC5D35F81A7702EC70ECC179EAE,piping_segment,PipingNetworkSegment,"10""-PV-274504-ED200-7",489.294,172.0
C025-V-HO27-P-_E-002-01,SB56BD74AB852CFDB37B241578FAD90,piping_segment,PipingNetworkSegment,"10""-PV-274504-ED200-7",616.899,172.0
C025-V-HO27-P-_E-002-01,SA25A2B4DED9A81715BC4DB436BAE04,piping_component,FlangedConnection,,584.0,172.0
C025-V-HO27-P-_E-002-01,S820CE543CDD52A9C4CFD3B8A9DD3B8,pipe_off_page,FlowOutPipeOffPageConnector,,667.5,172.0
C025-V-HO27-P-_E-002-01,S63F33941DCE44021EDF41B2C976C8A,piping_segment,PipingNetworkSegment,"10""-PV-274504-ED200-7",515.92,177.237
C025-V-HO27-P-_E-002-01,SE21FEB07C4D4882B8D7DFF540F60FB,piping_component,FlangedConnection,,515.92,182.473
C025-V-HO27-P-_E-002-01,S6E550D216A6C9F765AF8C3414CB679,piping_component,PipeTee,,515.92,172.0
C025-V-HO27-P-_E-002-01,SE9907ACCC061BD93DBD236C1082A31,piping_system,PipingNetworkSystem,,334.835,192.5
C025-V-HO27-P-_E-002-01,S97A75EC9BFEA20D9FD4F9EF2B8A73F,piping_segment,PipingNetworkSegment,"10""-PV-274503-ED200-7",260.0,176.75
C025-V-HO27-P-_E-002-01,SC377892BC85251908FA904849BFFF4,piping_segment,PipingNetworkSegment,"10""-PV-274503-ED200-7",462.669,179.605
C025-V-HO27-P-_E-002-01,S45A4EEAD22AAE7B2E0BDEF897A2B66,piping_component,FlangedConnection,,462.669,182.473
C025-V-HO27-P-_E-002-01,S15B6F864EE8176D37A3EA139BB5DD1,piping_segment,PipingNetworkSegment,"10""-PV-274503-ED200-7",419.0,177.236
C025-V-HO27-P-_E-002-01,SDE9DE3FB9329DF8291F4D89078C7EC,piping_component,FlangedConnection,,419.0,182.472
C025-V-HO27-P-_E-002-01,S85C4D6929D34A8FACD65A7B8F314CA,piping_component,PipeTee,,419.0,172.0
C025-V-HO27-P-_E-002-01,SF6B0E9ED562CB34BC3D2D8E0C57094,piping_segment,PipingNetworkSegment,"10""-PV-274503-ED200-7",451.752,172.0
C025-V-HO27-P-_E-002-01,SDEC45ABEF4FF1C3891BBAF58784116,piping_component,PipeTee,,462.669,172.0
C025-V-HO27-P-_E-002-01,SB70343EB4DCC3800651F9BC011A20F,piping_segment,PipingNetworkSegment,"10""-PV-274503-ED200-7",207.0,213.0
C025-V-HO27-P-_E-002-01,S4C0F3E5BFA4F276999D211F1B66321,piping_component,FlangedConnection,,207.0,241.0
C025-V-HO27-P-_E-002-01,S1FDBB0E08DCA7D9D6C8A3CD236E221,piping_component,FlangedConnection,,207.0,220.0
C025-V-HO27-P-_E-002-01,SD9385FB257B218F1369ABB242CA0E9,piping_component,FlangedConnection,,207.0,195.0
C025-V-HO27-P-_E-002-01,SA86512BF60DA0A4F2971812C5B04C1,piping_component,PipeTee,,207.0,185.0
C025-V-HO27-P-_E-002-01,S1ACA19973B5A15A2B3D1BB11997921,piping_system,PipingNetworkSystem,,173.05,420.387
C025-V-HO27-P-_E-002-01,SA468C5BDAA0C641C44D61872C7BD9E,piping_segment,PipingNetworkSegment,"2""-PV-274517-ED200-7",178.003,332.517
C025-V-HO27-P-_E-002-01,S1F7ECA40C1D597E7BEC9E4A31BCB40,piping_component,PipeFitting,,168.337,370.766
C025-V-HO27-P-_E-002-01,S1723A0087269C505BC9CA945203697,piping_component,PipeFitting,,168.337,374.061
C025-V-HO27-P-_E-002-01,S99446F01976B557C2807131F41E5B0,piping_component,BallValve,27-4547PV,168.338,467.481
C025-V-HO27-P-_E-002-01,SAA48589AEAD3B8EA011487E3D7ACB1,piping_component,PipeTee,,168.338,480.033
C025-V-HO27-P-_E-002-01,S795EDB0AEDCE7B226CEA7B0C2C8770,piping_segment,PipingNetworkSegment,"2""-PV-274517-ED200-7",182.863,480.033
C025-V-HO27-P-_E-002-01,S5DE4134C7EA688080603694FFF4E56,piping_component,FlangedConnection,,190.038,480.033
C025-V-HO27-P-_E-002-01,S801D9A211C55F8A6F0DDEDA2AA0F57,piping_component,GateValve,27-4548PV,186.038,480.033
C025-V-HO27-P-_E-002-01,SC0FB1F3A0FAD6AC98C23EB630DE647,piping_segment,PipingNetworkSegment,"2""-PV-274517-ED200-7",163.238,508.257
C025-V-HO27-P-_E-002-01,S5BA1784BF4BE222967E8F447079C89,piping_component,AngleValve,27-PSV4820,168.338,508.317
C025-V-HO27-P-_E-002-01,S9515D7F2235EC9C96B26B200A03055,piping_segment,PipingNetworkSegment,"2""-PV-274517-ED200-7",168.341,490.817
C025-V-HO27-P-_E-002-01,SD9B8B34483BB6001D2EB644CE95975,piping_component,PipeReducer,,168.344,495.078
C025-V-HO27-P-_E-002-01,S3DB4D81303EDA02B17921E1A49272E,piping_system,PipingNetworkSystem,,608.548,128.665
C025-V-HO27-P-_E-002-01,S5C79FE3FDD2864F0CF441FBFD7571F,piping_segment,PipingNetworkSegment,"4""-PV-274599-ED200-4",608.548,128.665
C025-V-HO27-P-_E-002-01,SBB596B29E892D1CD431291556F49D4,piping_component,FlangedConnection,,549.597,163.941
C025-V-HO27-P-_E-002-01,S1F324E8EE42B6849C0AFEDF83E12B2,pipe_off_page,FlowOutPipeOffPageConnector,,667.5,88.866
C025-V-HO27-P-_E-002-01,SEEC12742A450A2BF754CE054B9AA2F,piping_system,PipingNetworkSystem,,558.25,560.0
C025-V-HO27-P-_E-002-01,S77D7E7CF7312111921EAA00030D34D,piping_segment,PipingNetworkSegment,"10""-VF-434606-AS200-0",558.25,560.0
C025-V-HO27-P-_E-002-01,SB1797C70D5859C308915B8C37CB268,pipe_off_page,FlowOutPipeOffPageConnector,,667.5,560.0
C025-V-HO27-P-_E-002-01,S85EE984F2AB2494D2B01416A4EE004,piping_system,PipingNetworkSystem,,248.875,380.0
C025-V-HO27-P-_E-002-01,SC8F8607E610DACDBF19AE957C6E8B0,piping_segment,PipingNetworkSegment,"10""-WS-504712-AT750-4",248.875,380.0
C025-V-HO27-P-_E-002-01,S6DA6CA105372F86679E4C3DAE72D3B,piping_component,FlangedConnection,,254.0,296.0
C025-V-HO27-P-_E-002-01,SF17929823782E31765A9E21FDAA90F,piping_component,RuptureDisc,,254.0,460.0
C025-V-HO27-P-_E-002-01,SC3D30FE31F12723AAADDED9F6B8581,piping_component,RuptureDisc,,254.0,464.0
C025-V-HO27-P-_E-002-01,S7CA5882D142A7C306ECE2A358BD9AA,piping_system,PipingNetworkSystem,,273.5,514.0
C025-V-HO27-P-_E-002-01,S9211FAA8AC2111AEE4BCB85D22C604,piping_segment,PipingNetworkSegment,"0.75""-VF-434632-AS200-4",254.0,489.5
C025-V-HO27-P-_E-002-01,SD55C109265A17AF62719215035B6BA,piping_segment,PipingNetworkSegment,"0.75""-VF-434632-AS200-4",254.0,513.0
C025-V-HO27-P-_E-002-01,SA50EFB8C6B2CCF1F755F0DA6172201,piping_component,PipeTee,,254.0,513.0
C025-V-HO27-P-_E-002-01,SC94DF7F3D73ACA00AD5EB926A79882,piping_segment,PipingNetworkSegment,"0.75""-VF-434632-AS200-4",267.5,538.5
C025-V-HO27-P-_E-002-01,SF8907543BAAA1A87570F4D3C8FE4BC,piping_component,BallValve,43-4508VF,254.0,536.0
C025-V-HO27-P-_E-002-01,SA06DF9B57ABC42C44315EF657C802E,piping_segment,PipingNetworkSegment,"0.75""-VF-434632-AS200-4",293.0,494.519
C025-V-HO27-P-_E-002-01,SAEFB0A39E453B09215D71F355F2D04,piping_component,FlangedConnection,,305.967,480.038
C025-V-HO27-P-_E-002-01,SD8561C97C105F809D0FAC6265725CC,piping_component,GateValve,43-4519VF,305.967,484.038
C025-V-HO27-P-_E-002-01,SDCA16278C6C37F18DCAEBCD7E6A05F,piping_component,GlobeValve,43-4518VF,306.0,502.0
C025-V-HO27-P-_E-002-01,S277EB29D3FF0C3666A1344598E7CD7,piping_system,PipingNetworkSystem,,419.0,334.0
C025-V-HO27-P-_E-002-01,SFAD08E49DEC89858E825B4467B8ECD,piping_segment,PipingNetworkSegment,,419.0,334.0
C025-V-HO27-P-_E-002-01,S5EA5AA9EAB0ACD17AD16528C49591D,piping_component,PipeFitting,,419.0,388.0
C025-V-HO27-P-_E-002-01,S169DC4FF51CB7E5FF4B242973F3B52,piping_component,PipeFitting,,419.0,280.0
C025-V-HO27-P-_E-002-01,SD787FBF2282C2ED51D9AC6CE2BF182,piping_system,PipingNetworkSystem,,381.853,278.551
C025-V-HO27-P-_E-002-01,S841298518C31E29D8042486ACF76B3,piping_segment,PipingNetworkSegment,"4""-WS-504718-AT750-6",214.279,146.502
C025-V-HO27-P-_E-002-01,SF81CDD9C200B8314A2EE232119020A,piping_component,FlangedConnection,,214.279,137.002
C025-V-HO27-P-_E-002-01,S23EF4285953261D3C3A4E7292686FF,piping_component,GateValve,50-4589WS,214.279,141.002
C025-V-HO27-P-_E-002-01,SFEFBBB24F343BAA3C4597E3C6389D2,piping_component,PipeTee,,214.279,156.002
C025-V-HO27-P-_E-002-01,SBCCED081E106DE8156C8C0E9294234,piping_segment,PipingNetworkSegment,"4""-WS-504718-AT750-6",199.703,181.501
C025-V-HO27-P-_E-002-01,S89F22C45937BB9853061BC231A62E0,piping_component,ButterflyValve,50-4591WS,194.845,173.0
C025-V-HO27-P-_E-002-01,SE3E0821ECEEA076859D8846C13B8CF,piping_segment,PipingNetworkSegment,"4""-WS-504718-AT750-6",476.618,178.826
C025-V-HO27-P-_E-002-01,S9BEAF00B9F4A245A3844232D3C88F2,piping_segment,PipingNetworkSegment,"4""-WS-504718-AT750-6",535.446,406.668
C025-V-HO27-P-_E-002-01,S3F7D3A82CC844E8E88AE08748E8B02,piping_component,GateValve,50-4587WS,535.446,410.557
C025-V-HO27-P-_E-002-01,SBC78A977BEF8213829BC2026BAF70B,piping_segment,PipingNetworkSegment,"4""-WS-504718-AT750-6",519.784,410.6
C025-V-HO27-P-_E-002-01,S596A5ACCB30DD8DC9ED8B3899C5888,piping_component,GateValve,50-4567WS,519.784,413.169
C025-V-HO27-P-_E-002-01,SEFAD0F4F459A0F77C6CD13FB3F8EC1,piping_component,FlangedConnection,,519.784,417.169
C025-V-HO27-P-_E-002-01,SF80841FE828450EACD52796F2EF8C6,piping_segment,PipingNetworkSegment,"4""-WS-504718-AT750-6",564.003,253.061
C025-V-HO27-P-_E-002-01,S15444DEF5A11BDE8E5C51A6FEDCE85,piping_component,BallValve,50-TV4808,564.0,257.0
C025-V-HO27-P-_E-002-01,S2B73663394387AC241CDDF43451E69,piping_component,PipeReducer,,564.006,242.524
C025-V-HO27-P-_E-002-01,SC66D65F257B8555D79DF0D9AC8AA28,piping_segment,PipingNetworkSegment,"4""-WS-504718-AT750-6",563.997,271.902
C025-V-HO27-P-_E-002-01,SF3F16F6BD4D4F4E497A5296C3D9D66,piping_component,PipeReducer,,563.994,269.197
C025-V-HO27-P-_E-002-01,SDB5A97B133B5DAB5812ECA51C65D88,piping_segment,PipingNetworkSegment,"4""-WS-504718-AT750-6",556.861,358.0
C025-V-HO27-P-_E-002-01,S9D27A9FD902D10E5C24DF840FF6E79,piping_component,FlowMeasuringElement,,564.0,351.0
C025-V-HO27-P-_E-002-01,S1BFBFBB97F7B5B62AA9F123833BEDB,piping_component,FlowMeasuringElement,,564.0,328.0
C025-V-HO27-P-_E-002-01,SA7A45F1934A05FCE31910A2053F4C8,piping_component,PipeTee,,564.0,318.0
C025-V-HO27-P-_E-002-01,SF49ECEAEB60686921FB0DDB757533D,piping_segment,PipingNetworkSegment,"4""-WS-504718-AT750-6",491.75,398.003
C025-V-HO27-P-_E-002-01,SE1F8E9BB20A2F5AE5F5E72BB40C986,piping_component,PipeReducer,,493.999,398.006
C025-V-HO27-P-_E-002-01,S5EB1C792AE775336B7571EB5E3A74B,piping_segment,PipingNetworkSegment,"4""-WS-504718-AT750-6",554.182,278.016
C025-V-HO27-P-_E-002-01,S5160146A9F630B4FA7FE8BD16BE693,piping_component,FlangedConnection,,544.365,278.017
C025-V-HO27-P-_E-002-01,SF1DFFDD6B36056F6D8EE3F1E8D9E6D,piping_component,GateValve,50-4588WS,548.365,278.017
C025-V-HO27-P-_E-002-01,S5020B2B4BE2EFD17D03C07EC1020A1,piping_component,PipeTee,,564.0,278.016
C025-V-HO27-P-_E-002-01,S17413DC1667C969408A4CB99D2807B,piping_segment,PipingNetworkSegment,"4""-WS-504718-AT750-6",509.392,398.0
C025-V-HO27-P-_E-002-01,S451F882BC95DA04D84A37D0D88DA1C,piping_component,FlangedConnection,,503.011,398.0
C025-V-HO27-P-_E-002-01,S580E9E6EA418BE0A8938AE1FB3400B,piping_component,FlangedConnection,,512.0,398.0
C025-V-HO27-P-_E-002-01,S2BED918C3DEA6ACC1402F5B8CE2AEA,piping_component,PipeTee,,519.784,398.0
C025-V-HO27-P-_E-002-01,S633A303054FDFEF054713577358D24,piping_segment,PipingNetworkSegment,"4""-WS-504718-AT750-6",531.53,398.0
C025-V-HO27-P-_E-002-01,S55FA899883FDA508CF888D784087DD,piping_component,PipeTee,,535.446,398.0
C025-V-HO27-P-_E-002-01,SB05A9F0F236AB45225018E3860391A,piping_segment,PipingNetworkSegment,"4""-WS-504718-AT750-6",564.0,296.004
C025-V-HO27-P-_E-002-01,S2F22F720291C097646E72209364064,piping_component,CheckValve,50-4592WS,564.0,294.0
C025-V-HO27-P-_E-002-01,S9CDBE9B73F9E9F5FBD1F7B74D39C50,piping_system,PipingNetworkSystem,,357.239,119.75
C025-V-HO27-P-_E-002-01,S79BA788990C6A4403DE8DB51CA7702,piping_segment,PipingNetworkSegment,"4""-WS-504707-AD750-0",164.977,138.0
C025-V-HO27-P-_E-002-01,SA479912EE223CF30214B6D10F6EB1D,piping_component,ButterflyValve,50-4554WS,170.0,114.0
C025-V-HO27-P-_E-002-01,S80031ECEB59192365B0186F591A081,piping_component,PipeTee,,196.954,114.0
C025-V-HO27-P-_E-002-01,SF7A9A0B295514767BBB52593F884B9,piping_segment,PipingNetworkSegment,"4""-WS-504707-AD750-0",219.0,106.0
C025-V-HO27-P-_E-002-01,S3F0056AE542FBDA9A89D33295C3963,piping_component,FlangedConnection,,219.0,103.0
C025-V-HO27-P-_E-002-01,S44A476E7FFBB359B865673961B9532,piping_segment,PipingNetworkSegment,"4""-WS-504707-AD750-0",196.954,101.5
C025-V-HO27-P-_E-002-01,SDFB4EBB5874A9F468F12952D448181,piping_component,FlangedConnection,,196.954,95.0
C025-V-HO27-P-_E-002-01,SE6218FCE5157A3B43536D827F29B89,piping_component,GateValve,50-4562WS,196.954,99.0
C025-V-HO27-P-_E-002-01,SAC40E51893EC3410CCFB2DE3D745CD,piping_segment,PipingNetworkSegment,"4""-WS-504707-AD750-0",549.5,114.0
C025-V-HO27-P-_E-002-01,S1D26D60425BD9E1D4B8933ADE0E37B,pipe_off_page,FlowOutPipeOffPageConnector,,667.5,114.0
C025-V-HO27-P-_E-002-01,S932D24D5DCB3255E0EE7ED7D9681A6,piping_segment,PipingNetworkSegment,"4""-WS-504707-AD750-0",213.489,114.0
C025-V-HO27-P-_E-002-01,SA2DA8DDACAED5C6C641256BDC5052D,piping_component,PipeTee,,219.0,114.0
C025-V-HO27-P-_E-002-01,SDF043AFD8B9DF677AEDE8F3042A8C8,piping_system,PipingNetworkSystem,,206.994,219.75
C025-V-HO27-P-_E-002-01,S1350E26045D909BD3DED9D257C0F3E,piping_segment,PipingNetworkSegment,"8""-WS-504703-AT750-0",242.854,221.0
C025-V-HO27-P-_E-002-01,SC735FB9DA0B422AD3E6E4E3466375E,piping_component,PipeReducer,,244.485,231.999
C025-V-HO27-P-_E-002-01,S2223980C1AB9E9BCFC254A1F830AEE,piping_segment,PipingNetworkSegment,"8""-WS-504703-AT750-0",216.399,210.0
C025-V-HO27-P-_E-002-01,S126D91C5CB1FE1D1EE37BD585934A3,piping_segment,PipingNetworkSegment,"8""-WS-504703-AT750-0",185.845,200.5
C025-V-HO27-P-_E-002-01,SE2F3134C8C48AA040D9EE43D41F7B5,piping_component,FlangedConnection,,185.845,191.0
C025-V-HO27-P-_E-002-01,SA571BAACCA34D5D92E5D5F95B26D81,piping_component,GateValve,50-4559WS,185.845,195.0
C025-V-HO27-P-_E-002-01,SA4D9F90F79A2571B29E3F680D1A736,piping_component,PipeTee,,185.845,210.0
C025-V-HO27-P-_E-002-01,SD9E4ADA20AA703FFBB7D13E38B4192,piping_segment,PipingNetworkSegment,"8""-WS-504703-AT750-0",244.491,239.0
C025-V-HO27-P-_E-002-01,SA3B372BCE4EC809480F9F42937A96C,piping_component,FlangedConnection,,244.491,241.0
C025-V-HO27-P-_E-002-01,SD1CFE7ED14CC0C6C4555FC0EAEB3CB,piping_segment,PipingNetworkSegment,"8""-WS-504703-AT750-0",169.498,210.0
C025-V-HO27-P-_E-002-01,SC7E6008961FC5844ACFF2F9241DB33,piping_component,ButterflyValve,50-4550WS,155.997,210.0
C025-V-HO27-P-_E-002-01,SDF7A73D7D9485663C60F67007CFC37,piping_component,CheckValve,50-4553WS,177.152,210.0
C025-V-HO27-P-_E-002-01,SE011F1E362B4D42E5986B231F6FE45,piping_segment,PipingNetworkSegment,"8""-WS-504703-AT750-0",237.953,206.797
C025-V-HO27-P-_E-002-01,S55D749C49978285D865D31642D05AD,piping_component,FlangedConnection,,237.954,203.594
C025-V-HO27-P-_E-002-01,S7538B58455C771581FA10D85D41987,piping_component,PipeTee,,237.953,210.0
C025-V-HO27-P-_E-002-01,SD27F4E4E10F8138B20B74EBFD81ADF,piping_segment,PipingNetworkSegment,"8""-WS-504703-AT750-0",190.345,210.0
C025-V-HO27-P-_E-002-01,SBE5A5A1187C44AAE243177FDC5A8A0,piping_segment,PipingNetworkSegment,"8""-WS-504703-AT750-0",194.845,210.0
C025-V-HO27-P-_E-002-01,SE5227CB18D18E8EB407382EF378639,piping_component,PipeTee,,194.845,210.0
C025-V-HO27-P-_E-002-01,SD63835065E4E7ECB9424FFCF24087E,piping_system,PipingNetworkSystem,,525.125,431.125
C025-V-HO27-P-_E-002-01,S42C83B065393A892193A4A26E6B141,piping_segment,PipingNetworkSegment,"2""-WS-504706-AT750-7",509.0,453.0
C025-V-HO27-P-_E-002-01,S12E565B0F0014112983B7774273E20,piping_component,FlangedConnection,,509.0,447.0
C025-V-HO27-P-_E-002-01,S19BFCCE3C7179C9920AB65FD66BBF8,piping_component,GateValve,50-4569WS,509.0,451.0
C025-V-HO27-P-_E-002-01,S176D94306B2FA633E83F461A8DF1F7,piping_segment,PipingNetworkSegment,"2""-WS-504706-AT750-7",577.0,391.0
C025-V-HO27-P-_E-002-01,SCE0BF4FF984624F2E9256492568259,piping_component,GlobeValve,50-FV4810,644.982,353.998
C025-V-HO27-P-_E-002-01,S6655832FA8873A1F55590959815B00,piping_component,PipeFitting,,584.0,464.0
C025-V-HO27-P-_E-002-01,SBBB296CAB03B4884B538AF5DDB8633,piping_component,PipeFitting,,580.0,464.0
C025-V-HO27-P-_E-002-01,SB98503C14D3EE001D07C3F5E90D36C,piping_component,PipeTee,,509.0,464.0
C025-V-HO27-P-_E-002-01,S5F1C50AC0D1DD44CEF5110AE832A03,piping_segment,PipingNetworkSegment,"2""-WS-504706-AT750-7",473.25,471.25
C025-V-HO27-P-_E-002-01,S6CAF1529129C0FB91A9A3211C3DB4D,piping_component,GateValve,50-4568WS,491.0,464.0
C025-V-HO27-P-_E-002-01,S26DD001A13D1217167893D9EAD38B8,piping_system,PipingNetworkSystem,,400.004,395.138
C025-V-HO27-P-_E-002-01,SB8F18C19FD85B1DE597A5B554670AC,piping_segment,PipingNetworkSegment,"6""-WS-504717-AT750-6",366.759,390.0
C025-V-HO27-P-_E-002-01,SCBABE4BE971CAB403E56F9B576DCFA,piping_component,ButterflyValve,50-4590WS,344.0,390.0
C025-V-HO27-P-_E-002-01,SEF08AB3B0D4CE4BB26E21A4E34415C,piping_component,Strainer,,374.0,390.0
C025-V-HO27-P-_E-002-01,S1AE19A39344C34B30DA96AF8B7A5F1,piping_component,PipeTee,,399.018,390.0
C025-V-HO27-P-_E-002-01,S8D217353A3773FAE61FAA4E927B053,piping_segment,PipingNetworkSegment,"6""-WS-504717-AT750-6",399.018,400.277
C025-V-HO27-P-_E-002-01,S93C6004980FFDB42778BEF2F9BB68F,piping_component,GateValve,50-4584WS,399.018,404.702
C025-V-HO27-P-_E-002-01,SADCA8B52F3C9F12D5118A11E8596D4,piping_segment,PipingNetworkSegment,"6""-WS-504717-AT750-6",433.25,390.0
C025-V-HO27-P-_E-002-01,S30A0C709D068ABE8BC5C9859E112FB,piping_component,FlangedConnection,,433.0,390.0
C025-V-HO27-P-_E-002-01,SFD2AA96292F0B129C0423E153F40DE,piping_segment,PipingNetworkSegment,"6""-WS-504717-AT750-6",418.504,390.0
C025-V-HO27-P-_E-002-01,S11070E628D85C6CA49F77438B56D99,piping_component,PipeTee,,425.0,390.0
C025-V-HO27-P-_E-002-01,S8BC47374F8311C05F9872424900063,piping_system,PipingNetworkSystem,,534.375,478.531
C025-V-HO27-P-_E-002-01,SADD05A0A47217C3063AB89409B3A9D,piping_segment,PipingNetworkSegment,"8""-WS-504705-AT750-7",578.75,481.0
C025-V-HO27-P-_E-002-01,S6D71A8757662E0342B6BA19BD25885,piping_component,PipeTee,,582.0,481.0
C025-V-HO27-P-_E-002-01,SE670B87D05B401041DCACA60DCD2CD,piping_segment,PipingNetworkSegment,"8""-WS-504705-AT750-7",636.0,466.313
C025-V-HO27-P-_E-002-01,S96AB7D5F0837690E53DD479AC49389,piping_component,FlangedConnection,,636.001,459.126
C025-V-HO27-P-_E-002-01,S567F6A96C126A2BBD215DA3D6B8CBB,piping_component,GateValve,50-4583WS,636.0,463.126
C025-V-HO27-P-_E-002-01,SEAE9235059DB714A8EA6B7624062EC,piping_segment,PipingNetworkSegment,"8""-WS-504705-AT750-7",415.0,481.0
C025-V-HO27-P-_E-002-01,SD6CE87F9F45575D58FD1A518E0167B,piping_component,BallValve,50-TV4816 ,404.0,481.0
C025-V-HO27-P-_E-002-01,SC0DD75121D481E0D2AF699B3811513,piping_segment,PipingNetworkSegment,"8""-WS-504705-AT750-7",445.0,481.0
C025-V-HO27-P-_E-002-01,SE63B500AC34AB5DC0E9FC7DB75E2F3,piping_component,PipeTee,,445.0,481.0
C025-V-HO27-P-_E-002-01,S26C32FD56E879973624C00728C5826,piping_segment,PipingNetworkSegment,"8""-WS-504705-AT750-7",490.75,481.0
C025-V-HO27-P-_E-002-01,SF1B0059FE4508D3786B307F778E91E,piping_component,ButterflyValve,50-XV4805,463.0,481.0
C025-V-HO27-P-_E-002-01,S86E361B56DBDDC16D7775EF7CB7F61,piping_component,PipeTee,,529.0,481.0
C025-V-HO27-P-_E-002-01,S6A0FB27D03FD990DD7C75491DFA6A9,piping_segment,PipingNetworkSegment,"8""-WS-504705-AT750-7",653.75,481.0
C025-V-HO27-P-_E-002-01,SF96CDFDAACBF6CC917B97255E6773D,pipe_off_page,FlowOutPipeOffPageConnector,,667.5,481.0
C025-V-HO27-P-_E-002-01,S187391CE66908058B07D2B5218F395,piping_segment,PipingNetworkSegment,"8""-WS-504705-AT750-7",559.0,480.912
C025-V-HO27-P-_E-002-01,SEDCDE65376BA1945C4187116750B54,piping_component,PipeTee,,569.0,480.824
C025-V-HO27-P-_E-002-01,S3F41D4C0A2FF3C1B1C2358C90E03C9,piping_segment,PipingNetworkSegment,"8""-WS-504705-AT750-7",529.0,490.75
C025-V-HO27-P-_E-002-01,S8B67562B44D26AFEFAD1F5331D4F18,piping_component,GateValve,50-4582WS,529.0,495.0
C025-V-HO27-P-_E-002-01,S883C976DD7F07149AA9A3369772ECB,piping_segment,PipingNetworkSegment,"8""-WS-504705-AT750-7",612.75,481.0
C025-V-HO27-P-_E-002-01,SF1AD9488F82FB492D32BC9973F616C,piping_component,FlangedConnection,,598.0,481.0
C025-V-HO27-P-_E-002-01,S4ABDBFC09F44FF72A48403462C2D54,piping_component,BallValve,50-PV4809,619.0,481.0
C025-V-HO27-P-_E-002-01,S884A5B469ADD7E24129E5FFA955B54,piping_component,PipeTee,,636.0,481.0
C025-V-HO27-P-_E-002-01,S104DE867F7B15F228E1F4DEB7B31F0,piping_system,PipingNetworkSystem,,569.0,498.936
C025-V-HO27-P-_E-002-01,SFF1B9B7664605123B9D40B684EE970,piping_segment,PipingNetworkSegment,"2""-WS-504719-AT750-4",569.0,498.936
C025-V-HO27-P-_E-002-01,SDC5A61E39330FD079DC108715E229C,piping_component,CustomPipingComponent,,569.0,512.675
C025-V-HO27-P-_E-002-01,SB98756B51FD92414245824A106892F,piping_component,CustomPipingComponent,50-4549WS,569.0,507.526
C025-V-HO27-P-_E-002-01,S83C368401A5986495BB8A2F6CCF8B2,piping_component,BallValve,50-4565WS,569.0,492.747
C025-V-HO27-P-_E-002-01,SBF2D9D3D7495FC40647B78CC2DF530,piping_system,PipingNetworkSystem,,147.997,213.0
C025-V-HO27-P-_E-002-01,SD7CFF77F543B283462AAAA9C6AC9D7,piping_segment,PipingNetworkSegment,"8""-WS-504702-AD750-0",147.997,213.0
C025-V-HO27-P-_E-002-01,S5DE9D590C8AF7264ADDC6B5EBE3863,piping_system,PipingNetworkSystem,,412.999,347.283
C025-V-HO27-P-_E-002-01,S1248C13C5ED3CFA9BC46CB7E332479,piping_segment,PipingNetworkSegment,"1""-WS-504723-AT750-4",409.0,324.567
C025-V-HO27-P-_E-002-01,S296CF71B677805A93400FDF2C31BBC,piping_component,GateValve,50-4585WS,409.001,321.635
C025-V-HO27-P-_E-002-01,S38E7C28CC525404F71FE8A3A249591,piping_component,FlangedConnection,,409.001,317.635
C025-V-HO27-P-_E-002-01,SD0F113773921347CB4B70673057068,piping_segment,PipingNetworkSegment,"1""-WS-504723-AT750-4",416.997,370.0
C025-V-HO27-P-_E-002-01,S29ECB2960FA2E16D35606E8A1998EA,piping_component,PipeReducer,,408.994,339.999
C025-V-HO27-P-_E-002-01,S686742738A84BBF77F251F5E51F92F,piping_system,PipingNetworkSystem,,95.25,210.0
C025-V-HO27-P-_E-002-01,S9BF68516EC25191672698D14760CC2,piping_segment,PipingNetworkSegment,"8""-WS-504701-AD750-0",95.25,210.0
C025-V-HO27-P-_E-002-01,S5691BBA9BA72549D32C3A2764EFD90,pipe_off_page,FlowInPipeOffPageConnector,,57.5,210.0
C025-V-HO27-P-_E-002-01,S20231C4B9C05F1117779EC50788600,piping_component,FlangedConnection,,124.0,210.0
C025-V-HO27-P-_E-002-01,SE181ECBF40722F0AC6ACFA12744CA5,piping_component,PipeTee,,133.0,210.0
C025-V-HO27-P-_E-002-01,SF118C0E6C41C91D2D9BBC304852EE2,piping_system,PipingNetworkSystem,,353.005,390.061
C025-V-HO27-P-_E-002-01,SE476EC2ADCFE925FC04AC6F15F4745,piping_segment,PipingNetworkSegment,"8""-WS-504704-AT750-6",356.0,458.25
C025-V-HO27-P-_E-002-01,SC4518B8FE109B0EED7ECEB5130D73F,piping_component,ButterflyValve,50-4551WS,370.0,481.0
C025-V-HO27-P-_E-002-01,S68AA5D59F28B951436C1E696777226,piping_component,PipeTee,,384.0,481.0
C025-V-HO27-P-_E-002-01,S54558F774A035E1669DC7C8AFE3077,piping_segment,PipingNetworkSegment,"8""-WS-504704-AT750-6",328.003,303.0
C025-V-HO27-P-_E-002-01,SFEA3099B6B910A9292537A1916A98B,piping_component,FlangedConnection,,328.0,296.0
C025-V-HO27-P-_E-002-01,SDF02823F8BF56738E84792781EA3D6,piping_component,PipeReducer,,328.006,310.001
C025-V-HO27-P-_E-002-01,SB4CFED659B1AEE318511C1C9185C51,piping_segment,PipingNetworkSegment,"8""-WS-504704-AT750-6",328.0,337.5
C025-V-HO27-P-_E-002-01,S386274440572658366E265F88D2188,piping_segment,PipingNetworkSegment,"8""-WS-504704-AT750-6",396.75,477.122
C025-V-HO27-P-_E-002-01,S577CF5C611FD41DDD5C01D78594FA4,piping_segment,PipingNetworkSegment,"8""-WS-504704-AT750-6",309.261,384.763
C025-V-HO27-P-_E-002-01,SC9BBFB1700BA91AA47F9C8778B726A,piping_component,FlangedConnection,,303.014,386.94
C025-V-HO27-P-_E-002-01,S83DC9B0D3341B148233D8F9F9CCAB8,piping_segment,PipingNetworkSegment,"8""-WS-504704-AT750-6",318.5,363.0
C025-V-HO27-P-_E-002-01,SC0D138083EE375A712C7E0F877C57E,piping_component,FlangedConnection,,309.0,362.999
C025-V-HO27-P-_E-002-01,S3308EB9FAF19DCF105FEF360C0F7E0,piping_component,GateValve,50-4581WS,313.0,362.999
C025-V-HO27-P-_E-002-01,SAB5EE6233C2DB115EC57728CFFB25D,piping_component,PipeTee,,328.0,363.0
C025-V-HO27-P-_E-002-01,SE48481B2BFC40E311504308FBA936F,piping_segment,PipingNetworkSegment,"8""-WS-504704-AT750-6",328.0,387.307
C025-V-HO27-P-_E-002-01,S67D4078A319DA76C024234586EE370,piping_component,PipeTee,,328.0,390.0
C025-V-HO27-P-_E-002-01,SD53884867DE0D3005440D6A066E299,piping_segment,PipingNetworkSegment,"8""-WS-504704-AT750-6",384.0,465.5
C025-V-HO27-P-_E-002-01,S342FCF4F0324D8AF57D5A97588A248,piping_component,GateValve,50-4560WS,384.0,462.0
C025-V-HO27-P-_E-002-01,S9BA85D1EC6F68B37218FC2E571E3D9,piping_component,FlangedConnection,,384.0,458.0
C025-V-HO27-P-_E-002-01,S3967545988BBECC321EFACA4185AB1,piping_segment,PipingNetworkSegment,"8""-WS-504704-AT750-6",328.0,375.172
C025-V-HO27-P-_E-002-01,S950A8CBB3390E6293A14AD2AE13B5C,piping_component,PipeTee,,328.0,379.229
C025-V-HO27-P-_E-002-01,S3F6A623CE4F161AE697D075F66A8E5,piping_system,PipingNetworkSystem,,232.419,445.19
C025-V-HO27-P-_E-002-01,SA2CB0C07DAE5C089DF4F025206E5E5,piping_segment,PipingNetworkSegment,"4""-WS-504711-AT750-0",137.118,439.92
C025-V-HO27-P-_E-002-01,S88F92FE0B99D40601C1975BE8B143D,piping_segment,PipingNetworkSegment,"4""-WS-504711-AT750-0",123.118,431.92
C025-V-HO27-P-_E-002-01,SC8F0A9DEDA17B1BE46BDFD0A2920D1,piping_component,FlangedConnection,,123.118,428.92
C025-V-HO27-P-_E-002-01,SA8DE241DE49753D24092286903405C,piping_segment,PipingNetworkSegment,"4""-WS-504711-AT750-0",90.309,439.92
C025-V-HO27-P-_E-002-01,S8DE45B5EA49866362C6B892F5F81DF,pipe_off_page,FlowInPipeOffPageConnector,,57.5,439.92
C025-V-HO27-P-_E-002-01,S7E5B78D1F7CA0D898285518EE15DBE,piping_component,PipeTee,,123.118,439.92
C025-V-HO27-P-_E-002-01,S3F74FCA4F0667126EF18BF96BD7D09,piping_segment,PipingNetworkSegment,"4""-WS-504711-AT750-0",374.53,458.96
C025-V-HO27-P-_E-002-01,SFCFF333195F924F4C7F63E0258E08A,piping_component,ButterflyValve,50-4555WS,186.0,439.92
C025-V-HO27-P-_E-002-01,S92B3003CDC22B0F15CA060B369D426,piping_segment,PipingNetworkSegment,"4""-WS-504711-AT750-0",151.118,431.42
C025-V-HO27-P-_E-002-01,S507C082BE1EA554858BB1F5376B9F4,piping_component,FlangedConnection,,151.118,422.92
C025-V-HO27-P-_E-002-01,S98A4D6E1157B0A43E949C91C91D7CB,piping_component,GateValve,50-4563WS,151.118,426.92
C025-V-HO27-P-_E-002-01,S3262338E95B515F79BFB2FD67CBF52,piping_component,PipeTee,,151.118,439.92
C025-V-HO27-P-_E-002-01,S6C7C403518F69A63E3645706C6F0DF,piping_system,PipingNetworkSystem,,328.0,231.0
C025-V-HO27-P-_E-002-01,S3F361D3AEEA7A8D6004579592452D7,piping_segment,PipingNetworkSegment,,328.0,231.0
C025-V-HO27-P-_E-002-01,S553399E39192AE2DD3DEC99EB0CB7C,piping_component,FlangedConnection,,328.0,221.0
C025-V-HO27-P-_E-002-01,S451424B38475573282664D9D18CB69,piping_component,GateValve,50-4557WS,328.0,225.0
C025-V-HO27-P-_E-002-01,S76D019FD5679332177A5E1E0C5B478,piping_component,FlangedConnection,,328.0,241.0
C025-V-HO27-P-_E-002-01,S629C7F110B7BC90571D40757460DBD,piping_system,PipingNetworkSystem,,437.0,379.0
C025-V-HO27-P-_E-002-01,S7E6C5ED424D16842D2DD15A07B40C8,piping_segment,PipingNetworkSegment,,437.0,379.0
C025-V-HO27-P-_E-002-01,S303F3D4528E30792A6D033C4EBFDDF,piping_component,FlangedConnection,,433.0,379.0
C025-V-HO27-P-_E-002-01,S965B2F4DF68E1E6D5C31D55484CFB7,piping_component,BallValve,50-4586WS,437.0,379.0
C025-V-HO27-P-_E-002-01,S6678211812F26D0D3EE08E32E711BE,piping_system,PipingNetworkSystem,,358.762,305.0
C025-V-HO27-P-_E-002-01,SB5FAD6317C9A0CCBD18C5C72E776D7,piping_segment,PipingNetworkSegment,,358.762,305.0
C025-V-HO27-P-_E-002-01,S803D41FA2614271C68964F21AF5366,piping_component,BallValve,50-4558WS,358.762,314.0
C025-V-HO27-P-_E-002-01,S34648C2CD7B2FD0711321B5E6F59FA,piping_component,FlangedConnection,,358.762,310.0
C025-V-HO27-P-_E-002-01,S85ED712E7CC7E619808CD3271B59B9,piping_component,FlangedConnection,,358.762,296.0
C025-V-HO27-P-_E-002-01,SCF47519B5A4B1C8CD9F37456034645,piping_system,PipingNetworkSystem,,132.25,311.5
C025-V-HO27-P-_E-002-01,SB97188E8ED57E999F5F22B96427B7C,piping_segment,PipingNetworkSegment,"10""-PV-274502-ED200-8",132.25,311.5
C025-V-HO27-P-_E-002-01,S9E3588C995DBDD584F2DD711822D5A,pipe_off_page,FlowInPipeOffPageConnector,,57.5,327.0
C025-V-HO27-P-_E-002-01,SFD4C7E2E49F21F252CBE0B4D105DCB,piping_component,FlangedConnection,,207.0,316.0
C025-V-HO27-P-_E-002-01,S94943DE33E344B972883C7C7899B57,piping_component,FlangedConnection,,207.0,296.0
C025-V-HO27-P-_E-002-01,S3FD77B8A9BD3E74BAE52A4C4A36392,piping_system,PipingNetworkSystem,,221.0,228.0
C025-V-HO27-P-_E-002-01,S2793E693AB22AC8188906390BA3287,piping_segment,PipingNetworkSegment,,221.0,228.0
C025-V-HO27-P-_E-002-01,SC34E2F51B6F88026D697B7E52B91D2,piping_component,FlangedConnection,,221.0,215.0
C025-V-HO27-P-_E-002-01,S6D2ED70E37D44373C7564540728991,piping_component,GateValve,27-4564PL,221.0,219.0
C025-V-HO27-P-_E-002-01,SD994D60BA99E9010FB01046F167741,piping_component,FlangedConnection,,221.0,241.0
C025-V-HO27-P-_E-002-01,S7746988DF3AF57532F06B41DFBA631,piping_system,PipingNetworkSystem,,598.001,505.174
C025-V-HO27-P-_E-002-01,SA97E46FCA77014D8A665991DD3D731,piping_segment,PipingNetworkSegment,,598.001,505.174
C025-V-HO27-P-_E-002-01,SB6AFF8E56EF58CA55EFA9150C7B5D6,equipment,Pump,50-PA52,464.5,384.0
C025-V-HO27-P-_E-002-01,SC966AF6AD21058E1FF871F119347C8,nozzle,Nozzle,N2,443.032,390.0
C025-V-HO27-P-_E-002-01,S400A5FA08F399556A08437E8083630,nozzle,Nozzle,N4,443.032,378.9
C025-V-HO27-P-_E-002-01,S1CABADFE6265A61DCBB1AF072CC52B,nozzle,Nozzle,N1,486.043,398.0
C025-V-HO27-P-_E-002-01,SC629E89D06AB534A570E6B4D3504D1,nozzle,Nozzle,N3,468.2,359.032
C025-V-HO27-P-_E-002-01,SA1F7D99C16D55531DED24F6FAE2F99,nozzle,Nozzle,,479.773,390.0
C025-V-HO27-P-_E-002-01,SD25414809A0DC3370FDA60DF976532,equipment,HeatExchanger,27-HA50,285.92,268.899
C025-V-HO27-P-_E-002-01,S39F7873A7E3DD35A58CF67235B3E3F,nozzle,Nozzle,S6,328.0,269.0
C025-V-HO27-P-_E-002-01,S5C6CB10442851D1AD7185075BFEBA3,nozzle,Nozzle,T2,207.0,269.0
C025-V-HO27-P-_E-002-01,SE85B5F7735FA45F7CB14ACFA06657D,nozzle,Nozzle,S3,254.0,295.0
C025-V-HO27-P-_E-002-01,S8EDF930036CBF5493130EDF79AF96A,nozzle,Nozzle,S5,237.0,295.0
C025-V-HO27-P-_E-002-01,SAB8D2C364903534799952A6E281659,nozzle,Nozzle,T1,207.0,295.0
C025-V-HO27-P-_E-002-01,SEA837BF218FEB5C7CF54F0053D3A7A,nozzle,Nozzle,T4,220.0,269.0
C025-V-HO27-P-_E-002-01,SB699DD9E65726A9BC3826B60217D66,nozzle,Nozzle,S2,328.0,295.0
C025-V-HO27-P-_E-002-01,S8D821A4A78CF2F8B004AE57BAA0EFE,nozzle,Nozzle,T3,220.0,295.0
C025-V-HO27-P-_E-002-01,S76F1CEF5B3A40D5B3BE4CC6FDACF82,nozzle,Nozzle,S4,358.762,295.0
C025-V-HO27-P-_E-002-01,SA2C49F9BDC971D21878FB766F048A2,nozzle,Nozzle,S1,244.491,269.0
C025-V-HO27-P-_E-002-01,SD3384E24C143A2FE030E5AE9953341,instrument,ProcessInstrumentationFunction,50-TIC4808,388.999,277.999
C025-V-HO27-P-_E-002-01,SAA64ACE5DC2606B8852EA4039B0793,signal_generator,ProcessSignalGeneratingFunction,,57.5,372.556
C025-V-HO27-P-_E-002-01,SD3C0431F6000B4842593D04BD6C6CA,signal_off_page,FlowInSignalOffPageConnector,,57.5,372.556
C025-V-HO27-P-_E-002-01,SB6B2D82518E75ED122C25B0CC84451,instrument,ProcessInstrumentationFunction,50-XA4801,227.998,503.0
C025-V-HO27-P-_E-002-01,SAECE3CBF935EB3DD26C4FFC12E47C4,instrument,ProcessInstrumentationFunction,50-PI4801,301.998,460.0
C025-V-HO27-P-_E-002-01,S10F640B85CADE31BC2B036FE65FA31,instrument,ProcessInstrumentationFunction,50-HS4805,485.802,538.901
C025-V-HO27-P-_E-002-01,S1E526BC4DC38BD312F8C2DC7C79A1D,instrument,ProcessInstrumentationFunction,27-TI4820,462.667,229.901
C025-V-HO27-P-_E-002-01,S5CCC7528D295C0A1A64B1198C12108,instrument,ProcessInstrumentationFunction,27-TI4821,515.919,229.901
C025-V-HO27-P-_E-002-01,S2E9C31FF5A680B0D7034DE97B67DBB,instrument,ProcessInstrumentationFunction,50-ZL4805,435.998,538.901
C025-V-HO27-P-_E-002-01,S5A0A389F52D8E234E32B9D8ED6A4E1,instrument,ProcessInstrumentationFunction,50-FIC4810,610.998,328.0
C025-V-HO27-P-_E-002-01,SB61448E0110379C15244B4DFEA350B,instrument,ProcessInstrumentationFunction,50-TI4803,303.013,426.308
C025-V-HO27-P-_E-002-01,S9CC266134E4A30BD09E5FB7A85A84B,instrument,ProcessInstrumentationFunction,50-PI4804,343.701,425.403
C025-V-HO27-P-_E-002-01,S8A55526F7EDCDDDD43E29C5103908F,instrument,ProcessInstrumentationFunction,50-PI4802,358.761,361.9
C025-V-HO27-P-_E-002-01,S5875E1F666D8E2517F67A88657CDAD,instrument,ProcessInstrumentationFunction,27-TIC4816,418.998,230.901
C025-V-HO27-P-_E-002-01,SEBAE6FE14EAFF59A355F5C243D5B40,signal_generator,ProcessSignalGeneratingFunction,,419.0,280.0
C025-V-HO27-P-_E-002-01,SB5AF39E4F2752E6D4ED14809E281AD,instrument,ProcessInstrumentationFunction,50-FI4807,495.0,350.899
C025-V-HO27-P-_E-002-01,S585F42B5F8DA3DB0EDDB74BE82AD3A,instrument,ProcessInstrumentationFunction,50-PI4806,561.947,431.899
C025-V-HO27-P-_E-002-01,S26E4A7FD4604FC64D1680119C1B580,instrument,ProcessInstrumentationFunction,50-PIC4809,528.998,540.0
C025-V-HO27-P-_E-002-01,SAF17C4D7896F469C7F93C51D46B3D0,piping_system,PipingNetworkSystem,,463.001,509.999
C025-V-HO27-P-_E-002-01,SC3FEFB15250837DD9963B780DF55A5,piping_segment,PipingNetworkSegment,,463.001,509.999
C025-V-HO27-P-_E-002-01,S66DF8609FCE26B66FC85AD89F31BD2,piping_component,AngleValve,50-XY4805,463.001,509.999
C025-V-HO27-P-_E-002-01,S793380201B5823C617B58CCA5BF99B,instrument,ProcessInstrumentationFunction,50-PT4809,528.752,516.056
C025-V-HO27-P-_E-002-01,S1956558A64AD13F7B2D972090B5A75,signal_generator,ProcessSignalGeneratingFunction,,529.0,495.0
C025-V-HO27-P-_E-002-01,SFB5A8FAE2492FEAC18D69D81F1C255,instrument,ProcessInstrumentationFunction,50-FY4810,611.0,354.0
C025-V-HO27-P-_E-002-01,SD94A6BB0E30346133F3C6156216724,actuating_function,ActuatingFunction,,644.983,353.998
C025-V-HO27-P-_E-002-01,S2238427FF538D480BBD6B359962670,instrument,ProcessInstrumentationFunction,50-PT4806,535.446,431.999
C025-V-HO27-P-_E-002-01,S52380C8DD401EBB617F3C1225A833C,signal_generator,ProcessSignalGeneratingFunction,,535.446,410.557
C025-V-HO27-P-_E-002-01,S71A7E3F478C546F880688C3A248FCC,instrument,ProcessInstrumentationFunction,50-XS4801,228.0,479.0
C025-V-HO27-P-_E-002-01,S4A02144731C45FEBC9CB66C701F3B6,signal_generator,ProcessSignalGeneratingFunction,,254.0,464.0
C025-V-HO27-P-_E-002-01,S229F19B849234991A7A13FFEE97CA1,instrument,ProcessInstrumentationFunction,50-PSE4801A,267.0,481.0
C025-V-HO27-P-_E-002-01,S4A02144731C45FEBC9CB66C701F3B61,signal_generator,ProcessSignalGeneratingFunction,,254.0,464.0
C025-V-HO27-P-_E-002-01,S6ED0C19A28398C63E5E7AA5AF0E552,instrument,ProcessInstrumentationFunction,50-PT4801,279.0,460.0
C025-V-HO27-P-_E-002-01,S758A78EF5CE74712653A0EA722B20C,signal_generator,ProcessSignalGeneratingFunction,,254.0,460.0
C025-V-HO27-P-_E-002-01,S30FCFA54A4574ADA5B22E1D8F7F615,instrument,ProcessInstrumentationFunction,50-TY4816 ,404.0,510.0
C025-V-HO27-P-_E-002-01,SBDF2A004CE8B335130F14B389A588A,signal_generator,ProcessSignalGeneratingFunction,,419.0,388.0
C025-V-HO27-P-_E-002-01,S72AA4BD31199436BF911E084F0656D,actuating_function,ActuatingFunction,,403.9,483.3
C025-V-HO27-P-_E-002-01,SD99FAFCA3ECC9726FBD02EC3760949,instrument,ProcessInstrumentationFunction,27-TT4821,515.92,195.0
C025-V-HO27-P-_E-002-01,SE3572557293C8D0B42872155BF9E48,signal_generator,ProcessSignalGeneratingFunction,,515.92,182.473
C025-V-HO27-P-_E-002-01,S5E0699D4D92CC86CE30DF0586402C4,instrument,ProcessInstrumentationFunction,27-TT4820,462.669,195.0
C025-V-HO27-P-_E-002-01,S5730070DE4AC067CC8E850DA3CDAE6,signal_generator,ProcessSignalGeneratingFunction,,462.669,182.473
C025-V-HO27-P-_E-002-01,SB451651A4F3EA061C0ACDB3578B5A2,instrument,ProcessInstrumentationFunction,50-TT4808,237.953,192.094
C025-V-HO27-P-_E-002-01,S7E8617AC7350549C3A00524EC4A031,signal_generator,ProcessSignalGeneratingFunction,,237.954,203.594
C025-V-HO27-P-_E-002-01,SAEDCF0E8300133B012F6D0ACFF1BE8,instrument,ProcessInstrumentationFunction,27-TT4816,419.0,195.0
C025-V-HO27-P-_E-002-01,SB052AA1B333E396FC3BA93FAB1DDE1,signal_generator,ProcessSignalGeneratingFunction,,419.0,182.472
C025-V-HO27-P-_E-002-01,SDC87AE7A8188D07927B7DE480375E4,instrument,ProcessInstrumentationFunction,50-TT4803,303.014,399.468
C025-V-HO27-P-_E-002-01,S1FB47EDAB955929C3697F0E14FF05D,signal_generator,ProcessSignalGeneratingFunction,,303.014,386.94
C025-V-HO27-P-_E-002-01,SAC0A8897D32476E6F89A6AD9AF37D5,instrument,ProcessInstrumentationFunction,50-TY4808,529.001,257.0
C025-V-HO27-P-_E-002-01,S6C4D03605D867AB2A71C8776F81354,actuating_function,ActuatingFunction,,561.7,256.9
C025-V-HO27-P-_E-002-01,SDF93A0F98A11E14A1FEC169AD76181,instrument,ProcessInstrumentationFunction,50-PT4804,399.018,425.503
C025-V-HO27-P-_E-002-01,SD10BE4F103FB3BCE0297133925FC44,signal_generator,ProcessSignalGeneratingFunction,,399.018,404.702
C025-V-HO27-P-_E-002-01,SCB924536CDD1BA122547D850808E9B,instrument,ProcessInstrumentationFunction,50-PT4802,358.762,334.999
C025-V-HO27-P-_E-002-01,S45FA3659305E00C804BAB4C1F12E6B,signal_generator,ProcessSignalGeneratingFunction,,358.762,314.0
C025-V-HO27-P-_E-002-01,S2BB6F70D2793EE095572E32DAF369A,instrument,ProcessInstrumentationFunction,50-ZS4805,436.0,501.0
C025-V-HO27-P-_E-002-01,S5744F1F4B1052CEB773F29379EC792,actuating_function,ActuatingFunction,,463.0,481.825
C025-V-HO27-P-_E-002-01,S33083C41220301E189AA3E14355421,instrument,ProcessInstrumentationFunction,50-FT4807,541.001,351.0
C025-V-HO27-P-_E-002-01,S49BF1036F6AE5EE7DDEC2ECA6FBD8D,signal_generator,ProcessSignalGeneratingFunction,,564.0,351.0
C025-V-HO27-P-_E-002-01,S912996FDF090F8925F064F7FE4B6CF,instrument,ProcessInstrumentationFunction,50-FT4810,582.901,328.0
C025-V-HO27-P-_E-002-01,S97166D4F598AB0C089431D9EE502C5,signal_generator,ProcessSignalGeneratingFunction,,564.0,328.0
C025-V-HO27-P-_E-002-01,SBB493D49384205E40407546241973E,instrument,ProcessInstrumentationFunction,50-PY4809,619.113,516.082
C025-V-HO27-P-_E-002-01,S1427FADB05571DDBFD858A515331E2,actuating_function,ActuatingFunction,,618.9,483.3
C025-V-HO27-P-_E-002-01,S4C4B4B0005E06AB3EDF4563C48DF0A,instrument,ProcessInstrumentationFunction,50-PSE4801B,279.042,481.0
C025-V-HO27-P-_E-002-01,S1B0918E8341A194ADCC4A93EA5B1C6,instrument,ProcessInstrumentationFunction,,503.51,510.0
C025-V-HO27-P-_E-002-01,S90A629016A0ED8FDC6F0A301E4658E,instrument,ProcessInstrumentationFunction,,228.001,531.0
C025-V-HO27-P-_E-002-01,S620F7CBBA1D6DE2A93777DCC482D35,instrument,ProcessInstrumentationFunction,,496.669,212.999
C025-V-HO27-P-_E-002-01,S62DFE73DD7A10A5841608063FED29F,instrument,ProcessInstrumentationFunction,,272.349,413.384
C025-V-HO27-P-_E-002-01,S77902904AA227C9AF983CFA5A47E7D,instrument,ProcessInstrumentationFunction,,338.979,348.998
C025-V-HO27-P-_E-002-01,S61409C104834BDFB1F40E86B1113CC,instrument,ProcessInstrumentationFunction,,369.072,456.332
C025-V-HO27-P-_E-002-01,SA7D08555BE5E67D78BEF9F9BEF7026,instrument,ProcessInstrumentationFunction,,581.354,414.0
C025-V-HO27-P-_E-002-01,SCE7D7210798FF2901AC46291937FC1,instrument,ProcessInstrumentationFunction,,549.999,212.999
C025-V-HO27-P-_E-002-01,SCF229246B7F435053EE71F2FE8CA75,instrument,ProcessInstrumentationFunction,,539.001,374.951
C025-V-HO27-P-_E-002-01,S6B0E72774305C48795A2839452E272,instrument,ProcessInstrumentationFunction,,505.001,329.001
C025-V-HO27-P-_E-002-01,S7E9D10D8B6BCD78D9ACDAD93ECB828,instrument,ProcessInstrumentationFunction,,515.477,374.95
C025-V-HO27-P-_E-002-01,SC2539845AAE33E82692741482ACEAC,signal_generator,ProcessSignalGeneratingFunction,,479.773,390.0
C025-V-HO27-P-_E-002-01,S14F0F8290A3649AE922D9F6E443217,instrument,ProcessInstrumentationFunction,,545.949,432.0
C025-V-HO27-P-_E-002-01,S62569A63AFFEFB660314412E5F7A44,instrument,ProcessInstrumentationFunction,,525.002,350.999
C025-V-HO27-P-_E-002-01,S888763951CDEEC28C562421E7A837F,instrument,ProcessInstrumentationFunction,,369.073,425.773
C025-V-HO27-P-_E-002-01,SCCB4621B93B5668B3A9B15FB2B19FA,instrument,ProcessInstrumentationFunction,,303.033,413.403
C025-V-HO27-P-_E-002-01,S98DE41826A6788104091E654FA988B,instrument,ProcessInstrumentationFunction,,358.788,348.992
C025-V-HO27-P-_E-002-01,SD52E83E4B1B3610558E7CC8982A4E0,instrument,ProcessInstrumentationFunction,,515.939,213.019
C025-V-HO27-P-_E-002-01,S9BADA7E0C6AD42AEE3C9F0D04CDB8B,instrument,ProcessInstrumentationFunction,,462.688,213.019
C025-V-HO27-P-_E-002-01,SC22B8BC4A808059EE4EE91EFAFD087,instrument,ProcessInstrumentationFunction,,485.785,510.019
C025-V-HO27-P-_E-002-01,SC3314D47F0696715647470AE8AE549,actuating_function,ActuatingFunction,,463.001,509.999
C025-V-HO27-P-_E-002-01,SF53B01F6DA42721E336BA3FCE77730,piping_system,PipingNetworkSystem,,181.918,505.458
C025-V-HO27-P-_E-002-01,S68E93F6B48598F48148CFE4842B6BB,piping_segment,PipingNetworkSegment,,181.918,505.458
C025-V-HO27-P-_E-002-01,SEB1C3D8E57D70CE1FB98FC88B0551C,piping_system,PipingNetworkSystem,,124.001,228.0
C025-V-HO27-P-_E-002-01,SF80E5019D3D5C9FCDA643AFBB24780,piping_segment,PipingNetworkSegment,,124.001,228.0
C025-V-HO27-P-_E-002-01,SB3DBB8DBFDF914DB7DD4CF43EBA756,piping_system,PipingNetworkSystem,,584.001,157.0
C025-V-HO27-P-_E-002-01,S5B7515BC9A64B36D16D71170B36182,piping_segment,PipingNetworkSegment,,584.001,157.0
C025-V-HO27-P-_E-003-01,S84A17F4558123DB1AC58A4CCC0C964,nozzle,Nozzle,,0.0,0.0
C025-V-HO27-P-_E-003-01,SD5C650A383C36FBF4CA87C9562F6DA,equipment,CustomEquipment,,0.0,0.0
C025-V-HO27-P-_E-003-01,S50ACCF9B39C10BAC2CADD9FDD855C3,instrument,ProcessInstrumentationFunction,,0.0,0.0
C025-V-HO27-P-_E-003-01,SC23A32B9BA1CA310C41B61ADE99772,nozzle,Nozzle,,0.0,0.0
C025-V-HO27-P-_E-003-01,SA9D53C36CF69D88FE18A5756B0BD05,nozzle,Nozzle,,0.0,0.0
C025-V-HO27-P-_E-003-01,S8F0740C713DB9E9E0B1DB94EE7A46D,nozzle,Nozzle,,0.0,0.0
C025-V-HO27-P-_E-003-01,S78394D2BB35116699303520BB9B7CC,nozzle,Nozzle,,0.0,0.0
C025-V-HO27-P-_E-003-01,S4C15C93ABDCDA899D228AA1A9D0DD1,nozzle,Nozzle,,0.0,0.0
C025-V-HO27-P-_E-003-01,S35F0FB67B937D6AFE8DF455F148141,nozzle,Nozzle,,0.0,0.0
C025-V-HO27-P-_E-003-01,SFE55C30A406930AB95922B199FEDD7,nozzle,Nozzle,,0.0,0.0
C025-V-HO27-P-_E-003-01,SD53A805B6B1BCC156CAF32FE9A55C1,nozzle,Nozzle,,0.0,0.0
C025-V-HO27-P-_E-003-01,SE944363752F809A2C999F26701CADA,nozzle,Nozzle,,0.0,0.0
C025-V-HO27-P-_E-003-01,SFFCD543DD61A47B087A8BD2EA82A0F,nozzle,Nozzle,,0.0,0.0
C025-V-HO27-P-_E-003-01,S524E3512C6597D53C37B70B9BFB203,nozzle,Nozzle,,0.0,0.0
C025-V-HO27-P-_E-003-01,SB64DE311C5039D9EC74F34255E19C0,nozzle,Nozzle,,0.0,0.0
C025-V-HO27-P-_E-003-01,S5B4D913343A4783E4BDBF7331B3C79,nozzle,Nozzle,,0.0,0.0
C025-V-HO27-P-_E-003-01,S9B239528D259FA885987C3460B7EDD,nozzle,Nozzle,,0.0,0.0
C025-V-HO27-P-_E-003-01,SCF95CBE71CAA67D4F8005A960C3203,nozzle,Nozzle,,0.0,0.0
C025-V-HO27-P-_E-003-01,S489B2CC98F3394BB68820950A79B87,nozzle,Nozzle,,0.0,0.0
C025-V-HO27-P-_E-003-01,S5EEC9770C0A0FF88C5C57DDBE9B633,nozzle,Nozzle,,0.0,0.0
C025-V-HO27-P-_E-003-01,S25C44E29D3D29DF3449D775EC69D8D,nozzle,Nozzle,,0.0,0.0
C025-V-HO27-P-_E-003-01,SA5E31570E664294A70B48921E4863E,nozzle,Nozzle,,0.0,0.0
C025-V-HO27-P-_E-003-01,SC9E4F15893A1622333729E20800E56,nozzle,Nozzle,,0.0,0.0
C025-V-HO27-P-_E-003-01,SB19E173E704E5AC313D5394CCDE9F9,nozzle,Nozzle,,0.0,0.0
C025-V-HO27-P-_E-003-01,SFABD039F48EEBCBE2AF19A6F7FE25F,nozzle,Nozzle,,0.0,0.0
C025-V-HO27-P-_E-003-01,SA8FBA3AFB2D62CF3BDBBD1FCE4E004,piping_component,CheckValve,,0.0,0.0
C025-V-HO27-P-_E-003-01,S2E5EA058F7353734D0656BA2DF3B44,piping_component,GlobeValve,,0.0,0.0
C025-V-HO27-P-_E-003-01,S1B53F262CB4EA752F99D46ACAEB7EF,equipment,CustomEquipment,,0.0,0.0
C025-V-HO27-P-_E-003-01,SA1C533E17309E0921F7633CB928787,pipe_off_page,FlowInPipeOffPageConnector,,0.0,0.0
C025-V-HO27-P-_E-003-01,SA7B60E034DDFD1CA937279913867A5,pipe_off_page,FlowOutPipeOffPageConnector,,0.0,0.0
C025-V-HO27-P-_E-003-01,SAABC9AB92A011509698F8EF813A8E4,equipment,CustomEquipment,,0.0,0.0
C025-V-HO27-P-_E-003-01,S299F5DB42890BE65E78AEA77A33123,equipment,CustomEquipment,,0.0,0.0
C025-V-HO27-P-_E-003-01,S1400A0AF16151CBEF21E58B7B708EA,equipment,CustomEquipment,,0.0,0.0
C025-V-HO27-P-_E-003-01,S4E8303EEE6947D5DF9CC5C0BD977B7,equipment,CustomEquipment,,0.0,0.0
C025-V-HO27-P-_E-003-01,SCDAF97B6AE9E62559E30FE50B983A9,equipment,CustomEquipment,,0.0,0.0
C025-V-HO27-P-_E-003-01,S8BEF84213E90E4F70712F8FB61DBB2,equipment,CustomEquipment,,0.0,0.0
C025-V-HO27-P-_E-003-01,SE28543CD3C5D2D5F54BDADFA594618,equipment,CustomEquipment,,0.0,0.0
C025-V-HO27-P-_E-003-01,SD072C42EB9FF4BC9DDBF2E2AA37B9F,equipment,CustomEquipment,,0.0,0.0
C025-V-HO27-P-_E-003-01,SE31ECCDD1C670FF14EE5C9B2E3C164,piping_component,CustomPipingComponent,,0.0,0.0
C025-V-HO27-P-_E-003-01,S9F1D8D1C999885CA822AEF4EB1A8BA,piping_component,CustomPipingComponent,,0.0,0.0
C025-V-HO27-P-_E-003-01,S3C3FCE43FB135FC76C4A00CCA688F5,equipment,CustomEquipment,,0.0,0.0
C025-V-HO27-P-_E-003-01,S412BDD91001BC1AB2D441A1E94734C,piping_component,GateValve,,0.0,0.0
C025-V-HO27-P-_E-003-01,S6A39C40E3FF909228C17FC936B03AE,piping_component,PipeReducer,,0.0,0.0
C025-V-HO27-P-_E-003-01,SA9861C9ABDD27047103244E5B1AD27,piping_component,PipeReducer,,0.0,0.0
C025-V-HO27-P-_E-003-01,S1BD7D723A46E93DAFE9590AB6FC1F4,piping_component,CustomPipingComponent,,0.0,0.0
C025-V-HO27-P-_E-003-01,S8AA70DC46365D87C9E415C379A1514,piping_component,CustomPipingComponent,,0.0,0.0
C025-V-HO27-P-_E-003-01,SCFCED9E4E89EB69BF62351D62D386C,piping_component,CustomPipingComponent,,0.0,0.0
C025-V-HO27-P-_E-003-01,S23CD6948DE72C428D258CA202014E3,piping_component,CustomPipingComponent,,0.0,0.0
C025-V-HO27-P-_E-003-01,S4C01BFFFDD45823BC66600140BB3CF,piping_component,Funnel,,0.0,0.0
C025-V-HO27-P-_E-003-01,SA8715E2115937123DEFB1FBCE1CD07,piping_component,CustomPipingComponent,,0.0,0.0
C025-V-HO27-P-_E-003-01,SFFCBBC1BD0C1DEE1A6134FF9F4A6DB,piping_component,BallValve,,0.0,0.0
C025-V-HO27-P-_E-003-01,SA098FAE05B0C0A2E873744FB7C447D,piping_component,CustomPipingComponent,,0.0,0.0
C025-V-HO27-P-_E-003-01,SA034A6FE28872F38F233232C2300A3,piping_component,GateValve,,0.0,0.0
C025-V-HO27-P-_E-003-01,SCB3B4653A5860D555FEC8C2A2BB9C1,equipment,CustomEquipment,,0.0,0.0
C025-V-HO27-P-_E-003-01,SE93E64CC178AC58B27C4F87AC9E85B,equipment,CustomEquipment,,0.0,0.0
C025-V-HO27-P-_E-003-01,S1BB85469A279096F5CE8C7ECABD820,equipment,CustomEquipment,,0.0,0.0
C025-V-HO27-P-_E-003-01,S74AE0A83413A6F338863AB8696BC69,equipment,CustomEquipment,,0.0,0.0
C025-V-HO27-P-_E-003-01,S2D878F469BE27C619ACCAA4D274394,piping_component,Hose,,0.0,0.0
C025-V-HO27-P-_E-003-01,S18ABD41B9456837C271BF9EA53A46D,piping_component,PipeFitting,,0.0,0.0
C025-V-HO27-P-_E-003-01,S7844670B656D9D32D7C87FFDA58A4E,piping_component,FlangedConnection,,0.0,0.0
C025-V-HO27-P-_E-003-01,SF55F9CEA6D8DF33DB34949C02F0853,piping_component,PipeTee,,0.0,0.0
C025-V-HO27-P-_E-003-01,SF6932131F758E0134681B2DC6D7FDF,piping_system,PipingNetworkSystem,,483.875,529.0
C025-V-HO27-P-_E-003-01,S5A3CD7040A1ED0E59D2797E193236C,piping_segment,PipingNetworkSegment,,483.875,529.0
C025-V-HO27-P-_E-003-01,SB25B909CF919EB44D1AC1FEE56C3C6,piping_system,PipingNetworkSystem,,399.365,529.0
C025-V-HO27-P-_E-003-01,S4BF706B9E995B826CA9B56A9595E45,piping_segment,PipingNetworkSegment,,399.365,529.0
C025-V-HO27-P-_E-003-01,SE1763ACF71C3531BE6CFEF2276AAE8,piping_system,PipingNetworkSystem,,347.218,521.0
C025-V-HO27-P-_E-003-01,SF31EA7A00D6A4C57CBF019C9213527,piping_segment,PipingNetworkSegment,,347.218,521.0
C025-V-HO27-P-_E-003-01,SA63281FAA3BFE0804195372CD7B0F3,piping_system,PipingNetworkSystem,,243.307,324.998
C025-V-HO27-P-_E-003-01,SCF1D2BAACEF511BE0C7147A377E712,piping_segment,PipingNetworkSegment,"2""-WS-504709-AT750-0",113.052,409.0
C025-V-HO27-P-_E-003-01,SA15E612DA85790D3BB16FDE17FDA73,piping_segment,PipingNetworkSegment,"2""-WS-504709-AT750-0",157.074,324.997
C025-V-HO27-P-_E-003-01,S8BA9BA1939300BD072469DFB69F647,piping_component,PipeReducer,,106.001,408.994
C025-V-HO27-P-_E-003-01,SF5F505452E0E83CF3A7317BE0C7AB8,piping_segment,PipingNetworkSegment,"2""-WS-504709-AT750-0",373.563,248.753
C025-V-HO27-P-_E-003-01,S551DF031790E0F8D2F97122D425C83,piping_component,PipeReducer,,343.126,241.006
C025-V-HO27-P-_E-003-01,S685D81298E572E78F1C4AED9EF981E,piping_segment,PipingNetworkSegment,"2""-WS-504709-AT750-0",329.627,240.997
C025-V-HO27-P-_E-003-01,S3C5416E2DA88D792B2DDC774E22257,piping_component,GlobeValve,50-4577WS,332.127,241.0
C025-V-HO27-P-_E-003-01,S71B05EECF0857BF590E8574CE4D932,piping_component,PipeReducer,,321.128,240.994
C025-V-HO27-P-_E-003-01,S2304FE3BF36F0E0B1A710CAECE52F5,piping_system,PipingNetworkSystem,,154.742,373.5
C025-V-HO27-P-_E-003-01,S2EB34B20CE13E4D8066EAC40FC9162,piping_segment,PipingNetworkSegment,"3""-WS-504710-AT750-0",182.0,346.003
C025-V-HO27-P-_E-003-01,S4A35DEDD82A714D86640C21698E53F,piping_component,PipeReducer,,179.999,346.006
C025-V-HO27-P-_E-003-01,S1B254D0CEF958D2C9EEC9032C14689,piping_segment,PipingNetworkSegment,"3""-WS-504710-AT750-0",125.422,352.936
C025-V-HO27-P-_E-003-01,S17DE7868732826433DC5CDBE7C8290,piping_component,PipeReducer,,116.227,359.872
C025-V-HO27-P-_E-003-01,S128267D1314D7A828A8176F6D99CD7,piping_segment,PipingNetworkSegment,"3""-WS-504710-AT750-0",116.233,413.5
C025-V-HO27-P-_E-003-01,S8E4A54FD76407C9CBAAF52B7E3CFBA,piping_segment,PipingNetworkSegment,"3""-WS-504710-AT750-0",189.0,346.0
C025-V-HO27-P-_E-003-01,S2AE300AAEF6C979FAB1F933C14AC53,piping_segment,PipingNetworkSegment,"3""-WS-504710-AT750-0",164.5,345.997
C025-V-HO27-P-_E-003-01,S9DCBAD539ED7E51FE668AE0DCBD29F,piping_component,GlobeValve,50-4575WS,167.0,346.0
C025-V-HO27-P-_E-003-01,SBFE8E5FC69FFBAA9F25D98886194A2,piping_component,PipeReducer,,155.001,345.994
C025-V-HO27-P-_E-003-01,S6B96C5F263EB0790A2F5F7DCFD65A8,piping_segment,PipingNetworkSegment,"3""-WS-504710-AT750-0",186.0,355.5
C025-V-HO27-P-_E-003-01,S8D07F7638B61BCD217D4BED38B3CD3,piping_component,FlangedConnection,,186.0,365.0
C025-V-HO27-P-_E-003-01,SB1F8B79769E14E191078AEBC390A89,piping_component,GateValve,50-4552WS,186.0,361.0
C025-V-HO27-P-_E-003-01,SCB6DB8E7F52B9B73109664B7BB1E06,piping_component,PipeTee,,186.0,346.0
C025-V-HO27-P-_E-003-01,SD6E718F550F99E82C47C15C15433ED,piping_segment,PipingNetworkSegment,"3""-WS-504710-AT750-0",193.25,346.0
C025-V-HO27-P-_E-003-01,SB4D98908CFAEB1AF8082B2AA1A229E,piping_component,PipeTee,,192.0,346.0
C025-V-HO27-P-_E-003-01,S3D171A8E58277D8673256055C720A2,piping_segment,PipingNetworkSegment,"3""-WS-504710-AT750-0",116.233,397.218
C025-V-HO27-P-_E-003-01,SE1A98016F549FAAA5B5E01139B49C0,piping_component,PipeTee,,116.233,409.0
C025-V-HO27-P-_E-003-01,SF609ADC4069C739472C1DDC0883DA2,piping_segment,PipingNetworkSegment,"3""-WS-504710-AT750-0",192.0,333.5
C025-V-HO27-P-_E-003-01,S251A58919FF37D08E5B72AF40DE56B,piping_component,GateValve,50-4599WS,192.0,331.0
C025-V-HO27-P-_E-003-01,SDA94E1AB8816B2AF06A263F99B00FE,piping_component,FlangedConnection,,192.0,327.0
C025-V-HO27-P-_E-003-01,SC7771A3BA83F64528949943A8EDA38,piping_system,PipingNetworkSystem,,93.75,382.5
C025-V-HO27-P-_E-003-01,SB331AFE64DD84E407A051EAF6B44C8,piping_segment,PipingNetworkSegment,"2""-WS-504726-AT750-4",93.75,382.5
C025-V-HO27-P-_E-003-01,S9F8ABCF23DDC583BB293766EE59CA9,pipe_off_page,FlowInPipeOffPageConnector,,55.5,351.0
C025-V-HO27-P-_E-003-01,S2973F287C50871C57384A34F906B4B,piping_system,PipingNetworkSystem,,120.029,417.0
C025-V-HO27-P-_E-003-01,S37008FDAAC1B3D60404C41982DD085,piping_segment,PipingNetworkSegment,"4""-WS-504711-AT750-0",76.558,417.0
C025-V-HO27-P-_E-003-01,S72A7A017AC97F536A8758720E35E45,pipe_off_page,FlowOutPipeOffPageConnector,,55.5,417.001
C025-V-HO27-P-_E-003-01,S5208DB44A87020F773470A594CA9FA,piping_segment,PipingNetworkSegment,"4""-WS-504711-AT750-0",147.5,416.997
C025-V-HO27-P-_E-003-01,SB082792F201DEA6DC19929B344DCDB,piping_component,GlobeValve,50-4576WS,150.0,417.0
C025-V-HO27-P-_E-003-01,SE8C300EC88A0C337635DF54146EC79,piping_component,PipeReducer,,139.001,416.994
C025-V-HO27-P-_E-003-01,S873F718AC59C3CB3002CB22EF53F7A,piping_segment,PipingNetworkSegment,"4""-WS-504711-AT750-0",163.5,417.003
C025-V-HO27-P-_E-003-01,S2944E6951429617181B4D1A1FF378B,piping_component,PipeReducer,,160.999,417.006
C025-V-HO27-P-_E-003-01,SBD056DCE5CC48C335E7CE842524FC0,piping_segment,PipingNetworkSegment,"4""-WS-504711-AT750-0",133.25,417.0
C025-V-HO27-P-_E-003-01,SA85680D2A3A6467B1B41224A63413D,piping_component,PipeTee,,132.0,417.0
C025-V-HO27-P-_E-003-01,SC54E4379BA3CB8E2415CA5B4454D95,piping_segment,PipingNetworkSegment,"4""-WS-504711-AT750-0",120.175,417.0
C025-V-HO27-P-_E-003-01,S7833F1230C6CA5CDDB41DBF790F90D,piping_component,PipeTee,,116.233,417.0
C025-V-HO27-P-_E-003-01,S708C2FB128232798B76547C9F55E79,piping_system,PipingNetworkSystem,,125.75,143.903
C025-V-HO27-P-_E-003-01,S5AEF76AF00E65B958B134CFE3176A3,piping_segment,PipingNetworkSegment,"1""-WD-534655-AS200-4",125.75,143.903
C025-V-HO27-P-_E-003-01,SF3B94FDA21C266914DEC93CAEDC849,pipe_off_page,FlowInPipeOffPageConnector,,55.5,138.87
C025-V-HO27-P-_E-003-01,S8466BBB4F6C9539FA8A85E1196BC52,piping_system,PipingNetworkSystem,,345.5,179.514
C025-V-HO27-P-_E-003-01,SEF3DF00F0C2DBBB45DAC8911BB8B5D,piping_segment,PipingNetworkSegment,"1""-WD-534656-AS200-4",345.5,179.514
C025-V-HO27-P-_E-003-01,SA7D7E18E24055B1E2131F777C5B020,piping_component,CheckValve,53-4543WD,313.0,162.0
C025-V-HO27-P-_E-003-01,S4C5B21B17C92D64B5D9A88506B21AB,piping_component,GateValve,53-4544WD,313.0,188.0
C025-V-HO27-P-_E-003-01,S30775A28AF750C2B684DCB3FDE416B,piping_component,Funnel,,328.0,194.999
C025-V-HO27-P-_E-003-01,SE5CDCA60F37EF6C554A20DF2E3B92E,piping_component,GateValve,53-4545WD,365.0,177.055
C025-V-HO27-P-_E-003-01,SA6C0269D79CABD2A6E9A3B71804C56,piping_system,PipingNetworkSystem,,617.0,339.705
C025-V-HO27-P-_E-003-01,S1FA36D42EB531046C79C19F3F514F1,piping_segment,PipingNetworkSegment,"2""-OH-654561-JS80R0-4",617.0,339.705
C025-V-HO27-P-_E-003-01,S46D84ADB33164768A74D0C3F810B35,piping_system,PipingNetworkSystem,,571.0,260.0
C025-V-HO27-P-_E-003-01,SCFB719721D309BE5B27EE867BFC376,piping_segment,PipingNetworkSegment,"1""-GE-724125-DS200-0",571.0,260.0
C025-V-HO27-P-_E-003-01,S68F1BD58D54BDDD4F9E853995223D8,piping_system,PipingNetworkSystem,,286.5,460.32
C025-V-HO27-P-_E-003-01,SE9E178E51264F280B63D30D86DCE8A,piping_segment,PipingNetworkSegment,"4""-OL-694552-AS200-7",286.5,460.32
C025-V-HO27-P-_E-003-01,S8B542720E0D7759026C662644956A1,piping_system,PipingNetworkSystem,,143.75,315.0
C025-V-HO27-P-_E-003-01,S3ADEB8EBFE5A71334B556401D0AF48,piping_segment,PipingNetworkSegment,"1""-PV-274512-ED200-4",143.75,315.0
C025-V-HO27-P-_E-003-01,SA5CB52EC802F5C483FBBA0758CB293,pipe_off_page,FlowInPipeOffPageConnector,,55.5,315.001
C025-V-HO27-P-_E-003-01,SEF0EDCAA433B17F8CA69D91AE589EE,piping_system,PipingNetworkSystem,,518.0,118.736
C025-V-HO27-P-_E-003-01,S9E317FF1E270ED947443E670626DC8,piping_segment,PipingNetworkSegment,"4""-DO-564699-AT900-0",518.0,106.0
C025-V-HO27-P-_E-003-01,S9CF8EC23524FB515C021E069283F10,piping_component,PipeTee,,518.0,103.0
C025-V-HO27-P-_E-003-01,SE512EE9B556FD889880F0D403B87EE,piping_segment,PipingNetworkSegment,"4""-DO-564699-AT900-0",518.0,99.25
C025-V-HO27-P-_E-003-01,SF51C324F2D8F5DDBC51A0C4F3DEF1D,piping_segment,PipingNetworkSegment,"4""-DO-564699-AT900-0",518.0,138.222
C025-V-HO27-P-_E-003-01,SCEBCF4589908C98E7B32AC48E52D13,piping_component,CustomPipingComponent,,518.0,158.0
C025-V-HO27-P-_E-003-01,S8FAAA71F30A98481104F4100652401,piping_component,PipeTee,,518.0,115.0
C025-V-HO27-P-_E-003-01,S29262ED63F4764ED057CF1B90B8FC0,piping_system,PipingNetworkSystem,,472.782,186.707
C025-V-HO27-P-_E-003-01,SBE2FC3D3AAC1FC886EC95D2B80C15C,piping_segment,PipingNetworkSegment,"2""-DO-564688-AT900-0",472.782,186.707
C025-V-HO27-P-_E-003-01,SE585930580D03BF585E7555264862D,piping_component,CustomPipingComponent,,525.0,157.943
C025-V-HO27-P-_E-003-01,S739C7BA7A6647FEB074C1CB4AC5F11,piping_system,PipingNetworkSystem,,480.0,129.819
C025-V-HO27-P-_E-003-01,S8D9433C86AE0E8A7FEF03CE4C8D7E4,piping_segment,PipingNetworkSegment,"4""-DO-564677-AT900-0",480.0,129.819
C025-V-HO27-P-_E-003-01,S83F975E69A70FA05BCC522B9D0761A,piping_component,CustomPipingComponent,,480.0,157.943
C025-V-HO27-P-_E-003-01,SB3728FF8816674676F981141E72E60,piping_system,PipingNetworkSystem,,296.999,258.312
C025-V-HO27-P-_E-003-01,S355AF846C0B3E0B5BA41CF80BCD5D8,piping_segment,PipingNetworkSegment,"2""-DO-564669-AS200-0",154.377,344.065
C025-V-HO27-P-_E-003-01,SC77674FE013BC51B7F3084E2B624F6,piping_component,CustomPipingComponent,,180.263,479.818
C025-V-HO27-P-_E-003-01,SD812952685FA6DBF790BD08B52BA05,piping_component,PipeTee,,147.0,208.311
C025-V-HO27-P-_E-003-01,SBFD6A6A5B6855E6FDF442B29DCC953,piping_segment,PipingNetworkSegment,"2""-DO-564669-AS200-0",439.62,172.56
C025-V-HO27-P-_E-003-01,SDD08E257F898DA93404CA25F67BED5,piping_system,PipingNetworkSystem,,460.0,120.236
C025-V-HO27-P-_E-003-01,S8A7172CE3E5C378E999496AC3BA029,piping_segment,PipingNetworkSegment,"4""-DO-564658-AT900-0",460.0,138.222
C025-V-HO27-P-_E-003-01,SE882491B0802F18CCBE20C30411ECC,piping_component,CustomPipingComponent,,460.0,158.0
C025-V-HO27-P-_E-003-01,SE53202362FCC49C853B2F66E4344C6,piping_component,PipeTee,,460.0,115.0
C025-V-HO27-P-_E-003-01,SBCD487054CD659667847EDEC60018D,piping_segment,PipingNetworkSegment,"4""-DO-564658-AT900-0",460.0,102.25
C025-V-HO27-P-_E-003-01,S94FD61737BF36FAFDBE93BFC69F882,piping_system,PipingNetworkSystem,,538.0,112.361
C025-V-HO27-P-_E-003-01,S3C2257E2023FB6B0A8B62C50CC8743,piping_segment,PipingNetworkSegment,"4""-DO-564679-AT900-0",538.0,112.361
C025-V-HO27-P-_E-003-01,S1FEC945A9EBE17D783B11C08D5013D,piping_system,PipingNetworkSystem,,453.869,137.25
C025-V-HO27-P-_E-003-01,SC714F5BC9540F943AA96A401A704B4,piping_segment,PipingNetworkSegment,"4""-DO-564657-AT900-0",453.869,137.25
C025-V-HO27-P-_E-003-01,SABA716FD85A5CD6473866BBB73FB8B,piping_component,CustomPipingComponent,,451.825,158.0
C025-V-HO27-P-_E-003-01,SCDA395E4FEB6A0278559336CB9DFCD,piping_component,FlangedConnection,,451.825,119.0
C025-V-HO27-P-_E-003-01,SB6E8CEED3423C468FFC8765B771ABA,piping_system,PipingNetworkSystem,,511.369,214.722
C025-V-HO27-P-_E-003-01,S359D452F5D9B4F5CA53EB4832F6BD3,piping_segment,PipingNetworkSegment,"2""-DO-564673-AS200-0",511.369,214.722
C025-V-HO27-P-_E-003-01,SC9C62373054B0487F50E5BB7B0F357,piping_system,PipingNetworkSystem,,510.5,148.722
C025-V-HO27-P-_E-003-01,S3DF2D80A6B088C6D67019FEC47433A,piping_segment,PipingNetworkSegment,"4""-DO-564698-AT900-0",510.5,148.722
C025-V-HO27-P-_E-003-01,SA56B9C53EC576EC1C0111D2C45433D,piping_component,CustomPipingComponent,,508.0,158.0
C025-V-HO27-P-_E-003-01,S8ED4BE8D4304695F720F6466B554FF,piping_system,PipingNetworkSystem,,470.0,112.361
C025-V-HO27-P-_E-003-01,SC8B4B51B0750EA58F9776A7CD1B40A,piping_segment,PipingNetworkSegment,"4""-DO-564676-AT900-0",470.0,112.361
C025-V-HO27-P-_E-003-01,S5F2745FD8368FC1653C16249077E58,piping_system,PipingNetworkSystem,,300.006,187.579
C025-V-HO27-P-_E-003-01,SEB053E0F25EEF0D628F69A6317E734,piping_segment,PipingNetworkSegment,"2""-DO-564686-AS200-0",300.006,187.579
C025-V-HO27-P-_E-003-01,SD3183F14E121867CBA215E2DD2E429,pipe_off_page,FlowInPipeOffPageConnector,,55.5,217.215
C025-V-HO27-P-_E-003-01,S596C9A0DE7188706A933EE38E13BFB,piping_component,CustomPipingComponent,,541.0,157.943
C025-V-HO27-P-_E-003-01,SAA2DEEF432FDB265D9979766642F32,piping_system,PipingNetworkSystem,,452.5,126.722
C025-V-HO27-P-_E-003-01,SCF3D6A1CE2FABA3E0BC5C250704951,piping_segment,PipingNetworkSegment,"4""-DO-564675-AT900-0",452.5,126.722
C025-V-HO27-P-_E-003-01,S36E6837E82B64070EE6F46BD105079,piping_component,CustomPipingComponent,,440.0,152.0
C025-V-HO27-P-_E-003-01,S4FA94ED18331C8935DFD20E8A711E8,piping_system,PipingNetworkSystem,,528.0,112.361
C025-V-HO27-P-_E-003-01,SD8B0409033040559A9FA5CAE65A854,piping_segment,PipingNetworkSegment,"4""-DO-564678-AT900-0",528.0,112.361
C025-V-HO27-P-_E-003-01,SC7A3C9B0D7202E7FCCAED32D0F4DE9,piping_system,PipingNetworkSystem,,334.25,115.471
C025-V-HO27-P-_E-003-01,S647CC81A598A08A369E51739406798,piping_segment,PipingNetworkSegment,"1""-DO-564689-AT900-0",334.25,115.471
C025-V-HO27-P-_E-003-01,S3A1C509835BC21D8920AC0F67E461E,piping_component,CustomPipingComponent,,304.0,100.943
C025-V-HO27-P-_E-003-01,S17BCE9012E52E057F608610306A5FD,piping_system,PipingNetworkSystem,,563.0,188.412
C025-V-HO27-P-_E-003-01,S14681DBBFEE7026F1F18A1AF05D86A,piping_segment,PipingNetworkSegment,"1""-DO-564691-AT900-0",563.0,188.412
C025-V-HO27-P-_E-003-01,SF00CEC872C11BE6C4B049F8D61B22C,piping_component,CustomPipingComponent,,467.0,157.943
C025-V-HO27-P-_E-003-01,S189AA501D981F2A2AC8B8D482A930F,piping_system,PipingNetworkSystem,,101.25,203.656
C025-V-HO27-P-_E-003-01,S6F5D80D3A666A928D5AD12A4E186FE,piping_segment,PipingNetworkSegment,"1""-DO-564694-AS200-0",101.25,203.656
C025-V-HO27-P-_E-003-01,S93632E47930E37BF8950221CD75F98,pipe_off_page,FlowInPipeOffPageConnector,,55.5,202.001
C025-V-HO27-P-_E-003-01,S633DE2E00E38B8B6C077CAA40C05D4,piping_system,PipingNetworkSystem,,537.0,263.318
C025-V-HO27-P-_E-003-01,S7E155D84267AB831782FBCD0B458A2,piping_segment,PipingNetworkSegment,"1""-DO-564672-AS200-0",537.0,263.318
C025-V-HO27-P-_E-003-01,S92D0B0542BA3E438C745B8978B0CD6,piping_component,PipeFitting,,608.0,353.578
C025-V-HO27-P-_E-003-01,S6081CF1336FB09BAB38AF31E2D44A8,piping_component,PipeFitting,,608.0,273.653
C025-V-HO27-P-_E-003-01,S3688682030FFD05F8B6EBF7578FA23,piping_system,PipingNetworkSystem,,524.75,96.5
C025-V-HO27-P-_E-003-01,S368B9E51DF926EA64C10C86F25E547,piping_segment,PipingNetworkSegment,"4""-DO-564693-AT900-0",487.5,96.0
C025-V-HO27-P-_E-003-01,SBB51C58AF9D45EE9C5121D1F706A9B,piping_component,PipeTee,,490.0,96.0
C025-V-HO27-P-_E-003-01,SEA5EA9CCF14888A1FA041D17C21499,piping_segment,PipingNetworkSegment,"4""-DO-564693-AT900-0",477.5,96.0
C025-V-HO27-P-_E-003-01,SBF2B2EF3BD717003CB7F51000B34CF,piping_component,PipeTee,,480.0,96.0
C025-V-HO27-P-_E-003-01,SD2FBBFFAA869489119BA0B1F057505,piping_segment,PipingNetworkSegment,"4""-DO-564693-AT900-0",627.75,96.0
C025-V-HO27-P-_E-003-01,SECD0840AE772D50EEDACE52C85CD33,pipe_off_page,FlowOutPipeOffPageConnector,,665.5,96.0
C025-V-HO27-P-_E-003-01,SC5DE3E563E34AC6F686772A5F512BB,piping_segment,PipingNetworkSegment,"4""-DO-564693-AT900-0",525.5,96.0
C025-V-HO27-P-_E-003-01,S632F3974D51B06660B3DDEF51E5ABA,piping_component,PipeTee,,528.0,96.0
C025-V-HO27-P-_E-003-01,SEBD1F7E2096CC400C2DFB18A0F845C,piping_segment,PipingNetworkSegment,"4""-DO-564693-AT900-0",468.75,96.0
C025-V-HO27-P-_E-003-01,SD69B3ECDCD86CA0B8CE075BA829F9C,piping_component,PipeTee,,470.0,96.0
C025-V-HO27-P-_E-003-01,SF95E90766F224E34DEC97D92E021ED,piping_segment,PipingNetworkSegment,"4""-DO-564693-AT900-0",463.75,96.0
C025-V-HO27-P-_E-003-01,SCC758E7F378265C07838305EC3557F,piping_component,PipeTee,,465.0,96.0
C025-V-HO27-P-_E-003-01,SD3B4448EA25ED04A3B50E59F1C6CEC,piping_segment,PipingNetworkSegment,"4""-DO-564693-AT900-0",511.0,96.0
C025-V-HO27-P-_E-003-01,S789626C29C6E741A25E26D635E8920,piping_component,PipeTee,,518.0,96.0
C025-V-HO27-P-_E-003-01,S6F0C3420BEBC1D413E307EEEBF5065,piping_segment,PipingNetworkSegment,"4""-DO-564693-AT900-0",535.5,96.0
C025-V-HO27-P-_E-003-01,S7ACF7873AB8732C641C96069A4BFFA,piping_component,PipeTee,,538.0,96.0
C025-V-HO27-P-_E-003-01,S59A5C1C76EB10967B999BEA041E21A,piping_segment,PipingNetworkSegment,"4""-DO-564693-AT900-0",421.75,97.0
C025-V-HO27-P-_E-003-01,S299DCD2C1F27DA5F5B072A8D24784E,piping_component,PipeTee,,460.0,96.0
C025-V-HO27-P-_E-003-01,SD6BB34014C71309A19279D67E8EF3E,piping_system,PipingNetworkSystem,,503.0,145.722
C025-V-HO27-P-_E-003-01,S9FDD8AD883944FF07755466715D13D,piping_segment,PipingNetworkSegment,"2""-DO-564671-AT900-0",503.0,145.722
C025-V-HO27-P-_E-003-01,SA7304731811F8012704FC82F134107,piping_component,CustomPipingComponent,,498.0,158.0
C025-V-HO27-P-_E-003-01,S48897FF614962E9ABCA6AB39ED3137,piping_system,PipingNetworkSystem,,482.0,188.43
C025-V-HO27-P-_E-003-01,S43DC0F124E9EACB43F29BE7130C987,piping_segment,PipingNetworkSegment,"2""-DO-564674-AS200-0",482.0,188.43
C025-V-HO27-P-_E-003-01,S4004F19FE0D785B495034C50A6932D,piping_system,PipingNetworkSystem,,490.0,143.486
C025-V-HO27-P-_E-003-01,S5EB5DA94B2499A1A64AA65128ADA2B,piping_segment,PipingNetworkSegment,"2""-DO-564690-AT900-0",490.0,143.486
C025-V-HO27-P-_E-003-01,SE524E90B020E05A4FDC05EBC3CDA33,piping_component,CustomPipingComponent,,490.0,102.943
C025-V-HO27-P-_E-003-01,SC1216F0EFCAC711479070287BC1EF1,piping_system,PipingNetworkSystem,,346.512,273.194
C025-V-HO27-P-_E-003-01,S64BE487431825DC90B9593423B1603,piping_segment,PipingNetworkSegment,"2""-DO-564692-AT900-0",346.512,273.194
C025-V-HO27-P-_E-003-01,S4A53936E1C3D2FCD2E23EE45D811D1,piping_system,PipingNetworkSystem,,180.25,110.629
C025-V-HO27-P-_E-003-01,S1EC0B04B62A3CBA9C825A5F92266DA,piping_segment,PipingNetworkSegment,"2""-DO-564670-AT900-0",180.25,110.629
C025-V-HO27-P-_E-003-01,SAE663EA5D90E7B5C083B8B54D6AAF4,pipe_off_page,FlowInPipeOffPageConnector,,55.5,116.87
C025-V-HO27-P-_E-003-01,SC8F6C260E028A79CE2A4A71EA0738B,piping_system,PipingNetworkSystem,,420.0,253.514
C025-V-HO27-P-_E-003-01,SA3D14004F31D3D5169D8DDBF07B896,piping_segment,PipingNetworkSegment,"1""-WD-534670-AS200-4",420.0,253.514
C025-V-HO27-P-_E-003-01,SF04E5284F0F5B220EC9459F32A0E1E,piping_system,PipingNetworkSystem,,336.4,409.75
C025-V-HO27-P-_E-003-01,S34B7A0F73B810BFAF325E4375047AB,piping_segment,PipingNetworkSegment,"12""-OL-694551-AD20A-3",336.4,409.75
C025-V-HO27-P-_E-003-01,SF79BF7ADE573617A23FBBC71618366,piping_component,FlangedConnection,,316.375,420.0
C025-V-HO27-P-_E-003-01,S72EAD52AC7D5E36E62561E6B97E043,piping_component,Hose,,310.994,419.865
C025-V-HO27-P-_E-003-01,SE92EECC9497121F88A668C11B826B7,piping_component,FlangedConnection,,305.6,420.0
C025-V-HO27-P-_E-003-01,S35D0B97F67C40484A810FA9D0346D5,piping_system,PipingNetworkSystem,,124.75,435.583
C025-V-HO27-P-_E-003-01,S9DE013798E166B90E21F34DEE7E609,piping_segment,PipingNetworkSegment,"4""-WS-504707-AD750-0",158.25,435.583
C025-V-HO27-P-_E-003-01,S728913184A1793275A21957521AB5B,piping_segment,PipingNetworkSegment,"4""-WS-504707-AD750-0",91.25,435.583
C025-V-HO27-P-_E-003-01,SCA6C9461A961AD54849AD12C32E461,pipe_off_page,FlowInPipeOffPageConnector,,55.5,435.583
C025-V-HO27-P-_E-003-01,S8D7D3DB7B6CCC35549E278F0A4296D,piping_component,PipeTee,,127.0,435.583
C025-V-HO27-P-_E-003-01,S13C5E68BF89432888F96FC0C0F0415,piping_segment,PipingNetworkSegment,"4""-WS-504707-AD750-0",130.75,435.583
C025-V-HO27-P-_E-003-01,S56BE8E69F2810AB2547B279F915055,piping_component,PipeTee,,132.0,435.583
C025-V-HO27-P-_E-003-01,S4C2434814C92DB0ADE7366923B06DF,piping_system,PipingNetworkSystem,,93.75,452.291
C025-V-HO27-P-_E-003-01,SE60652301024CF7EA17C0F6FF108B4,piping_segment,PipingNetworkSegment,"2""-WS-504725-AD750-4",93.75,452.291
C025-V-HO27-P-_E-003-01,S7CA4A501850E49445B5364BBDA7D4E,pipe_off_page,FlowOutPipeOffPageConnector,,55.5,458.0
C025-V-HO27-P-_E-003-01,S58F26EBFBD74E32C7821D5CF5E43C2,piping_system,PipingNetworkSystem,,135.749,409.573
C025-V-HO27-P-_E-003-01,S3C74915E67C6BBC3A51143832516AA,piping_segment,PipingNetworkSegment,"3""-WS-504716-AD750-0",126.997,427.0
C025-V-HO27-P-_E-003-01,SBD5495FD62DA74CC4E6F1CEECE28E9,piping_component,PipeReducer,,126.994,425.0
C025-V-HO27-P-_E-003-01,SE99D97347FA3F2DD6D260A472009EE,piping_segment,PipingNetworkSegment,"3""-WS-504716-AD750-0",127.0,432.146
C025-V-HO27-P-_E-003-01,SE9D0F312A44CDE0A9C46D1ED56B34F,piping_component,PipeTee,,127.0,431.0
C025-V-HO27-P-_E-003-01,SE3BAF4DDE03130B206C644C95C6AA8,piping_segment,PipingNetworkSegment,"3""-WS-504716-AD750-0",144.5,387.0
C025-V-HO27-P-_E-003-01,SEB46AD3F6CD3620CD8CEA1F7FA5897,piping_system,PipingNetworkSystem,,359.5,434.5
C025-V-HO27-P-_E-003-01,S83492D0B1810CDA686E171422EA85A,piping_segment,PipingNetworkSegment,"2""-WS-504708-AD750-0",423.0,416.0
C025-V-HO27-P-_E-003-01,SAD073C0D30CB1C7FB32AA5D4B264AE,piping_segment,PipingNetworkSegment,"2""-WS-504708-AD750-0",283.5,444.5
C025-V-HO27-P-_E-003-01,S1E6B516FC9497A329DBA79E3FA8E91,piping_component,PipeTee,,423.0,453.0
C025-V-HO27-P-_E-003-01,S3B2625D10A9A5F6816FAFDCDDC7A0E,piping_segment,PipingNetworkSegment,"2""-WS-504708-AD750-0",435.5,453.0
C025-V-HO27-P-_E-003-01,S2C935DFD93E7C0BBA443220D0F4B9C,piping_component,FlangedConnection,,442.0,453.0
C025-V-HO27-P-_E-003-01,S433C736147CED1E235E3DF6BB2DE11,piping_component,GateValve,50-4580WS,438.0,453.0
C025-V-HO27-P-_E-003-01,S16C03B0BD08274FF04E574B4B8B1D3,piping_system,PipingNetworkSystem,,602.345,284.77
C025-V-HO27-P-_E-003-01,S8E12512A36F55BC52D137E862A535D,piping_segment,PipingNetworkSegment,"1""-OL-694554-AS200-0",602.345,284.77
C025-V-HO27-P-_E-003-01,SE102FE9E7FA47EFD6AEF3E0422FF67,piping_component,BallValve,69-4606OL,609.38,284.867
C025-V-HO27-P-_E-003-01,S209FC75BB4AA024E01958926D1F597,piping_system,PipingNetworkSystem,,370.75,459.25
C025-V-HO27-P-_E-003-01,SAB619C7D66BA44D2F2CF4C06516316,piping_segment,PipingNetworkSegment,"6""-OL-694565-AD20A-3",370.75,459.25
C025-V-HO27-P-_E-003-01,S969F95E155D0BB5E873A2616D500A3,piping_system,PipingNetworkSystem,,182.75,535.945
C025-V-HO27-P-_E-003-01,SAF5B88479DE1F99AFCE7CC33F9542E,piping_segment,PipingNetworkSegment,"10""-VA-434611-AS200-0",185.5,537.0
C025-V-HO27-P-_E-003-01,S3B9FCC718864F454828CA64CACFE42,piping_component,FlangedConnection,,191.0,537.0
C025-V-HO27-P-_E-003-01,SC5CF5E4D1A1C7E4A05E4D73ECBB646,piping_component,PipeTee,,180.0,537.0
C025-V-HO27-P-_E-003-01,S7AF2E2D20A54EC09911DDEFEECA4DF,piping_segment,PipingNetworkSegment,"10""-VA-434611-AS200-0",180.0,531.056
C025-V-HO27-P-_E-003-01,S2BF428F82CCC28DB31FED052A1D0A6,piping_segment,PipingNetworkSegment,"10""-VA-434611-AS200-0",180.0,540.834
C025-V-HO27-P-_E-003-01,S6102B3E0AF1EFEE4839D600DA999C5,piping_system,PipingNetworkSystem,,502.0,459.25
C025-V-HO27-P-_E-003-01,S13F0E35972F7BFBFA9D64921C4BC0A,piping_segment,PipingNetworkSegment,"4""-OL-694559-AS200-0",502.0,459.25
C025-V-HO27-P-_E-003-01,S6B63D3B0FB282A47A82D02A0295501,piping_system,PipingNetworkSystem,,180.0,468.668
C025-V-HO27-P-_E-003-01,SAD997325DE0771080B4E5047693E83,piping_segment,PipingNetworkSegment,"10""-VA-434610-AS200-0",180.0,468.668
C025-V-HO27-P-_E-003-01,S2488328587E23E6C92C252A50F8E96,piping_system,PipingNetworkSystem,,597.75,507.422
C025-V-HO27-P-_E-003-01,S4C25B1FC3C3E5C6F816BE798EF67EF,piping_segment,PipingNetworkSegment,"2""-VF-434607-AS200-0",597.75,507.422
C025-V-HO27-P-_E-003-01,S7C13101E1D8403EEA5088CDD7D54B2,pipe_off_page,FlowOutPipeOffPageConnector,,665.5,550.23
C025-V-HO27-P-_E-003-01,S9A1A5A84101BA28D047F69970B5360,piping_system,PipingNetworkSystem,,342.0,532.125
C025-V-HO27-P-_E-003-01,S7ACB9C3B8F68CD54867CBA7F500C69,piping_segment,PipingNetworkSegment,"2""-VA-434608-AS200-3",342.0,563.0
C025-V-HO27-P-_E-003-01,S255C93D31A36399A2EFB2BEA0ED8E1,piping_segment,PipingNetworkSegment,"2""-VA-434608-AS200-3",342.0,501.25
C025-V-HO27-P-_E-003-01,SF70080E77C548EE37427870BFCCD6E,piping_component,PipeTee,,342.0,542.0
C025-V-HO27-P-_E-003-01,S3B509431FBC8CE9517042C99407680,piping_system,PipingNetworkSystem,,185.75,503.0
C025-V-HO27-P-_E-003-01,S73AAEB85BBC14CFC1B03A406A76DBA,piping_segment,PipingNetworkSegment,"1""-VA-434630-AS200-0",185.75,503.0
C025-V-HO27-P-_E-003-01,SDF3EEEC1989A979A2ED27E36F167B5,pipe_off_page,FlowInPipeOffPageConnector,,55.5,503.0
C025-V-HO27-P-_E-003-01,S6F5E2B85FCCD6E7845945FCD8D0A43,piping_component,PipeFitting,,158.0,503.0
C025-V-HO27-P-_E-003-01,S42E7253CD8AA7482F8F09A0CE2BA96,piping_component,PipeFitting,,203.0,503.0
C025-V-HO27-P-_E-003-01,SFD952A90527BF960F00F6E14223A6B,piping_component,PipeFitting,,228.0,503.0
C025-V-HO27-P-_E-003-01,SC756E2F70645E8BE072A603378ED90,piping_component,PipeFitting,,286.0,503.0
C025-V-HO27-P-_E-003-01,S8430BD7ACD4270153911A72EF474D4,piping_system,PipingNetworkSystem,,88.25,557.556
C025-V-HO27-P-_E-003-01,S51D52EB30EE1FB3073AA0D33278169,piping_segment,PipingNetworkSegment,"1""-VA-434629-AS200-0",88.25,557.556
C025-V-HO27-P-_E-003-01,SE11A4295EA8518C99FE3EFC18C07BE,pipe_off_page,FlowInPipeOffPageConnector,,55.5,546.0
C025-V-HO27-P-_E-003-01,S2FF59EF083E5F374AB6A9996D4D40F,piping_system,PipingNetworkSystem,,418.947,457.625
C025-V-HO27-P-_E-003-01,SB8E6CFD36B4EAB2FF4BA272317CF55,piping_segment,PipingNetworkSegment,"1.5""-VA-434617-AS200-0",379.897,526.25
C025-V-HO27-P-_E-003-01,SBF21BFE0B5258389879EE75EE4BCE2,piping_segment,PipingNetworkSegment,"1.5""-VA-434617-AS200-0",457.997,389.0
C025-V-HO27-P-_E-003-01,S582905031148CDF518E91406705FBA,piping_component,PipeReducer,,457.994,393.0
C025-V-HO27-P-_E-003-01,SA4CC87410C7710E516A8469BF990EB,piping_system,PipingNetworkSystem,,319.0,514.875
C025-V-HO27-P-_E-003-01,SE15EF053D9311E6AB45EFD3B87BC8D,piping_segment,PipingNetworkSegment,"2""-VA-434614-AS200-0",319.0,472.0
C025-V-HO27-P-_E-003-01,S9832697BE22FB65D3247C91CF24AE5,piping_component,PipeTee,,319.0,503.0
C025-V-HO27-P-_E-003-01,S806000E4D17DE9AE5B8256B70FDDE0,piping_segment,PipingNetworkSegment,"2""-VA-434614-AS200-0",319.0,516.5
C025-V-HO27-P-_E-003-01,S513D7EABCEC0EEFF5006FE9CE11A8F,piping_component,PipeTee,,319.0,521.0
C025-V-HO27-P-_E-003-01,SF4C6DD60774C0E919B95564EE97226,piping_segment,PipingNetworkSegment,"2""-VA-434614-AS200-0",319.0,557.75
C025-V-HO27-P-_E-003-01,S3ABC294E25B0D87C45D96131FF2812,piping_system,PipingNetworkSystem,,185.75,521.0
C025-V-HO27-P-_E-003-01,SCFE8679747B5BD4D2139CFC3924DAA,piping_segment,PipingNetworkSegment,"1""-VA-434624-AS200-0",185.75,521.0
C025-V-HO27-P-_E-003-01,S74F848FB8C7C57F497CD8774EEF681,pipe_off_page,FlowInPipeOffPageConnector,,55.5,521.0
C025-V-HO27-P-_E-003-01,S5FF37FA139707EA91FA8BC9D6E82A2,piping_component,PipeFitting,,158.0,521.0
C025-V-HO27-P-_E-003-01,S7E8A5EA7EB7D4B01BC7EB0B390B1DE,piping_component,PipeFitting,,203.0,521.0
C025-V-HO27-P-_E-003-01,S63ED12A92FFDD8734F4D491925CF3C,piping_component,PipeFitting,,228.0,521.0
C025-V-HO27-P-_E-003-01,SFED7EA7ADBAEF0EE405DAABACDF34F,piping_component,PipeFitting,,286.0,521.0
C025-V-HO27-P-_E-003-01,S9C9992EBBEE8E3049970624C3AD8B7,piping_system,PipingNetworkSystem,,332.25,499.75
C025-V-HO27-P-_E-003-01,SB83FA51015D74D5E4EF9B54F969554,piping_segment,PipingNetworkSegment,"2""-VA-434616-AS200-3",332.25,499.75
C025-V-HO27-P-_E-003-01,S38F48B15D6AA8E52494C7CE170238D,piping_system,PipingNetworkSystem,,206.25,573.125
C025-V-HO27-P-_E-003-01,SF160C1A649452546F812412BBF3013,piping_segment,PipingNetworkSegment,"3""-VA-434645-AS200-3",347.5,572.0
C025-V-HO27-P-_E-003-01,S124E40A9916E07925537FA2AEDB564,piping_component,FlangedConnection,,353.0,572.0
C025-V-HO27-P-_E-003-01,S75FFB4DA4A747A0D8DC4154183B310,piping_component,PipeTee,,342.0,572.0
C025-V-HO27-P-_E-003-01,SE97F05A032B5604E7C170C59C5F019,piping_segment,PipingNetworkSegment,"3""-VA-434645-AS200-3",207.5,572.028
C025-V-HO27-P-_E-003-01,SC60B187938922EC0CF188046040193,piping_component,PipeFitting,,286.0,572.0
C025-V-HO27-P-_E-003-01,S80AD41D8A27AD834FF2B1100355007,piping_component,PipeFitting,,255.0,572.0
C025-V-HO27-P-_E-003-01,S296D59A26AD628EA3317B093E2DF49,piping_component,PipeFitting,,199.0,572.0
C025-V-HO27-P-_E-003-01,SE4A8A9D0E5A1C7D8215BABF28B1368,piping_component,PipeFitting,,161.0,572.0
C025-V-HO27-P-_E-003-01,S7EC7D825E6F7890F4519DE6FC3774C,piping_component,PipeTee,,121.0,572.056
C025-V-HO27-P-_E-003-01,S5BD2D7A8FE706DCF5014A0D6EB3E08,piping_segment,PipingNetworkSegment,"3""-VA-434645-AS200-3",65.0,574.25
C025-V-HO27-P-_E-003-01,S815482D3163A3068ACEF19EB1672E8,piping_component,CustomPipingComponent,,45.0,576.5
C025-V-HO27-P-_E-003-01,SD90B060DCE899041BC3AA0CFF69B8B,piping_segment,PipingNetworkSegment,"3""-VA-434645-AS200-3",306.25,572.0
C025-V-HO27-P-_E-003-01,S313E0EF05EB27103E7D8CFD1DA182B,piping_component,PipeTee,,302.0,572.0
C025-V-HO27-P-_E-003-01,S8D29DCD4F283D8E71F08BD849AF0CE,piping_segment,PipingNetworkSegment,"3""-VA-434645-AS200-3",324.75,572.0
C025-V-HO27-P-_E-003-01,SBEED50D5AC28AF22B95A99C1E10311,piping_component,PipeTee,,319.0,572.0
C025-V-HO27-P-_E-003-01,S67EBF343AA0511019A5151AF59F56F,piping_system,PipingNetworkSystem,,184.093,284.999
C025-V-HO27-P-_E-003-01,SFD8E24E2B910FCDA901DCD3FA7ABE9,piping_segment,PipingNetworkSegment,"1""-AI-634649-AS200-0",138.686,284.997
C025-V-HO27-P-_E-003-01,SA235DB9DE449DEE69F56131F49D88B,pipe_off_page,FlowInPipeOffPageConnector,,55.5,285.001
C025-V-HO27-P-_E-003-01,SA77999D67F3CE094480AF14B7EC22D,piping_component,PipeReducer,,221.872,284.994
C025-V-HO27-P-_E-003-01,S423CDB55B53DB6DB72B91B39E3144C,piping_segment,PipingNetworkSegment,"1""-AI-634649-AS200-0",229.5,285.0
C025-V-HO27-P-_E-003-01,S41038BAA4660DD471DA076F658F8F0,piping_system,PipingNetworkSystem,,277.558,130.25
C025-V-HO27-P-_E-003-01,S6E403338F5542588FB3D60D7E255C4,piping_segment,PipingNetworkSegment,"2""-DC-574682-ED200-0",277.558,130.25
C025-V-HO27-P-_E-003-01,S4B3BEF10C049F8CDD79BE92663DA11,piping_system,PipingNetworkSystem,,415.959,81.0
C025-V-HO27-P-_E-003-01,SFA3250167043B5CCCC98B9169556D8,piping_segment,PipingNetworkSegment,"3""-DC-574684-ED200-0",269.279,81.0
C025-V-HO27-P-_E-003-01,S5894E50C648D37A69A4881341C59E4,piping_component,FlangedConnection,,261.0,81.0
C025-V-HO27-P-_E-003-01,S95B89F2201642561989D0CDC72EB83,piping_component,PipeTee,,277.558,81.0
C025-V-HO27-P-_E-003-01,S4A090E8D6F2A89FA3AC5BECED5DA39,piping_segment,PipingNetworkSegment,"3""-DC-574684-ED200-0",562.639,81.0
C025-V-HO27-P-_E-003-01,SEA2561CF5738CEDFAC0657D3982C1F,pipe_off_page,FlowOutPipeOffPageConnector,,665.5,81.0
C025-V-HO27-P-_E-003-01,S91B219EE7F49D93906A4ABD7E92301,piping_system,PipingNetworkSystem,,610.595,303.615
C025-V-HO27-P-_E-003-01,S388BC0D56058C307F15652C2AF1F58,piping_segment,PipingNetworkSegment,"2""-OL-694555-AS200-0",610.595,303.615
C025-V-HO27-P-_E-003-01,SDF1581003DB8B635A35833AF0C6E22,piping_component,BallValve,69-4605OL,609.38,303.712
C025-V-HO27-P-_E-003-01,S74605AAB0C5749F4DB4C6476C46CB7,piping_system,PipingNetworkSystem,,594.0,323.24
C025-V-HO27-P-_E-003-01,S3F96EFF34CEF2ECF3A9AF2C886D712,piping_segment,PipingNetworkSegment,"2""-OH-654560-JS80R0-4",594.0,323.24
C025-V-HO27-P-_E-003-01,SA5C706DAE6246D118B0DB7A8A19BFD,piping_system,PipingNetworkSystem,,239.5,474.5
C025-V-HO27-P-_E-003-01,S64423182C7C8A01AE38E239C8D11B9,piping_segment,PipingNetworkSegment,"3""-OL-694553-AS200-0",239.5,474.5
C025-V-HO27-P-_E-003-01,SAC1F7EFAF71C53655751A7C9A481D3,piping_system,PipingNetworkSystem,,276.25,385.75
C025-V-HO27-P-_E-003-01,SFED9B1651BC9DA1AC828DA2E565EE3,piping_segment,PipingNetworkSegment,"4""-OL-694550-AS200-0",270.0,381.75
C025-V-HO27-P-_E-003-01,SD704C7D32CE5DF77F5B81B40EE8255,piping_segment,PipingNetworkSegment,"4""-OL-694550-AS200-0",270.0,389.75
C025-V-HO27-P-_E-003-01,S4DB384915DB02150D162ABB2D3EDD4,piping_component,PipeTee,,270.0,385.0
C025-V-HO27-P-_E-003-01,SCC54C862667090503994FD43D6CD90,piping_segment,PipingNetworkSegment,"4""-OL-694550-AS200-0",282.5,385.0
C025-V-HO27-P-_E-003-01,S39012F28B32020FEDC6089A4F815FA,piping_component,GateValve,69-4600OL,285.0,385.0
C025-V-HO27-P-_E-003-01,S2B263CB44D84F90DF80CC26574F51E,piping_component,FlangedConnection,,289.0,385.0
C025-V-HO27-P-_E-003-01,SB9AEC1DE13E1DBDFD2E76648E29AA1,piping_system,PipingNetworkSystem,,304.383,475.75
C025-V-HO27-P-_E-003-01,SB46CB95CAEDFA59F0C0389036144CB,piping_segment,PipingNetworkSegment,"1.5""-OL-694562-AS200-0",359.0,485.5
C025-V-HO27-P-_E-003-01,SDAA7027EB8D8C1B53362E90B5EBC86,piping_segment,PipingNetworkSegment,"1.5""-OL-694562-AS200-0",358.997,473.5
C025-V-HO27-P-_E-003-01,S3A20054CD18E6467C4EC0C97859955,piping_component,PipeTee,,359.0,466.0
C025-V-HO27-P-_E-003-01,S259D8C8805E690A31A5423526FDAC5,piping_component,PipeReducer,,358.994,481.0
C025-V-HO27-P-_E-003-01,S8CEE38B4B36FA045F7A308270B24E4,piping_segment,PipingNetworkSegment,"1.5""-OL-694562-AS200-0",249.766,466.0
C025-V-HO27-P-_E-003-01,SA3AE33CE3992EC2910A77B24F9231D,piping_system,PipingNetworkSystem,,383.499,476.25
C025-V-HO27-P-_E-003-01,S8E7A159EFAC127E9476128FFA741B0,piping_segment,PipingNetworkSegment,"1.5""-OL-694564-AS200-0",396.997,483.25
C025-V-HO27-P-_E-003-01,S7BAEDC8D2A0C51CD50E10B5123FE5A,piping_component,PipeReducer,,396.994,481.0
C025-V-HO27-P-_E-003-01,S30FB4154703385498964E3EBC47954,piping_segment,PipingNetworkSegment,"1.5""-OL-694564-AS200-0",370.0,469.25
C025-V-HO27-P-_E-003-01,SBBE6007D4C57468418025A522EA5F3,piping_system,PipingNetworkSystem,,210.186,463.392
C025-V-HO27-P-_E-003-01,S17DF4D96DBB3B9BEC32B6EA2B3A580,piping_segment,PipingNetworkSegment,"1.5""-OL-694556-AS200-0",209.016,473.534
C025-V-HO27-P-_E-003-01,S6AC38DC7D2816B9B510DC2D3363EA2,piping_component,PipeTee,,211.355,466.0
C025-V-HO27-P-_E-003-01,SA5BFB0304A1BA019BD11C0061E5259,piping_segment,PipingNetworkSegment,"1.5""-OL-694556-AS200-0",211.355,453.25
C025-V-HO27-P-_E-003-01,SAF1C1F7C723B4EA5909AD5DE9B638F,piping_system,PipingNetworkSystem,,204.102,230.25
C025-V-HO27-P-_E-003-01,S60EBE40493068BCCAD67FD5E4FED82,piping_segment,PipingNetworkSegment,"1""-GI-644643-ED200-4",154.568,209.0
C025-V-HO27-P-_E-003-01,S260450B9D0629FD55FA2945E152130,pipe_off_page,FlowInPipeOffPageConnector,,55.5,187.001
C025-V-HO27-P-_E-003-01,SCEB0ACE50A5B10657C580898ED58A6,piping_component,PipeTee,,253.636,231.0
C025-V-HO27-P-_E-003-01,S8C85A0E132994D8180C5B20BD177BD,piping_segment,PipingNetworkSegment,"1""-GI-644643-ED200-4",253.636,251.5
C025-V-HO27-P-_E-003-01,SB6BC9961ECA5A09DD03A85BCCCE4B7,piping_system,PipingNetworkSystem,,243.457,256.535
C025-V-HO27-P-_E-003-01,SE62BE99DFF74C20AF3EC510B378CA9,piping_segment,PipingNetworkSegment,"1""-GI-644642-ED200-0",242.001,267.285
C025-V-HO27-P-_E-003-01,S5EF633D4D84B17195CE7E943E629AA,piping_segment,PipingNetworkSegment,"1""-GI-644642-ED200-0",244.913,245.785
C025-V-HO27-P-_E-003-01,S6AB14DB47B333893B4A57B51C5593F,piping_component,PipeReducer,,242.007,260.569
C025-V-HO27-P-_E-003-01,S6DE8A6D81DA3C3839A438688C37AD3,piping_system,PipingNetworkSystem,,485.0,407.75
C025-V-HO27-P-_E-003-01,S1486F2ECC5E85575B017E4B143B4E5,piping_segment,PipingNetworkSegment,"1.5""-OL-694558-AS200--0",485.0,407.75
C025-V-HO27-P-_E-003-01,S192F97937B60B924A2628CF54D5E60,piping_system,PipingNetworkSystem,,573.624,429.576
C025-V-HO27-P-_E-003-01,SCA334BE1EBCB61573511A2E1A89402,piping_segment,PipingNetworkSegment,"4""-GF-454531-BD200-4",543.0,387.75
C025-V-HO27-P-_E-003-01,S595C3807641EA0211E8DBD4172AA2D,piping_segment,PipingNetworkSegment,"4""-GF-454531-BD200-4",604.247,471.402
C025-V-HO27-P-_E-003-01,S912363DE1AF41CA71504EC8D854DF4,pipe_off_page,FlowInPipeOffPageConnector,,665.5,531.803
C025-V-HO27-P-_E-003-01,S9738CA579AE30FB1C9BB8F757F8D02,piping_component,PipeReducer,,542.994,411.0
C025-V-HO27-P-_E-003-01,S921C23372FC5256D41DE04AD769F5A,piping_system,PipingNetworkSystem,,412.345,459.25
C025-V-HO27-P-_E-003-01,S151074DA6ED8EF5D246D97F5264ABA,piping_segment,PipingNetworkSegment,"3""-OL-694557-AD20A-3",412.345,459.25
C025-V-HO27-P-_E-003-01,S9E5D67BD70E0964B74C118A1CE8B10,piping_system,PipingNetworkSystem,,212.97,241.002
C025-V-HO27-P-_E-003-01,SF3F4B7A3663E4B0A94621F392AC954,piping_segment,PipingNetworkSegment,"1""-GI-644644-AS200-0",265.458,267.285
C025-V-HO27-P-_E-003-01,S928996146EF5D5D8F4E387EF80F02F,piping_segment,PipingNetworkSegment,"1""-GI-644644-AS200-0",160.482,214.72
C025-V-HO27-P-_E-003-01,S6B2A7C2AE39FE7E69C630289A689C1,pipe_off_page,FlowInPipeOffPageConnector,,55.5,169.0
C025-V-HO27-P-_E-003-01,S1AC78CE9A3878F57D55A50F0BE8D75,piping_component,PipeReducer,,265.464,260.569
C025-V-HO27-P-_E-003-01,SDE74371C6E29EBE681529BB6A27D4D,piping_system,PipingNetworkSystem,,379.0,205.916
C025-V-HO27-P-_E-003-01,S9C6CDAF13B8E88A9FEE3289ECD66C3,piping_segment,PipingNetworkSegment,"1""-AI-634636-AS200-0",379.0,205.916
C025-V-HO27-P-_E-003-01,S5FBEA6260125497D03F41DC48C9DFC,piping_system,PipingNetworkSystem,,335.625,254.75
C025-V-HO27-P-_E-003-01,S6734E7522723EEEA3D9EC73685312F,piping_segment,PipingNetworkSegment,"1""-AI-634635-AS200-0",455.5,260.5
C025-V-HO27-P-_E-003-01,S2E06B0BAB2BABBE8F65A610D67589A,piping_segment,PipingNetworkSegment,"1""-AI-634635-AS200-0",215.75,249.0
C025-V-HO27-P-_E-003-01,SAE249221ED83F486CFC64792163161,pipe_off_page,FlowInPipeOffPageConnector,,55.5,249.0
C025-V-HO27-P-_E-003-01,S8BBA0E1A691AC9DE8BA2472DCC5EE3,piping_component,PipeTee,,376.0,249.0
C025-V-HO27-P-_E-003-01,SAEA9121E658EC83C277513613D5DAA,piping_system,PipingNetworkSystem,,270.0,543.0
C025-V-HO27-P-_E-003-01,SF095B2A2605FE01EB7DB0D6B81FEE4,piping_segment,PipingNetworkSegment,"3""-VA-434613-AS200-0",270.0,543.0
C025-V-HO27-P-_E-003-01,SC0962F6FCEC82487C00B5E2DCEDBB4,piping_system,PipingNetworkSystem,,522.0,391.5
C025-V-HO27-P-_E-003-01,SC75849986D8AF3AE13A52D048954E2,piping_segment,PipingNetworkSegment,,522.0,391.5
C025-V-HO27-P-_E-003-01,S2BCC4AFF4EA8E627B82614EFB23AE3,equipment,CustomEquipment,27-KA50,407.5,325.5
C025-V-HO27-P-_E-003-01,S6BB1E89D6E2FC2494484600672A7AD,nozzle,Nozzle,N134,515.902,375.0
C025-V-HO27-P-_E-003-01,S42E3C9B07D56D823FE92DF9C53F045,nozzle,Nozzle,N507,469.801,276.0
C025-V-HO27-P-_E-003-01,S2BA5BF2BCC45D9754E81FB05A45866,nozzle,Nozzle,N1135,265.556,276.0
C025-V-HO27-P-_E-003-01,S515C5DE39647516FCB4FF427166488,nozzle,Nozzle,N100,490.098,276.0
C025-V-HO27-P-_E-003-01,S512F20726EEFE001D8685BDCDA5179,nozzle,Nozzle,N117,470.782,375.0
C025-V-HO27-P-_E-003-01,S9B77121B3FB1D281638D629F5E8449,nozzle,Nozzle,N1125,370.902,375.0
C025-V-HO27-P-_E-003-01,S3AD78E91D765240C06377B143EB491,nozzle,Nozzle,N010,542.902,375.0
C025-V-HO27-P-_E-003-01,SF872EBAD0BEE2C5F19E0D39AEC0D96,nozzle,Nozzle,N1132,356.098,276.0
C025-V-HO27-P-_E-003-01,SA3403508C17002AF288AAA8591FBD8,nozzle,Nozzle,N250,576.0,339.608
C025-V-HO27-P-_E-003-01,S21AA6A476D9010E283304BE1BB8157,nozzle,Nozzle,N1131,277.655,276.0
C025-V-HO27-P-_E-003-01,SE0A7C8711516069B4D94356FF2DF32,nozzle,Nozzle,N118,484.902,375.0
C025-V-HO27-P-_E-003-01,S738DE6BA5147B717C234039876D1F4,nozzle,Nozzle,N1133,319.167,375.0
C025-V-HO27-P-_E-003-01,S78911DB202F2589C0474E0B78AB563,nozzle,Nozzle,N128,576.0,284.77
C025-V-HO27-P-_E-003-01,S5186E53B24B363B61229A73EF72FFE,nozzle,Nozzle,N1130,242.099,276.0
C025-V-HO27-P-_E-003-01,S18F4A41B708AA6D1AF2B9F6B5C9FFD,nozzle,Nozzle,N101,422.902,375.0
C025-V-HO27-P-_E-003-01,SBFEFE9C550B3F094FBA1EB8560A7E1,nozzle,Nozzle,N1160,387.902,375.0
C025-V-HO27-P-_E-003-01,SEB66B4EEE860E3D19967699D6C253C,nozzle,Nozzle,N1137,307.225,276.0
C025-V-HO27-P-_E-003-01,SC7BB84FA690AC9D4888BBC972FCEE9,nozzle,Nozzle,N008,529.902,375.0
C025-V-HO27-P-_E-003-01,S6C7DECDD6E5C8FCE561AC82217C3AC,nozzle,Nozzle,N351,420.098,276.0
C025-V-HO27-P-_E-003-01,SA18FFCF05BF2274FE861C330E6043A,nozzle,Nozzle,N1127,239.0,314.902
C025-V-HO27-P-_E-003-01,S723CFDA3FA80EE6C2C26685267FE9F,nozzle,Nozzle,N1128,253.734,276.0
C025-V-HO27-P-_E-003-01,SBF5820472898317DB9EE01B7D6785D,nozzle,Nozzle,N1134,328.902,375.0
C025-V-HO27-P-_E-003-01,S5863ADCFB18A618F2C76F0723B92F8,nozzle,Nozzle,N009,457.902,375.0
C025-V-HO27-P-_E-003-01,S3CB3E809A88197ABC40567B8641ACA,nozzle,Nozzle,N127,576.0,303.615
C025-V-HO27-P-_E-003-01,SA649634B2A3DE835E4BB3C7A6F5439,nozzle,Nozzle,N120,501.902,375.0
C025-V-HO27-P-_E-003-01,S6EA43D2105BC3760D9045648539D50,nozzle,Nozzle,N1147,341.902,375.0
C025-V-HO27-P-_E-003-01,S609F2899A282437A6CC706C88EE9FD,nozzle,Nozzle,N500,571.098,276.0
C025-V-HO27-P-_E-003-01,S9E99F8A5764883E2F6CDC4288B330D,nozzle,Nozzle,N130,448.801,276.0
C025-V-HO27-P-_E-003-01,S76776FBA886AD44344B31400D4E29E,nozzle,Nozzle,N304,510.098,276.0
C025-V-HO27-P-_E-003-01,SBCE7697DA0F73B839FE4991D295C36,nozzle,Nozzle,N1124,354.902,375.0
C025-V-HO27-P-_E-003-01,S7174D5FD682CB11719F71CA0AEEC9E,nozzle,Nozzle,N1123,269.902,375.0
C025-V-HO27-P-_E-003-01,S941C10EAD3363167C6947011F0A1B5,nozzle,Nozzle,N400,535.098,276.0
C025-V-HO27-P-_E-003-01,S451899AA8DEF8096B025915C3B8C5B,nozzle,Nozzle,N102,404.098,276.0
C025-V-HO27-P-_E-003-01,SCFA034503A5F88AB4E380BF8C33C1E,nozzle,Nozzle,N252,576.0,323.144
C025-V-HO27-P-_E-003-01,S2B453D457E5CE0BFECBFD39D7D9EF3,nozzle,Nozzle,N1161,239.0,284.902
C025-V-HO27-P-_E-003-01,S595795023D8C57019645DD17B858AF,equipment,CustomEquipment,27-CS51,234.0,426.0
C025-V-HO27-P-_E-003-01,S9DE8893B424A8047629F0A06C7C9C5,nozzle,Nozzle,N1122,173.0,416.902
C025-V-HO27-P-_E-003-01,S7C9C3D06A86138401F13CCF5999037,nozzle,Nozzle,N1121,173.0,435.485
C025-V-HO27-P-_E-003-01,SD2354F0F4A88BD6A414E37B29CE7E2,nozzle,Nozzle,N1095,173.0,426.341
C025-V-HO27-P-_E-003-01,S174A8A15B88B91381EE08FB922F36A,nozzle,Nozzle,N1108,289.902,443.0
C025-V-HO27-P-_E-003-01,S9D4C513E507FF75801599D24C8FCA0,nozzle,Nozzle,N1106,254.861,443.0
C025-V-HO27-P-_E-003-01,S21EA29F49E61CD1D2F53F82B93C141,nozzle,Nozzle,N1114,270.098,409.0
C025-V-HO27-P-_E-003-01,S8A7349E78D712B49B0826B16CA0240,nozzle,Nozzle,N1153,197.902,443.0
C025-V-HO27-P-_E-003-01,S4F240FC630972710AC7EEDF715886F,nozzle,Nozzle,N1112,295.0,420.098
C025-V-HO27-P-_E-003-01,S9CCA9E4CDF0C69813ACAC46795633A,nozzle,Nozzle,N1109,235.902,443.0
C025-V-HO27-P-_E-003-01,S3F48B44C28BF553DEB2090CB2133D7,nozzle,Nozzle,N1115,211.257,443.0
C025-V-HO27-P-_E-003-01,S26A526545FD7E30EE269DD6C7E61CB,nozzle,Nozzle,N1104,179.902,443.0
C025-V-HO27-P-_E-003-01,S96071295B8D7D9E81517A1B83DB384,nozzle,Nozzle,N1152,274.902,443.0
C025-V-HO27-P-_E-003-01,S66E90985F052415E114C07B95572BC,nozzle,Nozzle,N1151,189.098,409.0
C025-V-HO27-P-_E-003-01,S465F5E7B1E39F75FD029F8B9D1CAD4,nozzle,Nozzle,N1119,295.0,432.098
C025-V-HO27-P-_E-003-01,S7ABF6F0E026A5A7948EC1BA94A886C,nozzle,Nozzle,N1113,248.098,409.0
C025-V-HO27-P-_E-003-01,S62E9C2A4C9F95BF1D768A40A1DE653,nozzle,Nozzle,N1107,223.834,443.0
C025-V-HO27-P-_E-003-01,S8CCFE84CF48364280DC1662F2493EF,equipment,CustomEquipment,27-CB60,180.5,501.625
C025-V-HO27-P-_E-003-01,S740E44E9FD8E8268565079404B2A5B,nozzle,Nozzle,N1116,198.0,496.237
C025-V-HO27-P-_E-003-01,SEE9A0A80611628CBD505AD666064A4,nozzle,Nozzle,N1105,180.098,482.139
C025-V-HO27-P-_E-003-01,S33D7F07409D5BC1E025018C8C639DE,nozzle,Nozzle,N1117,179.902,521.112
C025-V-HO27-P-_E-003-01,SC449C7136957086E811D761724F7AE,equipment,CustomEquipment,,582.0,414.5
C025-V-HO27-P-_E-003-01,S6300A6365381651D18EE09DB8585AB,nozzle,Nozzle,N302,601.098,381.0
C025-V-HO27-P-_E-003-01,S5F06E3174BB5CC9B2C24C4DD9838CB,nozzle,Nozzle,N300,586.098,381.0
C025-V-HO27-P-_E-003-01,S2DAFB01BD4248973D3003272F6D352,equipment,CustomEquipment,27-CZ50,652.5,327.541
C025-V-HO27-P-_E-003-01,SAFB632B79D7DF3531566AEDDBFB35D,nozzle,Nozzle,N254,635.0,284.575
C025-V-HO27-P-_E-003-01,S139F6757A4FDE2BC2C4614A9D1C9F1,nozzle,Nozzle,N255,635.0,303.419
C025-V-HO27-P-_E-003-01,SA98393E3A1A1BA215AE743B40E538A,nozzle,Nozzle,N251,635.0,339.412
C025-V-HO27-P-_E-003-01,S9069093F51EC3F1AC887AC1FA29D91,nozzle,Nozzle,N253,635.0,322.948
C025-V-HO27-P-_E-003-01,S78B8A5FCEBDC1474994010FCAE2700,nozzle,Nozzle,N256,659.098,282.818
C025-V-HO27-P-_E-003-01,SE58DF26EDD7ED18CF6BA7E6830F593,equipment,CustomEquipment,27-CX56,410.5,530.514
C025-V-HO27-P-_E-003-01,S2EE3F4E48755394568DF6D1E021724,nozzle,Nozzle,,390.0,521.0
C025-V-HO27-P-_E-003-01,SAF91860C49C28BD9755E77B657CE95,equipment,CustomEquipment,27-CB62,410.5,498.514
C025-V-HO27-P-_E-003-01,S4A803445ADA0C1CA197777EC77AB9E,nozzle,Nozzle,N1141,420.559,492.0
C025-V-HO27-P-_E-003-01,S186E6DAFDA90B07FF6026CB1A717F6,nozzle,Nozzle,N1142,397.098,492.0
C025-V-HO27-P-_E-003-01,S2EE3F4E48755394568DF6D1E0217241,nozzle,Nozzle,,390.0,521.0
C025-V-HO27-P-_E-003-01,SBAC3C1FF62F7CEE1AC5FC12C138DE2,equipment,CustomEquipment,27-CX50,494.642,530.514
C025-V-HO27-P-_E-003-01,S9B849F155A7DFD9801D32749C7A40C,nozzle,Nozzle,,474.142,521.0
C025-V-HO27-P-_E-003-01,S4E2032D89C3D5FCA6EBE38168DEC1C,equipment,CustomEquipment,27-CB59,494.642,498.514
C025-V-HO27-P-_E-003-01,S21BFB7A65C106E1EAF8A8C96F2D696,nozzle,Nozzle,N119,485.098,492.0
C025-V-HO27-P-_E-003-01,SC59D3001E5462D4B7963B4D21E729C,nozzle,Nozzle,N121,502.098,492.0
C025-V-HO27-P-_E-003-01,S9B849F155A7DFD9801D32749C7A40C1,nozzle,Nozzle,,474.142,521.0
C025-V-HO27-P-_E-003-01,SFB0ADAAFF1258CAE0C255375164191,equipment,CustomEquipment,27-CX55,367.718,530.514
C025-V-HO27-P-_E-003-01,SF0C2E43954E8E3965871C5C25F3175,nozzle,Nozzle,,347.218,521.0
C025-V-HO27-P-_E-003-01,S8B8B097718CE052C5D1F7CEFAD51B0,equipment,CustomEquipment,27-CB61,367.718,498.514
C025-V-HO27-P-_E-003-01,S11E191940294384EA1ECD9818FEB19,nozzle,Nozzle,N1139,359.098,492.0
C025-V-HO27-P-_E-003-01,S81DDAE3BAE3BB020350AB1C083A054,nozzle,Nozzle,N1138,376.098,492.0
C025-V-HO27-P-_E-003-01,SF0C2E43954E8E3965871C5C25F31751,nozzle,Nozzle,,347.218,521.0
C025-V-HO27-P-_E-003-01,SA651E0F95BBDF07E9757AFC3BB18C7,equipment,CustomEquipment,27-CZ51,409.5,179.569
C025-V-HO27-P-_E-003-01,S3FD7B54FF45A44CD55AA38EB2A1905,nozzle,Nozzle,N358,392.0,189.957
C025-V-HO27-P-_E-003-01,SE04280440E1160CA6EA64C96C43443,nozzle,Nozzle,N360,392.0,176.957
C025-V-HO27-P-_E-003-01,S5CD005AA2CC6FBC2AB81A8B72DEBAE,nozzle,Nozzle,N359,419.903,162.055
C025-V-HO27-P-_E-003-01,S284FEB962AAC0A8C7D93E0007DEA07,nozzle,Nozzle,N350,419.902,199.056
C025-V-HO27-P-_E-003-01,S5215A08975BF7931CABA270AF6C9F7,equipment,CustomEquipment,81-EG50,217.0,355.0
C025-V-HO27-P-_E-003-01,S52A1818E576C4A765D381C0AA3E3F4,nozzle,Nozzle,N602,201.0,372.623
C025-V-HO27-P-_E-003-01,SF936672B145F29D0BDFA24511E48AB,nozzle,Nozzle,N603,201.0,345.902
C025-V-HO27-P-_E-003-01,S660C85E6DC074B41D01D903C4F1A5F,equipment,CustomEquipment,72-CX50,574.884,208.0
C025-V-HO27-P-_E-003-01,S274CA3C0DCF2189638DB529A90057E,nozzle,Nozzle,N501,570.902,226.0
C025-V-HO27-P-_E-003-01,S9E271FCE9C22FF9452D24BF43A6AFB,equipment,CustomEquipment,27-TA51,266.0,514.139
C025-V-HO27-P-_E-003-01,SC0BAD89C1443FE2EB8E56C12AE5056,nozzle,Nozzle,N1110,249.902,532.0
C025-V-HO27-P-_E-003-01,S6209A7B9416EB11B0D86B7BDA675F4,nozzle,Nozzle,N1155,269.902,532.0
C025-V-HO27-P-_E-003-01,SFEDEDEBE04F5352062A92CD0726E4D,nozzle,Nozzle,N1120,271.098,495.139
C025-V-HO27-P-_E-003-01,SFC5A1030713B12B0A21A2731AF39CB,equipment,CustomEquipment,27-CX54,187.795,559.269
C025-V-HO27-P-_E-003-01,S3C9C85F75DA273E3C201EE59395846,nozzle,Nozzle,N1118,180.098,548.111
C025-V-HO27-P-_E-003-01,SD782F9B1FB6826EC1015B685C39BAF,equipment,CustomEquipment,27-CX057,282.0,558.01
C025-V-HO27-P-_E-003-01,SDD133FE41CD62C5CEEAC47E6AAD65C,nozzle,Nozzle,N1144,270.098,554.0
C025-V-HO45-P-_F-001-01,SED69CA914F7A5E321C70665C4A08E8,nozzle,Nozzle,,0.0,0.0
C025-V-HO45-P-_F-001-01,S68403F04589DE9C9E8CD7690005795,equipment,CustomEquipment,,0.0,0.0
C025-V-HO45-P-_F-001-01,S79CCE33729BDE796CD1C513337326D,instrument,ProcessInstrumentationFunction,,0.0,0.0
C025-V-HO45-P-_F-001-01,SE02D5ABB8C4CF4EC0BA6D031E852EB,piping_component,GlobeValve,,0.0,0.0
C025-V-HO45-P-_F-001-01,SB9CD3A855FDA99DB98ED54EEFD3B69,instrument,ProcessInstrumentationFunction,,0.0,0.0
C025-V-HO45-P-_F-001-01,S6A07A3D7D20C392FA5289D42BB1622,instrument,ProcessInstrumentationFunction,,0.0,0.0
C025-V-HO45-P-_F-001-01,S26CEDA80E7581D49277C36C1BB0A55,instrument,ProcessInstrumentationFunction,,0.0,0.0
C025-V-HO45-P-_F-001-01,SA75E613595AB1322A047E7215C06BF,piping_component,OperatedValve,,0.0,0.0
C025-V-HO45-P-_F-001-01,S775871DC9EEBEDD15D6F47BC6B64A6,piping_component,OperatedValve,,0.0,0.0
C025-V-HO45-P-_F-001-01,S511FCDBB0CEA2D37E31B7181FBE9A4,actuator,ControlledActuator,,0.0,0.0
C025-V-HO45-P-_F-001-01,S6463CB7830C7A25D26F338C24DC843,piping_component,CheckValve,,0.0,0.0
C025-V-HO45-P-_F-001-01,SF10F41FF345C7CEA4141E3F3FF6CF4,piping_component,AngleValve,,0.0,0.0
C025-V-HO45-P-_F-001-01,S651D282041F28869D05B279ABC5197,actuator,ControlledActuator,,0.0,0.0
C025-V-HO45-P-_F-001-01,S9073DC29D93AE7D201E3E29AC4477E,instrument,ProcessInstrumentationFunction,,0.0,0.0
C025-V-HO45-P-_F-001-01,SDD1C77C7EFFE9C591C71EF2F88890D,pipe_off_page,FlowInPipeOffPageConnector,,0.0,0.0
C025-V-HO45-P-_F-001-01,SE7EC17F96975107F0EF7D30897FB94,pipe_off_page,FlowOutPipeOffPageConnector,,0.0,0.0
C025-V-HO45-P-_F-001-01,S9D13526BEC9616A2B0C8B552D81377,piping_component,AngleValve,,0.0,0.0
C025-V-HO45-P-_F-001-01,S911633EF819988418EAB3D8F813EDE,piping_component,AngleValve,,0.0,0.0
C025-V-HO45-P-_F-001-01,SFC4CBE6185A61282280F9E8728CB07,equipment,CustomEquipment,,0.0,0.0
C025-V-HO45-P-_F-001-01,S8286A489B51BDB0149D4E525B28EAC,nozzle,Nozzle,,0.0,0.0
C025-V-HO45-P-_F-001-01,SF542CEB67EB6B12E2BF6467BBEA042,piping_component,BallValve,,0.0,0.0
C025-V-HO45-P-_F-001-01,S7F24C01E3AE86BB7AB0782493AFF59,nozzle,Nozzle,,0.0,0.0
C025-V-HO45-P-_F-001-01,SCFE20319F89216D0629CC13B871A4A,nozzle,Nozzle,,0.0,0.0
C025-V-HO45-P-_F-001-01,S74EF13A1AD569243EFD1681E4B5C89,piping_component,GateValve,,0.0,0.0
C025-V-HO45-P-_F-001-01,SF9FB0E7B010792837A2ADB2EEEBAD8,piping_component,GateValve,,0.0,0.0
C025-V-HO45-P-_F-001-01,S4D79675DD78156F830234F4097DCD4,nozzle,Nozzle,,0.0,0.0
C025-V-HO45-P-_F-001-01,S62EB93F2D6622EE2E3B30BE0546680,nozzle,Nozzle,,0.0,0.0
C025-V-HO45-P-_F-001-01,SC2D91F0075B04D0E1C9D868B5BCE1C,nozzle,Nozzle,,0.0,0.0
C025-V-HO45-P-_F-001-01,SA776660448ADBE80EC666FD3FE0688,instrument,ProcessInstrumentationFunction,,0.0,0.0
C025-V-HO45-P-_F-001-01,S22C36290828308E2AEAEDBF21A1DD7,nozzle,Nozzle,,0.0,0.0
C025-V-HO45-P-_F-001-01,SE30C02FF0DB2736ED96B7B39140A03,nozzle,Nozzle,,0.0,0.0
C025-V-HO45-P-_F-001-01,S16E8450CF52A546E4E9B81ABCAB3D6,nozzle,Nozzle,,0.0,0.0
C025-V-HO45-P-_F-001-01,S4C85A1B10F35F25EBB36CCD72A8417,nozzle,Nozzle,,0.0,0.0
C025-V-HO45-P-_F-001-01,SC977BB84D500273859E3BD472B164D,nozzle,Nozzle,,0.0,0.0
C025-V-HO45-P-_F-001-01,S26DC59D0AAFA65574C92502BD0D5E8,nozzle,Nozzle,,0.0,0.0
C025-V-HO45-P-_F-001-01,S756A137CC81F2467191257D49E1FB6,nozzle,Nozzle,,0.0,0.0
C025-V-HO45-P-_F-001-01,S9067181D91DC62A24B2B9B3A8B66D4,nozzle,Nozzle,,0.0,0.0
C025-V-HO45-P-_F-001-01,SEAA7836F44D4BA6E8E7F425D9FAC9E,nozzle,Nozzle,,0.0,0.0
C025-V-HO45-P-_F-001-01,SD8A3E699101A128E1BF32217C57719,piping_component,PipeReducer,,0.0,0.0
C025-V-HO45-P-_F-001-01,S2E7FC1D31D633AB0E7A473339A6EF3,piping_component,PipeReducer,,0.0,0.0
C025-V-HO45-P-_F-001-01,S65901694B684B9EA652AD237BA6BA6,equipment,Vessel,,0.0,0.0
C025-V-HO45-P-_F-001-01,SE2FEF33B419D237CDDF146E7018A23,piping_component,BallValve,,0.0,0.0
C025-V-HO45-P-_F-001-01,S270B9FE3C876513522337E00775D39,piping_component,BallValve,,0.0,0.0
C025-V-HO45-P-_F-001-01,S438E33E1AD921ED1F2764022A6CE5A,instrument,ProcessInstrumentationFunction,,0.0,0.0
C025-V-HO45-P-_F-001-01,S2D1A797FF8142AEBF492893E6C6BC2,instrument,ProcessInstrumentationFunction,,0.0,0.0
C025-V-HO45-P-_F-001-01,SAB8536083037D3F74281063CFD5FA2,piping_component,BallValve,,0.0,0.0
C025-V-HO45-P-_F-001-01,SF762ACC6C56723E253B70A8BC5C458,piping_component,BallValve,,0.0,0.0
C025-V-HO45-P-_F-001-01,S6A2DD1734E0DB35586360068C72162,piping_component,GateValve,,0.0,0.0
C025-V-HO45-P-_F-001-01,S6EC669A57D67D6457EB1160C23C9FB,nozzle,Nozzle,,0.0,0.0
C025-V-HO45-P-_F-001-01,SEC738B6F976CBB7C050E06A0E8CE3F,instrument,ProcessInstrumentationFunction,,0.0,0.0
C025-V-HO45-P-_F-001-01,S6A1F227001518947F9B2DBBCB7AB58,equipment,CustomEquipment,,0.0,0.0
C025-V-HO45-P-_F-001-01,S1ED7758C3EAE285193FAEF4B8DE69C,equipment,CustomEquipment,,0.0,0.0
C025-V-HO45-P-_F-001-01,S6D7E1324EA89CF450B0DB97C705586,piping_component,Flange,,0.0,0.0
C025-V-HO45-P-_F-001-01,S5062F03523B8E165529D7BFBEBBA36,piping_component,PipeFitting,,0.0,0.0
C025-V-HO45-P-_F-001-01,S893F312035588B675E7D46ED27F29D,piping_component,FlangedConnection,,0.0,0.0
C025-V-HO45-P-_F-001-01,SA85570C61D70B39674E1DB04F542B4,piping_component,PipeTee,,0.0,0.0
C025-V-HO45-P-_F-001-01,SFE9B3F0D04A883D68B397EC79920F7,instrument_loop,InstrumentationLoopFunction,,616.75,453.0
C025-V-HO45-P-_F-001-01,S39F12950FB42380AF3F9BC9D8C15F9,instrument_loop,InstrumentationLoopFunction,,613.998,400.0
C025-V-HO45-P-_F-001-01,SBCCECE16A24DB9B7A050EA20F0532C,instrument_loop,InstrumentationLoopFunction,,560.998,338.0
C025-V-HO45-P-_F-001-01,S4E5C5497F0932ADE6593BB9356F16E,instrument_loop,InstrumentationLoopFunction,,478.998,338.0
C025-V-HO45-P-_F-001-01,S2EE1B49B49157CF0A563F8D34485E4,instrument_loop,InstrumentationLoopFunction,,558.998,297.0
C025-V-HO45-P-_F-001-01,SEE6195FB4A263C24CAA56158C73CCB,instrument_loop,InstrumentationLoopFunction,,476.998,297.0
C025-V-HO45-P-_F-001-01,SE1428FFA242554C174191E8B28F80B,instrument_loop,InstrumentationLoopFunction,,312.5,312.0
C025-V-HO45-P-_F-001-01,SBA71BCC39097DE6D9164E3222ADD68,instrument_loop,InstrumentationLoopFunction,,396.5,312.0
C025-V-HO45-P-_F-001-01,S134C4577CE88106D80D2891D24C475,instrument_loop,InstrumentationLoopFunction,,377.5,285.0
C025-V-HO45-P-_F-001-01,SEDA2D25CEE3B25CC737F8495B21FA4,instrument_loop,InstrumentationLoopFunction,,355.5,312.0
C025-V-HO45-P-_F-001-01,S69814C044DC60B27830FA591A62E17,instrument_loop,InstrumentationLoopFunction,,339.5,285.001
C025-V-HO45-P-_F-001-01,S236CD2B1495BA0A6DBD35A4849F690,instrument_loop,InstrumentationLoopFunction,,458.0,354.0
C025-V-HO45-P-_F-001-01,S801D5C22F147F012287FE3700EF5DC,instrument_loop,InstrumentationLoopFunction,,540.0,354.0
C025-V-HO45-P-_F-001-01,SB2BEF47435352A59609D71CB0EEBA2,instrument_loop,InstrumentationLoopFunction,,149.0,420.0
C025-V-HO45-P-_F-001-01,SC319D85DACF4F0A980523D86CAD785,instrument_loop,InstrumentationLoopFunction,,537.0,297.0
C025-V-HO45-P-_F-001-01,SF5A30DDC4B9F246AA7245B2F08E09F,instrument_loop,InstrumentationLoopFunction,,455.0,297.0
C025-V-HO45-P-_F-001-01,S4908B8AEEC26707DF87F2A629BB524,instrument_loop,InstrumentationLoopFunction,,525.0,413.0
C025-V-HO45-P-_F-001-01,S26DA85F7C092CA8743DD54D8EDBF68,instrument_loop,InstrumentationLoopFunction,,590.0,400.0
C025-V-HO45-P-_F-001-01,SE8A8ADCB136C896D903BA74C6B3850,instrument_loop,InstrumentationLoopFunction,,94.999,376.882
C025-V-HO45-P-_F-001-01,SEB03E58E66EF2A9AC6237C6AE4CD15,instrument_loop,InstrumentationLoopFunction,,586.0,435.001
C025-V-HO45-P-_F-001-01,SE29BC89DF975724850DC18C4A0D557,instrument_loop,InstrumentationLoopFunction,,536.957,204.957
C025-V-HO45-P-_F-001-01,S444E620FC0E4F18938B294AEE205BC,instrument_loop,InstrumentationLoopFunction,,414.957,204.957
C025-V-HO45-P-_F-001-01,S8C04868B113B97C7152D51927C908B,instrument_loop,InstrumentationLoopFunction,,539.981,338.019
C025-V-HO45-P-_F-001-01,S3C6B792F720C3210517E73624D6D93,instrument_loop,InstrumentationLoopFunction,,457.981,338.019
C025-V-HO45-P-_F-001-01,S6C591468A9F3A9E7E5B44E36830901,actuating_system,ActuatingSystem,,574.0,453.0
C025-V-HO45-P-_F-001-01,SF41C7FCCF1B36AF35F4D4AAAFA7E43,actuator,ControlledActuator,,574.0,453.0
C025-V-HO45-P-_F-001-01,SA4C30D7CBE1D61AC18D1A6FAFAE483,actuator,OperatedValveReference,,574.0,453.0
C025-V-HO45-P-_F-001-01,S38B81E88695079501FE1EDEC381C43,actuating_system,ActuatingSystem,,520.5,314.0
C025-V-HO45-P-_F-001-01,S221082B5160905259B3B5F38B32F1E,actuator,ControlledActuator,,520.5,314.0
C025-V-HO45-P-_F-001-01,SB9E44597FFD28948FD1DBAE1363CF6,actuator,OperatedValveReference,,520.5,314.0
C025-V-HO45-P-_F-001-01,SF8F74628C95877177ABCCC82448786,actuating_system,ActuatingSystem,,438.5,314.0
C025-V-HO45-P-_F-001-01,SCC50952E2118FD5CD34242089D7C1F,actuator,ControlledActuator,,438.5,314.0
C025-V-HO45-P-_F-001-01,S8158667E55057B2DD858D79B544D67,actuator,OperatedValveReference,,438.5,314.0
C025-V-HO45-P-_F-001-01,S9975BD234E66974CEEBBDC801F9EE9,actuating_system,ActuatingSystem,,458.0,314.0
C025-V-HO45-P-_F-001-01,SBE3C30E5083FCF0560A16129AE73F6,actuator,ControlledActuator,,458.0,314.0
C025-V-HO45-P-_F-001-01,S81D47832C5E4D4326075F39B061347,actuator,OperatedValveReference,,458.0,314.0
C025-V-HO45-P-_F-001-01,SF1FCCB04B2683CAE713208FF42F824,actuating_system,ActuatingSystem,,574.0,383.5
C025-V-HO45-P-_F-001-01,SABDE72A901660D9D89351910FDA4D3,actuator,ControlledActuator,,574.0,383.5
C025-V-HO45-P-_F-001-01,S236F53D3251A96518EB474355F121E,actuator,OperatedValveReference,,574.0,383.5
C025-V-HO45-P-_F-001-01,SC1D7038D1E03BDAA57C701823AC3FA,actuating_system,ActuatingSystem,,540.0,314.0
C025-V-HO45-P-_F-001-01,S5E2FDFF90AB991BB45DBE0BD5E1177,actuator,ControlledActuator,,540.0,314.0
C025-V-HO45-P-_F-001-01,SFB7313A710DF7F45DFF52A7DA26C53,actuator,OperatedValveReference,,540.0,314.0
C025-V-HO45-P-_F-001-01,S2D1D08E2CCD2A1D6B74F85E1B413EE,actuating_system,ActuatingSystem,,574.0,413.0
C025-V-HO45-P-_F-001-01,S8E2F026CCD456870117A12BB356CFE,actuator,ControlledActuator,,574.0,413.0
C025-V-HO45-P-_F-001-01,S5BF4935010DF84B403A2477EAEAD0D,actuator,OperatedValveReference,,574.0,413.0
C025-V-HO45-P-_F-001-01,S603A01EF7E071ACCF962E1E9FF6209,piping_system,PipingNetworkSystem,,346.0,470.5
C025-V-HO45-P-_F-001-01,S5AE2704B1FD74E733CDB0E2934A0F4,piping_segment,PipingNetworkSegment,"1""-VF-434619-AS200-0",346.0,470.5
C025-V-HO45-P-_F-001-01,SBAA59D3BC76A76AE6BD09F874A1BA2,piping_system,PipingNetworkSystem,,451.25,479.125
C025-V-HO45-P-_F-001-01,S138EA39ABF7CE7441C97F4D5779421,piping_segment,PipingNetworkSegment,"4""-VF-434609-AS200-0",583.5,491.0
C025-V-HO45-P-_F-001-01,SF7E4BC49FA690564CD7CB426522BFB,pipe_off_page,FlowOutPipeOffPageConnector,,670.5,491.0
C025-V-HO45-P-_F-001-01,SC4F38EBC51F23F2986B698F2B35828,piping_segment,PipingNetworkSegment,"4""-VF-434609-AS200-0",319.0,467.25
C025-V-HO45-P-_F-001-01,S5742D65BA48D747E18968BE32A33D2,piping_component,PipeTee,,346.0,491.0
C025-V-HO45-P-_F-001-01,S2CF8E11CE3798B75E53897A126A8B6,piping_system,PipingNetworkSystem,,653.25,126.5
C025-V-HO45-P-_F-001-01,S3286DE0188C158FF0E319F6141626E,piping_segment,PipingNetworkSegment,"2""-DO-564686-AS200-0",653.25,126.5
C025-V-HO45-P-_F-001-01,S9B249F251DD4B367F0FD06F2B275C4,pipe_off_page,FlowOutPipeOffPageConnector,,794.5,89.0
C025-V-HO45-P-_F-001-01,S38422CCE96F99FB711DD1718CF4226,piping_system,PipingNetworkSystem,,261.5,428.5
C025-V-HO45-P-_F-001-01,S190C42B0105F3EF70A8B724733D648,piping_segment,PipingNetworkSegment,,261.5,428.5
C025-V-HO45-P-_F-001-01,S3E1DEC0113B74C8164055C7B02D7FC,piping_component,PipeFitting,,268.0,459.0
C025-V-HO45-P-_F-001-01,S3E34D1CF2954B28267B381ED33074D,piping_system,PipingNetworkSystem,,376.25,152.75
C025-V-HO45-P-_F-001-01,S4CC135A0779853B562028A1B96FBB2,piping_segment,PipingNetworkSegment,,376.25,152.75
C025-V-HO45-P-_F-001-01,SCEF52D6EF4AF2433502299FAD918C2,piping_component,GateValve,,374.0,154.0
C025-V-HO45-P-_F-001-01,SE806A583F8B081077D4906128D648E,piping_system,PipingNetworkSystem,,564.5,481.5
C025-V-HO45-P-_F-001-01,S5CB9FEAEE6DE31928D5E08C5611944,piping_segment,PipingNetworkSegment,,564.5,481.5
C025-V-HO45-P-_F-001-01,S2D56A51C02312F9366DF32945F9557,pipe_off_page,FlowOutPipeOffPageConnector,,670.5,510.0
C025-V-HO45-P-_F-001-01,SF61607963067D39B2A05D0CAD62A6B,piping_system,PipingNetworkSystem,,116.291,280.391
C025-V-HO45-P-_F-001-01,S5C2FC6331494CCE01F295A97B9B6E2,piping_segment,PipingNetworkSegment,"4""-PV-274509-ED200-4",116.291,280.391
C025-V-HO45-P-_F-001-01,SCC1F5B6C7D6D52D65F8E929AD9F333,piping_system,PipingNetworkSystem,,82.882,291.891
C025-V-HO45-P-_F-001-01,SFD20A08DDADC2A87EEC25F88400768,piping_segment,PipingNetworkSegment,"4""-PV-274599-ED200-4",71.181,280.391
C025-V-HO45-P-_F-001-01,SE82C1B4C55438A83A4F3BFE1B36122,pipe_off_page,FlowInPipeOffPageConnector,,51.79,280.391
C025-V-HO45-P-_F-001-01,SC1DE39E12414AE960C60AF57A7F40E,piping_component,FlangedConnection,,85.56,280.391
C025-V-HO45-P-_F-001-01,S51EB651C8E833ECD332DC042C5D22A,piping_segment,PipingNetworkSegment,"4""-PV-274599-ED200-4",94.582,303.391
C025-V-HO45-P-_F-001-01,S12BCEB84C1FE663AA758E0AE0FEE30,piping_component,FlangedConnection,,94.582,326.391
C025-V-HO45-P-_F-001-01,S62A07212166C17F7A2EB84505D09E4,piping_component,CheckValve,27-4455PV,94.582,322.391
C025-V-HO45-P-_F-001-01,SDEF50653139E715497C015F438C155,piping_component,GateValve,27-4456PV,94.582,307.587
C025-V-HO45-P-_F-001-01,SD408D644D5F2FF8EB0462578EB886D,piping_component,GlobeValve,27-4457PV,94.583,292.401
C025-V-HO45-P-_F-001-01,S2BE11F662F06137B9E9977795B3598,piping_component,PipeTee,,94.582,280.391
C025-V-HO45-P-_F-001-01,S95770C4A55269A9D716AA4D3CE9B7E,piping_system,PipingNetworkSystem,,172.001,194.625
C025-V-HO45-P-_F-001-01,SE5C813EF729D9F08F5E2C106410475,piping_segment,PipingNetworkSegment,"1""-DC-574727-BD200-0",158.003,232.0
C025-V-HO45-P-_F-001-01,S36E5D7F87809DA36ECBB2DE3C73FF8,piping_component,PipeReducer,,158.006,229.001
C025-V-HO45-P-_F-001-01,S3FFD7E74E008C41CF28DC69CECA8D0,piping_segment,PipingNetworkSegment,"1""-DC-574727-BD200-0",186.0,157.25
C025-V-HO45-P-_F-001-01,S4C28CE45F135F8BC1D94BAF3F8CA58,piping_system,PipingNetworkSystem,,232.001,192.375
C025-V-HO45-P-_F-001-01,S35A2CD087BD4CD25D4B5638D345A2D,piping_segment,PipingNetworkSegment,"1""-DC-574692-BD200-0",228.0,152.75
C025-V-HO45-P-_F-001-01,S3B5EC1391DAA9151D3F9E468A3B49F,piping_segment,PipingNetworkSegment,"1""-DC-574692-BD200-0",236.003,232.0
C025-V-HO45-P-_F-001-01,SFFB8A1DE6E21CD594DBE617CCE5D32,piping_component,PipeReducer,,236.006,229.001
C025-V-HO45-P-_F-001-01,S5E5C467ACA2609EC990A3FDBBE64BA,piping_system,PipingNetworkSystem,,205.444,131.0
C025-V-HO45-P-_F-001-01,SB3099988DF16EDE9C7E80F565C09FC,piping_segment,PipingNetworkSegment,"2""-DC-574687-BD200-0",217.0,129.5
C025-V-HO45-P-_F-001-01,S5B504DBFD24D72538150D054BF7BD0,piping_component,PipeTee,,217.0,128.0
C025-V-HO45-P-_F-001-01,SD2506FDCA2D9868345B291E5CA0898,piping_segment,PipingNetworkSegment,"2""-DC-574687-BD200-0",193.889,149.0
C025-V-HO45-P-_F-001-01,SA69DC781EEBA95A1546F983CA0BF54,piping_component,GateValve,57-4552DC,191.661,149.0
C025-V-HO45-P-_F-001-01,S82962E0DB55CE47430880E2C366AD9,piping_component,FlangedConnection,,187.661,149.0
C025-V-HO45-P-_F-001-01,SCF4F622BE5A5FFC897D6606FD74D74,piping_segment,PipingNetworkSegment,"2""-DC-574687-BD200-0",217.0,137.75
C025-V-HO45-P-_F-001-01,S4213567C976E1B9C9973CFB970B6ED,piping_component,PipeTee,,217.0,134.0
C025-V-HO45-P-_F-001-01,S9924D5D6E3772275F9F89C3E81764C,piping_segment,PipingNetworkSegment,"2""-DC-574687-BD200-0",210.428,149.003
C025-V-HO45-P-_F-001-01,S85B850EA4F9C2CF81D1B6B1BD6FB7C,piping_component,PipeReducer,,207.57,149.006
C025-V-HO45-P-_F-001-01,S2BA7C9E2C4662151D1406BFFFCE9B7,piping_segment,PipingNetworkSegment,"2""-DC-574687-BD200-0",217.0,171.5
C025-V-HO45-P-_F-001-01,S3C285E72E7ECE436006A0E659E8AF7,piping_component,PipeTee,,217.0,149.0
C025-V-HO45-P-_F-001-01,SEB2DF38D6E9D62FF0B5D6485788927,piping_segment,PipingNetworkSegment,"2""-DC-574687-BD200-0",217.0,90.5
C025-V-HO45-P-_F-001-01,S70C597E64B0C71912273576FE14D1E,piping_system,PipingNetworkSystem,,420.125,76.0
C025-V-HO45-P-_F-001-01,S814F4040394EF798426615F1998EB9,piping_segment,PipingNetworkSegment,"2""-DC-574689-BD200-0",644.25,76.0
C025-V-HO45-P-_F-001-01,S84D2CA92B86D295D13866CF40E5A9A,pipe_off_page,FlowOutPipeOffPageConnector,,794.5,76.0
C025-V-HO45-P-_F-001-01,S381E510E5C67FDF6FDE909833FF0EA,piping_segment,PipingNetworkSegment,"2""-DC-574689-BD200-0",196.0,76.0
C025-V-HO45-P-_F-001-01,S2F07E816552FBC6C0084C7EE48EEA4,piping_component,FlangedConnection,,175.0,76.0
C025-V-HO45-P-_F-001-01,S431416D43FA1469DC16DB64CABA513,piping_component,PipeTee,,217.0,76.0
C025-V-HO45-P-_F-001-01,S72B049FFAE501ED81BFBE04C5C400B,piping_system,PipingNetworkSystem,,574.0,433.0
C025-V-HO45-P-_F-001-01,S2BEB7E5F137689D7104FBE1540671F,piping_segment,PipingNetworkSegment,,574.0,433.0
C025-V-HO45-P-_F-001-01,SA16BEA2893FE61C03D0B13DA6C7EBC,piping_component,AngleValve,45-XY4806B,574.0,453.0
C025-V-HO45-P-_F-001-01,SCE927DF262D526514486257B0A9524,piping_component,AngleValve,45-XY4806A,574.0,413.0
C025-V-HO45-P-_F-001-01,S21A1A6606499C794E2D35C89AC9B17,piping_system,PipingNetworkSystem,,576.75,151.75
C025-V-HO45-P-_F-001-01,S6EFE4EAD1ADB57829CDF01C5934A70,piping_segment,PipingNetworkSegment,,576.75,151.75
C025-V-HO45-P-_F-001-01,S99D0313646E4AEC73DA061FDE860B4,piping_component,GateValve,,579.0,153.0
C025-V-HO45-P-_F-001-01,S94E153806D4F3CBDEB7ADD6E5CE544,piping_system,PipingNetworkSystem,,582.875,258.75
C025-V-HO45-P-_F-001-01,SDBD5706F0E50AC5012A6DD634AD15E,piping_segment,PipingNetworkSegment,"1""-VA-434630-AS200-0",484.0,247.5
C025-V-HO45-P-_F-001-01,SBE78D2C8BD98B37D429D21F54C33BE,piping_component,AngleValve,,477.0,241.0
C025-V-HO45-P-_F-001-01,S48306585CC939F7A354811EFB7D231,piping_component,FlangedConnection,,471.0,253.0
C025-V-HO45-P-_F-001-01,S5087302C87D3D9F3F57F6E29091150,piping_segment,PipingNetworkSegment,"1""-VA-434630-AS200-0",707.75,270.0
C025-V-HO45-P-_F-001-01,S4F8C6690B9F18DD6BF3FAA7C88EA45,pipe_off_page,FlowOutPipeOffPageConnector,,794.5,270.0
C025-V-HO45-P-_F-001-01,SBE1B03660230DDAEEB387C973471D7,piping_segment,PipingNetworkSegment,"1""-VA-434630-AS200-0",458.0,251.5
C025-V-HO45-P-_F-001-01,S3DC63B1BE466B8C89F53A8C0E1B254,piping_component,AngleValve,,455.0,241.0
C025-V-HO45-P-_F-001-01,SA2351DC7183F45627E9C57A5FF34FC,piping_component,FlangedConnection,,461.0,253.0
C025-V-HO45-P-_F-001-01,S988B9C146358C2B3AC78EFED7BF9D0,piping_component,PipeTee,,471.0,270.0
C025-V-HO45-P-_F-001-01,S2ED3CFA1DCB92FC468D87FA2F22764,piping_system,PipingNetworkSystem,,531.496,387.442
C025-V-HO45-P-_F-001-01,S2387FA13FBC5F6F6F8C6597AA50F63,piping_segment,PipingNetworkSegment,"4""-GF-454531-BD200-4",496.5,380.0
C025-V-HO45-P-_F-001-01,SB8652C2B6510264DF48F785AD7E66C,piping_component,PipeTee,,517.0,380.0
C025-V-HO45-P-_F-001-01,SF11AB25AB69DEDCA9111E6A4E6FEAA,piping_segment,PipingNetworkSegment,"4""-GF-454531-BD200-4",431.871,380.0
C025-V-HO45-P-_F-001-01,S96374EAB1E601708A1294A801A3325,piping_component,PipeTee,,435.0,380.0
C025-V-HO45-P-_F-001-01,S7BA00A1BC43073E172C14756910DBF,piping_segment,PipingNetworkSegment,"4""-GF-454531-BD200-4",575.5,380.0
C025-V-HO45-P-_F-001-01,SF6F0CE9043D17812A6ADCDC9F2189A,piping_component,BallValve,45-XV4806,574.0,379.999
C025-V-HO45-P-_F-001-01,S3BFC06126A595597BC94CEFCD02268,piping_component,PipeTee,,603.0,380.0
C025-V-HO45-P-_F-001-01,SF508F165E6E7A38B92BE719A6394EA,piping_segment,PipingNetworkSegment,"4""-GF-454531-BD200-4",525.0,392.0
C025-V-HO45-P-_F-001-01,S70DB8BE98B752EF73AEF65388FFF95,piping_component,GateValve,45-4501GF,525.0,397.0
C025-V-HO45-P-_F-001-01,S767B624257DCF45C20C4B744BDD239,piping_segment,PipingNetworkSegment,"4""-GF-454531-BD200-4",647.75,380.0
C025-V-HO45-P-_F-001-01,SBAB5C81E3E8DB7859A0C415583BB0A,pipe_off_page,FlowOutPipeOffPageConnector,,670.5,380.0
C025-V-HO45-P-_F-001-01,S37968C4F40BE28A912C596B4A22FF3,piping_segment,PipingNetworkSegment,"4""-GF-454531-BD200-4",523.0,380.0
C025-V-HO45-P-_F-001-01,S8F28F9FCC9967AEB2AE9946644182E,piping_component,PipeTee,,525.0,380.0
C025-V-HO45-P-_F-001-01,S9F5A61E4C0252718B4673D875EE36A,piping_segment,PipingNetworkSegment,"4""-GF-454531-BD200-4",422.484,381.357
C025-V-HO45-P-_F-001-01,SB8ED6C84E5D5FFAC3B056365A19176,piping_component,PipeTee,,422.484,380.0
C025-V-HO45-P-_F-001-01,SA24699959E89AA99092C556517C0D2,piping_segment,PipingNetworkSegment,"4""-GF-454531-BD200-4",422.486,394.884
C025-V-HO45-P-_F-001-01,S93F04E4570903A1525E6FD3173FF29,piping_component,FlangedConnection,,422.483,402.339
C025-V-HO45-P-_F-001-01,SE6F120B09663E3972B266C37A57792,piping_component,GateValve,45-4551GF,422.483,398.339
C025-V-HO45-P-_F-001-01,SA46A6C3009E355FF98A8E43C9A4D13,piping_component,PipeReducer,,422.489,387.43
C025-V-HO45-P-_F-001-01,S9DF90E46BE73AD439A7AFD30507F96,piping_segment,PipingNetworkSegment,"4""-GF-454531-BD200-4",415.242,380.0
C025-V-HO45-P-_F-001-01,S557C5ADBA294B11D36CD116C0DDB7B,piping_system,PipingNetworkSystem,,765.75,296.0
C025-V-HO45-P-_F-001-01,SFE9D1E77CC95FDF4D64B61047270EE,piping_segment,PipingNetworkSegment,"1""-VA-434629-AS200-0",765.75,296.0
C025-V-HO45-P-_F-001-01,S61C3BA4E27D5E522857C64608BB076,pipe_off_page,FlowOutPipeOffPageConnector,,794.5,296.0
C025-V-HO45-P-_F-001-01,SD9B9C08D600BB833D5180B91DAEDA3,piping_system,PipingNetworkSystem,,650.0,338.0
C025-V-HO45-P-_F-001-01,S2630BA1F1B99C00B1F7FC2308B2A23,piping_segment,PipingNetworkSegment,"1""-GF-454628-BD200-4",650.0,338.0
C025-V-HO45-P-_F-001-01,S97CCECB49BB7E9ABD6DA437FCCD361,piping_system,PipingNetworkSystem,,701.5,289.875
C025-V-HO45-P-_F-001-01,S201B25F2FD0400E37E6B077FB2BE20,piping_segment,PipingNetworkSegment,"1""-GF-454628-BD200-4",701.5,289.875
C025-V-HO45-P-_F-001-01,S9F681E84F871110B310DED6527D5DF,piping_component,GateValve,45-4520GF,700.0,296.0
C025-V-HO45-P-_F-001-01,S2916F2688549D17EC7D9350EBA8999,piping_system,PipingNetworkSystem,,512.25,271.0
C025-V-HO45-P-_F-001-01,SA069B4B93FBB2570F248F9D2DE5880,piping_segment,PipingNetworkSegment,"1""-GF-454533-BD200-4",516.997,244.0
C025-V-HO45-P-_F-001-01,S20928FC87D5DCBE2DC4F830CDDDAFA,piping_component,OperatedValve,45-PCV4113,517.0,233.0
C025-V-HO45-P-_F-001-01,SCECAA67EC4016F1489724B402CCD94,piping_component,FlangedConnection,,517.0,253.0
C025-V-HO45-P-_F-001-01,SFEA9BA8C42DD8164CFA9416DE27697,piping_component,PipeReducer,,516.994,258.999
C025-V-HO45-P-_F-001-01,SC2DC27102F7307CC764F72705F74BE,piping_segment,PipingNetworkSegment,"1""-GF-454533-BD200-4",517.0,214.25
C025-V-HO45-P-_F-001-01,S2E529CDB20FDF19F254E63B7C45A2A,piping_component,FlangedConnection,,517.0,218.0
C025-V-HO45-P-_F-001-01,S5541A16B8BDD10386A3039D003EF79,piping_component,PipeTee,,517.0,228.0
C025-V-HO45-P-_F-001-01,S7692C4A750922B10AAC7BA33408761,piping_segment,PipingNetworkSegment,"1""-GF-454533-BD200-4",507.5,303.0
C025-V-HO45-P-_F-001-01,S77194416405DF023D41CFC4EF0D069,piping_component,GateValve,45-4506GF,506.0,303.0
C025-V-HO45-P-_F-001-01,S4FD9FEDB5B2E7E7F3B9B6FB21DCDE5,piping_component,Flange,,502.0,303.0
C025-V-HO45-P-_F-001-01,SDBBE0634064C4EF9B2553B980AB3BA,piping_segment,PipingNetworkSegment,"1""-GF-454533-BD200-4",517.0,286.75
C025-V-HO45-P-_F-001-01,S3A2E8B6A06B9423E100E8E421C62F8,piping_component,GateValve,45-4507GF,517.0,283.0
C025-V-HO45-P-_F-001-01,S10BE948B001197031D9F8A2155A344,piping_component,PipeTee,,517.0,303.0
C025-V-HO45-P-_F-001-01,S9FF2F018032727CCEB52CD8E1735FE,piping_segment,PipingNetworkSegment,"1""-GF-454533-BD200-4",517.0,327.75
C025-V-HO45-P-_F-001-01,S5D0B6E530D222AE95B348D5D9D2F1A,piping_component,BallValve,45-XV4805,516.999,314.0
C025-V-HO45-P-_F-001-01,SB1306FC54A2B4D536B40E08984631B,piping_system,PipingNetworkSystem,,431.25,269.875
C025-V-HO45-P-_F-001-01,S282C669B6C86338631F117ECBC1514,piping_segment,PipingNetworkSegment,"1""-GF-454532-BD200-4",435.0,327.75
C025-V-HO45-P-_F-001-01,S3FEB585D59E18DB5C4016AA7474AEB,piping_component,BallValve,45-XV4804,434.999,314.0
C025-V-HO45-P-_F-001-01,S9641A7FC4D5418623F370801B40557,piping_segment,PipingNetworkSegment,"1""-GF-454532-BD200-4",427.5,303.0
C025-V-HO45-P-_F-001-01,S771B22C3699397BE025B9DB283FE3B,piping_component,Flange,,420.0,303.0
C025-V-HO45-P-_F-001-01,S36A312C9CB15A333BEF2B7C78F3751,piping_component,GateValve,45-4504GF,424.0,303.0
C025-V-HO45-P-_F-001-01,S81199A46FE0288EC101F64D518FCB5,piping_component,PipeTee,,435.0,303.0
C025-V-HO45-P-_F-001-01,SB560D61BEAEAFEF905B99DEB19BBBF,piping_segment,PipingNetworkSegment,"1""-GF-454532-BD200-4",435.0,212.0
C025-V-HO45-P-_F-001-01,SFBD94EB248252044F1B2245754256D,piping_component,FlangedConnection,,435.0,218.0
C025-V-HO45-P-_F-001-01,S134371136B69A566F0010DF6AFFB7D,piping_segment,PipingNetworkSegment,"1""-GF-454532-BD200-4",435.0,241.75
C025-V-HO45-P-_F-001-01,SCC023F3341AEE7B469D459397D7FE0,piping_component,FlangedConnection,,435.0,253.0
C025-V-HO45-P-_F-001-01,SE5FFD9388AA6EC1D8981080DA2CD3A,piping_component,OperatedValve,45-PCV4103,435.0,233.0
C025-V-HO45-P-_F-001-01,S6E88CD6716B648F5D7DDD062C2EBF0,piping_component,PipeTee,,435.0,228.0
C025-V-HO45-P-_F-001-01,S89B29EABBE12A3FF0F420F0615788F,piping_segment,PipingNetworkSegment,"1""-GF-454532-BD200-4",434.997,276.75
C025-V-HO45-P-_F-001-01,S2139AF2984D5E98EF5E9F751EACECA,piping_component,GateValve,45-4505GF,435.0,283.0
C025-V-HO45-P-_F-001-01,S1A6D89B95781EAEA2A05481B82AEA8,piping_component,PipeReducer,,434.994,258.999
C025-V-HO45-P-_F-001-01,S635AF4C434E3833DF2E94532AB5B28,piping_system,PipingNetworkSystem,,545.376,120.125
C025-V-HO45-P-_F-001-01,SB44E35E50AC21309488546F86B1F93,piping_segment,PipingNetworkSegment,"1""-VA-434624-AS200-0",435.003,133.25
C025-V-HO45-P-_F-001-01,S9D772C108B3177791E85F370D1ABB1,piping_component,PipeReducer,,435.006,131.0
C025-V-HO45-P-_F-001-01,SA4BC8DC0C241812975D78FECBDE44D,piping_segment,PipingNetworkSegment,"1""-VA-434624-AS200-0",476.0,121.5
C025-V-HO45-P-_F-001-01,S30101F540A29D1E12B58625398E0C4,piping_component,PipeTee,,517.0,119.0
C025-V-HO45-P-_F-001-01,SFE26FE70DFD9495F0D76D53E30F82F,piping_segment,PipingNetworkSegment,"1""-VA-434624-AS200-0",655.75,107.0
C025-V-HO45-P-_F-001-01,S92FFCFB6E035355A85F2D1A59ED255,pipe_off_page,FlowOutPipeOffPageConnector,,794.5,103.0
C025-V-HO45-P-_F-001-01,S632F1F17BFEF175C48F1FF6AE262A3,piping_segment,PipingNetworkSegment,"1""-VA-434624-AS200-0",517.003,133.25
C025-V-HO45-P-_F-001-01,S49EF424CE2F0BD1EBD3CFE45BA5269,piping_component,PipeReducer,,517.006,131.0
C025-V-HO45-P-_F-001-01,S8F551652F270ECD01675A64D297047,piping_segment,PipingNetworkSegment,"1""-VA-434624-AS200-0",517.0,124.0
C025-V-HO45-P-_F-001-01,S535D6392AF66193FB95DFCD5DBC9D4,piping_system,PipingNetworkSystem,,303.5,380.0
C025-V-HO45-P-_F-001-01,SEE11A019DCC1B53DEC833A6FBB268D,piping_segment,PipingNetworkSegment,"4""-GF-454530-BD200-4",303.5,380.0
C025-V-HO45-P-_F-001-01,S9C7BA2F4A2FBDE00E9A67B1C05D8C5,piping_system,PipingNetworkSystem,,173.745,422.724
C025-V-HO45-P-_F-001-01,S9483982A605435F2BA804300D51ACD,piping_segment,PipingNetworkSegment,"6""-GF-454534-BS200-4",169.0,432.969
C025-V-HO45-P-_F-001-01,SC8CB766D44FDB670D8A5001A3007CA,piping_component,PipeTee,,169.0,428.959
C025-V-HO45-P-_F-001-01,S73FF3AAF6492F583FCA3016E6DBDBB,piping_segment,PipingNetworkSegment,"6""-GF-454534-BS200-4",178.49,428.959
C025-V-HO45-P-_F-001-01,SA8097B91B7AEE180E0D66741A6506A,piping_component,GateValve,45-4210GF,179.987,428.959
C025-V-HO45-P-_F-001-01,SC838D87E43C978A184D18DDB621A63,piping_component,FlangedConnection,,183.987,428.959
C025-V-HO45-P-_F-001-01,S24B439235B7985DF73AB5C22720B17,piping_segment,PipingNetworkSegment,"6""-GF-454534-BS200-4",169.0,412.479
C025-V-HO45-P-_F-001-01,SEBA73433DAC13F94EFA6F9D74D70C5,piping_system,PipingNetworkSystem,,166.188,491.125
C025-V-HO45-P-_F-001-01,SA6DB43F0D50E7F59CA0DC0D84A88F6,piping_segment,PipingNetworkSegment,"8""-VF-434621-AS200-7",177.5,497.0
C025-V-HO45-P-_F-001-01,SB71F52FF8ECA9C8A3CB6EAC2B5F2B3,piping_component,BallValve,43-4297VF,180.0,497.0
C025-V-HO45-P-_F-001-01,S5D7E7AEF5DD4A244C3D8818AF3F8B9,piping_component,PipeTee,,169.0,497.0
C025-V-HO45-P-_F-001-01,S7716D703A1A12D2B9CC3D1C2096A15,piping_segment,PipingNetworkSegment,"8""-VF-434621-AS200-7",190.5,497.0
C025-V-HO45-P-_F-001-01,S764F0836D476EBB7C23DCE39E0A96F,piping_component,PipeTee,,189.0,497.0
C025-V-HO45-P-_F-001-01,S991CC2987DA34FA32E65D916EB119E,piping_segment,PipingNetworkSegment,"8""-VF-434621-AS200-7",143.5,496.997
C025-V-HO45-P-_F-001-01,S2F48747C2909C443E62537D90AF0DE,piping_component,PipeReducer,,140.999,496.994
C025-V-HO45-P-_F-001-01,SC77B8ED9324B4E64CFDB1036060B96,piping_segment,PipingNetworkSegment,"8""-VF-434621-AS200-7",149.0,497.0
C025-V-HO45-P-_F-001-01,S3067018AFA8B84C47075883E15E2DA,piping_component,PipeTee,,149.0,497.0
C025-V-HO45-P-_F-001-01,SD2D6BDEC759E1E758E947CF1C52F9A,piping_segment,PipingNetworkSegment,"8""-VF-434621-AS200-7",204.5,496.997
C025-V-HO45-P-_F-001-01,SE5B21944A872512B750DC56673EA05,piping_component,AngleValve,45-PSV4833,212.0,497.0
C025-V-HO45-P-_F-001-01,SA9F3CA6F584C938C88BBAC7FA19B14,piping_component,PipeReducer,,197.001,496.994
C025-V-HO45-P-_F-001-01,S28FADBB4436F3000E70AB08F50B2FA,piping_segment,PipingNetworkSegment,"8""-VF-434621-AS200-7",149.0,485.25
C025-V-HO45-P-_F-001-01,S68E166CF53840D33FB2C00D6151B64,piping_component,GateValve,43-4292VF,149.0,483.0
C025-V-HO45-P-_F-001-01,SC4605B013A9DB91DB509F91DBA385D,piping_component,FlangedConnection,,149.0,479.0
C025-V-HO45-P-_F-001-01,SFDA2362C303749A3C35860370E14D0,piping_segment,PipingNetworkSegment,"8""-VF-434621-AS200-7",127.875,497.0
C025-V-HO45-P-_F-001-01,SCE449700CB91C2D0333CABAFED4B2E,piping_component,AngleValve,45-PSV4832,126.0,497.0
C025-V-HO45-P-_F-001-01,S840710A6C1B1ADB37AC5B1EB7F20C9,piping_segment,PipingNetworkSegment,"8""-VF-434621-AS200-7",189.0,485.25
C025-V-HO45-P-_F-001-01,S1B3ACBEFD86B1329368712D6EF279A,piping_component,GateValve,43-4296VF,189.0,483.0
C025-V-HO45-P-_F-001-01,S3DDF76E585BCDAE348C33C4FC42C7E,piping_component,FlangedConnection,,189.0,479.0
C025-V-HO45-P-_F-001-01,S39E335B119A837D7405373FAF0F7FB,piping_segment,PipingNetworkSegment,"8""-VF-434621-AS200-7",158.5,497.0
C025-V-HO45-P-_F-001-01,SA228615A6F3FEA04236D9A2D6DD51B,piping_component,BallValve,43-4293VF,158.0,497.0
C025-V-HO45-P-_F-001-01,S4F878F93613A9B0E86A74541F5D187,piping_system,PipingNetworkSystem,,539.25,527.75
C025-V-HO45-P-_F-001-01,SC371BEC257CC6BB5C6E5F6324CECAF,piping_segment,PipingNetworkSegment,"8""-VF-434620-AS200-7",539.25,527.75
C025-V-HO45-P-_F-001-01,S6525B6D91310B7BB7048A1452E52A0,pipe_off_page,FlowOutPipeOffPageConnector,,670.5,538.0
C025-V-HO45-P-_F-001-01,S8F6AF619FB677CD2FD00BD2967104A,piping_system,PipingNetworkSystem,,168.25,474.75
C025-V-HO45-P-_F-001-01,S7F40DA026C0018FB55982723FF4EEE,piping_segment,PipingNetworkSegment,"6""-GF-454535-BS200-4",125.997,487.75
C025-V-HO45-P-_F-001-01,SACEDF50DCC683C5F015688205F1C17,piping_component,PipeReducer,,125.994,485.001
C025-V-HO45-P-_F-001-01,SFF2260FE6DEE4D45F408790821B59A,piping_segment,PipingNetworkSegment,"6""-GF-454535-BS200-4",218.5,471.0
C025-V-HO45-P-_F-001-01,S3EE24AE5C5D3D811E0AE4247E20764,piping_component,FlangedConnection,,225.0,471.0
C025-V-HO45-P-_F-001-01,SF933618AED656854E587E07A72D209,piping_component,GateValve,45-4295GF,221.0,471.0
C025-V-HO45-P-_F-001-01,S77FAF3C7461D4842B44F94F571C590,piping_component,PipeTee,,212.0,471.0
C025-V-HO45-P-_F-001-01,SC1A49B1FB73774B31F1F5351838218,piping_segment,PipingNetworkSegment,"6""-GF-454535-BS200-4",118.0,471.0
C025-V-HO45-P-_F-001-01,S22BFD79FC6525A5C5155D870CEA6ED,piping_component,GateValve,45-4291GF,117.0,471.0
C025-V-HO45-P-_F-001-01,S7AE9240C31F165C3214D49243FC374,piping_component,FlangedConnection,,113.0,471.0
C025-V-HO45-P-_F-001-01,S492F730A36EC93C3052C5BAA73A5ED,piping_segment,PipingNetworkSegment,"6""-GF-454535-BS200-4",214.125,493.75
C025-V-HO45-P-_F-001-01,SDE14A695120FB2E04DCFE885BF6C0B,piping_segment,PipingNetworkSegment,"6""-GF-454535-BS200-4",147.5,455.75
C025-V-HO45-P-_F-001-01,S2708CB30E4DEC0CE9D0324393F3880,piping_component,BallValve,45-4290GF,126.0,459.0
C025-V-HO45-P-_F-001-01,SA489A5E7DC7E223922888D0B239235,piping_component,PipeTee,,169.0,445.0
C025-V-HO45-P-_F-001-01,SB45D5125C9FC62701ECE490897090A,piping_segment,PipingNetworkSegment,"6""-GF-454535-BS200-4",126.0,474.0
C025-V-HO45-P-_F-001-01,SD549B23A146ADCBE82ADD468BCF194,piping_component,PipeTee,,126.0,471.0
C025-V-HO45-P-_F-001-01,S5658F8609DFDA24C00A2CEC88CA96B,piping_segment,PipingNetworkSegment,"6""-GF-454535-BS200-4",201.25,458.5
C025-V-HO45-P-_F-001-01,S5A8C8E4E12318A4E5261C0934B1E7A,piping_component,BallValve,45-4294GF,212.0,459.0
C025-V-HO45-P-_F-001-01,S9235931680878D623544FDE8B1D2AF,piping_segment,PipingNetworkSegment,"6""-GF-454535-BS200-4",212.003,481.0
C025-V-HO45-P-_F-001-01,S3C1045D61896397E0E3FF285D70620,piping_component,PipeReducer,,212.006,485.001
C025-V-HO45-P-_F-001-01,S1B432C7B351F39C76D0D71172C445C,piping_system,PipingNetworkSystem,,537.0,183.0
C025-V-HO45-P-_F-001-01,S92F9D025877B99B85EF02AB34D3E8F,piping_segment,PipingNetworkSegment,,537.0,183.0
C025-V-HO45-P-_F-001-01,S885C15DA3742A294E167BEC2348058,piping_component,FlangedConnection,,537.0,183.0
C025-V-HO45-P-_F-001-01,S96AA22A02B6918E31A4B82D8F8F345,piping_system,PipingNetworkSystem,,415.0,183.0
C025-V-HO45-P-_F-001-01,S35AB32A53588F801197C1EDF5EAAF3,piping_segment,PipingNetworkSegment,,415.0,183.0
C025-V-HO45-P-_F-001-01,S1E2C8E23B5225B999CC5ACE68799D9,piping_component,FlangedConnection,,415.0,183.0
C025-V-HO45-P-_F-001-01,S382C4E94322CB7562C34F6E355ADFD,instrument,ProcessInstrumentationFunction,45-XY4806,616.75,453.0
C025-V-HO45-P-_F-001-01,S7FE3AA9DAB70D8C898F54EAC43E2C3,actuating_function,ActuatingFunction,,574.0,453.0
C025-V-HO45-P-_F-001-01,S72DE084A4FB3329371902F4057133C,instrument,ProcessInstrumentationFunction,45-ZL4806,613.998,400.0
C025-V-HO45-P-_F-001-01,S222A5041AE80A24EEC16D10303BA80,instrument,ProcessInstrumentationFunction,45-HS4805,560.998,338.0
C025-V-HO45-P-_F-001-01,SD2B2A92F70BAE0D4260854794CCF50,instrument,ProcessInstrumentationFunction,45-HS4804,478.998,338.0
C025-V-HO45-P-_F-001-01,SB309EE7AC83E92EBBDB4FDE7F4EEE7,instrument,ProcessInstrumentationFunction,45-ZL4805,558.998,297.0
C025-V-HO45-P-_F-001-01,S94FD0D3BD0EFE185CD7D0E9CAEEB49,instrument,ProcessInstrumentationFunction,45-ZL4804,476.998,297.0
C025-V-HO45-P-_F-001-01,S4387259AFAD6576A1D1A8553CCD21A,instrument,ProcessInstrumentationFunction,45-FI4810,312.5,312.0
C025-V-HO45-P-_F-001-01,SFAC7B82A0682A8FC24D09F6A44DE5A,signal_generator,ProcessSignalGeneratingFunction,,333.5,346.0
C025-V-HO45-P-_F-001-01,SA75B26A9AE2AFC3297CBB5B3EB2739,instrument,ProcessInstrumentationFunction,45-TI4810B,396.5,312.0
C025-V-HO45-P-_F-001-01,SFAD358ABA06A8F31B6C68942640800,signal_generator,ProcessSignalGeneratingFunction,,397.5,346.0
C025-V-HO45-P-_F-001-01,SFF7C0DBA23816CC6C4D3A15054ABF1,instrument,ProcessInstrumentationFunction,45-TI4810A,377.5,285.0
C025-V-HO45-P-_F-001-01,SD56FA13627191DAE3FC5185B082C7B,signal_generator,ProcessSignalGeneratingFunction,,378.5,346.0
C025-V-HO45-P-_F-001-01,SE5DFB1977E9C62F79CF6C4519A28C8,instrument,ProcessInstrumentationFunction,45-PI4810B,355.5,312.0
C025-V-HO45-P-_F-001-01,S6DEAB4A29E0F91C59B6A01006B4FE3,signal_generator,ProcessSignalGeneratingFunction,,356.5,346.0
C025-V-HO45-P-_F-001-01,S7FE9F669A29BB1086112DF35A58ADB,instrument,ProcessInstrumentationFunction,45-PI4810A,339.5,285.001
C025-V-HO45-P-_F-001-01,S95B1B9AE8308DC22C4AB63E0047837,signal_generator,ProcessSignalGeneratingFunction,,340.5,346.0
C025-V-HO45-P-_F-001-01,S54DC1178B525863B2FF236D5E4820D,piping_system,PipingNetworkSystem,,540.0,314.0
C025-V-HO45-P-_F-001-01,S17B78002F09136D8BDF48F86CDDB9E,piping_segment,PipingNetworkSegment,,540.0,314.0
C025-V-HO45-P-_F-001-01,SEC917559A85F38D8D39F2FB6BB616E,piping_component,AngleValve,45-XY4805,540.0,314.0
C025-V-HO45-P-_F-001-01,S4545CA78ACB9B07D7A72FCC0F5FF4C,piping_system,PipingNetworkSystem,,458.0,314.0
C025-V-HO45-P-_F-001-01,SFA8FCA267A2F6DCEBBB3144359C2B3,piping_segment,PipingNetworkSegment,,458.0,314.0
C025-V-HO45-P-_F-001-01,S974675BAEEEB8F0AB5BB92C6A0801A,piping_component,AngleValve,45-XY4804,458.0,314.0
C025-V-HO45-P-_F-001-01,S68D5762C0ECD12FB3F7B339E4DFDCE,instrument,ProcessInstrumentationFunction,,458.0,354.0
C025-V-HO45-P-_F-001-01,SFE3B5F1C2F8EBB24C1FF447F102529,instrument,ProcessInstrumentationFunction,,540.0,354.0
C025-V-HO45-P-_F-001-01,SBFD3E02B849EA4233117F7F59CC8D5,instrument,ProcessInstrumentationFunction,,149.0,420.0
C025-V-HO45-P-_F-001-01,S96EEC54D2581500B09E6F4F2F77F33,signal_generator,ProcessSignalGeneratingFunction,,149.0,395.0
C025-V-HO45-P-_F-001-01,S6EF22B00354B1055B829B9D9AE8F92,equipment,CustomEquipment,45-XX50,476.5,161.0
C025-V-HO45-P-_F-001-01,S3142F8BC2D23985ED081C59EE28B5A,nozzle,Nozzle,N071,400.0,170.0
C025-V-HO45-P-_F-001-01,S1190CBF8773B777E8C498E56BFBE7F,nozzle,Nozzle,N052,435.0,175.0
C025-V-HO45-P-_F-001-01,S876F7C9AFAE8FEAC56DAF1E65F10C5,nozzle,Nozzle,N072,551.0,169.0
C025-V-HO45-P-_F-001-01,SEDB0A1BEE5C72028BC4369ECB35570,nozzle,Nozzle,N062,517.0,175.0
C025-V-HO45-P-_F-001-01,SCA69D9C073DC13943377416C5E61BA,nozzle,Nozzle,N067,553.0,153.0
C025-V-HO45-P-_F-001-01,S43B18F06B9242BAA40D6FEB25750AD,nozzle,Nozzle,N057,400.0,154.0
C025-V-HO45-P-_F-001-01,S1A8DC3512FB66F333F30CFEE6259A9,nozzle,Nozzle,N064,517.0,147.0
C025-V-HO45-P-_F-001-01,SA615A01D238A68D2B736C9887B1C50,nozzle,Nozzle,N054,435.0,147.0
C025-V-HO45-P-_F-001-01,SCAA9394EB9B508439ACB21E7FF19F4,nozzle,Nozzle,,535.0,183.0
C025-V-HO45-P-_F-001-01,S1EECFBC2B07827C26206025B1DCC60,nozzle,Nozzle,,413.0,183.0
C025-V-HO45-P-_F-001-01,S86BF78DCB699741F7144582B5CAC7B,instrument,ProcessInstrumentationFunction,45-ZS4805,537.0,297.0
C025-V-HO45-P-_F-001-01,SB543F1066DCD8DDE2C8035513CBA4F,actuating_function,ActuatingFunction,,520.5,314.0
C025-V-HO45-P-_F-001-01,S521E180F84011A53E4246AB74DD449,instrument,ProcessInstrumentationFunction,45-ZS4804,455.0,297.0
C025-V-HO45-P-_F-001-01,S246F48B423D97B20EDA84C7C1FBDA2,actuating_function,ActuatingFunction,,438.5,314.0
C025-V-HO45-P-_F-001-01,SA7A8F8153A52C10BA92BD441A353B5,instrument,ProcessInstrumentationFunction,45-PT4831,525.0,413.0
C025-V-HO45-P-_F-001-01,S372DC3F979924CD9A972A3A61B56D9,signal_generator,ProcessSignalGeneratingFunction,,268.0,459.0
C025-V-HO45-P-_F-001-01,S6A9626D958642B2B03EA786B6AE224,signal_generator,ProcessSignalGeneratingFunction,,525.0,397.0
C025-V-HO45-P-_F-001-01,SC93FB02B79962043CAEA5FFE6395F9,instrument,ProcessInstrumentationFunction,45-ZS4806,590.0,400.0
C025-V-HO45-P-_F-001-01,S8B923D5BE2D80B3B60F45FF9B22125,actuating_function,ActuatingFunction,,574.0,383.5
C025-V-HO45-P-_F-001-01,S4E22D2C318B9DD9AB48C715630CFEC,equipment,Vessel,,587.0,135.0
C025-V-HO45-P-_F-001-01,S331DD93478BF0E2F11ED92D137776F,nozzle,Nozzle,,587.0,148.0
C025-V-HO45-P-_F-001-01,S79A3A47542AA86BD6DA3AE81FDBE87,equipment,Vessel,,366.0,136.0
C025-V-HO45-P-_F-001-01,S43280B247D3F337F28FBF51E8D56FD,nozzle,Nozzle,,366.0,149.0
C025-V-HO45-P-_F-001-01,S34F787BCA92CCD4C4248680803757E,instrument,ProcessInstrumentationFunction,,94.999,376.882
C025-V-HO45-P-_F-001-01,SAD47370ED3B14096DBF38315379833,signal_generator,ProcessSignalGeneratingFunction,,139.0,376.882
C025-V-HO45-P-_F-001-01,S72461AD8057DB4C2438FEDFD305DF3,instrument,ProcessInstrumentationFunction,,586.0,435.001
C025-V-HO45-P-_F-001-01,SAAB11C1CFB927C34E26AF030B0529A,actuating_function,ActuatingFunction,,574.0,413.0
C025-V-HO45-P-_F-001-01,S3C70DB43F57D937CA1706DEDFD9A14,instrument,ProcessInstrumentationFunction,,536.957,204.957
C025-V-HO45-P-_F-001-01,SEDDB389939DC04B2E823FB366795D1,signal_generator,ProcessSignalGeneratingFunction,,537.0,183.0
C025-V-HO45-P-_F-001-01,S82A3F350D53781F68533318D577D05,instrument,ProcessInstrumentationFunction,,414.957,204.957
C025-V-HO45-P-_F-001-01,S7BB4F74AC8B4467691DFF0AC60924C,signal_generator,ProcessSignalGeneratingFunction,,415.0,183.0
C025-V-HO45-P-_F-001-01,S7D067F07A02A7B04ECAF3506DDD6FF,instrument,ProcessInstrumentationFunction,,539.981,338.019
C025-V-HO45-P-_F-001-01,SE13A16C29A976D1664FDB10FACC342,actuating_function,ActuatingFunction,,540.0,314.0
C025-V-HO45-P-_F-001-01,S74C16C9BBADC03A84241D7EA3A62F2,instrument,ProcessInstrumentationFunction,,457.981,338.019
C025-V-HO45-P-_F-001-01,S3FA7A159E433A1D3E0658816FE40DB,actuating_function,ActuatingFunction,,458.0,314.0
C025-V-HO45-P-_F-001-01,S1FCB002F0A0FE79BBA7762CA3325B9,equipment,CustomEquipment,45-XJ50,353.0,393.0
C025-V-HO45-P-_F-001-01,SD098F6F68586992F1D90144B4C164D,nozzle,Nozzle,N3,346.0,406.0
C025-V-HO45-P-_F-001-01,SB788446E1920790ABA1D3F49E27527,nozzle,Nozzle,N2,399.0,380.0
C025-V-HO45-P-_F-001-01,SCFFE35F813D94023A0B2FB7674A137,nozzle,Nozzle,N1,336.0,380.0
C025-V-HO45-P-_F-001-01,S5E312D5AA25D82205D45A186284E4B,nozzle,Nozzle,,356.5,346.0
C025-V-HO45-P-_F-001-01,S8E46A79DF74584DCED7ED53701D038,nozzle,Nozzle,,333.5,346.0
C025-V-HO45-P-_F-001-01,SF6B76484F2598BD1FCC1D17823AB76,nozzle,Nozzle,,397.5,346.0
C025-V-HO45-P-_F-001-01,SBF2CE4B15E3CA0C68084C78A125DC5,nozzle,Nozzle,,340.5,346.0
C025-V-HO45-P-_F-001-01,SA81900CD341B510B5466D885A9E73F,nozzle,Nozzle,,378.5,346.0
C025-V-HO45-P-_F-001-01,SA85932AAA57F7ACC4C44872EA76AE1,equipment,CustomEquipment,45-XW50,231.0,342.5
C025-V-HO45-P-_F-001-01,S2DEE215DD7F19DBE72BF75B98A371D,nozzle,Nozzle,N003,238.0,387.0
C025-V-HO45-P-_F-001-01,SDFEB36C398BBFA45D298A25A882E36,nozzle,Nozzle,N006,169.0,387.0
C025-V-HO45-P-_F-001-01,S240730083DF1F65472243FE3E9641F,nozzle,Nozzle,N007,147.0,264.074
C025-V-HO45-P-_F-001-01,S8D3F28F3B997AD380AC48BBEEEE436,nozzle,Nozzle,N009,236.0,248.0
C025-V-HO45-P-_F-001-01,S6E1D862E05F290FDDD38D2A660197B,nozzle,Nozzle,N001,147.0,280.391
C025-V-HO45-P-_F-001-01,SF4470797A82D373BEEF833492F5DD5,nozzle,Nozzle,N005,253.0,248.0
C025-V-HO45-P-_F-001-01,S2FAB85CF1B8A90988CA8E36D2E13E8,nozzle,Nozzle,N010,147.0,344.336
C025-V-HO45-P-_F-001-01,S5E31F1C2500BBD89652F8875BD0911,nozzle,Nozzle,N004,217.0,248.0
C025-V-HO45-P-_F-001-01,S86111185659E5C7E2E849622B26091,nozzle,Nozzle,N002,271.0,380.0
C025-V-HO45-P-_F-001-01,S1CE0E5E212516A8AEDB6686B637A24,nozzle,Nozzle,N008,158.0,248.0
C025-V-HO45-P-_F-001-01,SD99397D8ED064E3C54FD387E1930F8,nozzle,Nozzle,,139.0,376.882
C025-V-HO45-P-_F-001-01,SE28ADAC4FBEBE2E13923726B6FA600,nozzle,Nozzle,,149.0,395.0
C025-V-HO45-P-_F-001-01,SC99A6781FF6CE67AAB3ECB432BD20B,nozzle,Nozzle,,255.0,395.0
C025-V-HO45-P-_F-001-01,SE3728E5778319305CFF6FD42E43332,nozzle,Nozzle,,270.0,395.0
C025-V-HO45-P-_F-001-01,S34E3D51580753638FA3A16C43FA9D5,piping_system,PipingNetworkSystem,,267.75,228.001
C025-V-HO45-P-_F-001-01,S748CC5D5FD3FEB489A7DD265857A8C,piping_segment,PipingNetworkSegment,,267.75,228.001
C025-V-HO45-P-_F-001-01,SBF88750B19297C7E31963AC7D14A71,piping_system,PipingNetworkSystem,,361.75,424.001
C025-V-HO45-P-_F-001-01,S4A6A60E785384B5FF98D5B274A1469,piping_segment,PipingNetworkSegment,,361.75,424.001
C025-V-HO63-P-_U-001-01,S8DD6D3101B9C78FD635946E799DC70,nozzle,Nozzle,,0.0,0.0
C025-V-HO63-P-_U-001-01,SE9F80CC0645ABAF5679F1E09D9D810,equipment,CustomEquipment,,0.0,0.0
C025-V-HO63-P-_U-001-01,SA80C52BA626E90DF026E900FD62A71,instrument,ProcessInstrumentationFunction,,0.0,0.0
C025-V-HO63-P-_U-001-01,S2D1AEBC248E948E972F6365C85B93B,pipe_off_page,FlowOutPipeOffPageConnector,,0.0,0.0
C025-V-HO63-P-_U-001-01,SE9F80CC0645ABAF5679F1E09D9D8101,equipment,CustomEquipment,,0.0,0.0
C025-V-HO63-P-_U-001-01,S383A76904C156B7931AD7830399011,piping_component,PipeFitting,,0.0,0.0
C025-V-HO63-P-_U-001-01,S1F7BE595C2B79027EB18334F586346,piping_component,GlobeValve,,0.0,0.0
C025-V-HO63-P-_U-001-01,S18325E852C5BEF747F29A83469B0FA,pipe_off_page,FlowInPipeOffPageConnector,,0.0,0.0
C025-V-HO63-P-_U-001-01,SE6C3C1242E85F951C9FC05F6EF1453,equipment,CustomEquipment,,0.0,0.0
C025-V-HO63-P-_U-001-01,S13255AEEAE6B29D5930C6024E8AAA7,piping_component,PipeReducer,,0.0,0.0
C025-V-HO63-P-_U-001-01,S5EEE7AA765FF4406EDFD1EEDC2B680,piping_component,Funnel,,0.0,0.0
C025-V-HO63-P-_U-001-01,S6B1AE5A819C9B66792421EC11A862C,nozzle,Nozzle,,0.0,0.0
C025-V-HO63-P-_U-001-01,S2DBF94F9ED82A44B06511CF70D1A12,piping_component,BallValve,,0.0,0.0
C025-V-HO63-P-_U-001-01,S26B2876E43814B1329C22CAE7274B4,piping_component,BallValve,,0.0,0.0
C025-V-HO63-P-_U-001-01,SF72FE5B9DAD6527DE68ABD34FB3C3F,piping_component,GateValve,,0.0,0.0
C025-V-HO63-P-_U-001-01,S2B060BEF5E825A2E271F085680FFFA,equipment,CustomEquipment,,0.0,0.0
C025-V-HO63-P-_U-001-01,S4259218352034F7657F767D1FAFCF5,piping_component,PipeFitting,,0.0,0.0
C025-V-HO63-P-_U-001-01,S2A8439FC806B9309A705F8028EDC2C,piping_component,FlangedConnection,,0.0,0.0
C025-V-HO63-P-_U-001-01,S75469B26063A40A787A302E2577333,piping_component,PipeTee,,0.0,0.0
C025-V-HO63-P-_U-001-01,SF75CE889DBEC03440E4E078FF19821,piping_system,PipingNetworkSystem,,1147.264,228.125
C025-V-HO63-P-_U-001-01,SAD5CC4AE9493508DBFEF6BBD558F95,piping_segment,PipingNetworkSegment,"2""-WS-504726-AT750-4",1208.291,224.0
C025-V-HO63-P-_U-001-01,SC1D5B0AD4AEC100DDE351F271CEF92,piping_component,GateValve,50-4595WS,1134.041,224.0
C025-V-HO63-P-_U-001-01,SDBB0C5323DE30001F5E75BF612396B,pipe_off_page,FlowOutPipeOffPageConnector,,1291.541,224.0
C025-V-HO63-P-_U-001-01,S117669ED34DAA187A1BF53CA4A1CE7,piping_segment,PipingNetworkSegment,"2""-WS-504726-AT750-4",1086.238,232.253
C025-V-HO63-P-_U-001-01,SAEBF78C86E0CEAACB3529654566890,piping_component,PipeReducer,,1091.042,224.006
C025-V-HO63-P-_U-001-01,SE622577369FD246BDCACDDDAD064F6,piping_segment,PipingNetworkSegment,"2""-WS-504726-AT750-4",1106.987,223.997
C025-V-HO63-P-_U-001-01,S99FD2CB47AB76A1C9432D74A96A682,piping_component,GlobeValve,50-4596WS,1104.041,223.999
C025-V-HO63-P-_U-001-01,SC0323843A89E32FB61529ECD746EDC,piping_component,PipeReducer,,1117.04,223.994
C025-V-HO63-P-_U-001-01,S84AB89B0CE8A454F017EF3AAB0D619,piping_system,PipingNetworkSystem,,699.541,310.0
C025-V-HO63-P-_U-001-01,S502964C8A06023DBBB3E4738CAA752,piping_segment,PipingNetworkSegment,"1""-AI-634650-AS200-0",699.541,310.0
C025-V-HO63-P-_U-001-01,SD4A0D33716A97BD5BBC036859F0AAD,piping_component,FlangedConnection,,676.041,310.0
C025-V-HO63-P-_U-001-01,S39EB2EB74E3FC0FCBFAE9509795BBD,piping_component,BallValve,63-4481AI,680.041,310.0
C025-V-HO63-P-_U-001-01,SE684777F37CE8F7413E33910B74D48,piping_system,PipingNetworkSystem,,831.529,336.125
C025-V-HO63-P-_U-001-01,S79F46731CC5B96E52562C921F58643,piping_segment,PipingNetworkSegment,"2""-AI-634648-AS200-0",841.541,331.0
C025-V-HO63-P-_U-001-01,SBAC5C285A9DAAB387FF64F26F5E4BA,piping_component,PipeTee,,849.041,331.0
C025-V-HO63-P-_U-001-01,S6131D6D26B13FAB3EB7275E7C94800,piping_segment,PipingNetworkSegment,"2""-AI-634648-AS200-0",858.018,331.0
C025-V-HO63-P-_U-001-01,S4709F9C05909B055A9311E0AF3D36C,piping_component,FlangedConnection,,861.494,331.0
C025-V-HO63-P-_U-001-01,S818A536A2DF2BDEF2194EC99DAF904,piping_segment,PipingNetworkSegment,"2""-AI-634648-AS200-0",819.041,341.25
C025-V-HO63-P-_U-001-01,SF328407373B3D06B460C06096AD2CA,piping_component,FlangedConnection,,819.041,347.0
C025-V-HO63-P-_U-001-01,S1C0FF4A43E90F5696EEA6589501BAC,piping_component,BallValve,63-4479AI,819.041,343.0
C025-V-HO63-P-_U-001-01,S4B84EB8FF11A8286B2A1AAF6092C7C,piping_segment,PipingNetworkSegment,"2""-AI-634648-AS200-0",805.041,331.0
C025-V-HO63-P-_U-001-01,S8C3FA1325CF38B7FE129368819CF3A,piping_component,PipeTee,,819.041,331.0
C025-V-HO63-P-_U-001-01,S1A98482E530376D6487F7AAF91D93E,piping_segment,PipingNetworkSegment,"2""-AI-634648-AS200-0",849.041,341.25
C025-V-HO63-P-_U-001-01,SF74B0BED90CF5905796FE54D35177A,piping_component,FlangedConnection,,849.041,347.0
C025-V-HO63-P-_U-001-01,S5F6BCDA67B3DAD3168A7BF959A3F1B,piping_component,BallValve,63-4480AI,849.041,343.0
C025-V-HO63-P-_U-001-01,S58C8CB57EEE68C98D2EF8FCFD188F9,piping_system,PipingNetworkSystem,,903.21,497.0
C025-V-HO63-P-_U-001-01,SEF471121166B612E17F92337042E70,piping_segment,PipingNetworkSegment,"2""-AI-634516-AS200-0",810.791,540.0
C025-V-HO63-P-_U-001-01,S2BABF3EAB246C198BC925AB61E33E0,piping_segment,PipingNetworkSegment,"2""-AI-634516-AS200-0",948.041,546.5
C025-V-HO63-P-_U-001-01,S7E5CE41FC7E155E41373361C9A19E8,piping_component,FlangedConnection,,948.041,553.0
C025-V-HO63-P-_U-001-01,S10CA2901ADC0968230B52FC035F59D,piping_component,BallValve,63-4489AI,948.041,549.0
C025-V-HO63-P-_U-001-01,S404767D9FD13DEF634E4E7D67F2E75,piping_component,PipeTee,,948.041,540.0
C025-V-HO63-P-_U-001-01,S6829B406B26DB7617CAE9A182A5983,piping_segment,PipingNetworkSegment,"2""-AI-634516-AS200-0",973.041,546.5
C025-V-HO63-P-_U-001-01,S7E4407934C879CC945DE15B09B4F32,piping_component,FlangedConnection,,973.041,553.0
C025-V-HO63-P-_U-001-01,SE3CF371FB8EC4DA455F65D08E6554E,piping_component,BallValve,63-4490AI,973.041,549.0
C025-V-HO63-P-_U-001-01,S79532C349EA4CB3862E933D395B6BE,piping_component,PipeTee,,973.041,540.0
C025-V-HO63-P-_U-001-01,SA84751A274BD31DFED1DC1FC675295,piping_segment,PipingNetworkSegment,"2""-AI-634516-AS200-0",960.541,540.0
C025-V-HO63-P-_U-001-01,S8A24CD92A12C0FA94F8CDD05C96604,piping_segment,PipingNetworkSegment,"2""-AI-634516-AS200-0",995.629,447.5
C025-V-HO63-P-_U-001-01,SD7ADFD2028F89A3EF43FB2E99819F4,piping_component,PipeFitting,,1004.325,412.0
C025-V-HO63-P-_U-001-01,S26165D08D56DA75404D565061C5BC3,piping_component,BallValve,63-4483AI,1000.825,423.0
C025-V-HO63-P-_U-001-01,S190426D354566D673F9A65FE6B7347,piping_system,PipingNetworkSystem,,1031.791,480.0
C025-V-HO63-P-_U-001-01,SB2DF755CDA5CD2EAB46793E02E4746,piping_segment,PipingNetworkSegment,"1""-AI-634635-AS200-0",1031.791,480.0
C025-V-HO63-P-_U-001-01,SB475A43BB04E8A18B7C88C8CD77B70,piping_component,BallValve,63-4476AI,784.041,480.0
C025-V-HO63-P-_U-001-01,S33FA6B1FD9888E1BDDFC8667C4A4E7,pipe_off_page,FlowOutPipeOffPageConnector,,1291.541,480.0
C025-V-HO63-P-_U-001-01,S83C5D224316F894235696BED5C3CB8,piping_system,PipingNetworkSystem,,1031.791,501.0
C025-V-HO63-P-_U-001-01,S886074ECECA9A5B5F1267D610884F7,piping_segment,PipingNetworkSegment,"1""-AI-634649-AS200-0",1031.791,501.0
C025-V-HO63-P-_U-001-01,S189C7D948235EE43F5A1FC219EA157,piping_component,BallValve,63-4475AI,784.041,501.0
C025-V-HO63-P-_U-001-01,SAED87A5286B14A02CFED9FFBCB2A97,pipe_off_page,FlowOutPipeOffPageConnector,,1291.541,501.0
C025-V-HO63-P-_U-001-01,SCBE04C96DB9C67BCFAAE12F54D53A3,piping_system,PipingNetworkSystem,,699.541,280.0
C025-V-HO63-P-_U-001-01,SEFF25B1F31FECC09DE89474025B7F8,piping_segment,PipingNetworkSegment,"1""-AI-634651-AS200-0",699.541,280.0
C025-V-HO63-P-_U-001-01,SA96D5B264F595EB420BFDFCA31257C,piping_component,FlangedConnection,,676.041,280.0
C025-V-HO63-P-_U-001-01,SD4A0336EBDA36598924CAC71A635BB,piping_component,BallValve,63-4482AI,680.041,280.0
C025-V-HO63-P-_U-001-01,S3D73A3E1C8A986642514C81BFC0944,piping_system,PipingNetworkSystem,,875.041,349.25
C025-V-HO63-P-_U-001-01,SDBC583AFBDE292258626A990527B3D,piping_segment,PipingNetworkSegment,"2""-AI-634632-AS200-0",763.041,533.5
C025-V-HO63-P-_U-001-01,SE76974120F1EAA57C036400BF3007C,piping_segment,PipingNetworkSegment,"2""-AI-634632-AS200-0",780.041,390.0
C025-V-HO63-P-_U-001-01,SD895EBA5F8F103BD6F3D7F57C93F5E,piping_component,BallValve,63-4478AI,784.041,390.0
C025-V-HO63-P-_U-001-01,SC8018EAE3E9521FB7B756C83C8E3BE,piping_component,FlangedConnection,,788.041,390.0
C025-V-HO63-P-_U-001-01,SBE75582E03493735156797DAA05928,piping_segment,PipingNetworkSegment,"2""-AI-634632-AS200-0",763.041,396.5
C025-V-HO63-P-_U-001-01,S24B4A55A69763217129F3DAB273F5A,piping_component,PipeTee,,763.041,390.0
C025-V-HO63-P-_U-001-01,S4591CCAC974F3E3325727195D14744,piping_segment,PipingNetworkSegment,"2""-AI-634632-AS200-0",1027.291,155.5
C025-V-HO63-P-_U-001-01,SC1A47D810BDA592724451B723E5509,pipe_off_page,FlowOutPipeOffPageConnector,,1291.541,114.0
C025-V-HO63-P-_U-001-01,S86598EAA25100CB2A50F94147BBDC9,piping_segment,PipingNetworkSegment,"2""-AI-634632-AS200-0",763.041,345.75
C025-V-HO63-P-_U-001-01,S326A4CC431782101DA6A869B1EEAEC,piping_component,PipeTee,,763.041,331.0
C025-V-HO63-P-_U-001-01,SE001C9A4C2488AE577FD824694F0EF,piping_segment,PipingNetworkSegment,"2""-AI-634632-AS200-0",763.041,287.5
C025-V-HO63-P-_U-001-01,SA117605DE3F5952C07DF5DDA4DA2E5,piping_component,PipeTee,,763.041,280.0
C025-V-HO63-P-_U-001-01,SD3DBFAD9EEC567E62F1B5FE544FFC4,piping_segment,PipingNetworkSegment,"2""-AI-634632-AS200-0",775.541,527.0
C025-V-HO63-P-_U-001-01,S1DADE3BBB1C479070858DD8257C198,piping_component,FlangedConnection,,788.041,527.0
C025-V-HO63-P-_U-001-01,SF8FA2729EB86273C1D106B1F9919F2,piping_component,BallValve,63-4474AI,784.041,527.0
C025-V-HO63-P-_U-001-01,SBB1157150C345E42951589DCB3658C,piping_component,PipeTee,,763.041,527.0
C025-V-HO63-P-_U-001-01,S3F39DA903D0639FA03A0E0B26FF79C,piping_segment,PipingNetworkSegment,"2""-AI-634632-AS200-0",722.791,543.0
C025-V-HO63-P-_U-001-01,S66C7103829ACF3EB9B56D5094C479E,pipe_off_page,FlowInPipeOffPageConnector,,682.541,546.0
C025-V-HO63-P-_U-001-01,SD0FF799E2A241A78D1EA5456747200,piping_component,PipeTee,,763.041,540.0
C025-V-HO63-P-_U-001-01,SF9CD617716B5853357E0A58C733EC9,piping_segment,PipingNetworkSegment,"2""-AI-634632-AS200-0",780.041,416.0
C025-V-HO63-P-_U-001-01,S2037F4898729845E7627AD1B2AAA2A,piping_component,FlangedConnection,,788.041,416.0
C025-V-HO63-P-_U-001-01,SE6E04F673315F48473B67994C614A7,piping_component,BallValve,63-4477AI,784.041,416.0
C025-V-HO63-P-_U-001-01,S95F05E791643DD0891E7FB5FE9B0E6,piping_segment,PipingNetworkSegment,"2""-AI-634632-AS200-0",763.041,507.5
C025-V-HO63-P-_U-001-01,S424C62E5F42DE045D46ECE938C34D8,piping_component,PipeTee,,763.041,501.0
C025-V-HO63-P-_U-001-01,S9A06BC12243596BEE5A89676E1B1EC,piping_segment,PipingNetworkSegment,"2""-AI-634632-AS200-0",763.041,485.25
C025-V-HO63-P-_U-001-01,S338952A0707E56497D55B1F44DF64F,piping_component,PipeTee,,763.041,480.0
C025-V-HO63-P-_U-001-01,S6760210503B75F18B1670548AF4890,piping_segment,PipingNetworkSegment,"2""-AI-634632-AS200-0",763.041,432.0
C025-V-HO63-P-_U-001-01,SA3DCBD1B8AF2E37D837C93DF097A91,piping_component,PipeTee,,763.041,416.0
C025-V-HO63-P-_U-001-01,S7D258E43F9DE69D268CCBAFD89CAC8,piping_segment,PipingNetworkSegment,"2""-AI-634632-AS200-0",763.041,315.25
C025-V-HO63-P-_U-001-01,S7C4D504E045C56B3AD5A0DE8D3579D,piping_component,PipeTee,,763.041,310.0
C025-V-HO63-P-_U-001-01,S7F3F99B81CA13324E14B5001EE3350,piping_system,PipingNetworkSystem,,1181.291,430.75
C025-V-HO63-P-_U-001-01,S455F2AF9CD8F669902C5676BD88855,piping_segment,PipingNetworkSegment,"2""-WS-504725-AD750-4",1181.291,430.75
C025-V-HO63-P-_U-001-01,SE7BFFA32BA6EB7DDD7FBE88C01FAB3,pipe_off_page,FlowInPipeOffPageConnector,,1291.541,446.0
C025-V-HO63-P-_U-001-01,S5AA8F019287862832831D7D2D4EECC,piping_component,GateValve,50-4594WS,1071.041,423.0
C025-V-HO63-P-_U-001-01,S34AD1937A7C08E284A7A1DA69DEE3C,piping_system,PipingNetworkSystem,,1115.041,182.906
C025-V-HO63-P-_U-001-01,S8FF4AF7E29D5594567D9986DC3C0DF,piping_segment,PipingNetworkSegment,"2""-DO-564732-AS200-0",1219.041,171.0
C025-V-HO63-P-_U-001-01,S846BCF1EF74471C0A432B88CB39B1A,pipe_off_page,FlowOutPipeOffPageConnector,,1291.541,162.0
C025-V-HO63-P-_U-001-01,S3A54C14E15FC6A6E34D9C55DBC2514,piping_segment,PipingNetworkSegment,"2""-DO-564732-AS200-0",1021.649,179.481
C025-V-HO63-P-_U-001-01,SF4BDADCE4AEE1375D4DDD36B5C03AB,piping_component,PipeTee,,1025.041,183.0
C025-V-HO63-P-_U-001-01,SD8E67EB505145A9996D0401598B05E,piping_segment,PipingNetworkSegment,"2""-DO-564732-AS200-0",1011.15,197.563
C025-V-HO63-P-_U-001-01,S871C955B1597E6A5C48243A634C4E2,piping_component,PipeFitting,,1011.041,185.0
C025-V-HO63-P-_U-001-01,SE03A3041929FEC378531D631CD2970,piping_component,PipeFitting,,1011.041,181.0
C025-V-HO63-P-_U-001-01,S2A0A18984BCC27F7E0169BFA529496,piping_component,PipeTee,,1011.258,174.126
C025-V-HO63-P-_U-001-01,S2378E122A72472FFBAEC8E273B5BE6,piping_segment,PipingNetworkSegment,"2""-DO-564732-AS200-0",1011.041,168.25
C025-V-HO63-P-_U-001-01,S8CEA405BEEA438BAC43CC1D75743B3,piping_component,FlangedConnection,,1011.041,166.0
C025-V-HO63-P-_U-001-01,SC5C979691BE6B6B72464F649081FBE,piping_system,PipingNetworkSystem,,917.541,196.125
C025-V-HO63-P-_U-001-01,S979DC062CD9E50402D0823A40C1E8F,piping_segment,PipingNetworkSegment,"2""-DO-564731-AS200-0",981.041,183.0
C025-V-HO63-P-_U-001-01,S26296561D7D158AA5521A69260BC6F,piping_segment,PipingNetworkSegment,"2""-DO-564731-AS200-0",854.041,209.25
C025-V-HO63-P-_U-001-01,S700E2032F032D8EA7D7C98D2CC5874,piping_component,Funnel,,854.041,228.0
C025-V-HO63-P-_U-001-01,S7893AE11B904ED2716DFCC984B716C,piping_component,PipeTee,,854.041,183.0
C025-V-HO63-P-_U-001-01,S63F941CDA43F096E383EBC86CABCD1,piping_system,PipingNetworkSystem,,837.541,210.75
C025-V-HO63-P-_U-001-01,S772247355103DD7B3F500694F35669,piping_segment,PipingNetworkSegment,"2""-DO-564730-AS200-0",837.541,210.75
C025-V-HO63-P-_U-001-01,S2B2F4DA76D043E0F44DEFEF857D65A,piping_component,Funnel,,832.041,228.0
C025-V-HO63-P-_U-001-01,S4713A927C214F3F9497E4DD9FE49EC,piping_system,PipingNetworkSystem,,963.042,188.0
C025-V-HO63-P-_U-001-01,S46E18B4EB01EBB3C31FC086AB195E4,piping_segment,PipingNetworkSegment,,963.042,188.0
C025-V-HO63-P-_U-001-01,S39BEE5E2D909F82BAD49456819E1FC,piping_system,PipingNetworkSystem,,1006.041,195.001
C025-V-HO63-P-_U-001-01,S179D8B6CFEEC649BC8C879CA54D09C,piping_segment,PipingNetworkSegment,,1006.041,195.001
C025-V-HO63-P-_U-001-01,SC2B95646834635D96E6AC1EE5A000C,equipment,CustomEquipment,63-JX061,974.172,564.475
C025-V-HO63-P-_U-001-01,SF4113BD5415CDCDFBA08FA9590B0B4,nozzle,Nozzle,,974.172,564.475
C025-V-HO63-P-_U-001-01,SF80E3549EF00460AF68556360C460D,equipment,CustomEquipment,63-JX060,949.172,564.475
C025-V-HO63-P-_U-001-01,SD69F9D54E4E6C260F6FF51EBA7E7FE,nozzle,Nozzle,,949.172,564.475
C025-V-HO63-P-_U-001-01,S16E611D411CACD7B7F46DA788F3A2F,equipment,CustomEquipment,63-JX057,664.516,278.869
C025-V-HO63-P-_U-001-01,SB320B134F362926FEDD52E6DD18522,nozzle,Nozzle,,664.516,278.869
C025-V-HO63-P-_U-001-01,S38EFC6E90B3C3995722772C1D7B90A,equipment,CustomEquipment,63-JX055,850.172,358.475
C025-V-HO63-P-_U-001-01,S39677D52BDB30B7852B1855768116E,nozzle,Nozzle,,850.172,358.475
C025-V-HO63-P-_U-001-01,SD3BA18BD7ECF941C27D17CC6533B7A,equipment,CustomEquipment,63-JX054,820.172,358.475
C025-V-HO63-P-_U-001-01,S7042A3E1EEE528418BA0FFB943B7FC,nozzle,Nozzle,,820.172,358.475
C025-V-HO63-P-_U-001-01,S87BF24DCD52039CF4F505025E5AEEA,equipment,CustomEquipment,63-JX053,800.516,388.869
C025-V-HO63-P-_U-001-01,S7251FC4BF312C93086A23C4703A958,nozzle,Nozzle,,800.516,388.869
C025-V-HO63-P-_U-001-01,S268E11D8DF013EEF22AE30E8B166BC,equipment,CustomEquipment,63-JX051,800.516,525.869
C025-V-HO63-P-_U-001-01,S298C87F2F8E4252A867151E10B1A6F,nozzle,Nozzle,,800.516,525.869
C025-V-HO63-P-_U-001-01,S3E6432EDA35B4539347223A7FEC8FC,equipment,CustomEquipment,63-KC051,1041.325,334.0
C025-V-HO63-P-_U-001-01,S64167975B11179350CAA0EF9D35B1C,nozzle,Nozzle,N3,1073.825,266.0
C025-V-HO63-P-_U-001-01,SC0DB2D43D0B4FAA4ABB47F0741D803,nozzle,Nozzle,N2,1071.041,402.0
C025-V-HO63-P-_U-001-01,SC793FEEC5E752F25B75D9FA81904C1,nozzle,Nozzle,N4,1011.041,266.0
C025-V-HO63-P-_U-001-01,S10B3CF3ADE364C280CA49AF6394940,nozzle,Nozzle,N1,1000.825,402.0
C025-V-HO63-P-_U-001-01,S370348DD08A8044971DC3717D4D2BD,equipment,CustomEquipment,77-GA53,827.041,260.0
C025-V-HO63-P-_U-001-01,SBC1C305509A47DEB2D2CB727EA5E10,nozzle,Nozzle,,854.041,239.0
C025-V-HO63-P-_U-001-01,S4D852BA30D3D31C2344901D6FD18AF,nozzle,Nozzle,,832.041,239.0
C025-V-HO63-P-_U-001-01,SAEE75EDB5AB4B3AFCD30EB4B8E697C,piping_system,PipingNetworkSystem,,1032.042,202.0
C025-V-HO63-P-_U-001-01,SFBDB13D9C3D113E96E346753CF62E0,piping_segment,PipingNetworkSegment,,1032.042,202.0
C025-V-HO64-P-_U-001-01,S47A7094506A71A39955B98E2D76515,nozzle,Nozzle,,0.0,0.0
C025-V-HO64-P-_U-001-01,S22F1CD69AE13D0362A80251B6920F8,equipment,CustomEquipment,,0.0,0.0
C025-V-HO64-P-_U-001-01,SFD02FC4972AFDE1C0C9D3821A5AA6B,instrument,ProcessInstrumentationFunction,,0.0,0.0
C025-V-HO64-P-_U-001-01,S2A2D5FDFC1CCCF69FFE59132BF7B19,pipe_off_page,FlowInPipeOffPageConnector,,0.0,0.0
C025-V-HO64-P-_U-001-01,S1B72E66C6DAB5C30A1AF65EBEC03CF,pipe_off_page,FlowOutPipeOffPageConnector,,0.0,0.0
C025-V-HO64-P-_U-001-01,SAA0F9338F7B7694BFA64EF43E4BE26,piping_component,PipeReducer,,0.0,0.0
C025-V-HO64-P-_U-001-01,SD97A8ECE7F10AF173466B03AD9E9BB,nozzle,Nozzle,,0.0,0.0
C025-V-HO64-P-_U-001-01,S482A87558E80EDCD1FC8B1803C143C,nozzle,Nozzle,,0.0,0.0
C025-V-HO64-P-_U-001-01,S5FF598D1FDE6BCA994ABA2739E9C0F,instrument,ProcessInstrumentationFunction,,0.0,0.0
C025-V-HO64-P-_U-001-01,S3DFBD17F7729B8CA633A7F4F5C9E6B,instrument,ProcessInstrumentationFunction,,0.0,0.0
C025-V-HO64-P-_U-001-01,SB119C5809DCCA6FD1827C6F991A2E7,piping_component,CustomPipingComponent,,0.0,0.0
C025-V-HO64-P-_U-001-01,S59D6CE96ECFAB90C55727F19BB0C6F,equipment,CustomEquipment,,0.0,0.0
C025-V-HO64-P-_U-001-01,S3173B118AEC85CEDBFF63D3FCCFC3B,piping_component,FlangedConnection,,0.0,0.0
C025-V-HO64-P-_U-001-01,S5FC4D20AC2778EE775CCBC6E47E947,instrument_loop,InstrumentationLoopFunction,,276.773,495.442
C025-V-HO64-P-_U-001-01,S1918DC7719346B0734BDEDEF717907,instrument_loop,InstrumentationLoopFunction,,310.835,495.441
C025-V-HO64-P-_U-001-01,S2BC51F1DC6E6F3625D4FD0826D49CE,piping_system,PipingNetworkSystem,,474.277,310.25
C025-V-HO64-P-_U-001-01,S492D77ADA114FDB492554A6CA3B4CD,piping_segment,PipingNetworkSegment,"1""-DO-564694-AS200-0",412.026,326.25
C025-V-HO64-P-_U-001-01,SBE8D1E9F89CECD9CDFA130CBE89743,piping_component,PipeReducer,,411.994,324.0
C025-V-HO64-P-_U-001-01,S66505D9704797007D1E49BF7CD1632,piping_segment,PipingNetworkSegment,"1""-DO-564694-AS200-0",536.528,294.25
C025-V-HO64-P-_U-001-01,S482E110EE8D626E03D9B046F8A2D4F,pipe_off_page,FlowOutPipeOffPageConnector,,661.0,285.0
C025-V-HO64-P-_U-001-01,S789D75F70B66A2FF91BC988F9AB792,piping_system,PipingNetworkSystem,,364.0,490.0
C025-V-HO64-P-_U-001-01,S517C78CEEA3F87B80D1B1BA2AA74D1,piping_segment,PipingNetworkSegment,"3""-VA-434622-AS200-0",364.0,490.0
C025-V-HO64-P-_U-001-01,SC26290A6A8BD983742099D80FF3756,piping_component,CustomPipingComponent,,364.0,502.0
C025-V-HO64-P-_U-001-01,S18D6B3D7632386467983C854C8D66C,piping_system,PipingNetworkSystem,,539.152,352.001
C025-V-HO64-P-_U-001-01,S8627F42CF99B0F993355D4BEBFC099,piping_segment,PipingNetworkSegment,"1""-GI-644643-ED200-4",608.076,352.0
C025-V-HO64-P-_U-001-01,S68093291173FE4AD486BCD711724A3,pipe_off_page,FlowOutPipeOffPageConnector,,661.0,352.0
C025-V-HO64-P-_U-001-01,S29232FDFF4C07154D5EC45C93662D7,piping_segment,PipingNetworkSegment,"1""-GI-644643-ED200-4",470.229,352.003
C025-V-HO64-P-_U-001-01,S494314D7454E8FD0893D5339D9A410,piping_component,PipeReducer,,472.305,352.006
C025-V-HO64-P-_U-001-01,S21DA33EE25A30420E44DCE00AC75B2,piping_system,PipingNetworkSystem,,208.523,391.999
C025-V-HO64-P-_U-001-01,SCA569C26EC2BB3F224EEF954B87189,piping_segment,PipingNetworkSegment,"2""-AI-634632-AS200-0",157.735,391.997
C025-V-HO64-P-_U-001-01,S426F81F965E18448BFC2A7DB041C06,pipe_off_page,FlowInPipeOffPageConnector,,60.85,392.0
C025-V-HO64-P-_U-001-01,S1E0A0BEAF57C858C1FA64CFA32A215,piping_component,PipeReducer,,254.62,391.994
C025-V-HO64-P-_U-001-01,SE55548FEFCBBB7A2697FDF6452751A,piping_segment,PipingNetworkSegment,"2""-AI-634632-AS200-0",259.31,392.0
C025-V-HO64-P-_U-001-01,SF656517AEAF3C6BF2A984E24572D2E,piping_system,PipingNetworkSystem,,539.152,402.001
C025-V-HO64-P-_U-001-01,SA158AD8CA1C7D80BFF5CA9B1AF88C8,piping_segment,PipingNetworkSegment,"1""-GI-644644-AS200-0",470.229,402.003
C025-V-HO64-P-_U-001-01,SC94FF2563708EF6094F639D8933D92,piping_component,PipeReducer,,472.305,402.006
C025-V-HO64-P-_U-001-01,S6F43525AB293ECAB06510FF6E714A2,piping_segment,PipingNetworkSegment,"1""-GI-644644-AS200-0",608.076,402.0
C025-V-HO64-P-_U-001-01,SC6CCBEF1A4D79D9BF52B355A4A3F05,pipe_off_page,FlowOutPipeOffPageConnector,,661.0,402.0
C025-V-HO64-P-_U-001-01,SD3221A613FE121C66D34E27CC78A5E,piping_system,PipingNetworkSystem,,358.0,253.197
C025-V-HO64-P-_U-001-01,S9B8AAF09283E3DA6D82BED338ED723,piping_segment,PipingNetworkSegment,"1""-GI-644660-TS31A-0",358.0,253.197
C025-V-HO64-P-_U-001-01,S5FCD50518A21AD0FC7C3DBA7D56FE0,piping_system,PipingNetworkSystem,,358.001,310.202
C025-V-HO64-P-_U-001-01,S93401E20BA029320161346AA0051D9,piping_segment,PipingNetworkSegment,"1""-GI-644659-TS31A-0",358.003,293.357
C025-V-HO64-P-_U-001-01,S4C2050B7A4BA54AD137361DAA1C54A,piping_component,FlangedConnection,,358.0,267.526
C025-V-HO64-P-_U-001-01,S9379F8A61C16103A03373A8AD3EFB2,piping_component,PipeReducer,,358.005,319.189
C025-V-HO64-P-_U-001-01,SB88A655C456AF75F6D2C3B4107C661,piping_segment,PipingNetworkSegment,"1""-GI-644659-TS31A-0",358.0,327.047
C025-V-HO64-P-_U-001-01,S46C38D6638D47D59295753BBBDBFC0,piping_system,PipingNetworkSystem,,413.588,267.454
C025-V-HO64-P-_U-001-01,SC1967373D50E703E0846002CA887DF,piping_segment,PipingNetworkSegment,,413.588,267.454
C025-V-HO64-P-_U-001-01,S60A821F55D688A7E1D4EAB3E3214FE,instrument,ProcessInstrumentationFunction,,276.773,495.442
C025-V-HO64-P-_U-001-01,SEEDCBCA0EDC4C2C7CFADA2FD9FE452,signal_generator,ProcessSignalGeneratingFunction,,276.773,453.0
C025-V-HO64-P-_U-001-01,S7BCB5E2CB33FC7EAE791AC36AC1FF6,instrument,ProcessInstrumentationFunction,,310.835,495.441
C025-V-HO64-P-_U-001-01,SB4518CFA9C43CE1F8911925C0D0980,signal_generator,ProcessSignalGeneratingFunction,,310.834,453.0
C025-V-HO64-P-_U-001-01,S87708764E9D3C4258D3B03F0C98468,equipment,CustomEquipment,64-XX52,355.0,400.5
C025-V-HO64-P-_U-001-01,SE57D75636490651323A1543D7B295E,nozzle,Nozzle,N2,364.0,445.0
C025-V-HO64-P-_U-001-01,S3E26AE157369803F2F3B5AF0C9E921,nozzle,Nozzle,N4,457.0,352.0
C025-V-HO64-P-_U-001-01,S1D695315E02C476CB4E3EEED2820C6,nozzle,Nozzle,N8,457.0,418.0
C025-V-HO64-P-_U-001-01,SB8F35B90AB700535C02EE5866F59CF,nozzle,Nozzle,N7,457.0,431.0
C025-V-HO64-P-_U-001-01,SB44768B6123FAC48FA939A8BD46A1C,nozzle,Nozzle,N1,271.0,392.0
C025-V-HO64-P-_U-001-01,S46948407ECC1D7F775D4E2C3F37C0F,nozzle,Nozzle,N5,412.057,339.915
C025-V-HO64-P-_U-001-01,SAA58B210325367620C6F78EE8B67B7,nozzle,Nozzle,N6,358.0,339.915
C025-V-HO64-P-_U-001-01,SA11E944CFAED359A89F84E52AFC854,nozzle,Nozzle,N3,457.0,402.0
C025-V-HO64-P-_U-001-01,SA22FC27E7B38DF02D89F3722677C3B,nozzle,Nozzle,,276.773,453.0
C025-V-HO64-P-_U-001-01,S142119FD0BF086C5854A1F680B56CF,nozzle,Nozzle,,310.834,453.0
C025-V-HO64-P-_U-001-01,SA8851612809F2179ECA949BBB8F3E0,equipment,CustomEquipment,64-VX50,355.0,193.253
C025-V-HO64-P-_U-001-01,S2FEE50C88EF234869E0CF172D61294,nozzle,Nozzle,N10,358.0,237.754
C025-V-HO64-P-_U-001-01,SA177742661535223CC9A12D0DCB49C,piping_system,PipingNetworkSystem,,465.001,362.0
C025-V-HO64-P-_U-001-01,S680BBC52A7D1EA32EB09E9ED28E6FD,piping_segment,PipingNetworkSegment,,465.001,362.0
C025-V-HO71-P-_W-001-01,SC6ACC8F669E3C254A14434F0D648DA,nozzle,Nozzle,,0.0,0.0
C025-V-HO71-P-_W-001-01,SB55C2175569244C52FE1E2BA33BC81,equipment,CustomEquipment,,0.0,0.0
C025-V-HO71-P-_W-001-01,SB5A8A9FF9DD864A5A0A168AC2C4234,instrument,ProcessInstrumentationFunction,,0.0,0.0
C025-V-HO71-P-_W-001-01,S743C293CAA7E541B1FB23D1615F06C,pipe_off_page,FlowInPipeOffPageConnector,,0.0,0.0
C025-V-HO71-P-_W-001-01,SB81058E4C2621A7D3FC628DB7760D5,piping_component,CustomPipeFitting,,0.0,0.0
C025-V-HO71-P-_W-001-01,SEDE31D0DBBC74295BD12CB8329F941,piping_component,CustomPipeFitting,,0.0,0.0
C025-V-HO71-P-_W-001-01,S95D7B73BBFFB079D62E66B22D79380,piping_component,PipeReducer,,0.0,0.0
C025-V-HO71-P-_W-001-01,SF151CE072E011DD30583F39B9ADD3D,piping_component,PipeReducer,,0.0,0.0
C025-V-HO71-P-_W-001-01,SA6177D2EC04B464FACC4C21C8C70DC,piping_component,FlangedConnection,,0.0,0.0
C025-V-HO71-P-_W-001-01,S21DBD10CA739F72B09B19E73B8E0A9,piping_component,PipeTee,,0.0,0.0
C025-V-HO71-P-_W-001-01,SC4F79D4EC7854464FDAE3A92A84335,piping_system,PipingNetworkSystem,,301.61,135.663
C025-V-HO71-P-_W-001-01,S434C902CC49D4995CCB6025D692801,piping_segment,PipingNetworkSegment,"1.5""-WF-714105-AT750-0",295.201,139.536
C025-V-HO71-P-_W-001-01,S64B5E36C5E2EE97A9B8C61435978AD,piping_component,PipeTee,,302.332,139.536
C025-V-HO71-P-_W-001-01,S868F727EE583457A81D23432E02877,piping_segment,PipingNetworkSegment,"1.5""-WF-714105-AT750-0",302.332,131.786
C025-V-HO71-P-_W-001-01,SE14823E1EC6E0373F3E2D3BA86AA8A,piping_component,CustomPipeFitting,,302.332,127.536
C025-V-HO71-P-_W-001-01,S1C39096AEA1DF22BBD8FAE02B7683A,piping_segment,PipingNetworkSegment,"1.5""-WF-714105-AT750-0",267.904,139.536
C025-V-HO71-P-_W-001-01,S9713D14D0607E0888396865D269F8B,piping_component,FlangedConnection,,265.0,139.536
C025-V-HO71-P-_W-001-01,S71DC01CACDA3F53733A8133DC376D9,piping_component,PipeTee,,273.809,139.536
C025-V-HO71-P-_W-001-01,S5DCB83ADE085BEF4F68FE639D2B35E,piping_segment,PipingNetworkSegment,"1.5""-WF-714105-AT750-0",325.695,139.536
C025-V-HO71-P-_W-001-01,S7FA9D187B1BFCB627558EFA39AD445,piping_component,PipeTee,,328.26,139.536
C025-V-HO71-P-_W-001-01,S4AE45472CD2C70DC1CBD69F7897045,piping_segment,PipingNetworkSegment,"1.5""-WF-714105-AT750-0",312.083,139.539
C025-V-HO71-P-_W-001-01,SC4CB25E5AAC12B34CA19F3AEE4CEFD,piping_component,PipeReducer,,316.001,139.542
C025-V-HO71-P-_W-001-01,SB4ED86E89A3AC56D25649CFD95363D,piping_segment,PipingNetworkSegment,"1.5""-WF-714105-AT750-0",273.809,131.786
C025-V-HO71-P-_W-001-01,SDCFB0CD9D8BB847E3EB4E35B0D482B,piping_component,CustomPipeFitting,,273.809,127.536
C025-V-HO71-P-_W-001-01,SD7C72D8D7F77CAB11838E3BBB9DD4A,piping_segment,PipingNetworkSegment,"1.5""-WF-714105-AT750-0",328.261,131.786
C025-V-HO71-P-_W-001-01,SADDB9E8C79E8C9CA0E59279BD6BE50,piping_component,CustomPipeFitting,,328.261,127.536
C025-V-HO71-P-_W-001-01,S2663DD6A418F900C70949DCF9F6603,piping_segment,PipingNetworkSegment,"1.5""-WF-714105-AT750-0",335.315,139.536
C025-V-HO71-P-_W-001-01,SEF430A99007A86990B805705A3891B,piping_component,FlangedConnection,,338.0,139.536
C025-V-HO71-P-_W-001-01,S6EC2078583EFD80011C0F0E07F9F5E,piping_system,PipingNetworkSystem,,283.874,439.084
C025-V-HO71-P-_W-001-01,SB08D65E1657D7CE185954EED035A23,piping_segment,PipingNetworkSegment,"1.5""-WF-714108-AT750-0",280.0,408.612
C025-V-HO71-P-_W-001-01,SFFEBD94DD33A2CD97B8D301FB18DDD,piping_component,FlangedConnection,,280.0,402.112
C025-V-HO71-P-_W-001-01,SB19E2D240B9A8BAE6E8D0CA2141BC3,piping_component,PipeTee,,280.0,415.112
C025-V-HO71-P-_W-001-01,SCF11D25246643CC986582D1553BA8D,piping_segment,PipingNetworkSegment,"1.5""-WF-714108-AT750-0",279.997,421.362
C025-V-HO71-P-_W-001-01,SA0F28E1FCF04AB67142C264834321C,piping_component,PipeReducer,,279.994,424.111
C025-V-HO71-P-_W-001-01,S10EA1267B4FE08DB7FF56791531CA3,piping_segment,PipingNetworkSegment,"1.5""-WF-714108-AT750-0",280.0,469.556
C025-V-HO71-P-_W-001-01,SCFF7F367A503F7166917E5E8FA04E3,piping_segment,PipingNetworkSegment,"1.5""-WF-714108-AT750-0",280.0,449.0
C025-V-HO71-P-_W-001-01,S45E8CD23F81A7A5776B10B08325B81,piping_component,PipeTee,,280.0,451.0
C025-V-HO71-P-_W-001-01,SF9826B7FA04639EFE6F82DA218EAB1,piping_segment,PipingNetworkSegment,"1.5""-WF-714108-AT750-0",287.75,435.112
C025-V-HO71-P-_W-001-01,SB7634E925395F4684621E0AF7C85E5,piping_component,CustomPipeFitting,,292.0,435.112
C025-V-HO71-P-_W-001-01,S9DD21674C0BC8B1FA785FD73FCD4BD,piping_segment,PipingNetworkSegment,"1.5""-WF-714108-AT750-0",280.0,457.0
C025-V-HO71-P-_W-001-01,S87A036222B0943B6027580FA0E63D8,piping_component,PipeTee,,280.0,459.0
C025-V-HO71-P-_W-001-01,S2CF1949B345E57B0FBEAEB3DC810D0,piping_segment,PipingNetworkSegment,"1.5""-WF-714108-AT750-0",280.0,441.028
C025-V-HO71-P-_W-001-01,S13B806E1EB3B796B295025D6B0AFAD,piping_component,PipeTee,,280.0,443.0
C025-V-HO71-P-_W-001-01,S88A07A4578D6421D0C6F4EF3AC9F44,piping_segment,PipingNetworkSegment,"1.5""-WF-714108-AT750-0",287.75,459.0
C025-V-HO71-P-_W-001-01,S36D3F82CCFE5948CE43BB8CAB6D2BD,piping_component,CustomPipeFitting,,292.0,459.0
C025-V-HO71-P-_W-001-01,SA9D339F63AAE63ADF654B83C48315A,piping_segment,PipingNetworkSegment,"1.5""-WF-714108-AT750-0",287.75,451.0
C025-V-HO71-P-_W-001-01,S57B6BDC0C9C4902DFC66C92DA7D33D,piping_component,CustomPipeFitting,,292.0,451.0
C025-V-HO71-P-_W-001-01,S2A3E629579A3844F8ED95C19C4BF85,piping_segment,PipingNetworkSegment,"1.5""-WF-714108-AT750-0",280.0,432.862
C025-V-HO71-P-_W-001-01,S863DC361733D0B59BE201FDBB4EC92,piping_component,PipeTee,,280.0,435.112
C025-V-HO71-P-_W-001-01,S139B4A270F90F1ABE4661A4CFD7778,piping_segment,PipingNetworkSegment,"1.5""-WF-714108-AT750-0",287.75,443.0
C025-V-HO71-P-_W-001-01,S8A393A52CF064040556624B33BC038,piping_component,CustomPipeFitting,,292.0,443.0
C025-V-HO71-P-_W-001-01,S1B2F4AD228ABEDFBC8766C1447854A,piping_segment,PipingNetworkSegment,"1.5""-WF-714108-AT750-0",287.75,415.112
C025-V-HO71-P-_W-001-01,S707309096BD245562CD94D5C31B968,piping_component,CustomPipeFitting,,292.0,415.112
C025-V-HO71-P-_W-001-01,S19BA4B58A14810B03EB8544E326DBE,piping_system,PipingNetworkSystem,,301.61,106.663
C025-V-HO71-P-_W-001-01,S45040712B5609678E4F925893A9486,piping_segment,PipingNetworkSegment,"1.5""-WF-714107-AT750-0",312.083,110.539
C025-V-HO71-P-_W-001-01,S5EF5C2E51F759E93753157676C3562,piping_component,PipeReducer,,316.001,110.542
C025-V-HO71-P-_W-001-01,SE5F83A86E5BAC95A92DB194878845C,piping_segment,PipingNetworkSegment,"1.5""-WF-714107-AT750-0",328.261,102.786
C025-V-HO71-P-_W-001-01,S3F592165627369C92E020DD9F3BCEB,piping_component,CustomPipeFitting,,328.261,98.536
C025-V-HO71-P-_W-001-01,S6F21DB0CDE12D72BB566574B2B57C3,piping_segment,PipingNetworkSegment,"1.5""-WF-714107-AT750-0",335.315,110.536
C025-V-HO71-P-_W-001-01,SA8385C3F76050FC94A28D6F81A9CFB,piping_component,FlangedConnection,,338.0,110.536
C025-V-HO71-P-_W-001-01,SAAED979E35D45AE3818F38F7813E13,piping_segment,PipingNetworkSegment,"1.5""-WF-714107-AT750-0",267.904,110.536
C025-V-HO71-P-_W-001-01,S1A1913716FEB1DF3D24C07586F549C,piping_component,FlangedConnection,,265.0,110.536
C025-V-HO71-P-_W-001-01,S930A87303BDF52E019D6C28DA1DA98,piping_component,PipeTee,,273.809,110.536
C025-V-HO71-P-_W-001-01,SF8B24A3AE63DD71F269E3629C1D7EC,piping_segment,PipingNetworkSegment,"1.5""-WF-714107-AT750-0",273.809,102.786
C025-V-HO71-P-_W-001-01,S802CB7093A84D92B98423DDCA7A1BE,piping_component,CustomPipeFitting,,273.809,98.536
C025-V-HO71-P-_W-001-01,S3A0A0FEA61CCDFB7450D139EA0C173,piping_segment,PipingNetworkSegment,"1.5""-WF-714107-AT750-0",295.201,110.536
C025-V-HO71-P-_W-001-01,S83C51EF0986F3BD9DBE48EFA37FE03,piping_component,PipeTee,,302.332,110.536
C025-V-HO71-P-_W-001-01,S12D5CD12233575FD407BA13049014D,piping_segment,PipingNetworkSegment,"1.5""-WF-714107-AT750-0",325.695,110.536
C025-V-HO71-P-_W-001-01,S642324293DAE4F11541823D450E356,piping_component,PipeTee,,328.26,110.536
C025-V-HO71-P-_W-001-01,S96BD8AA0FB79535758C45F29DFBFB5,piping_segment,PipingNetworkSegment,"1.5""-WF-714107-AT750-0",302.332,102.786
C025-V-HO71-P-_W-001-01,S5846B5B0AB2197780EB3CFEB18C119,piping_component,CustomPipeFitting,,302.332,98.536
C025-V-HO71-P-_W-001-01,S52106168A6AE669CE38F413C5FAA1D,piping_system,PipingNetworkSystem,,207.25,361.564
C025-V-HO71-P-_W-001-01,S751B83F8474BC0789DD772DEF81F97,piping_segment,PipingNetworkSegment,"6""-WF-714101-AT750-0",243.5,374.131
C025-V-HO71-P-_W-001-01,SD182658699F71AA20C03891F88246B,piping_component,PipeTee,,258.0,382.508
C025-V-HO71-P-_W-001-01,SEE55C1607A5796381D59BBC84063C3,piping_segment,PipingNetworkSegment,"6""-WF-714101-AT750-0",192.5,348.997
C025-V-HO71-P-_W-001-01,S6D7100F77DCCED3DB7C3FE9CCFB6D1,piping_component,PipeReducer,,198.001,348.994
C025-V-HO71-P-_W-001-01,S5C09A243FF62897090EC86CC816844,piping_segment,PipingNetworkSegment,"6""-WF-714101-AT750-0",171.0,349.0
C025-V-HO71-P-_W-001-01,SC2A2D19D229E002FF3B99B820C6241,piping_component,PipeTee,,178.0,349.0
C025-V-HO71-P-_W-001-01,S681924E624BFD6B8CBCA68CBD336F0,piping_system,PipingNetworkSystem,,483.375,188.594
C025-V-HO71-P-_W-001-01,S3AD4F295C0A1A43AD1AC51FE687293,piping_segment,PipingNetworkSegment,"3""-WF-714112-AT750-0",523.25,236.536
C025-V-HO71-P-_W-001-01,SC28021F48BF312096A1F5943CFE9A2,piping_component,CustomPipeFitting,,519.0,236.536
C025-V-HO71-P-_W-001-01,S84AF01E38EDED81ACC556002C1D416,piping_segment,PipingNetworkSegment,"3""-WF-714112-AT750-0",523.25,208.536
C025-V-HO71-P-_W-001-01,S2855D64F98EB9A2FCD6B0404ADEF52,piping_component,CustomPipeFitting,,519.0,208.536
C025-V-HO71-P-_W-001-01,S8D78E8430C0DDA3E3699D6684A7331,piping_segment,PipingNetworkSegment,"3""-WF-714112-AT750-0",523.25,140.536
C025-V-HO71-P-_W-001-01,S4FF5649D855101C35E885A9EE50E2E,piping_component,CustomPipeFitting,,519.0,140.536
C025-V-HO71-P-_W-001-01,S65AB5B1FFCEC7195E5D356B827E22A,piping_segment,PipingNetworkSegment,"3""-WF-714112-AT750-0",530.997,201.536
C025-V-HO71-P-_W-001-01,S145F51C3153E5BEFFE48EAB4D02930,piping_component,PipeReducer,,530.994,198.535
C025-V-HO71-P-_W-001-01,SA91EB7FB10B71CD8573C751A721F0D,piping_segment,PipingNetworkSegment,"3""-WF-714112-AT750-0",530.997,106.0
C025-V-HO71-P-_W-001-01,SD60587A316D98D141EAF1FB9584403,piping_component,PipeReducer,,530.994,103.0
C025-V-HO71-P-_W-001-01,SEDABD0663746BB8B36FAD3DCAD25C1,piping_segment,PipingNetworkSegment,"3""-WF-714112-AT750-0",523.25,222.536
C025-V-HO71-P-_W-001-01,SE09757E9706BA29B254A80A788C4D8,piping_component,CustomPipeFitting,,519.0,222.536
C025-V-HO71-P-_W-001-01,SC978A762F31E6068DD12065562277F,piping_segment,PipingNetworkSegment,"3""-WF-714112-AT750-0",523.25,174.536
C025-V-HO71-P-_W-001-01,S7FFEDA81708EF9F208B67C3D483D8E,piping_component,CustomPipeFitting,,519.0,174.536
C025-V-HO71-P-_W-001-01,S3013D79619FFB90D325CC8AD33664D,piping_segment,PipingNetworkSegment,"3""-WF-714112-AT750-0",531.0,226.036
C025-V-HO71-P-_W-001-01,S5F1F7942C6C81DA574A950E32E0D56,piping_component,PipeTee,,531.0,222.536
C025-V-HO71-P-_W-001-01,S47B802E8196FB3B238ED5380DB29A5,piping_segment,PipingNetworkSegment,"3""-WF-714112-AT750-0",523.25,188.536
C025-V-HO71-P-_W-001-01,SF3E649126376870354704DBC65DE73,piping_component,CustomPipeFitting,,519.0,188.536
C025-V-HO71-P-_W-001-01,S367ED2250D9ED05DD3A65431038F68,piping_segment,PipingNetworkSegment,"3""-WF-714112-AT750-0",531.0,240.036
C025-V-HO71-P-_W-001-01,SA322F4F1D823F386388B5448B83190,piping_component,PipeTee,,531.0,236.536
C025-V-HO71-P-_W-001-01,SBA7E8553D81315DC141531F5BAB234,piping_segment,PipingNetworkSegment,"3""-WF-714112-AT750-0",531.0,254.036
C025-V-HO71-P-_W-001-01,S1D2F70D2E3C9852EF7473342384D97,piping_component,PipeTee,,531.0,250.536
C025-V-HO71-P-_W-001-01,SB292C2AA989E203F66E265606D078B,piping_segment,PipingNetworkSegment,"3""-WF-714112-AT750-0",531.0,212.036
C025-V-HO71-P-_W-001-01,S89DA4637B94382B23B346DBBF1F919,piping_component,PipeTee,,531.0,208.536
C025-V-HO71-P-_W-001-01,S74BC003633B27CBA0E42372AECDA7B,piping_segment,PipingNetworkSegment,"3""-WF-714112-AT750-0",531.0,130.036
C025-V-HO71-P-_W-001-01,S5A920367240F5494DDC8053B0C4A0F,piping_component,PipeTee,,531.0,126.536
C025-V-HO71-P-_W-001-01,S1352DB3D30B5E8E27DA3D996826715,piping_segment,PipingNetworkSegment,"3""-WF-714112-AT750-0",523.25,126.536
C025-V-HO71-P-_W-001-01,S893DA5B25D613242A6EA680769C778,piping_component,CustomPipeFitting,,519.0,126.536
C025-V-HO71-P-_W-001-01,S74578F8F357EF4F332D26719230B63,piping_segment,PipingNetworkSegment,"3""-WF-714112-AT750-0",531.0,164.036
C025-V-HO71-P-_W-001-01,S265458855CD9E3C532A5E6E4149511,piping_component,PipeTee,,531.0,160.536
C025-V-HO71-P-_W-001-01,S105CDD66C7EB3C0768221A4CDC3D9F,piping_segment,PipingNetworkSegment,"3""-WF-714112-AT750-0",531.0,91.536
C025-V-HO71-P-_W-001-01,S74FABE32B21ABEC7E6AE339D2E280E,piping_component,FlangedConnection,,531.0,89.536
C025-V-HO71-P-_W-001-01,S47F9184BA46B08597C4D2287DDF013,piping_segment,PipingNetworkSegment,"3""-WF-714112-AT750-0",531.0,190.536
C025-V-HO71-P-_W-001-01,SB05D91ABDE7445156F86B865631DBE,piping_component,PipeTee,,531.0,188.536
C025-V-HO71-P-_W-001-01,S132AA27CC5DCE31CE03EE0885F28A0,piping_segment,PipingNetworkSegment,"3""-WF-714112-AT750-0",531.0,178.036
C025-V-HO71-P-_W-001-01,SAABEE07875FA3002AB3ED7E83A0D0E,piping_component,PipeTee,,531.0,174.536
C025-V-HO71-P-_W-001-01,S698CAFE7D77FE5B44DED86EDC4432B,piping_segment,PipingNetworkSegment,"3""-WF-714112-AT750-0",523.25,250.536
C025-V-HO71-P-_W-001-01,S7FCE2446C3A33D4D165E74D06442B1,piping_component,CustomPipeFitting,,519.0,250.536
C025-V-HO71-P-_W-001-01,S5230416C1FE9B084D83DB6B9889A90,piping_segment,PipingNetworkSegment,"3""-WF-714112-AT750-0",523.25,96.536
C025-V-HO71-P-_W-001-01,S765939DA913F8ADFD2986D2F33DB80,piping_component,CustomPipeFitting,,519.0,96.536
C025-V-HO71-P-_W-001-01,S48614F64D1D09CFB5C4F84AA03BE48,piping_segment,PipingNetworkSegment,"3""-WF-714112-AT750-0",523.25,264.536
C025-V-HO71-P-_W-001-01,S6899213D0D21E78415D3636E5AEA90,piping_component,CustomPipeFitting,,519.0,264.536
C025-V-HO71-P-_W-001-01,S9D71C8B20265FB2BE058EBA7406B07,piping_segment,PipingNetworkSegment,"3""-WF-714112-AT750-0",530.997,152.786
C025-V-HO71-P-_W-001-01,SF543C88DCE20C64760EE0B79F6AD78,piping_component,PipeReducer,,530.994,149.535
C025-V-HO71-P-_W-001-01,S9A48CBAB24B46CBD593A03F71F3325,piping_segment,PipingNetworkSegment,"3""-WF-714112-AT750-0",531.0,116.384
C025-V-HO71-P-_W-001-01,SA3368EC8AB75F1D616408EEE10FE87,piping_component,PipeTee,,531.0,113.0
C025-V-HO71-P-_W-001-01,SB8095CA252F3AB7F98199BB04B04B5,piping_segment,PipingNetworkSegment,"3""-WF-714112-AT750-0",531.0,97.652
C025-V-HO71-P-_W-001-01,S2EF00593945A6CD01D95C2530B3F19,piping_component,PipeTee,,531.0,96.536
C025-V-HO71-P-_W-001-01,S6DB1652850F77D2C40D05F2D664006,piping_segment,PipingNetworkSegment,"3""-WF-714112-AT750-0",523.25,160.536
C025-V-HO71-P-_W-001-01,SC4E1FCF2014049D661B76DA99C6D94,piping_component,CustomPipeFitting,,519.0,160.536
C025-V-HO71-P-_W-001-01,S89DED86B91466B8A53C877996F1973,piping_segment,PipingNetworkSegment,"3""-WF-714112-AT750-0",435.75,285.652
C025-V-HO71-P-_W-001-01,S7B142ACBE0EE242F2D85ADB3A9324E,piping_component,PipeTee,,531.0,264.536
C025-V-HO71-P-_W-001-01,SC815298BC35878BBEFA08D17BCB764,piping_segment,PipingNetworkSegment,"3""-WF-714112-AT750-0",531.0,142.286
C025-V-HO71-P-_W-001-01,S8C9BF17246B161F5DBF4E01C5ABCCB,piping_component,PipeTee,,531.0,140.536
C025-V-HO71-P-_W-001-01,SD3D68CB9FDEF3785713B9345531D34,piping_system,PipingNetworkSystem,,301.61,164.663
C025-V-HO71-P-_W-001-01,SE10AE5F506A2B60F7CEEA1E5BD32D1,piping_segment,PipingNetworkSegment,"1.5""-WF-714104-AT750-0",328.261,160.786
C025-V-HO71-P-_W-001-01,S57032CE8128AF24B3387CC5BC81829,piping_component,CustomPipeFitting,,328.261,156.536
C025-V-HO71-P-_W-001-01,SA1B9DD115D7F7928F043717878983D,piping_segment,PipingNetworkSegment,"1.5""-WF-714104-AT750-0",302.332,160.786
C025-V-HO71-P-_W-001-01,S22B48A27EE31A54CD277BCB08612D2,piping_component,CustomPipeFitting,,302.332,156.536
C025-V-HO71-P-_W-001-01,S4689E0D1D471D0AB9D449C0596633E,piping_segment,PipingNetworkSegment,"1.5""-WF-714104-AT750-0",267.904,168.536
C025-V-HO71-P-_W-001-01,SB4D08CD533CECB06F111DFEAEC10E8,piping_component,FlangedConnection,,265.0,168.536
C025-V-HO71-P-_W-001-01,SFB790F145EE35997CE918360F93CB3,piping_component,PipeTee,,273.809,168.536
C025-V-HO71-P-_W-001-01,SE78D7A6E428F9339ECA83D19A06DBB,piping_segment,PipingNetworkSegment,"1.5""-WF-714104-AT750-0",325.695,168.536
C025-V-HO71-P-_W-001-01,S5503B5357F6F9D0E2D18B9B852DAF3,piping_component,PipeTee,,328.26,168.536
C025-V-HO71-P-_W-001-01,S8D0AA9D389180440F0B601CCAD64EF,piping_segment,PipingNetworkSegment,"1.5""-WF-714104-AT750-0",335.315,168.536
C025-V-HO71-P-_W-001-01,S1384AC5B6AC8EAC853B7C730857A83,piping_component,FlangedConnection,,338.0,168.536
C025-V-HO71-P-_W-001-01,SB45035DBF1E2292203836A8C13BAF0,piping_segment,PipingNetworkSegment,"1.5""-WF-714104-AT750-0",273.809,160.786
C025-V-HO71-P-_W-001-01,S157A94CE0131623D431B2E6EDA417E,piping_component,CustomPipeFitting,,273.809,156.536
C025-V-HO71-P-_W-001-01,S5EA4884A7E82F06FD40D987F1675CA,piping_segment,PipingNetworkSegment,"1.5""-WF-714104-AT750-0",312.083,168.539
C025-V-HO71-P-_W-001-01,SB93D572C069B0CE2FDAEB0876E0FF0,piping_component,PipeReducer,,316.001,168.542
C025-V-HO71-P-_W-001-01,SB18FE40A8F90500FCB2F25F4D91259,piping_segment,PipingNetworkSegment,"1.5""-WF-714104-AT750-0",295.201,168.536
C025-V-HO71-P-_W-001-01,S4004A8348D710ACB94FFD60084327B,piping_component,PipeTee,,302.332,168.536
C025-V-HO71-P-_W-001-01,S61761E9400D553DB0F39FE556EF2D5,piping_system,PipingNetworkSystem,,114.875,348.999
C025-V-HO71-P-_W-001-01,S653AF246D233C618C91399CF4B4EFC,piping_segment,PipingNetworkSegment,"8""-WF-714126-AT750-0",139.0,349.0
C025-V-HO71-P-_W-001-01,SCF9B6D37163570E315802FE5546823,piping_component,FlangedConnection,,131.0,349.0
C025-V-HO71-P-_W-001-01,SBEF223FB077D2EEAFE49F5E4C645AA,piping_component,PipeTee,,150.0,349.0
C025-V-HO71-P-_W-001-01,S90DB6648470C125EA7259D4A933E89,piping_segment,PipingNetworkSegment,"8""-WF-714126-AT750-0",90.75,348.997
C025-V-HO71-P-_W-001-01,SD328A80DBB856E0413B8DF219C3656,pipe_off_page,FlowInPipeOffPageConnector,,57.5,349.0
C025-V-HO71-P-_W-001-01,S5430B176488227B23056CAD5BAA102,piping_component,PipeReducer,,124.001,348.994
C025-V-HO71-P-_W-001-01,SB354A5C2E338379BE14D9622CB6222,piping_system,PipingNetworkSystem,,278.196,238.663
C025-V-HO71-P-_W-001-01,SC8DCAF61433B6D32D813E9228D0518,piping_segment,PipingNetworkSegment,"1.5""-WF-714103-AT750-0",289.036,242.536
C025-V-HO71-P-_W-001-01,SF37D5597CF0EE557C69A76167F3ED1,piping_component,PipeTee,,286.786,242.536
C025-V-HO71-P-_W-001-01,S9B738FA7DEAA8FECEAF944121C8256,piping_segment,PipingNetworkSegment,"1.5""-WF-714103-AT750-0",275.536,242.536
C025-V-HO71-P-_W-001-01,SB2D1D1427C4EB2A0DDEC09CAE16FD2,piping_component,PipeTee,,271.786,242.536
C025-V-HO71-P-_W-001-01,SBB73D10D16C865D91CED572F40DBB0,piping_segment,PipingNetworkSegment,"1.5""-WF-714103-AT750-0",224.893,242.536
C025-V-HO71-P-_W-001-01,S7AA77F866CC370A316670B694C1188,piping_segment,PipingNetworkSegment,"1.5""-WF-714103-AT750-0",305.09,242.539
C025-V-HO71-P-_W-001-01,S5EAD501EA062CB740D85D9D9D8A8BE,piping_component,PipeReducer,,297.787,242.542
C025-V-HO71-P-_W-001-01,S583B7C28632FDFF6BE4F3EC4FA47DE,piping_segment,PipingNetworkSegment,"1.5""-WF-714103-AT750-0",325.0,234.786
C025-V-HO71-P-_W-001-01,S9FB4C798A0604484D089D894E7F9A8,piping_component,CustomPipeFitting,,325.0,230.536
C025-V-HO71-P-_W-001-01,SDB19EB5948B4FD32C954D010062EAC,piping_segment,PipingNetworkSegment,"1.5""-WF-714103-AT750-0",331.5,242.536
C025-V-HO71-P-_W-001-01,SD76AF055E2E7C0FA0D232A6386D700,piping_component,FlangedConnection,,338.0,242.536
C025-V-HO71-P-_W-001-01,SB5DE4207EE1E162A9A2B37139AD970,piping_component,PipeTee,,325.0,242.536
C025-V-HO71-P-_W-001-01,SF3D68CD6A42730009264FB2EB1FD10,piping_segment,PipingNetworkSegment,"1.5""-WF-714103-AT750-0",286.786,234.786
C025-V-HO71-P-_W-001-01,SCB42AF8D81D3248BDBE92BF5ED7025,piping_component,CustomPipeFitting,,286.786,230.536
C025-V-HO71-P-_W-001-01,SD86FC9610E183D55AB2EB1C4B1ABA5,piping_segment,PipingNetworkSegment,"1.5""-WF-714103-AT750-0",271.786,234.786
C025-V-HO71-P-_W-001-01,S62025AA29191517C34A6E1BAE65EDC,piping_component,CustomPipeFitting,,271.786,230.536
C025-V-HO71-P-_W-001-01,SA75A4FE1299EEB7A2B7DC4014CAC86,piping_system,PipingNetworkSystem,,376.649,467.911
C025-V-HO71-P-_W-001-01,S9155E5D8032E245A9A4EEFCE0BE78A,piping_segment,PipingNetworkSegment,"4""-WF-714106-AT750-0",349.798,480.112
C025-V-HO71-P-_W-001-01,SC5349234DE9F000E00B6205A87CCDF,piping_component,PipeTee,,353.298,480.112
C025-V-HO71-P-_W-001-01,S46F519B351ECB1B51F13E3BC14E49F,piping_segment,PipingNetworkSegment,"4""-WF-714106-AT750-0",401.298,472.362
C025-V-HO71-P-_W-001-01,S5F06AD9C3D3B3725B1530C3031559E,piping_component,CustomPipeFitting,,401.298,468.112
C025-V-HO71-P-_W-001-01,SCC21F00DC41958AA509349B30A074D,piping_segment,PipingNetworkSegment,"4""-WF-714106-AT750-0",339.298,472.362
C025-V-HO71-P-_W-001-01,S8D318F7557A3CDB74C1CBC11772B5B,piping_component,CustomPipeFitting,,339.298,468.112
C025-V-HO71-P-_W-001-01,SC98E216DE6C3DABCCE689DF73D0846,piping_segment,PipingNetworkSegment,"4""-WF-714106-AT750-0",449.298,472.362
C025-V-HO71-P-_W-001-01,SB321B44BDF394A664C07EF8BDC5CFF,piping_component,CustomPipeFitting,,449.298,468.112
C025-V-HO71-P-_W-001-01,S96A8B8E3C08B273E86950F9860A82C,piping_segment,PipingNetworkSegment,"4""-WF-714106-AT750-0",374.299,480.109
C025-V-HO71-P-_W-001-01,SEC98B1BADEF514BE1470E73827045E,piping_component,PipeReducer,,377.299,480.106
C025-V-HO71-P-_W-001-01,S4C25CECB41695E34AAFFDA89F67B19,piping_segment,PipingNetworkSegment,"4""-WF-714106-AT750-0",385.298,480.112
C025-V-HO71-P-_W-001-01,S22328528FD0E024C24620750418A2A,piping_component,PipeTee,,387.298,480.112
C025-V-HO71-P-_W-001-01,S5BCF5402097996B6200F1366356F55,piping_segment,PipingNetworkSegment,"4""-WF-714106-AT750-0",457.049,480.109
C025-V-HO71-P-_W-001-01,S3CDCD1744DE6472D01475116C994A9,piping_component,PipeReducer,,460.299,480.106
C025-V-HO71-P-_W-001-01,S8BCA08C869FF448FC4BEC67F2A7014,piping_segment,PipingNetworkSegment,"4""-WF-714106-AT750-0",318.298,472.362
C025-V-HO71-P-_W-001-01,S54F7B67C4D12854552451688091D8D,piping_component,CustomPipeFitting,,318.298,468.112
C025-V-HO71-P-_W-001-01,SFC9B115F5F0B9E15CE0269F1AD0DB0,piping_segment,PipingNetworkSegment,"4""-WF-714106-AT750-0",274.5,455.711
C025-V-HO71-P-_W-001-01,SB9AF02B5EBE3B6392AE3CCA03331AF,piping_component,PipeTee,,280.0,480.112
C025-V-HO71-P-_W-001-01,S59F562F3F5155E8D364DB1A6DE3120,piping_segment,PipingNetworkSegment,"4""-WF-714106-AT750-0",397.798,480.112
C025-V-HO71-P-_W-001-01,S8EB9EB9D93B97229C4950B28593E03,piping_component,PipeTee,,401.298,480.112
C025-V-HO71-P-_W-001-01,S51D1CBDFF5C9958F4B194C49AEA242,piping_segment,PipingNetworkSegment,"4""-WF-714106-AT750-0",321.074,480.112
C025-V-HO71-P-_W-001-01,S2F294276727B9EED86DD5615047290,piping_component,PipeTee,,322.0,480.112
C025-V-HO71-P-_W-001-01,SB0ECC6523AB2B568777E2534437EB6,piping_segment,PipingNetworkSegment,"4""-WF-714106-AT750-0",411.798,480.112
C025-V-HO71-P-_W-001-01,S76448517FFD0FF18DC97F6D0B54862,piping_component,PipeTee,,415.298,480.112
C025-V-HO71-P-_W-001-01,S53AF8484E2EA632D281F711A201BC2,piping_segment,PipingNetworkSegment,"4""-WF-714106-AT750-0",445.798,480.112
C025-V-HO71-P-_W-001-01,SD4923B1B69CD3848E437A769BA6AD4,piping_component,PipeTee,,449.298,480.112
C025-V-HO71-P-_W-001-01,S5FE7724A008734C39AA885FAE9FA5A,piping_segment,PipingNetworkSegment,"4""-WF-714106-AT750-0",304.298,472.362
C025-V-HO71-P-_W-001-01,SBB86F571F71A8D335B0846042BAAA4,piping_component,CustomPipeFitting,,304.298,468.112
C025-V-HO71-P-_W-001-01,S6AE9EE12E513B2C3DE26D08D5DBB5D,piping_segment,PipingNetworkSegment,"4""-WF-714106-AT750-0",353.298,472.362
C025-V-HO71-P-_W-001-01,S164C876D18B9838EC9896D01E46B9F,piping_component,CustomPipeFitting,,353.298,468.112
C025-V-HO71-P-_W-001-01,SE490B8EE690942BF9E23EAA99FDE89,piping_segment,PipingNetworkSegment,"4""-WF-714106-AT750-0",433.548,480.112
C025-V-HO71-P-_W-001-01,SCFB2097D3DC9BBA5348BADD32333F3,piping_component,PipeTee,,435.298,480.112
C025-V-HO71-P-_W-001-01,S4B61E015B3A915A26E0B9101D3675C,piping_segment,PipingNetworkSegment,"4""-WF-714106-AT750-0",423.049,480.109
C025-V-HO71-P-_W-001-01,S679B0149F6905F56E0210A7345FE6B,piping_component,PipeReducer,,426.299,480.106
C025-V-HO71-P-_W-001-01,S561980E08BB62DCF843A6F11402F40,piping_segment,PipingNetworkSegment,"4""-WF-714106-AT750-0",363.798,480.112
C025-V-HO71-P-_W-001-01,S4848DF2B31672E2AB1BADA5A1C1FFD,piping_component,PipeTee,,367.298,480.112
C025-V-HO71-P-_W-001-01,SE63B24718392766EF6183E4B64EF01,piping_segment,PipingNetworkSegment,"4""-WF-714106-AT750-0",367.298,472.362
C025-V-HO71-P-_W-001-01,S24813EF8FE5D719BC60629D21E0DE6,piping_component,CustomPipeFitting,,367.298,468.112
C025-V-HO71-P-_W-001-01,S7DA49B4D10CCDE5ABF3FE3C20740D8,piping_segment,PipingNetworkSegment,"4""-WF-714106-AT750-0",415.298,472.362
C025-V-HO71-P-_W-001-01,SF8C00873CFA0887B1B88605B2F2E51,piping_component,CustomPipeFitting,,415.298,468.112
C025-V-HO71-P-_W-001-01,SE70F6B5890D32DF1D7C82B36924732,piping_segment,PipingNetworkSegment,"4""-WF-714106-AT750-0",387.298,472.362
C025-V-HO71-P-_W-001-01,S731986E86688ABBC16FD244A7A6F5E,piping_component,CustomPipeFitting,,387.298,468.112
C025-V-HO71-P-_W-001-01,S714F575CECC999FB1A678B4B60828D,piping_segment,PipingNetworkSegment,"4""-WF-714106-AT750-0",435.298,472.362
C025-V-HO71-P-_W-001-01,SCC7E83DA366C51F6E914702C980EA8,piping_component,CustomPipeFitting,,435.298,468.112
C025-V-HO71-P-_W-001-01,S1031BE5489561EC0DD4EA9DA286E16,piping_segment,PipingNetworkSegment,"4""-WF-714106-AT750-0",314.798,480.112
C025-V-HO71-P-_W-001-01,SAD2C72653809EEF37DB03CA8B2984C,piping_component,PipeTee,,318.298,480.112
C025-V-HO71-P-_W-001-01,SD658E9AD643E08857DAA7E033AD303,piping_segment,PipingNetworkSegment,"4""-WF-714106-AT750-0",467.548,480.112
C025-V-HO71-P-_W-001-01,SF5F56F6F98F1816728257B197EDB70,piping_component,PipeTee,,469.298,480.112
C025-V-HO71-P-_W-001-01,S1AC4F50D3D69A7FB37E640C5D9F85C,piping_segment,PipingNetworkSegment,"4""-WF-714106-AT750-0",478.798,480.112
C025-V-HO71-P-_W-001-01,SF7B769777591B6E4A7BBF59D1C064B,piping_component,FlangedConnection,,482.298,480.112
C025-V-HO71-P-_W-001-01,SB0759C4EBEF2AACDB677E9ABAA1394,piping_segment,PipingNetworkSegment,"4""-WF-714106-AT750-0",326.974,480.109
C025-V-HO71-P-_W-001-01,S2204DEF44A6AECD5D4F9411A90726C,piping_component,PipeReducer,,329.299,480.106
C025-V-HO71-P-_W-001-01,SA2FC3C8D0820EB55BBCBA1EDC5AE56,piping_segment,PipingNetworkSegment,"4""-WF-714106-AT750-0",298.224,480.112
C025-V-HO71-P-_W-001-01,S31FA0DFCB354C23188F930A01C0509,piping_component,PipeTee,,304.298,480.112
C025-V-HO71-P-_W-001-01,SAD1700C6D5C69A12511F2F3A39825F,piping_segment,PipingNetworkSegment,"4""-WF-714106-AT750-0",469.298,472.362
C025-V-HO71-P-_W-001-01,SE9ECA6C78550B7D38696420257BDE2,piping_component,CustomPipeFitting,,469.298,468.112
C025-V-HO71-P-_W-001-01,S621CA4D23EE8563E7606E7748DB533,piping_segment,PipingNetworkSegment,"4""-WF-714106-AT750-0",337.298,480.112
C025-V-HO71-P-_W-001-01,SA46C4E6E9F7629AB723672FEBE1B77,piping_component,PipeTee,,339.298,480.112
C025-V-HO71-P-_W-001-01,SF28B58C4EF362B8E2D311DF8A6D707,piping_system,PipingNetworkSystem,,357.0,511.5
C025-V-HO71-P-_W-001-01,SDFCCA0014D01221CDC942F38CAE6F0,piping_segment,PipingNetworkSegment,"1""-WF-714122-AT750-0",365.0,504.0
C025-V-HO71-P-_W-001-01,SD51CCE3BE03D6F01217B5EF8708AB8,piping_component,CustomPipeFitting,,372.0,504.0
C025-V-HO71-P-_W-001-01,S43F58C4DA86C141ED897E79CC53C22,piping_segment,PipingNetworkSegment,"1""-WF-714122-AT750-0",349.0,522.0
C025-V-HO71-P-_W-001-01,S7571EC6B2402EB0906CF204C782401,piping_segment,PipingNetworkSegment,"1""-WF-714122-AT750-0",349.0,501.0
C025-V-HO71-P-_W-001-01,SBCB729D2E0B1479FFB0C6A25EA7D51,piping_component,FlangedConnection,,349.0,498.0
C025-V-HO71-P-_W-001-01,S6C419E8389FEA11D919E417FE1F0E9,piping_component,PipeTee,,349.0,504.0
C025-V-HO71-P-_W-001-01,S14DD07DA159557D0B727C104A98018,piping_system,PipingNetworkSystem,,291.62,378.634
C025-V-HO71-P-_W-001-01,S5EFCA66B1E8D3F840DA244E4421B5B,piping_segment,PipingNetworkSegment,"1.5""-WF-714111-AT750-0",315.677,382.507
C025-V-HO71-P-_W-001-01,SBC2E8FE0436E912391B2996DCAE67D,piping_component,FlangedConnection,,322.177,382.507
C025-V-HO71-P-_W-001-01,S8D68643AAE50FFF4199591D81BBE4F,piping_component,PipeTee,,309.177,382.508
C025-V-HO71-P-_W-001-01,SE8A16C476F8003BAE18CD100B430D3,piping_segment,PipingNetworkSegment,"1.5""-WF-714111-AT750-0",267.562,382.508
C025-V-HO71-P-_W-001-01,S339E8CA5D08A5437CA1091DE908DF7,piping_segment,PipingNetworkSegment,"1.5""-WF-714111-AT750-0",277.125,374.757
C025-V-HO71-P-_W-001-01,S851AB41F71C65A077A1FB68205D089,piping_component,CustomPipeFitting,,277.125,370.507
C025-V-HO71-P-_W-001-01,S19A976808E012910393D2A7B0B83BA,piping_segment,PipingNetworkSegment,"1.5""-WF-714111-AT750-0",278.84,382.508
C025-V-HO71-P-_W-001-01,S3B003D0671C2AB5F3BA552E83DC1F0,piping_component,PipeTee,,277.125,382.508
C025-V-HO71-P-_W-001-01,S826390A06AA949663AD80CF8897EB7,piping_segment,PipingNetworkSegment,"1.5""-WF-714111-AT750-0",309.177,374.757
C025-V-HO71-P-_W-001-01,SB585AA343598CDB412659F4D02821D,piping_component,CustomPipeFitting,,309.177,370.507
C025-V-HO71-P-_W-001-01,SA368BC024FC16834CEF2CFED40E5DA,piping_segment,PipingNetworkSegment,"1.5""-WF-714111-AT750-0",292.282,382.511
C025-V-HO71-P-_W-001-01,S52C1E05DD8B5D7BB8CBEF0D9D137BE,piping_component,PipeReducer,,285.984,382.514
C025-V-HO71-P-_W-001-01,S993C43370B8E46B1F3AB0D4559673B,piping_system,PipingNetworkSystem,,367.0,535.528
C025-V-HO71-P-_W-001-01,SCBC3638EA5231733B9664F837A4C26,piping_segment,PipingNetworkSegment,"3""-WF-714121-AT750-0",366.5,561.0
C025-V-HO71-P-_W-001-01,S4077B57EBFBCF50FE19C6B5670A08D,piping_component,PipeTee,,363.0,561.0
C025-V-HO71-P-_W-001-01,SB9726444842A708092694EB19A0C5B,piping_segment,PipingNetworkSegment,"3""-WF-714121-AT750-0",322.0,542.0
C025-V-HO71-P-_W-001-01,S94FE956F4CC7599CD3863C0093CC95,piping_component,PipeTee,,322.0,540.0
C025-V-HO71-P-_W-001-01,SDAD564801B8C36989B165F2A998534,piping_segment,PipingNetworkSegment,"3""-WF-714121-AT750-0",412.0,561.0
C025-V-HO71-P-_W-001-01,S30B35EEC4A908EF063E9DD9BEE16D5,piping_component,FlangedConnection,,426.001,561.0
C025-V-HO71-P-_W-001-01,S9CE215B4CD49A5AD6D47A2C3F64A1A,piping_component,PipeTee,,398.0,561.0
C025-V-HO71-P-_W-001-01,S8EEBD2A77EB5193967BE5E900BE434,piping_segment,PipingNetworkSegment,"3""-WF-714121-AT750-0",332.253,553.25
C025-V-HO71-P-_W-001-01,SFE9192D065762516EFA3931CFEA6AD,piping_component,PipeReducer,,322.006,550.001
C025-V-HO71-P-_W-001-01,S8EF9C884D525421611104B2681146C,piping_segment,PipingNetworkSegment,"3""-WF-714121-AT750-0",322.0,510.056
C025-V-HO71-P-_W-001-01,S418BBD880B99143D922C2F82C90F0C,piping_segment,PipingNetworkSegment,"3""-WF-714121-AT750-0",391.0,560.997
C025-V-HO71-P-_W-001-01,SA6B10C7B3CA27902A08EA2BDD45554,piping_component,PipeReducer,,388.0,560.994
C025-V-HO71-P-_W-001-01,S91AE4F57447412828FFC6808AC00B1,piping_segment,PipingNetworkSegment,"3""-WF-714121-AT750-0",379.25,561.0
C025-V-HO71-P-_W-001-01,SA1907DD48860BC6EB62C2DA94A2917,piping_component,PipeTee,,377.0,561.0
C025-V-HO71-P-_W-001-01,SA420C3105C320DCF03F986C87892DB,piping_segment,PipingNetworkSegment,"3""-WF-714121-AT750-0",398.0,553.25
C025-V-HO71-P-_W-001-01,S4F82F198CDF1C206DDDD694C6C0870,piping_component,CustomPipeFitting,,398.001,549.0
C025-V-HO71-P-_W-001-01,S6334163B94DCC532124C72072880E1,piping_segment,PipingNetworkSegment,"3""-WF-714121-AT750-0",363.0,553.25
C025-V-HO71-P-_W-001-01,SE30923EA38731F6CCC82A45512D0AF,piping_component,CustomPipeFitting,,363.0,549.0
C025-V-HO71-P-_W-001-01,S62D08D5ECBB5121B472D08AF032038,piping_segment,PipingNetworkSegment,"3""-WF-714121-AT750-0",377.0,553.25
C025-V-HO71-P-_W-001-01,S47CF0C0F88A224C46AB9FE45BB8E03,piping_component,CustomPipeFitting,,377.0,549.0
C025-V-HO71-P-_W-001-01,S89DADA8A474E02D4AC8C57D537099B,piping_system,PipingNetworkSystem,,390.0,536.125
C025-V-HO71-P-_W-001-01,S80C9B88624A127187EF37EBDA7E7E4,piping_segment,PipingNetworkSegment,"2""-WF-714110-AT750-0",413.25,540.0
C025-V-HO71-P-_W-001-01,S313D6370CF8AD906D33F2B33F2DD59,piping_component,PipeTee,,411.0,540.0
C025-V-HO71-P-_W-001-01,SD1E2331B1D8E7237269E52BD6C29DF,piping_segment,PipingNetworkSegment,"2""-WF-714110-AT750-0",352.5,540.0
C025-V-HO71-P-_W-001-01,S25030BB8F4DF0C5D2701C112AA2B44,piping_component,PipeTee,,349.0,540.0
C025-V-HO71-P-_W-001-01,SB9E2B625CB54167192F45E4BD3C729,piping_segment,PipingNetworkSegment,"2""-WF-714110-AT750-0",379.25,540.0
C025-V-HO71-P-_W-001-01,S9B1B34A75B6E6BB17F9AB55767CF14,piping_component,PipeTee,,377.0,540.0
C025-V-HO71-P-_W-001-01,SED78EE6EFCF4A70E619E34A053520B,piping_segment,PipingNetworkSegment,"2""-WF-714110-AT750-0",397.0,532.25
C025-V-HO71-P-_W-001-01,SA00CE0A7D7B20236D6DA5513F4F8E1,piping_component,CustomPipeFitting,,397.001,528.0
C025-V-HO71-P-_W-001-01,SDED5B6AA162AF2F91EF9AA532DB5E9,piping_segment,PipingNetworkSegment,"2""-WF-714110-AT750-0",339.25,540.0
C025-V-HO71-P-_W-001-01,SED98CB42BD1254A9A391D23185FE34,piping_component,PipeTee,,336.0,540.0
C025-V-HO71-P-_W-001-01,S5DD66A2955DE7632452CE5847EB9DC,piping_segment,PipingNetworkSegment,"2""-WF-714110-AT750-0",336.0,532.25
C025-V-HO71-P-_W-001-01,S2F41C976C85C8E69B3FC6A2AD14A89,piping_component,CustomPipeFitting,,336.001,528.0
C025-V-HO71-P-_W-001-01,S438B12E5BCE0297F393B596CB9DDBA,piping_segment,PipingNetworkSegment,"2""-WF-714110-AT750-0",400.5,540.0
C025-V-HO71-P-_W-001-01,S2447888EB9B00048D3523746433841,piping_component,PipeTee,,397.0,540.0
C025-V-HO71-P-_W-001-01,S9BBD69BC027B716F8BB384EA76AAD5,piping_segment,PipingNetworkSegment,"2""-WF-714110-AT750-0",451.0,540.0
C025-V-HO71-P-_W-001-01,S41ED73153977C29CA3FE88EB1DAFBC,piping_component,FlangedConnection,,471.001,540.0
C025-V-HO71-P-_W-001-01,S2851A1D0CAA901E583C780A6641927,piping_component,PipeTee,,431.0,540.0
C025-V-HO71-P-_W-001-01,S6879581C3A665105AE2BC1FF0D2FE8,piping_segment,PipingNetworkSegment,"2""-WF-714110-AT750-0",363.0,532.25
C025-V-HO71-P-_W-001-01,S133B5482B35DAC5800218AF965D1FF,piping_component,CustomPipeFitting,,363.001,528.0
C025-V-HO71-P-_W-001-01,SD791A577DAF60854FEE93C3D5181F1,piping_segment,PipingNetworkSegment,"2""-WF-714110-AT750-0",424.751,539.997
C025-V-HO71-P-_W-001-01,SEEEC63180E09116ACC940387EFCD97,piping_component,PipeReducer,,422.002,539.994
C025-V-HO71-P-_W-001-01,SBF060D8D9858ED8BA0A32AD741BD79,piping_segment,PipingNetworkSegment,"2""-WF-714110-AT750-0",377.0,532.25
C025-V-HO71-P-_W-001-01,SE2281BBF220EB6B76E216496351633,piping_component,CustomPipeFitting,,377.001,528.0
C025-V-HO71-P-_W-001-01,SF2E01E261745D4B6E2946D21CBC8FF,piping_segment,PipingNetworkSegment,"2""-WF-714110-AT750-0",366.5,540.0
C025-V-HO71-P-_W-001-01,SACE717DEC3BBEE6EF6984A842E137A,piping_component,PipeTee,,363.0,540.0
C025-V-HO71-P-_W-001-01,S42C2BD2CAEFA9975D8271389381745,piping_segment,PipingNetworkSegment,"2""-WF-714110-AT750-0",431.0,532.25
C025-V-HO71-P-_W-001-01,SFDA21BF6632718E48D81CE866FDD49,piping_component,CustomPipeFitting,,431.001,528.0
C025-V-HO71-P-_W-001-01,SD85C359ECED12C85FBA2E35C7ABE75,piping_segment,PipingNetworkSegment,"2""-WF-714110-AT750-0",411.0,532.25
C025-V-HO71-P-_W-001-01,SE0675C865E8F0612C39E851B6E73B9,piping_component,CustomPipeFitting,,411.001,528.0
C025-V-HO71-P-_W-001-01,SD66B5D07E74A3C560E6A5A29969087,piping_segment,PipingNetworkSegment,"2""-WF-714110-AT750-0",329.0,540.0
C025-V-HO71-P-_W-001-01,S40FAAE0B6E6F5BFD2DAE2F9BD12088,piping_segment,PipingNetworkSegment,"2""-WF-714110-AT750-0",390.751,539.997
C025-V-HO71-P-_W-001-01,S844183A6AC34571FB3B93E519A0A1D,piping_component,PipeReducer,,388.002,539.994
C025-V-HO71-P-_W-001-01,SF7BA36E6E50CD4D2D5650B39081811,piping_system,PipingNetworkSystem,,219.0,185.094
C025-V-HO71-P-_W-001-01,S91D12F091ACF826CA0A22D4DA44BCC,piping_segment,PipingNetworkSegment,"3""-WF-714102-AT750-0",260.0,101.036
C025-V-HO71-P-_W-001-01,SD988813239455D4EBF33999D060095,piping_component,FlangedConnection,,260.0,97.536
C025-V-HO71-P-_W-001-01,SDA28681ACD5CA7A7838367A3C77560,piping_segment,PipingNetworkSegment,"3""-WF-714102-AT750-0",239.5,192.786
C025-V-HO71-P-_W-001-01,S21E8AEF021551C9930706F125E0368,piping_component,FlangedConnection,,260.0,190.536
C025-V-HO71-P-_W-001-01,SC6CD32326D543586370097BD5688DF,piping_component,PipeTee,,260.0,168.536
C025-V-HO71-P-_W-001-01,S7C775FCEFA1ECCFDA32CA35F336303,piping_segment,PipingNetworkSegment,"3""-WF-714102-AT750-0",260.0,117.786
C025-V-HO71-P-_W-001-01,S31699B31A6D81502B89A3B10B5F779,piping_component,PipeTee,,260.0,110.536
C025-V-HO71-P-_W-001-01,S74F6DEB4022C5C728BE50581D919A4,piping_segment,PipingNetworkSegment,"3""-WF-714102-AT750-0",260.0,146.786
C025-V-HO71-P-_W-001-01,S21657A8600EFA78D151BE4B83C43DB,piping_component,PipeTee,,260.0,139.536
C025-V-HO71-P-_W-001-01,S4ED4ABF17195D015C6773B5D14D962,piping_segment,PipingNetworkSegment,"3""-WF-714102-AT750-0",178.0,269.152
C025-V-HO71-P-_W-001-01,S9ED5A15EB9BB6151EEB18C4190C488,piping_component,PipeTee,,178.0,242.536
C025-V-HO71-P-_W-001-01,S13AFF022D5AA97BCE79F021E0F8124,piping_system,PipingNetworkSystem,,496.25,109.5
C025-V-HO71-P-_W-001-01,SBD90A93991828079AF831D6C97537F,piping_segment,PipingNetworkSegment,"1""-WF-714124-AT750-0",487.0,106.0
C025-V-HO71-P-_W-001-01,S3ECAE88F0B02BF16F2046F97A7061C,piping_component,CustomPipeFitting,,487.0,102.0
C025-V-HO71-P-_W-001-01,SD3B9178559DD472BF490565C26472D,piping_segment,PipingNetworkSegment,"1""-WF-714124-AT750-0",509.0,113.0
C025-V-HO71-P-_W-001-01,SE6386B99BEEA4351633238CF533848,piping_segment,PipingNetworkSegment,"1""-WF-714124-AT750-0",483.5,113.0
C025-V-HO71-P-_W-001-01,SE3C8E742619406C27FB26E3E0176E3,piping_component,FlangedConnection,,480.0,113.0
C025-V-HO71-P-_W-001-01,S9396A500E13580B2BFD28E68DA4D47,piping_component,PipeTee,,487.0,113.0
C025-V-HO71-P-_W-001-01,S46BF946EBD029092BF0D8B5D4D3103,piping_system,PipingNetworkSystem,,131.001,520.0
C025-V-HO71-P-_W-001-01,S4DE2FE2754D7F51EA14B96C512A250,piping_segment,PipingNetworkSegment,,131.001,520.0
C025-W-HO11-P-_E-001-01,SA804FBC6C01E1C5655EA82D2AAEB06,nozzle,Nozzle,,0.0,0.0
C025-W-HO11-P-_E-001-01,S81984F88FD0B6F14EC7F4E9CAB3F38,equipment,CustomEquipment,,0.0,0.0
C025-W-HO11-P-_E-001-01,S8C57F944D4A172BC1095D162CC5BD4,instrument,ProcessInstrumentationFunction,,0.0,0.0
C025-W-HO11-P-_E-001-01,SF7CEEE116937E788A0EF39B7D19F5F,piping_component,ButterflyValve,,0.0,0.0
C025-W-HO11-P-_E-001-01,S47E50FEFE0F96AB49AF4960651DA1E,pipe_off_page,FlowInPipeOffPageConnector,,0.0,0.0
C025-W-HO11-P-_E-001-01,SADBA91C7EEE2327C712E2BBFB89BFC,piping_component,PipeReducer,,0.0,0.0
C025-W-HO11-P-_E-001-01,S3EB9DEBB3850450B199DFA4C33504F,equipment,CustomEquipment,,0.0,0.0
C025-W-HO11-P-_E-001-01,S9950A412D3495BBBA5DC5602130FD4,equipment,CustomEquipment,,0.0,0.0
C025-W-HO11-P-_E-001-01,S2983CDB7264359D72D60D3BF2189A3,piping_component,FlangedConnection,,0.0,0.0
C025-W-HO11-P-_E-001-01,S5349F40353BB7EB3BB607CE0892C33,nozzle,Nozzle,,0.0,0.0
C025-W-HO11-P-_E-001-01,SF7658790E7C91406F1549B29671501,piping_component,PipeTee,,0.0,0.0
C025-W-HO11-P-_E-001-01,SD453467E25606D76563C7B569A31EA,piping_system,PipingNetworkSystem,,338.5,314.0
C025-W-HO11-P-_E-001-01,SC469B2C5F020321B39AA1B086C7D8D,piping_segment,PipingNetworkSegment,"6""-PV-112000-ED200-0",338.5,314.0
C025-W-HO11-P-_E-001-01,S6D45CB7FBDB270E01B794164DBF622,piping_component,FlangedConnection,,386.0,172.0
C025-W-HO11-P-_E-001-01,S90059B6DDC53F4A517451DFF4DDB6B,piping_component,FlangedConnection,,292.0,456.0
C025-W-HO11-P-_E-001-01,S294C810572A75215A293207692FAF7,piping_system,PipingNetworkSystem,,103.25,445.625
C025-W-HO11-P-_E-001-01,SF00261F46A75849077D9B8823640EF,piping_segment,PipingNetworkSegment,,131.25,476.0
C025-W-HO11-P-_E-001-01,S9036F7786D9626974FFC1B92A03219,piping_component,FlangedConnection,,134.0,476.0
C025-W-HO11-P-_E-001-01,SBF34107A53FD55677CE4D73A6CB321,piping_component,PipeTee,,111.0,476.0
C025-W-HO11-P-_E-001-01,S97492F4DE97114FFD508EE93E60E10,piping_segment,PipingNetworkSegment,,75.25,476.0
C025-W-HO11-P-_E-001-01,S5F6A89DED25CAA341497B301F0A9D7,piping_segment,PipingNetworkSegment,,91.0,415.25
C025-W-HO11-P-_E-001-01,S17581C599CC3068B8653A18B529E82,piping_component,FlangedConnection,,84.0,395.0
C025-W-HO11-P-_E-001-01,S307F9D1AF6AF77F2DF496350C90D0D,piping_system,PipingNetworkSystem,,338.5,353.0
C025-W-HO11-P-_E-001-01,SB178F0A898AA526198D5EDE27CC907,piping_segment,PipingNetworkSegment,"3""-PL-112000-ED200-0",338.5,353.0
C025-W-HO11-P-_E-001-01,S68CDADBE16EC84CDC64E7BDF3449CE,piping_component,FlangedConnection,,386.0,226.0
C025-W-HO11-P-_E-001-01,S7CAE9C8A911B18286CBE03E2860F0C,piping_component,FlangedConnection,,292.0,480.0
C025-W-HO11-P-_E-001-01,S14625BF516D45C9F0F27DC31AF2AC9,piping_system,PipingNetworkSystem,,204.25,279.129
C025-W-HO11-P-_E-001-01,S533E72AB851A873D554B90EEB571E3,piping_segment,PipingNetworkSegment,,281.5,280.0
C025-W-HO11-P-_E-001-01,S21D600AC2297A0066513A612439C94,piping_segment,PipingNetworkSegment,,127.0,280.0
C025-W-HO11-P-_E-001-01,S1F426AA8E099B9B383E088ED0E3235,piping_segment,PipingNetworkSegment,,219.0,278.257
C025-W-HO11-P-_E-001-01,S3ACD3DE8D5B4A95A34AD35F70A03B9,piping_component,PipeTee,,219.0,280.007
C025-W-HO11-P-_E-001-01,S48DB127BFBDA9D51B9073F729F1CB1,piping_system,PipingNetworkSystem,,578.125,223.001
C025-W-HO11-P-_E-001-01,S6259A3C1B03F051AF55CB4175CB84D,piping_segment,PipingNetworkSegment,"6""-WS-502109-AD750-0",534.75,223.0
C025-W-HO11-P-_E-001-01,SA4665D37F3DC41CA559A04D34A6542,piping_component,FlangedConnection,,538.0,223.0
C025-W-HO11-P-_E-001-01,S1BE2CE1FD883BDCB3AA4BB0D6C5346,piping_segment,PipingNetworkSegment,"6""-WS-502109-AD750-0",562.5,223.003
C025-W-HO11-P-_E-001-01,SE354E901672A4FD661A2AB8FFF0EC5,piping_component,ButterflyValve,50-2068WS,566.0,223.0
C025-W-HO11-P-_E-001-01,SCE3D9F170FDC9DC6A84C3E98DAC58E,piping_component,PipeReducer,,551.0,223.006
C025-W-HO11-P-_E-001-01,SD6760D2140F8B4D2EE51B727369CC8,piping_segment,PipingNetworkSegment,"6""-WS-502109-AD750-0",621.5,223.003
C025-W-HO11-P-_E-001-01,S4B668F8050C9093C8678ED0AE449E7,pipe_off_page,FlowInPipeOffPageConnector,,663.0,223.0
C025-W-HO11-P-_E-001-01,SCE2EF44E934A1920D5CF145D53C220,piping_component,PipeReducer,,580.0,223.006
C025-W-HO11-P-_E-001-01,SDA3F06EB7B0FBCE9D832ED3194C23D,piping_system,PipingNetworkSystem,,338.5,393.0
C025-W-HO11-P-_E-001-01,S5009E1B31FFCCB17F4EBF26A348728,piping_segment,PipingNetworkSegment,"4""-AP-112000-AS200-0",338.5,393.0
C025-W-HO11-P-_E-001-01,SC6B89974630CF446B72F478A617ADC,piping_component,FlangedConnection,,386.0,280.0
C025-W-HO11-P-_E-001-01,S7B42399219B443D264D6456C631544,piping_component,FlangedConnection,,292.0,506.0
C025-W-HO11-P-_E-001-01,S553F10CEC2DC329066CF7565EE9253,piping_system,PipingNetworkSystem,,396.5,230.5
C025-W-HO11-P-_E-001-01,S80EC6983A60A400EE09B8BA2C3ADEF,piping_segment,PipingNetworkSegment,,396.5,230.5
C025-W-HO11-P-_E-001-01,S250514108F712EA409BDEC40B18AF1,piping_system,PipingNetworkSystem,,530.5,230.5
C025-W-HO11-P-_E-001-01,S5C6F89A99001CE2A4AE8DC7E5B2952,piping_segment,PipingNetworkSegment,,530.5,230.5
C025-W-HO11-P-_E-001-01,S6C2402BD98D57D4BFE3E2AAAE14391,piping_system,PipingNetworkSystem,,119.5,458.5
C025-W-HO11-P-_E-001-01,SF9ABBB052CD85F8D1D63CE9DCA8A8B,piping_segment,PipingNetworkSegment,,119.5,458.5
C025-W-HO11-P-_E-001-01,SFDA7DAEA73D3B8119CB099FABD9F59,piping_system,PipingNetworkSystem,,134.0,507.0
C025-W-HO11-P-_E-001-01,S54D82EE6A9537182E7632B97EB19E5,piping_segment,PipingNetworkSegment,,134.0,507.0
C025-W-HO11-P-_E-001-01,SE3CA2BE6648E530396EBF6F4DBA0FF,piping_system,PipingNetworkSystem,,284.5,497.0
C025-W-HO11-P-_E-001-01,S5CDDE868CC626D3EC1469C227B6EA4,piping_segment,PipingNetworkSegment,,284.5,497.0
C025-W-HO11-P-_E-001-01,SB1E339ED9AC46E950D80C7E7573E31,equipment,CustomEquipment,11-BF50,465.0,221.0
C025-W-HO11-P-_E-001-01,SA5C5B4B275EDC7791343A7C48E3E55,nozzle,Nozzle,N1,424.0,280.0
C025-W-HO11-P-_E-001-01,S7D4CDA7D5846A0C672455001AC0970,nozzle,Nozzle,N4,507.0,223.0
C025-W-HO11-P-_E-001-01,SA329ED2C3C8B57503ECD703757587A,nozzle,Nozzle,N3,423.0,172.0
C025-W-HO11-P-_E-001-01,SED3FCD06757580038DCF1CF37EF6A7,nozzle,Nozzle,N2,423.0,226.0
C025-W-HO11-P-_E-001-01,S3D1C9B612890CDB4E5BDFBFAB41C16,equipment,CustomEquipment,,214.0,475.0
C025-W-HO11-P-_E-001-01,SD305F4831618A44625A25144223F91,nozzle,Nozzle,,260.0,456.0
C025-W-HO11-P-_E-001-01,SBD255117923A09EAEDA52F2FCB9F37,nozzle,Nozzle,,168.0,476.0
C025-W-HO11-P-_E-001-01,SC1229CFD73FE1C230A7A21A65EEF14,nozzle,Nozzle,,260.0,480.0
C025-W-HO11-P-_E-001-01,SCAE783C8B2D65ACF23534C9CD8E2D5,nozzle,Nozzle,,260.0,506.0
C025-W-HO13-P-_E-004-01,S92BEA9DE3A54D9B75E0447062DC09C,nozzle,Nozzle,,0.0,0.0
C025-W-HO13-P-_E-004-01,SF21D4B5FF5263830C3B06743DD897A,equipment,CustomEquipment,,0.0,0.0
C025-W-HO13-P-_E-004-01,S5D0FF61D075AC222E0C4EDD1C24499,instrument,ProcessInstrumentationFunction,,0.0,0.0
C025-W-HO13-P-_E-004-01,S4EB77AB78676D6BC24534D53B6608E,piping_component,CustomPipingComponent,,0.0,0.0
C025-W-HO13-P-_E-004-01,SA52B581C855257EB9A8C7885D486AC,piping_component,CustomPipingComponent,,0.0,0.0
C025-W-HO13-P-_E-004-01,SE1E20289A93FC0CCEF5A1D6172DBBC,piping_component,CustomPipingComponent,,0.0,0.0
C025-W-HO13-P-_E-004-01,S3CEE5682D12B99A1CF21840428D96D,equipment,CustomEquipment,,0.0,0.0
C025-W-HO13-P-_E-004-01,S357755420FAA90C9AB9611899AA22D,piping_component,GlobeValve,,0.0,0.0
C025-W-HO13-P-_E-004-01,SD8AEDB2F297206CBA525FEDAE12806,piping_component,GlobeValve,,0.0,0.0
C025-W-HO13-P-_E-004-01,SA63C99DFF057C029A03CC50B14F72A,piping_component,GlobeValve,,0.0,0.0
C025-W-HO13-P-_E-004-01,S49340ED8964383D68FDC404977A533,piping_component,GateValve,,0.0,0.0
C025-W-HO13-P-_E-004-01,SA4ED316137A3963DAA4A15387C3010,piping_component,GateValve,,0.0,0.0
C025-W-HO13-P-_E-004-01,S8BF04690D707AC0913ECE0C34AB33C,piping_component,NeedleValve,,0.0,0.0
C025-W-HO13-P-_E-004-01,SAC5376BA0FD2ACE5457F39082D2B18,piping_component,Hose,,0.0,0.0
C025-W-HO13-P-_E-004-01,SCD0A6D23C6AB0CAADF5D50F9C4F962,actuator,ControlledActuator,,0.0,0.0
C025-W-HO13-P-_E-004-01,S45B0E19BE387926095EE80B57BBC1A,piping_component,CheckValve,,0.0,0.0
C025-W-HO13-P-_E-004-01,SAC300347377AB3776E3C8FFBB9DC42,piping_component,CheckValve,,0.0,0.0
C025-W-HO13-P-_E-004-01,SDD7CAC737F1BA8DEC9E92F15961A34,piping_component,AngleValve,,0.0,0.0
C025-W-HO13-P-_E-004-01,S3196BC9E93C931F6B61BE344771219,piping_component,NeedleValve,,0.0,0.0
C025-W-HO13-P-_E-004-01,S1523876954E47DEACAB8FAB254DF09,piping_component,BallValve,,0.0,0.0
C025-W-HO13-P-_E-004-01,S2CD2772A3EE75922738786C76ACFE1,piping_component,BallValve,,0.0,0.0
C025-W-HO13-P-_E-004-01,S95CE53BE8C2943D4F5E7E38F0901C8,instrument,ProcessInstrumentationFunction,,0.0,0.0
C025-W-HO13-P-_E-004-01,SD55279E0E2CC1893AD11BEE6ACA695,actuator,ControlledActuator,,0.0,0.0
C025-W-HO13-P-_E-004-01,SF30C7A67C1E0964197FE997DCD7753,actuator,ControlledActuator,,0.0,0.0
C025-W-HO13-P-_E-004-01,S3F1DC25C01A9F19A040E0F2EA963E8,instrument,ProcessInstrumentationFunction,,0.0,0.0
C025-W-HO13-P-_E-004-01,SB19FF43A13DEFA3A6F472452B48FB2,instrument,ProcessInstrumentationFunction,,0.0,0.0
C025-W-HO13-P-_E-004-01,SD395A87ACC07B240A3ECB6FED8F44D,piping_component,GateValve,,0.0,0.0
C025-W-HO13-P-_E-004-01,SA9FDD9B05F79BD0508032A3EF36794,equipment,CustomEquipment,,0.0,0.0
C025-W-HO13-P-_E-004-01,SDB87D55E34D6DAD168E85CF9EC2B44,piping_component,AngleValve,,0.0,0.0
C025-W-HO13-P-_E-004-01,SE0C72EE8C20964FCAA133D2E672DCC,piping_component,CustomPipingComponent,,0.0,0.0
C025-W-HO13-P-_E-004-01,S106CC7E787003A0B8F8DFD024DB52C,actuator,ControlledActuator,,0.0,0.0
C025-W-HO13-P-_E-004-01,SF8341A340C722CBA71CDDED2C40106,actuator,ControlledActuator,,0.0,0.0
C025-W-HO13-P-_E-004-01,S848BCE1B4650DFFC7ADA83C68A7A4E,pipe_off_page,FlowInPipeOffPageConnector,,0.0,0.0
C025-W-HO13-P-_E-004-01,SD330F1BC73FD8940595AC7BC5E93C4,equipment,CustomEquipment,,0.0,0.0
C025-W-HO13-P-_E-004-01,S42D60BE5806D0B18C03FD5775C40DD,piping_component,AngleValve,,0.0,0.0
C025-W-HO13-P-_E-004-01,S2E92DF49540CE6B2AE273D3D85B5A7,piping_component,AngleValve,,0.0,0.0
C025-W-HO13-P-_E-004-01,S79493F904B45A3672AE4EC4BF92458,instrument,ProcessInstrumentationFunction,,0.0,0.0
C025-W-HO13-P-_E-004-01,SED103ABFCAB936A9CD89CE9AA7873F,instrument,ProcessInstrumentationFunction,,0.0,0.0
C025-W-HO13-P-_E-004-01,SAC7B5CFAC020FCF18C126141C0AD3F,pipe_off_page,FlowInPipeOffPageConnector,,0.0,0.0
C025-W-HO13-P-_E-004-01,S7EE3116AFBAC36C21A9672B6370D60,pipe_off_page,FlowOutPipeOffPageConnector,,0.0,0.0
C025-W-HO13-P-_E-004-01,S7E115E6454E6A4330F1648370DBE63,instrument,ProcessInstrumentationFunction,,0.0,0.0
C025-W-HO13-P-_E-004-01,SCF7C3952F737203067BB1644D78F99,actuator,ControlledActuator,,0.0,0.0
C025-W-HO13-P-_E-004-01,S932A80C871F13A8E53BEB751EBC039,piping_component,GateValve,,0.0,0.0
C025-W-HO13-P-_E-004-01,S8FDC45C7B8C0AF2CF62E64AD125448,nozzle,Nozzle,,0.0,0.0
C025-W-HO13-P-_E-004-01,S19FD0F2B42D3ADDEC792FA388E76DD,nozzle,Nozzle,,0.0,0.0
C025-W-HO13-P-_E-004-01,S28DF1370FE10997DD59AE194114586,piping_component,GateValve,,0.0,0.0
C025-W-HO13-P-_E-004-01,SDAE45856ABF21A2D6D2C851D0DC6D4,instrument,ProcessInstrumentationFunction,,0.0,0.0
C025-W-HO13-P-_E-004-01,S40E6CF6DB30534AEEF67DCEC7C4BF7,nozzle,Nozzle,,0.0,0.0
C025-W-HO13-P-_E-004-01,S620B7C35CA0DD0AC4D53B7B3D0A400,nozzle,Nozzle,,0.0,0.0
C025-W-HO13-P-_E-004-01,SF96A148CD95D22162B1317CF05305F,nozzle,Nozzle,,0.0,0.0
C025-W-HO13-P-_E-004-01,S3F5AB90081D192E08C00DAF92FDB9C,nozzle,Nozzle,,0.0,0.0
C025-W-HO13-P-_E-004-01,SB89B80C5E45449249D33AB3C651A21,piping_component,PipeReducer,,0.0,0.0
C025-W-HO13-P-_E-004-01,S11996EE20F1190F89BF376121CB252,nozzle,Nozzle,,0.0,0.0
C025-W-HO13-P-_E-004-01,S820A5C01A421F6157430DE73586F6B,nozzle,Nozzle,,0.0,0.0
C025-W-HO13-P-_E-004-01,S1BE5255DBF9DE90C10746BDA01897E,nozzle,Nozzle,,0.0,0.0
C025-W-HO13-P-_E-004-01,S697D444C4E7BE8E56FF1665556D9DA,piping_component,PipeFitting,,0.0,0.0
C025-W-HO13-P-_E-004-01,SDFCAD437B1BFFB030F8602C91F0FBD,piping_component,BallValve,,0.0,0.0
C025-W-HO13-P-_E-004-01,S98A733EECB2D0EF70CAD4D05E779A3,instrument,ProcessInstrumentationFunction,,0.0,0.0
C025-W-HO13-P-_E-004-01,S23719DC931FAA9ACAF102276D8500C,instrument,ProcessInstrumentationFunction,,0.0,0.0
C025-W-HO13-P-_E-004-01,SFB9D9529813EE855F0092149CA7058,piping_component,FlangedConnection,,0.0,0.0
C025-W-HO13-P-_E-004-01,S4D41D9DAEA1F2EF1935673FDA66738,instrument,ProcessInstrumentationFunction,,0.0,0.0
C025-W-HO13-P-_E-004-01,S72E80C165DCBD79CEAB7A424A62A01,instrument,ProcessInstrumentationFunction,,0.0,0.0
C025-W-HO13-P-_E-004-01,S19014FF21AE2276EC268D1A372E26D,piping_component,PipeFitting,,0.0,0.0
C025-W-HO13-P-_E-004-01,S765AE638FB2E6E8762734C4E42F425,piping_component,PipeFitting,,0.0,0.0
C025-W-HO13-P-_E-004-01,S27B3EE4EF04B7066062BCD1E4A179F,piping_component,GateValve,,0.0,0.0
C025-W-HO13-P-_E-004-01,S69A3FF5DB3A85BEB61B401913A7D95,piping_component,FlangedConnection,,0.0,0.0
C025-W-HO13-P-_E-004-01,S88BC35A422A5F8D5D0D3A61D375F5E,piping_component,FlangedConnection,,0.0,0.0
C025-W-HO13-P-_E-004-01,SE3C9A9B833DF6C39DD452DA8E4619D,piping_component,Flange,,0.0,0.0
C025-W-HO13-P-_E-004-01,S5D0FF61D075AC222E0C4EDD1C244991,instrument,ProcessInstrumentationFunction,,0.0,0.0
C025-W-HO13-P-_E-004-01,SB63B4C3AC4E48187A8B2D6E9CA1895,piping_component,PipeTee,,0.0,0.0
C025-W-HO13-P-_E-004-01,SF36635CA59E5FF7122A07B04D24C5C,instrument_loop,InstrumentationLoopFunction,,169.558,133.0
C025-W-HO13-P-_E-004-01,SAF55CFC348B479FB1A561669621768,instrument_loop,InstrumentationLoopFunction,,169.558,114.0
C025-W-HO13-P-_E-004-01,SB498C700A03D63A23ED926513ABE8A,instrument_loop,InstrumentationLoopFunction,,92.566,140.0
C025-W-HO13-P-_E-004-01,S293C97BA44B21CCA38CAFC9EC91996,instrument_loop,InstrumentationLoopFunction,,116.566,140.0
C025-W-HO13-P-_E-004-01,S95FD3804575286AFB9D2DB5691DBF0,instrument_loop,InstrumentationLoopFunction,,470.566,514.0
C025-W-HO13-P-_E-004-01,SB2D22071AD831F0878E60DFDE6FFC5,instrument_loop,InstrumentationLoopFunction,,646.566,455.0
C025-W-HO13-P-_E-004-01,S3227C267133DEB575F562D5315C526,instrument_loop,InstrumentationLoopFunction,,549.566,350.0
C025-W-HO13-P-_E-004-01,S70E0CDC64BA00573EF4939B5ED7DF8,instrument_loop,InstrumentationLoopFunction,,486.566,364.0
C025-W-HO13-P-_E-004-01,SD22D595532C6A0533AB5984533B7DD,instrument_loop,InstrumentationLoopFunction,,343.566,576.0
C025-W-HO13-P-_E-004-01,SF6F236671D120F366A4BDAB3E780AC,instrument_loop,InstrumentationLoopFunction,,219.566,528.0
C025-W-HO13-P-_E-004-01,S24F38CE4424A1551DDC4A0958E68FF,instrument_loop,InstrumentationLoopFunction,,138.566,167.0
C025-W-HO13-P-_E-004-01,SA3A1EF345F8EDE528993E17D59C8F3,instrument_loop,InstrumentationLoopFunction,,138.566,182.0
C025-W-HO13-P-_E-004-01,S37C4DF469E4878A56AB2456E317597,instrument_loop,InstrumentationLoopFunction,,138.566,152.0
C025-W-HO13-P-_E-004-01,SF840F1FCBFC1FB9ED611FA2567357D,instrument_loop,InstrumentationLoopFunction,,575.566,514.0
C025-W-HO13-P-_E-004-01,S2E936D59433DF10031FEFFBF18F284,instrument_loop,InstrumentationLoopFunction,,581.566,290.0
C025-W-HO13-P-_E-004-01,S5C208CC85A3EFC461B56BBB4E7F8DE,instrument_loop,InstrumentationLoopFunction,,613.566,290.0
C025-W-HO13-P-_E-004-01,S1712E77AF1B9720F1A8F468CAD32A2,instrument_loop,InstrumentationLoopFunction,,561.566,290.0
C025-W-HO13-P-_E-004-01,SC2279E2807BF81B608838F51B0CABA,instrument_loop,InstrumentationLoopFunction,,417.566,184.0
C025-W-HO13-P-_E-004-01,S4D3E75303979E407752134DA8C287E,instrument_loop,InstrumentationLoopFunction,,662.566,425.0
C025-W-HO13-P-_E-004-01,S21F5CF385B32E022F4C3ECDC40A05E,instrument_loop,InstrumentationLoopFunction,,390.566,453.0
C025-W-HO13-P-_E-004-01,S875DC42D34774073E53DBB083C8F1B,instrument_loop,InstrumentationLoopFunction,,442.566,122.0
C025-W-HO13-P-_E-004-01,S6DC3CB46E179D0C16D3FD724DBBFDB,instrument_loop,InstrumentationLoopFunction,,263.566,513.0
C025-W-HO13-P-_E-004-01,S1D5CD0A28F406C4085126FCB0B9133,instrument_loop,InstrumentationLoopFunction,,493.566,290.0
C025-W-HO13-P-_E-004-01,SB88AA6B7B5F67319B02F56AFA1110D,instrument_loop,InstrumentationLoopFunction,,528.566,290.0
C025-W-HO13-P-_E-004-01,S3928C4CF5E244B616EE0BAD49DDC4C,instrument_loop,InstrumentationLoopFunction,,448.566,299.0
C025-W-HO13-P-_E-004-01,SAE3C8AD5179FCCC4F804D579A3BABD,instrument_loop,InstrumentationLoopFunction,,523.566,437.0
C025-W-HO13-P-_E-004-01,S33E1448763EE709F0AD68630A9A728,instrument_loop,InstrumentationLoopFunction,,506.566,514.0
C025-W-HO13-P-_E-004-01,SEB90AFE6D311C8742A5B46A87551E8,instrument_loop,InstrumentationLoopFunction,,545.566,501.0
C025-W-HO13-P-_E-004-01,S54A05E71A06620266B137BA7401480,instrument_loop,InstrumentationLoopFunction,,138.566,197.0
C025-W-HO13-P-_E-004-01,S6537BFC86A96DA58DDB997E51D65FC,instrument_loop,InstrumentationLoopFunction,,138.566,212.1
C025-W-HO13-P-_E-004-01,S5D31815FC10E74497124C070C55F6F,instrument_loop,InstrumentationLoopFunction,,266.0,415.0
C025-W-HO13-P-_E-004-01,S85C7F63858E57AD62CEBFBD516F11A,instrument_loop,InstrumentationLoopFunction,,247.0,415.0
C025-W-HO13-P-_E-004-01,S6B34DFE4A65CDEFE77EC544E192C6C,instrument_loop,InstrumentationLoopFunction,,337.0,354.0
C025-W-HO13-P-_E-004-01,S8E24ED85A46BA57601C7A6667E5F40,instrument_loop,InstrumentationLoopFunction,,263.0,315.0
C025-W-HO13-P-_E-004-01,S8F0589F56B2C64DDEAFCE711DB233A,instrument_loop,InstrumentationLoopFunction,,249.0,219.0
C025-W-HO13-P-_E-004-01,S38B9CC981B5156343AD028E4E70D45,instrument_loop,InstrumentationLoopFunction,,234.0,219.0
C025-W-HO13-P-_E-004-01,SB7173063F505EE6728A92E5D7333CF,instrument_loop,InstrumentationLoopFunction,,248.0,315.0
C025-W-HO13-P-_E-004-01,SF90723CCA286C03D591AB91EB72A4C,instrument_loop,InstrumentationLoopFunction,,208.0,274.0
C025-W-HO13-P-_E-004-01,SFAC2B4E88489C63E9A6662E760B442,instrument_loop,InstrumentationLoopFunction,,222.0,274.0
C025-W-HO13-P-_E-004-01,SB460BD94910651AF9DD6186B64FD21,instrument_loop,InstrumentationLoopFunction,,202.1,296.0
C025-W-HO13-P-_E-004-01,S7EE375443A22D1E6677A727FCDF2D7,instrument_loop,InstrumentationLoopFunction,,559.0,437.0
C025-W-HO13-P-_E-004-01,SF26C3EDF0E1A086C524133A12439C8,instrument_loop,InstrumentationLoopFunction,,451.0,277.0
C025-W-HO13-P-_E-004-01,SFCEB3C4804438A70066091DE442D13,instrument_loop,InstrumentationLoopFunction,,222.0,506.0
C025-W-HO13-P-_E-004-01,S8ACC03491EAE4F303D8813AEB5F352,instrument_loop,InstrumentationLoopFunction,,346.0,555.0
C025-W-HO13-P-_E-004-01,SA55BE91937DB70B988F73CA5974F36,instrument_loop,InstrumentationLoopFunction,,552.0,331.0
C025-W-HO13-P-_E-004-01,SD495A45480ABFFE7FD996048FDB863,instrument_loop,InstrumentationLoopFunction,,640.0,425.0
C025-W-HO13-P-_E-004-01,S76E405A8FE60A93E643FCF1EEA762D,instrument_loop,InstrumentationLoopFunction,,421.0,122.0
C025-W-HO13-P-_E-004-01,SD6ACBB0C2E0F2126289DEA13DF2CA7,instrument_loop,InstrumentationLoopFunction,,393.0,429.0
C025-W-HO13-P-_E-004-01,S2745208A31217B73AE38F37F0E8E91,instrument_loop,InstrumentationLoopFunction,,578.0,453.0
C025-W-HO13-P-_E-004-01,S2B5F3BD3FE162ED73888C336929846,instrument_loop,InstrumentationLoopFunction,,95.0,120.0
C025-W-HO13-P-_E-004-01,SD2F66AA82939A44F842108BA69A05A,instrument_loop,InstrumentationLoopFunction,,396.0,184.0
C025-W-HO13-P-_E-004-01,SDDA63622ACE3FB3BA51E4ABC7663F3,instrument_loop,InstrumentationLoopFunction,,262.0,138.0
C025-W-HO13-P-_E-004-01,SC04B83C72311A591822FCE527609C3,instrument_loop,InstrumentationLoopFunction,,654.0,405.0
C025-W-HO13-P-_E-004-01,S7D355DE5717E39E1D2A29CD4555D35,instrument_loop,InstrumentationLoopFunction,,648.0,114.0
C025-W-HO13-P-_E-004-01,S132A951B2F82756DFCDD526E089E62,instrument_loop,InstrumentationLoopFunction,,626.0,455.0
C025-W-HO13-P-_E-004-01,SD0D6C03063864B25692FD695B0674F,instrument_loop,InstrumentationLoopFunction,,605.0,455.0
C025-W-HO13-P-_E-004-01,SFA15BDA1CF5AFAF51F0E0FCF0E6410,instrument_loop,InstrumentationLoopFunction,,225.0,151.0
C025-W-HO13-P-_E-004-01,SF8372EE88F5444AEC7A2C885CFADD6,instrument_loop,InstrumentationLoopFunction,,294.0,414.0
C025-W-HO13-P-_E-004-01,S20173AA13B4D0C38FFBB7B3377D9CC,instrument_loop,InstrumentationLoopFunction,,234.0,400.0
C025-W-HO13-P-_E-004-01,SB1863F047058B6E60353AF2AAD8C40,instrument_loop,InstrumentationLoopFunction,,592.0,438.0
C025-W-HO13-P-_E-004-01,S291743D96294F86FCA7E295311E528,instrument_loop,InstrumentationLoopFunction,,679.0,455.0
C025-W-HO13-P-_E-004-01,S32E929A4E250BBE94901A89A420EA3,instrument_loop,InstrumentationLoopFunction,,533.0,468.0
C025-W-HO13-P-_E-004-01,SD3306F8B57231F560AC9FF3EA787DC,instrument_loop,InstrumentationLoopFunction,,40.0,402.0
C025-W-HO13-P-_E-004-01,S56B1BFF6CEB98791528435D02DE634,instrument_loop,InstrumentationLoopFunction,,470.0,346.0
C025-W-HO13-P-_E-004-01,SDC0303885CE67D14DDD09C6D7DE5A6,instrument_loop,InstrumentationLoopFunction,,266.0,575.0
C025-W-HO13-P-_E-004-01,S9555100E71423616B937595776A76D,instrument_loop,InstrumentationLoopFunction,,448.0,97.0
C025-W-HO13-P-_E-004-01,SDB1B732D8BFB8548146494C73DBFA0,instrument_loop,InstrumentationLoopFunction,,425.0,203.0
C025-W-HO13-P-_E-004-01,SF6E05A7CD8B3A7446637E83DA84619,instrument_loop,InstrumentationLoopFunction,,40.0,419.0
C025-W-HO13-P-_E-004-01,SA390402BC438A9359C52AD25B3C63F,instrument_loop,InstrumentationLoopFunction,,168.0,522.0
C025-W-HO13-P-_E-004-01,SE3609EE0382298CD9639BE9A2324CB,instrument_loop,InstrumentationLoopFunction,,109.0,197.0
C025-W-HO13-P-_E-004-01,S8CE729AF77E382F6EBCF03039599C4,instrument_loop,InstrumentationLoopFunction,,679.0,405.0
C025-W-HO13-P-_E-004-01,SD5C358C6DB62B0E4670DE02EC38369,instrument_loop,InstrumentationLoopFunction,,407.0,151.0
C025-W-HO13-P-_E-004-01,S25775E1FC60F00138CCB951EE2E5CB,instrument_loop,InstrumentationLoopFunction,,192.019,224.019
C025-W-HO13-P-_E-004-01,SC4E36861CCCC1ACECD0E7CFA5E0C1E,instrument_loop,InstrumentationLoopFunction,,637.0,455.0
C025-W-HO13-P-_E-004-01,SE27679D80021BF5D4386CE735BF29A,instrument_loop,InstrumentationLoopFunction,,531.0,271.0
C025-W-HO13-P-_E-004-01,SDC8EA7EE092CA8D1184D3FDCBB52CF,instrument_loop,InstrumentationLoopFunction,,509.0,501.0
C025-W-HO13-P-_E-004-01,SB63CDB52F4BF36011E5900FC947DF5,instrument_loop,InstrumentationLoopFunction,,187.0,114.0
C025-W-HO13-P-_E-004-01,S912A400C0236E27CE76CC6EC782482,instrument_loop,InstrumentationLoopFunction,,626.0,470.0
C025-W-HO13-P-_E-004-01,S92EF620FD594B988685C886111C519,instrument_loop,InstrumentationLoopFunction,,408.0,184.0
C025-W-HO13-P-_E-004-01,S5868168CB6DDEEA42546A46A5C31A4,instrument_loop,InstrumentationLoopFunction,,432.0,122.0
C025-W-HO13-P-_E-004-01,SC87AEF1F564273CC957E3ECC4ADAB8,instrument_loop,InstrumentationLoopFunction,,577.984,425.029
C025-W-HO13-P-_E-004-01,SE105FA2EA4C97C347361D268FC4C11,instrument_loop,InstrumentationLoopFunction,,564.0,271.0
C025-W-HO13-P-_E-004-01,SB8AC1C3839110E685E7A9D09FF6CDB,instrument_loop,InstrumentationLoopFunction,,584.0,271.0
C025-W-HO13-P-_E-004-01,S4ECE3AFB374A21D9E3752FCF650CC8,instrument_loop,InstrumentationLoopFunction,,222.0,264.0
C025-W-HO13-P-_E-004-01,SA33A0588181AFEE572FE29E3F108A2,instrument_loop,InstrumentationLoopFunction,,175.0,212.0
C025-W-HO13-P-_E-004-01,S593801EBD353A5C655EE6094DAF386,instrument_loop,InstrumentationLoopFunction,,208.0,264.0
C025-W-HO13-P-_E-004-01,SA179B66AA303EDBE5C072587FA9892,instrument_loop,InstrumentationLoopFunction,,248.0,306.0
C025-W-HO13-P-_E-004-01,S4140CAA57D5C6D2C6E156DCA0D1F43,instrument_loop,InstrumentationLoopFunction,,266.0,501.0
C025-W-HO13-P-_E-004-01,SB6DE3834264C7C6D6F675E9F9659F9,instrument_loop,InstrumentationLoopFunction,,559.0,271.0
C025-W-HO13-P-_E-004-01,S4BBF4335E7C90C06917C36151291C3,instrument_loop,InstrumentationLoopFunction,,546.0,437.0
C025-W-HO13-P-_E-004-01,SE7D43D0546B36C9CE1AB88ED1E1DDC,instrument_loop,InstrumentationLoopFunction,,489.0,346.0
C025-W-HO13-P-_E-004-01,S4990804F9434570A222B54D11D8161,instrument_loop,InstrumentationLoopFunction,,578.0,501.0
C025-W-HO13-P-_E-004-01,S158B22EB57AE9B07DB5687812427C0,instrument_loop,InstrumentationLoopFunction,,234.0,211.0
C025-W-HO13-P-_E-004-01,SB6F29147DC5E250FE38FA0A4FFA0CE,actuating_system,ActuatingSystem,,294.0,352.0
C025-W-HO13-P-_E-004-01,SDC1038204BB6F2DF319AC4222F06F7,actuator,ControlledActuator,,294.0,352.0
C025-W-HO13-P-_E-004-01,S13909124DE58A0F94669E6A60E8E74,actuator,OperatedValveReference,,294.0,352.0
C025-W-HO13-P-_E-004-01,SB487A86F83B987603BBB97C0189CD0,actuating_system,ActuatingSystem,,521.0,346.0
C025-W-HO13-P-_E-004-01,SC181914F0F50C5588D2500B75FD62E,actuator,ControlledActuator,,521.0,346.0
C025-W-HO13-P-_E-004-01,SC9DEF71986E44050F0FBE4D4E92F22,actuator,OperatedValveReference,,521.0,346.0
C025-W-HO13-P-_E-004-01,S6224E73EC1BE1F09A131806650B632,actuating_system,ActuatingSystem,,294.0,147.0
C025-W-HO13-P-_E-004-01,S5DC790E6F724C849DFBDE720617B18,actuator,ControlledActuator,,294.0,147.0
C025-W-HO13-P-_E-004-01,S49059E4EC09F19C50C68CD959A9502,actuator,OperatedValveReference,,294.0,147.0
C025-W-HO13-P-_E-004-01,S87016E58BBB8E37507CC71F4F828B5,actuating_system,ActuatingSystem,,356.0,380.0
C025-W-HO13-P-_E-004-01,S15DD489595CB0FA5FD6610A4505466,actuator,ControlledActuator,,356.0,380.0
C025-W-HO13-P-_E-004-01,S91804DA152A38E03BB419D9BA1A471,actuator,OperatedValveReference,,356.0,380.0
C025-W-HO13-P-_E-004-01,S8697089257C5C11AEDC66052D0534F,actuating_system,ActuatingSystem,,119.0,99.0
C025-W-HO13-P-_E-004-01,S29DF6878DCA151958EAC467D08F714,actuator,ControlledActuator,,119.0,99.0
C025-W-HO13-P-_E-004-01,SFBD4D98AFC8BBC0E8DEFC26500B6E3,actuator,OperatedValveReference,,119.0,99.0
C025-W-HO13-P-_E-004-01,S260BED830E0C1E857B84CD0080B01C,actuating_system,ActuatingSystem,,186.0,490.0
C025-W-HO13-P-_E-004-01,S8407F97CFF6854B61BD380F2802131,actuator,ControlledActuator,,186.0,490.0
C025-W-HO13-P-_E-004-01,SA40FAC110C8DFDA93F5C0D577185FE,actuator,OperatedValveReference,,186.0,490.0
C025-W-HO13-P-_E-004-01,S5256FD40FF6FAECDF642039983A343,actuating_system,ActuatingSystem,,521.0,314.0
C025-W-HO13-P-_E-004-01,S92030A8A28A3B77FF1419D22E52175,actuator,ControlledActuator,,521.0,314.0
C025-W-HO13-P-_E-004-01,SCFA0A2D6F4AA37A57E99E697B03F14,actuator,OperatedValveReference,,521.0,314.0
C025-W-HO13-P-_E-004-01,S891263854CA4160844EE4B008512DD,actuating_system,ActuatingSystem,,626.0,402.0
C025-W-HO13-P-_E-004-01,SEDB56FF00F9D61F6108296B3FA0F71,actuator,ControlledActuator,,626.0,402.0
C025-W-HO13-P-_E-004-01,SE22E31FB341BCDC626E2B51D44A3AF,actuator,OperatedValveReference,,626.0,402.0
C025-W-HO13-P-_E-004-01,SB2AA9A647697A3E1E796B585D86D26,actuating_system,ActuatingSystem,,309.0,542.5
C025-W-HO13-P-_E-004-01,SBD1296E10716A85D2F2EDC350FC591,actuator,ControlledActuator,,309.0,542.5
C025-W-HO13-P-_E-004-01,S46138C63389E840A44691B6A176962,actuator,OperatedValveReference,,309.0,542.5
C025-W-HO13-P-_E-004-01,S63B57849E01AB1CA7BF342634FACA4,piping_system,PipingNetworkSystem,,235.041,192.5
C025-W-HO13-P-_E-004-01,SF22526D2D75D777B2B041AAD7F154B,piping_segment,PipingNetworkSegment,,235.041,192.5
C025-W-HO13-P-_E-004-01,S39A64677817DFB00C0FF926B84404D,piping_component,PipeFitting,,212.0,194.0
C025-W-HO13-P-_E-004-01,SAE99DC73BBA5728CF9F28AFF840DB6,piping_component,CustomPipingComponent,13-2386PT,229.582,191.0
C025-W-HO13-P-_E-004-01,S27DF9B49ADA0DD7C9E28645B55DDB6,piping_component,GateValve,13-2424PT,248.165,194.0
C025-W-HO13-P-_E-004-01,S4381309A7E53666D4F32DFDDE866A7,piping_system,PipingNetworkSystem,,243.041,245.5
C025-W-HO13-P-_E-004-01,S820F2A9E878D169B2CC27B2265DE06,piping_segment,PipingNetworkSegment,,243.041,245.5
C025-W-HO13-P-_E-004-01,SBE609A4CDB44155FC9948333368462,piping_component,GateValve,13-2425PT,256.165,247.0
C025-W-HO13-P-_E-004-01,S699416858E50DEA80245903A247570,piping_component,CustomPipingComponent,13-2392PT,237.582,244.0
C025-W-HO13-P-_E-004-01,S79A777E564A43AC2A2683FDE4341C7,piping_component,PipeFitting,,220.0,247.0
C025-W-HO13-P-_E-004-01,S27EAA6174B9EFFD0DC884CE8DFC69C,piping_system,PipingNetworkSystem,,78.5,337.0
C025-W-HO13-P-_E-004-01,S1E8B9A52D20049E3FF5D794332CB06,piping_segment,PipingNetworkSegment,"1""-OH-652023-GD201-0",78.5,337.0
C025-W-HO13-P-_E-004-01,S7EBBAE9B814DB63089E5D583BE1520,pipe_off_page,FlowInPipeOffPageConnector,,58.0,337.0
C025-W-HO13-P-_E-004-01,S117F449F9255ECF00B21C2B19AA3A3,piping_system,PipingNetworkSystem,,339.375,100.75
C025-W-HO13-P-_E-004-01,S795A483A33AE934B92A8B2EC7A7B9C,piping_segment,PipingNetworkSegment,"1""-PT-132047-LS951-4",283.0,79.5
C025-W-HO13-P-_E-004-01,S779D0AAB08CCECB52C1B95060116E2,piping_component,GlobeValve,13-2011PT,283.0,79.0
C025-W-HO13-P-_E-004-01,S63B4560990C2FBF7A8AB14EEB744DF,piping_component,Flange,,283.0,74.0
C025-W-HO13-P-_E-004-01,S1A46B2AEFD598ADEC41B78B81830C1,piping_segment,PipingNetworkSegment,"1""-PT-132047-LS951-4",335.0,102.75
C025-W-HO13-P-_E-004-01,S409AD2D45DA0F47D259DCFC71A9204,piping_component,FlangedConnection,,387.0,114.5
C025-W-HO13-P-_E-004-01,S74593CDA88BE433949DA9DFC4AF341,piping_component,GateValve,13-2156PT,328.0,87.0
C025-W-HO13-P-_E-004-01,SCB7A4C2C3482D7BDE025DBCF7F54AF,piping_component,FlangedConnection,,294.5,87.0
C025-W-HO13-P-_E-004-01,S5FC464B9D780BCA33A6092CEC6F19C,piping_component,PipeTee,,283.0,87.0
C025-W-HO13-P-_E-004-01,S44789DB8FFF758EAEC121DB81FEA17,piping_segment,PipingNetworkSegment,"1""-PT-132047-LS951-4",395.75,122.0
C025-W-HO13-P-_E-004-01,S7DD77B595526AB1779A170DF7C794C,piping_component,FlangedConnection,,392.5,122.0
C025-W-HO13-P-_E-004-01,SD8A93D8D16C431EB9332EF1312428D,piping_component,GateValve,13-2024PT,402.0,122.0
C025-W-HO13-P-_E-004-01,S2A5DE1C5B34E3660174409A3BACAD2,piping_segment,PipingNetworkSegment,"1""-PT-132047-LS951-4",382.25,122.0
C025-W-HO13-P-_E-004-01,S96F332E884B578BFD30293B15F3DFA,piping_component,FlangedConnection,,381.5,122.0
C025-W-HO13-P-_E-004-01,S1E6FD2F7E6766EC46A6C3CC66EBA47,piping_component,PipeTee,,387.0,122.0
C025-W-HO13-P-_E-004-01,S70D8CF4A9E29352FE5C1C0BBED9FE1,piping_system,PipingNetworkSystem,,307.75,175.0
C025-W-HO13-P-_E-004-01,SA9C43FDC630B81FD89FF729CD72CFC,piping_segment,PipingNetworkSegment,"6""-PT-132043-LS951-3",283.0,92.25
C025-W-HO13-P-_E-004-01,S81278AC4B119943994BA1EE8ADFC70,piping_component,FlangedConnection,,283.0,91.5
C025-W-HO13-P-_E-004-01,SC2259892BA5E1862EC90B5848A39ED,piping_segment,PipingNetworkSegment,"6""-PT-132043-LS951-3",475.0,240.75
C025-W-HO13-P-_E-004-01,S8A0B0B764FB44FDE3FC50840E8EEE2,piping_component,FlangedConnection,,396.0,259.5
C025-W-HO13-P-_E-004-01,SEE6EFDFE835B9CC76AE4F40AE412E9,piping_component,FlangedConnection,,554.0,222.0
C025-W-HO13-P-_E-004-01,SA33AD0DF9EE4620644F5F59D3848CC,piping_segment,PipingNetworkSegment,"6""-PT-132043-LS951-3",454.75,143.0
C025-W-HO13-P-_E-004-01,S8EB24A052A7F0131827692BA434878,piping_component,FlangedConnection,,381.5,136.0
C025-W-HO13-P-_E-004-01,S3813038D9D6AC751EB9BF55C6E6EED,piping_component,GateValve,13-2025PT,514.0,136.0
C025-W-HO13-P-_E-004-01,S1B30921B6D42B7136748B0C72F08DB,piping_component,FlangedConnection,,532.0,150.0
C025-W-HO13-P-_E-004-01,SAD7FE4F0B42E079302AAF24A82EBB8,piping_segment,PipingNetworkSegment,"6""-PT-132043-LS951-3",432.25,253.0
C025-W-HO13-P-_E-004-01,SCA094D96D0D47CEA54ADE41D5CA442,piping_component,PipeTee,,451.0,253.0
C025-W-HO13-P-_E-004-01,S7C12F8FE4F4B1CFBEE18F26ED4AD75,piping_component,PipeTee,,396.0,253.0
C025-W-HO13-P-_E-004-01,S848A77DC7091A154FFA5EB1178CA0D,piping_segment,PipingNetworkSegment,"6""-PT-132043-LS951-3",377.75,184.0
C025-W-HO13-P-_E-004-01,S5766097E4C2042213AA77C7B65B029,piping_component,FlangedConnection,,381.5,184.0
C025-W-HO13-P-_E-004-01,S59856453E2B6D992A3C9B9969F95D6,piping_component,PipeTee,,374.0,184.0
C025-W-HO13-P-_E-004-01,SBAB53F8B88A05428A76200FEA25093,piping_segment,PipingNetworkSegment,"6""-PT-132043-LS951-3",129.5,99.0
C025-W-HO13-P-_E-004-01,SA13CEF26A7032A05E964511EE4BF48,piping_component,GateValve,13-HV2287,119.0,99.0
C025-W-HO13-P-_E-004-01,SA83C3B533183BC937AF1740E474899,pipe_off_page,FlowOutPipeOffPageConnector,,56.0,99.0
C025-W-HO13-P-_E-004-01,SD42A881F66CC3E498889584BDDD512,piping_segment,PipingNetworkSegment,"6""-PT-132043-LS951-3",486.0,257.75
C025-W-HO13-P-_E-004-01,S48536FDAD25B8D88035A539531758C,piping_component,FlangedConnection,,486.0,259.5
C025-W-HO13-P-_E-004-01,SED5E5B736D16098B73D3F8CEDC8BB8,piping_segment,PipingNetworkSegment,"6""-PT-132043-LS951-3",374.0,139.75
C025-W-HO13-P-_E-004-01,S4C0B1ECD3653EF130917531C933ECB,piping_component,PipeTee,,374.0,136.0
C025-W-HO13-P-_E-004-01,S71F74877E740F2EB2D0183A17FB6EE,piping_segment,PipingNetworkSegment,"6""-PT-132043-LS951-3",328.5,106.25
C025-W-HO13-P-_E-004-01,S1C587BEB00FD0531B95821C42FB986,piping_component,FlangedConnection,,374.0,104.5
C025-W-HO13-P-_E-004-01,S93AB9D837D2588DB0116315561B065,piping_component,FlangedConnection,,368.5,99.0
C025-W-HO13-P-_E-004-01,S20664C445937357ACC26E71BA9A8C8,piping_component,GateValve,13-2010PT,353.0,99.0
C025-W-HO13-P-_E-004-01,SE4F842BBF2BF131EF0A61EC6408AE2,piping_component,CheckValve,13-2125PT,303.0,99.0
C025-W-HO13-P-_E-004-01,SE0414D701ACC3F6B4ACEF2D41E523B,piping_component,PipeTee,,283.0,99.0
C025-W-HO13-P-_E-004-01,SE643FC2913D99E2F4508CB64E8A783,piping_segment,PipingNetworkSegment,"6""-PT-132043-LS951-3",374.0,125.5
C025-W-HO13-P-_E-004-01,SADBBD87DAA6EF420ABFEB38E194E91,piping_component,PipeTee,,374.0,122.0
C025-W-HO13-P-_E-004-01,SDAFC4A29AC1026038861EAE1BB868F,piping_segment,PipingNetworkSegment,"6""-PT-132043-LS951-3",486.0,237.5
C025-W-HO13-P-_E-004-01,S8EFAFA2E4A03529A24496E099F1659,piping_component,FlangedConnection,,486.0,222.0
C025-W-HO13-P-_E-004-01,S5496E481C6704F99E58DC630EF2700,piping_component,PipeTee,,486.0,253.0
C025-W-HO13-P-_E-004-01,S5FFA87C1543483431DBF91735EBE93,piping_segment,PipingNetworkSegment,"6""-PT-132043-LS951-3",374.0,159.25
C025-W-HO13-P-_E-004-01,S597342C922CDC628310F5D4BF211CA,piping_component,PipeTee,,374.0,151.0
C025-W-HO13-P-_E-004-01,SC164A8435FC70EDB3F2EE0866BB5E2,piping_segment,PipingNetworkSegment,"6""-PT-132043-LS951-3",384.25,151.0
C025-W-HO13-P-_E-004-01,S7BFB0C137DE24473931198F64A1899,piping_component,FlangedConnection,,381.5,151.0
C025-W-HO13-P-_E-004-01,S17F180EBEE189715B0A5690FF27280,piping_component,GateValve,13-2094PT,391.0,151.0
C025-W-HO13-P-_E-004-01,SBACA465B78179529C7E0739C2E1332,piping_segment,PipingNetworkSegment,"6""-PT-132043-LS951-3",385.0,218.5
C025-W-HO13-P-_E-004-01,S33B5EA3FB222F0DFDFCDE82D2BCD62,piping_system,PipingNetworkSystem,,96.25,277.0
C025-W-HO13-P-_E-004-01,SE3A2418C93A9286D1DE21A073EE4D0,piping_segment,PipingNetworkSegment,"1""-DO-562073-AD20A-0",96.25,277.0
C025-W-HO13-P-_E-004-01,S288368DA8ED8287E3C87538F6282AB,piping_component,FlangedConnection,,132.5,273.0
C025-W-HO13-P-_E-004-01,SC7618A5A2C95CCC5707D26C3C2F65D,pipe_off_page,FlowOutPipeOffPageConnector,,56.0,273.0
C025-W-HO13-P-_E-004-01,S38EE315A362305880D31C99E31B04D,piping_system,PipingNetworkSystem,,78.5,379.0
C025-W-HO13-P-_E-004-01,S45C333E1E53AE0939CE6DF7C4B60D6,piping_segment,PipingNetworkSegment,,78.5,379.0
C025-W-HO13-P-_E-004-01,S78D2E2003BDC113821F19F23369707,pipe_off_page,FlowInPipeOffPageConnector,,58.0,379.0
C025-W-HO13-P-_E-004-01,S29E3C98FFDA87EE9AA52AED7FBB34B,piping_system,PipingNetworkSystem,,294.0,148.25
C025-W-HO13-P-_E-004-01,S745F50896840145CC055B5087E15E1,piping_segment,PipingNetworkSegment,,294.0,148.25
C025-W-HO13-P-_E-004-01,SF90693C64D8908854D4624A135288F,piping_component,GateValve,13-ESV2251,294.0,147.0
C025-W-HO13-P-_E-004-01,S83AD294711662C017136A73AB021A3,piping_component,PipeTee,,294.0,138.0
C025-W-HO13-P-_E-004-01,S216C8F9D274E55D9E950039FE84D0A,piping_system,PipingNetworkSystem,,172.5,344.5
C025-W-HO13-P-_E-004-01,S435A2DB0B7586CF74E3556A616C433,piping_segment,PipingNetworkSegment,,172.5,344.5
C025-W-HO13-P-_E-004-01,SC489CF881F3C41B7616CA55651E13F,piping_component,AngleValve,13-XY2253,289.0,438.0
C025-W-HO13-P-_E-004-01,SBE1815CBEA70ECFF1AE2D7CC56748B,piping_component,Hose,,172.0,274.0
C025-W-HO13-P-_E-004-01,SED925A0B70296DAFBEB55F35E9BDA6,piping_component,PipeFitting,,164.5,251.0
C025-W-HO13-P-_E-004-01,SBBA7F2A9DB6F06F7AB31720EE2297F,pipe_off_page,FlowOutPipeOffPageConnector,,56.0,251.0
C025-W-HO13-P-_E-004-01,S8D3E08328689D0B046DDBE7E58F9DD,piping_system,PipingNetworkSystem,,249.041,287.5
C025-W-HO13-P-_E-004-01,S14D21677B0A2320416D772BD463325,piping_segment,PipingNetworkSegment,,249.041,287.5
C025-W-HO13-P-_E-004-01,S814C15331F285188C7AFC1254FE5C1,piping_component,GateValve,13-2429PT,262.165,289.0
C025-W-HO13-P-_E-004-01,S2419BAA97549320DDDBE8EA71292D6,piping_component,CustomPipingComponent,13-2430PT,243.582,286.0
C025-W-HO13-P-_E-004-01,S77D38C61EFA5B2F1E79248BECFF150,piping_component,PipeFitting,,226.0,289.0
C025-W-HO13-P-_E-004-01,S7F5ACED77F59B3A512D989A4C1CDB8,piping_system,PipingNetworkSystem,,77.0,359.0
C025-W-HO13-P-_E-004-01,SEAB07A8D6E520331C80E1A9FC62012,piping_segment,PipingNetworkSegment,,77.0,359.0
C025-W-HO13-P-_E-004-01,SCF63995504EF0BE86B459FC5903FCD,pipe_off_page,FlowOutPipeOffPageConnector,,56.0,359.0
C025-W-HO13-P-_E-004-01,S966993A2DFD8446F3508582508B85A,piping_system,PipingNetworkSystem,,150.5,291.5
C025-W-HO13-P-_E-004-01,S2BFB3A8120BFCB8AC0BF71B23910B3,piping_segment,PipingNetworkSegment,,150.5,291.5
C025-W-HO13-P-_E-004-01,S5D1B07430CEE24B4ECAA4A9E2D3B99,piping_component,AngleValve,13-XY2252,245.0,352.0
C025-W-HO13-P-_E-004-01,S79F87F2F7E732462B244C66736E4DF,piping_component,Hose,,181.0,274.0
C025-W-HO13-P-_E-004-01,S3BB48B0AE0F25F3643D93CDF25364B,piping_component,PipeFitting,,164.5,231.0
C025-W-HO13-P-_E-004-01,S4BD0C7E6654FFF98F374FD7A9E99F3,pipe_off_page,FlowOutPipeOffPageConnector,,56.0,231.0
C025-W-HO13-P-_E-004-01,SFB76250E6117621DE455E5C033FEB4,piping_system,PipingNetworkSystem,,328.0,247.0
C025-W-HO13-P-_E-004-01,S347FD8A090B2FC4D4F394C95513314,piping_segment,PipingNetworkSegment,,328.0,247.0
C025-W-HO13-P-_E-004-01,S8323AEAB0364CFA00B97B646FB14C3,piping_component,GateValve,13-2431PT,330.0,247.0
C025-W-HO13-P-_E-004-01,S3F9F146C4B19A653E0816AF6AF0CD8,piping_component,FlangedConnection,,335.0,247.0
C025-W-HO13-P-_E-004-01,SC53CEE4334AB9B1B78B7C83B8D2A2F,piping_system,PipingNetworkSystem,,77.0,307.0
C025-W-HO13-P-_E-004-01,SCBDBF4B187EB8A349A06BA4CDC757B,piping_segment,PipingNetworkSegment,"3""-OH-652024-GD201-0",77.0,307.0
C025-W-HO13-P-_E-004-01,S914AB67F3C17715F8E6406ABF88053,pipe_off_page,FlowOutPipeOffPageConnector,,56.0,307.0
C025-W-HO13-P-_E-004-01,S4560F6C9B7AEC9AB5B4CE7AFFD48E6,piping_system,PipingNetworkSystem,,304.125,332.75
C025-W-HO13-P-_E-004-01,SB2D70E6628132759826D25FAF82952,piping_segment,PipingNetworkSegment,,342.75,326.0
C025-W-HO13-P-_E-004-01,S8219F9E23F4371ECF3AD6AA1F330C9,piping_component,NeedleValve,13-2447PT,346.0,326.0
C025-W-HO13-P-_E-004-01,S7095B397676C5AAF46E45CA6516CAF,piping_segment,PipingNetworkSegment,,328.5,336.0
C025-W-HO13-P-_E-004-01,S45129FD95A9EE2C780C5B9D52E88F7,piping_component,NeedleValve,13-2445PT,320.0,336.0
C025-W-HO13-P-_E-004-01,S4FF58309EFD9C3D4B1984CF65C1BD2,piping_component,NeedleValve,13-2446PT,330.0,336.0
C025-W-HO13-P-_E-004-01,SEC789509348DA7845C5725B027477E,piping_component,PipeTee,,337.0,336.0
C025-W-HO13-P-_E-004-01,S83F124B10773D0C2501952D5B845EA,piping_segment,PipingNetworkSegment,,337.0,331.0
C025-W-HO13-P-_E-004-01,S74018B59F5BFBD87385FACC76B0856,piping_segment,PipingNetworkSegment,,337.0,339.5
C025-W-HO13-P-_E-004-01,S6D6ED600077A9203F99B5DB6F5BD8D,piping_component,GateValve,13-2438PT,337.0,342.0
C025-W-HO13-P-_E-004-01,SCD4F3945FB41EE99F9474A2E74C944,piping_segment,PipingNetworkSegment,,265.5,326.0
C025-W-HO13-P-_E-004-01,SA865D1F54B3F1BF6284049D673807A,piping_component,NeedleValve,13-2448PT,228.0,326.0
C025-W-HO13-P-_E-004-01,SC6B5A42109B699978B7E29F6357CE2,piping_component,PipeTee,,337.0,326.0
C025-W-HO13-P-_E-004-01,S68959166A29F377014C9FA05EEF976,piping_system,PipingNetworkSystem,,397.999,432.0
C025-W-HO13-P-_E-004-01,S40DEF682B2CFCF5EEDB1DC7E9054EA,piping_segment,PipingNetworkSegment,"2""-CC-132049-LS951-4",424.75,393.0
C025-W-HO13-P-_E-004-01,S9A82CE0D3FD84DF587B521726BD38D,piping_segment,PipingNetworkSegment,"2""-CC-132049-LS951-4",371.247,471.0
C025-W-HO13-P-_E-004-01,SEA218A73F4B880EDE502FC25456A4C,piping_component,BallValve,13-XV2272,309.0,540.0
C025-W-HO13-P-_E-004-01,SB6013D29066A4C4CE8BAB5F94A0BB1,piping_component,PipeReducer,,433.494,402.0
C025-W-HO13-P-_E-004-01,S40C13A4FA087863F2272CC3187EAB1,piping_system,PipingNetworkSystem,,496.188,408.0
C025-W-HO13-P-_E-004-01,SACFD550C40673D0F64BFADA9B72847,piping_segment,PipingNetworkSegment,"4""-PT-132046-LS951-3",497.0,421.0
C025-W-HO13-P-_E-004-01,S486D6655D413B12438478BF86D0179,piping_component,Flange,,497.0,430.0
C025-W-HO13-P-_E-004-01,SB04061250E656785774691595C2FA1,piping_component,GateValve,13-2075PT,497.0,425.0
C025-W-HO13-P-_E-004-01,S5E323C10A88F3EA6D8EF4017A5672B,piping_component,PipeTee,,497.0,412.0
C025-W-HO13-P-_E-004-01,SFC76CE3E555B08D9B4DF8D5AB322F0,piping_segment,PipingNetworkSegment,"4""-PT-132046-LS951-3",497.0,398.25
C025-W-HO13-P-_E-004-01,S1A6B65E0A859F87A4981B0BE28A397,piping_component,GateValve,13-2076PT,497.0,403.0
C025-W-HO13-P-_E-004-01,SC9BE4BC6BEB17860762183CB6EDEBB,piping_component,PipeTee,,497.0,387.0
C025-W-HO13-P-_E-004-01,SD97DAE45C8B358630E0E47433B1073,piping_segment,PipingNetworkSegment,"4""-PT-132046-LS951-3",507.25,412.0
C025-W-HO13-P-_E-004-01,SA2A6E688FA5A8DF765619038B00DD5,piping_component,GlobeValve,13-2077PT,509.0,412.0
C025-W-HO13-P-_E-004-01,SBE2A1B88B6877175FE31334EB1FAF4,piping_component,FlangedConnection,,513.5,412.0
C025-W-HO13-P-_E-004-01,S11D59A75AC90FAA2E58E193E7F4528,piping_segment,PipingNetworkSegment,"4""-PT-132046-LS951-3",509.25,385.5
C025-W-HO13-P-_E-004-01,SFB7D45E90864681EB0E443821BEE9F,piping_component,PipeTee,,497.0,380.0
C025-W-HO13-P-_E-004-01,S18AD10A9AC498EC56D23417DD47CE3,piping_segment,PipingNetworkSegment,"4""-PT-132046-LS951-3",483.125,432.5
C025-W-HO13-P-_E-004-01,SBBEEF20C96065C1CA00260C5CFA8FB,piping_component,Flange,,478.5,464.0
C025-W-HO13-P-_E-004-01,SEAF6AF76C64EA623B8BE52C8B1AEA7,piping_component,CheckValve,13-2126PT,478.5,459.0
C025-W-HO13-P-_E-004-01,SD728D1F1B259BD7C4023F9B0B8024B,piping_component,BallValve,13-2014PT,478.5,439.0
C025-W-HO13-P-_E-004-01,SFFBA425ADB0822AB8078D34A6F51EA,piping_component,GlobeValve,13-2015PT,478.5,419.0
C025-W-HO13-P-_E-004-01,SED2CF5BE87574C00B82B85668ED8EB,piping_segment,PipingNetworkSegment,"4""-PT-132046-LS951-3",497.0,383.5
C025-W-HO13-P-_E-004-01,SFC41518DDF52ECBC0C0F2E5E01F8A8,piping_system,PipingNetworkSystem,,482.875,359.625
C025-W-HO13-P-_E-004-01,SF9C88DDB4FD3A85FB9B979B6FE8705,piping_segment,PipingNetworkSegment,"2""-PT-132044-LS951-3",458.25,380.0
C025-W-HO13-P-_E-004-01,SD13B0DCD52FC1E807BAABE4559E06C,piping_component,FlangedConnection,,468.5,380.0
C025-W-HO13-P-_E-004-01,S9B19A5B856FC98DCA1A4827A78700E,piping_component,FlangedConnection,,443.5,380.0
C025-W-HO13-P-_E-004-01,S48C2C61144021291FD8967FAEC68E3,piping_component,CustomPipingComponent,,433.5,380.0
C025-W-HO13-P-_E-004-01,S395B9390980213298634A0680AAD70,piping_segment,PipingNetworkSegment,"2""-PT-132044-LS951-3",564.25,330.5
C025-W-HO13-P-_E-004-01,SE567164092C308E86DAF9460F26055,pipe_off_page,FlowInPipeOffPageConnector,,665.0,314.0
C025-W-HO13-P-_E-004-01,S74C5654470A165CB7DB2F5F8BE30A8,piping_component,BallValve,13-XV2279,521.0,314.0
C025-W-HO13-P-_E-004-01,SC02B688EC11B27E63BA32236EE95DB,piping_segment,PipingNetworkSegment,"2""-PT-132044-LS951-3",433.5,388.75
C025-W-HO13-P-_E-004-01,SE5862EB4BB87A602ED9F26202AAD24,piping_component,FlangedConnection,,433.5,390.5
C025-W-HO13-P-_E-004-01,S63312CD2A2DAE4464C4DA80B2A1AE0,piping_segment,PipingNetworkSegment,"2""-PT-132044-LS951-3",414.875,380.0
C025-W-HO13-P-_E-004-01,S1EC8C289706B2AEC4A549CA93EF21D,piping_component,PipeTee,,410.0,380.0
C025-W-HO13-P-_E-004-01,SA5D62412B804568995C0319C691203,piping_segment,PipingNetworkSegment,"2""-PT-132044-LS951-3",401.5,380.0
C025-W-HO13-P-_E-004-01,SD548B4D8930F36626B1D272D9D3122,piping_system,PipingNetworkSystem,,216.125,535.25
C025-W-HO13-P-_E-004-01,SDA31313CAB1C47F55F228CA20F73E8,piping_segment,PipingNetworkSegment,"2""-CC-422018-LD203-4",141.75,540.0
C025-W-HO13-P-_E-004-01,S433C1F297BC543ABF09F3A0D4BBFD9,pipe_off_page,FlowInPipeOffPageConnector,,58.0,540.0
C025-W-HO13-P-_E-004-01,SDA71F84CFE7352B6125EF4E6EB76A9,piping_component,BallValve,42-2000CC,177.0,540.0
C025-W-HO13-P-_E-004-01,SEC52B749D20D7A05DF29650524BB66,piping_component,CheckValve,42-2024CC,200.0,540.0
C025-W-HO13-P-_E-004-01,S3D716DE1DBFC413B588E768144763A,piping_segment,PipingNetworkSegment,"2""-CC-422018-LD203-4",290.5,530.5
C025-W-HO13-P-_E-004-01,SA72924A2A8E51499D237462C274927,piping_segment,PipingNetworkSegment,"2""-CC-422018-LD203-4",247.0,531.5
C025-W-HO13-P-_E-004-01,S5A6099F9081917688BA65F3D3BBCE1,piping_component,Flange,,247.0,523.0
C025-W-HO13-P-_E-004-01,S32833ACF202D666B68FEDB69FC5ABF,piping_component,GlobeValve,42-2001CC,247.0,528.0
C025-W-HO13-P-_E-004-01,SEA1C22115576E528C64216324474C2,piping_component,PipeTee,,247.0,540.0
C025-W-HO13-P-_E-004-01,S7E0A7681F571D18968AB9A314DE2F5,piping_system,PipingNetworkSystem,,303.25,411.625
C025-W-HO13-P-_E-004-01,S5582422A3B7E3AA4B34C80544CA700,piping_segment,PipingNetworkSegment,"2""-CG-132048-LS951-3",294.0,347.75
C025-W-HO13-P-_E-004-01,SDA5522AC93A15B8EE3722BD8A97D5E,piping_component,GateValve,13-2427PT,294.0,344.0
C025-W-HO13-P-_E-004-01,S78BBD3347B16E47C2F2C2EF5B81657,piping_component,GateValve,13-ESV2252,294.0,352.0
C025-W-HO13-P-_E-004-01,SAC2A1F6C2088F2B476877EB18E3AD5,piping_segment,PipingNetworkSegment,"2""-CG-132048-LS951-3",251.75,400.25
C025-W-HO13-P-_E-004-01,SB589B095E621ED8533C21E22C6BE22,piping_component,GateValve,13-2436PT,247.0,403.0
C025-W-HO13-P-_E-004-01,S9EBB511B150350457B583932995484,piping_segment,PipingNetworkSegment,"2""-CG-132048-LS951-3",213.5,380.0
C025-W-HO13-P-_E-004-01,S7EA7D3E2F02C723AB8971AA765F5C4,piping_component,GateValve,13-2423PT,215.0,380.0
C025-W-HO13-P-_E-004-01,SCA6488305D1A89D4F638604317B865,piping_component,FlangedConnection,,206.5,380.0
C025-W-HO13-P-_E-004-01,S24F39AB671DDFA9A589086F918CAD6,piping_component,PipeFitting,,200.5,380.0
C025-W-HO13-P-_E-004-01,S55881409BAB7991CD4730C11136223,piping_segment,PipingNetworkSegment,"2""-CG-132048-LS951-3",252.503,475.5
C025-W-HO13-P-_E-004-01,S76D191A8ADA0D56E320A4253FDDDA9,piping_component,BallValve,13-XV2271,186.0,490.0
C025-W-HO13-P-_E-004-01,S21F4A2AC81BB278F34091D6189BC7B,piping_component,FlangedConnection,,319.0,481.5
C025-W-HO13-P-_E-004-01,S52E7FDD63EA01920AABC451AD92152,piping_component,FlangedConnection,,319.0,463.5
C025-W-HO13-P-_E-004-01,SAFF66F1DB55D693B762FA585EB5EC6,piping_component,PipeReducer,,319.006,461.0
C025-W-HO13-P-_E-004-01,SE41936530CBE134037005F906DD3E3,piping_segment,PipingNetworkSegment,"2""-CG-132048-LS951-3",300.25,379.977
C025-W-HO13-P-_E-004-01,S62B64B6A7189D2955272AB1D9958FF,piping_component,PipeTee,,294.0,379.955
C025-W-HO13-P-_E-004-01,S4CF08279D87452F16D7BD3707DA160,piping_segment,PipingNetworkSegment,"2""-CG-132048-LS951-3",266.0,387.5
C025-W-HO13-P-_E-004-01,SD608BBBC444AC7D567EF3CF341D683,piping_component,PipeTee,,266.0,390.0
C025-W-HO13-P-_E-004-01,S69B5336927E24B41A7761ED0C98C98,piping_segment,PipingNetworkSegment,"2""-CG-132048-LS951-3",353.0,380.023
C025-W-HO13-P-_E-004-01,SC0A7C111B1F3E8651E97AA118B980E,piping_component,FlangedConnection,,380.5,380.0
C025-W-HO13-P-_E-004-01,S55BF74A5710E70447AE4369AD43010,piping_component,FlangedConnection,,361.0,380.0
C025-W-HO13-P-_E-004-01,S170374B762E7F26365B11792C3AA6C,piping_component,GateValve,13-ESV2253,356.0,380.0
C025-W-HO13-P-_E-004-01,S3404641135963E3687BD073E0AB0FB,piping_component,PipeTee,,319.0,380.045
C025-W-HO13-P-_E-004-01,S46936FA9A7615160A687411EA4F1C4,piping_segment,PipingNetworkSegment,"2""-CG-132048-LS951-3",273.0,380.0
C025-W-HO13-P-_E-004-01,S8A95765A632424D2DBF083D3CB969E,piping_component,PipeTee,,266.0,380.0
C025-W-HO13-P-_E-004-01,S314D5EC348158C726D23160D64145A,piping_segment,PipingNetworkSegment,"2""-CG-132048-LS951-3",266.0,394.5
C025-W-HO13-P-_E-004-01,S7D0C4ECCE0A2760768337EFEA5CACF,piping_component,PipeTee,,266.0,396.0
C025-W-HO13-P-_E-004-01,S1979A75D9D29048B3C6C3A078A82B7,piping_segment,PipingNetworkSegment,"2""-CG-132048-LS951-3",294.0,391.75
C025-W-HO13-P-_E-004-01,S30E71A51EF4E6560652FA047487E67,piping_component,GateValve,13-2426PT,294.0,397.0
C025-W-HO13-P-_E-004-01,SCD278A1FC8449E354EC53D3281BD64,piping_segment,PipingNetworkSegment,"2""-CG-132048-LS951-3",242.0,380.0
C025-W-HO13-P-_E-004-01,SFABD9811CDF32EB33293320845EF6F,piping_component,PipeTee,,234.0,380.0
C025-W-HO13-P-_E-004-01,SAAF3589CB0C5AD9C790EF0D0C6BC56,piping_segment,PipingNetworkSegment,"2""-CG-132048-LS951-3",319.0,420.0
C025-W-HO13-P-_E-004-01,S99119AE2AFEAB022BDF2A421B7E4C4,piping_component,FlangedConnection,,319.0,458.0
C025-W-HO13-P-_E-004-01,S4EB4AC95A61421BEA9E270E705B4D0,piping_component,CheckValve,13-2449PT,319.0,415.0
C025-W-HO13-P-_E-004-01,S847CE038B1FDD94DB44D78B8F39688,piping_component,GateValve,13-2428PT,319.0,397.0
C025-W-HO13-P-_E-004-01,S552CAED4EF951EE26BC29F4960D28E,piping_segment,PipingNetworkSegment,"2""-CG-132048-LS951-3",234.0,384.75
C025-W-HO13-P-_E-004-01,SFE4EC27BFE8D374202FD24F6B7DDE3,piping_component,FlangedConnection,,234.0,386.5
C025-W-HO13-P-_E-004-01,S2416A68CD95A61DFEE23C30C83C52C,piping_segment,PipingNetworkSegment,"2""-CG-132048-LS951-3",256.75,390.0
C025-W-HO13-P-_E-004-01,SB644BBA602BF0F61C09867BC97F8C3,piping_component,NeedleValve,13-2443PT,249.0,390.0
C025-W-HO13-P-_E-004-01,SC6BA4BD49D42900AF9BFE92A4AC715,piping_component,NeedleValve,13-2444PT,259.0,390.0
C025-W-HO13-P-_E-004-01,SA5BD239DC31D95E7AA7F8C757BCA26,piping_segment,PipingNetworkSegment,"2""-CG-132048-LS951-3",393.0,385.25
C025-W-HO13-P-_E-004-01,S946B56E312F7C0F1093EE11533686F,piping_component,FlangedConnection,,393.0,390.5
C025-W-HO13-P-_E-004-01,SF5A6B7273E9D70AFDE9D585826F7DA,piping_component,PipeTee,,393.0,380.0
C025-W-HO13-P-_E-004-01,S84F20E3890ED50E3F4BA075630C7D4,piping_segment,PipingNetworkSegment,"2""-CG-132048-LS951-3",266.0,400.25
C025-W-HO13-P-_E-004-01,SE6797E16EDA2250EAF00D0B0996B1B,piping_component,GateValve,13-2437PT,266.0,403.0
C025-W-HO13-P-_E-004-01,S721E585349CB1DF4612B5C7A8BD978,piping_system,PipingNetworkSystem,,555.875,406.375
C025-W-HO13-P-_E-004-01,S1E3ED36EDBF20A8D7155C43521D4FC,piping_segment,PipingNetworkSegment,"6""-PT-132041-LS951-3",555.75,402.0
C025-W-HO13-P-_E-004-01,S1E3F3A6064AD512A548A8EBA1FA961,piping_component,PipeTee,,559.0,402.0
C025-W-HO13-P-_E-004-01,SF670F4381F9F2ADD31B9B8634AB32C,piping_segment,PipingNetworkSegment,"6""-PT-132041-LS951-3",559.0,410.75
C025-W-HO13-P-_E-004-01,S2B4128E6F0C92B5F0DDF1C277862D5,piping_component,GateValve,13-2016PT,559.0,415.0
C025-W-HO13-P-_E-004-01,SD454A8B95FA406FA117BB05D5BB420,piping_segment,PipingNetworkSegment,"6""-PT-132041-LS951-3",543.25,402.0
C025-W-HO13-P-_E-004-01,S8D5DFDA233B51F2FA5C003E69236F2,piping_component,FlangedConnection,,540.5,402.0
C025-W-HO13-P-_E-004-01,S18496EF35E785047DDD5DF54960C4C,piping_component,PipeTee,,546.0,402.0
C025-W-HO13-P-_E-004-01,S54BFF19E02758379329D307239D04D,piping_segment,PipingNetworkSegment,"6""-PT-132041-LS951-3",568.5,402.0
C025-W-HO13-P-_E-004-01,S1F8B0A1BB360F251B5F948EA46202C,piping_system,PipingNetworkSystem,,130.5,481.375
C025-W-HO13-P-_E-004-01,SBAB77F2D9B3838F21C7033F5435022,piping_segment,PipingNetworkSegment,"2""-CA-422030-LD203-0",124.0,472.75
C025-W-HO13-P-_E-004-01,S46A9A752B22AC685F59FD593FCAB4E,piping_component,GlobeValve,42-2066CA,124.0,469.0
C025-W-HO13-P-_E-004-01,SF43CB12A3D93F2190C4596DCAD0974,piping_component,Flange,,124.0,464.0
C025-W-HO13-P-_E-004-01,SF6BFC52E0E1F06353300480FDFB74A,piping_segment,PipingNetworkSegment,"2""-CA-422030-LD203-0",91.0,490.0
C025-W-HO13-P-_E-004-01,S4FAB5AB1389EB2D3F008A65353238B,pipe_off_page,FlowInPipeOffPageConnector,,58.0,490.0
C025-W-HO13-P-_E-004-01,SA1FDB44BFEA9046E7D38D47E65E663,piping_component,BallValve,42-2000CA,95.5,490.0
C025-W-HO13-P-_E-004-01,SDFEA7B6E51B2756E5B1741054255A9,piping_component,CheckValve,42-2045CA,115.0,490.0
C025-W-HO13-P-_E-004-01,SA2955FCE7EE3318E10759341927B99,piping_component,PipeTee,,124.0,490.0
C025-W-HO13-P-_E-004-01,SFFA798517303DF7836F44EF4EC1062,piping_segment,PipingNetworkSegment,"2""-CA-422030-LD203-0",170.0,483.0
C025-W-HO13-P-_E-004-01,SE5461086C8B24F361F182C91C93231,piping_segment,PipingNetworkSegment,"2""-CA-422030-LD203-0",132.25,489.977
C025-W-HO13-P-_E-004-01,SAFFAB8BFFF9738A18C6380C0CAFDE2,piping_component,PipeTee,,135.0,489.955
C025-W-HO13-P-_E-004-01,SAC6FA90F4C4E5E4ACC1DCE2AFF6EBC,piping_system,PipingNetworkSystem,,96.5,468.0
C025-W-HO13-P-_E-004-01,S34C27157D23CB40C6F414070F5B855,piping_segment,PipingNetworkSegment,"2""-CG-422056-LD203-0",96.5,468.0
C025-W-HO13-P-_E-004-01,S99EED39A8FA3DC6054710631AB272C,pipe_off_page,FlowInPipeOffPageConnector,,58.0,448.0
C025-W-HO13-P-_E-004-01,SF9285C12B0EDE4EC78759C87EBBFDB,piping_component,BallValve,42-2000CG,96.0,448.0
C025-W-HO13-P-_E-004-01,SE39B4D8ACEADC8888ED88BE6A2BDFB,piping_component,CheckValve,42-2088CG,115.0,448.0
C025-W-HO13-P-_E-004-01,S573784F436746E4CDD2030507CBC3E,piping_system,PipingNetworkSystem,,540.25,246.625
C025-W-HO13-P-_E-004-01,SC7BA5FED2BA783A95F716434E38FB3,piping_segment,PipingNetworkSegment,"6""-PT-132042-LS951-3",486.0,149.25
C025-W-HO13-P-_E-004-01,S669AAF303F93A075FD66DA0CCFADE7,piping_component,FlangedConnection,,486.0,169.0
C025-W-HO13-P-_E-004-01,S681B773BB432E776BEB40EE6A5463C,piping_segment,PipingNetworkSegment,"6""-PT-132042-LS951-3",549.0,82.5
C025-W-HO13-P-_E-004-01,SCCA3957363B4B2A85A949552EA6834,piping_component,Flange,,549.0,74.0
C025-W-HO13-P-_E-004-01,SD7462A75F2ACB07961A2322707B505,piping_component,GlobeValve,13-2109PT,549.0,79.0
C025-W-HO13-P-_E-004-01,SCC7CA63395FF05A4C75C16C4CD4EA4,piping_component,PipeTee,,549.0,91.0
C025-W-HO13-P-_E-004-01,S3AF771390AF6E3B959F84B5712C463,piping_segment,PipingNetworkSegment,"6""-PT-132042-LS951-3",578.0,410.75
C025-W-HO13-P-_E-004-01,S4C366D1679C8E7A070D929188E6968,piping_component,GateValve,13-2013PT,578.0,415.0
C025-W-HO13-P-_E-004-01,SD68A6418643C521CF3944004DB8039,piping_segment,PipingNetworkSegment,"6""-PT-132042-LS951-3",473.75,91.0
C025-W-HO13-P-_E-004-01,S7A7BFC6DEB07BB5660FB99BB1E6A45,piping_component,FlangedConnection,,469.5,91.0
C025-W-HO13-P-_E-004-01,SDE98B4EDA33F1700BC97FEBDFF82E9,piping_segment,PipingNetworkSegment,"6""-PT-132042-LS951-3",501.75,91.0
C025-W-HO13-P-_E-004-01,SD99DA454AA59AE80CB9C28597476DF,piping_component,PipeTee,,486.0,91.0
C025-W-HO13-P-_E-004-01,S4107D4C5BF19029D644775EC92CCC5,piping_segment,PipingNetworkSegment,"6""-PT-132042-LS951-3",578.0,402.0
C025-W-HO13-P-_E-004-01,S1D0B3A5E3519A060FBEB0F3E033BBF,piping_component,PipeTee,,578.0,402.0
C025-W-HO13-P-_E-004-01,S4D1C9FD9AA0B4427A981F5C2411C2C,piping_segment,PipingNetworkSegment,"6""-PT-132042-LS951-3",606.75,252.25
C025-W-HO13-P-_E-004-01,SC7BEA1203AA31FDBDB0979B9A02E16,piping_component,AngleValve,13-HV2264,626.0,402.0
C025-W-HO13-P-_E-004-01,S9B2D1E8C2D51AE97779D7E09308A61,piping_component,PipeTee,,626.0,114.0
C025-W-HO13-P-_E-004-01,SDE90A0186C061117083194DBD36191,piping_system,PipingNetworkSystem,,329.75,289.0
C025-W-HO13-P-_E-004-01,S979A98B6E2262B3C886D74AB77C99A,piping_segment,PipingNetworkSegment,,329.75,289.0
C025-W-HO13-P-_E-004-01,S29B1B71BA0B483F5E91CB8E2D42B2E,piping_component,GateValve,13-2398PT,321.0,289.0
C025-W-HO13-P-_E-004-01,S70012BE69EB90B360EB66AB6B1ACD4,piping_component,GateValve,13-2395PT,339.0,289.0
C025-W-HO13-P-_E-004-01,S6EA8B66087B9AB904B33777CEEB74C,piping_component,PipeFitting,,346.0,289.0
C025-W-HO13-P-_E-004-01,S12596F8D2E2EDDACCFD265EC3FB855,piping_system,PipingNetworkSystem,,249.25,158.0
C025-W-HO13-P-_E-004-01,S772CA1F2A4D602D10DB0B8F26EC13E,piping_segment,PipingNetworkSegment,,249.25,158.0
C025-W-HO13-P-_E-004-01,S337B90566745F69D30991066229F71,piping_component,AngleValve,13-2442PT,247.0,151.0
C025-W-HO13-P-_E-004-01,S148E0FE0E93BC54EE6543DDCABCDBF,piping_system,PipingNetworkSystem,,517.0,216.0
C025-W-HO13-P-_E-004-01,S69485FD0F5E63E5D8ED8CD931D5F84,piping_segment,PipingNetworkSegment,,517.0,216.0
C025-W-HO13-P-_E-004-01,SD54B717136CF30864A5584EF9E60BE,piping_component,GateValve,13-2162PT,517.0,216.0
C025-W-HO13-P-_E-004-01,S77E83DB4C46D0703C34F4DAF103F1D,piping_system,PipingNetworkSystem,,517.0,194.0
C025-W-HO13-P-_E-004-01,S36204592BB4AC622738A8A84540E7E,piping_segment,PipingNetworkSegment,,517.0,194.0
C025-W-HO13-P-_E-004-01,S4209AAD3765D5317DD4C7E96062EAA,piping_component,GateValve,13-2163PT,517.0,194.0
C025-W-HO13-P-_E-004-01,S48809595588A9190D2B46B8D921901,piping_system,PipingNetworkSystem,,375.0,397.0
C025-W-HO13-P-_E-004-01,SD761245ED961B1E6DEA7145D3AB21F,piping_segment,PipingNetworkSegment,,375.0,397.0
C025-W-HO13-P-_E-004-01,S64BD76D05AFC734A927F5ED022402E,piping_system,PipingNetworkSystem,,455.5,430.5
C025-W-HO13-P-_E-004-01,SB0B924334B2D29DE62F0C31A069890,piping_segment,PipingNetworkSegment,,455.5,430.5
C025-W-HO13-P-_E-004-01,SB116989B2D886785174BDD76384877,piping_system,PipingNetworkSystem,,281.5,293.5
C025-W-HO13-P-_E-004-01,S8695840F4BB386E780F436299C7720,piping_segment,PipingNetworkSegment,,281.5,293.5
C025-W-HO13-P-_E-004-01,SA847FE59A4778E6142B1E3833ACC0E,piping_system,PipingNetworkSystem,,178.0,452.5
C025-W-HO13-P-_E-004-01,S1A5DEBDF167C0080B5524AE8869760,piping_segment,PipingNetworkSegment,,178.0,452.5
C025-W-HO13-P-_E-004-01,S4AAF62398F93D3DE3F727A64B2CDEE,piping_system,PipingNetworkSystem,,115.0,88.0
C025-W-HO13-P-_E-004-01,S317EA2CB6CC68F9A52DD9A1B374B7C,piping_segment,PipingNetworkSegment,,115.0,88.0
C025-W-HO13-P-_E-004-01,S71CE443FBFAF14D81764A65796969D,piping_system,PipingNetworkSystem,,525.0,303.0
C025-W-HO13-P-_E-004-01,S3ADE0630D933F8D7E1AE68135A0C3C,piping_segment,PipingNetworkSegment,,525.0,303.0
C025-W-HO13-P-_E-004-01,S75E8ABA43937A4FE2403D9348FE083,equipment,CustomEquipment,13-XJ54,522.0,186.0
C025-W-HO13-P-_E-004-01,SB2959256BD3F0891850F35AA695A50,nozzle,Nozzle,,559.0,222.0
C025-W-HO13-P-_E-004-01,S41893671A28BEBBF455F05CFDA47C5,nozzle,Nozzle,,534.0,150.0
C025-W-HO13-P-_E-004-01,SF546D38CBD3090EFC9015A7780DF96,nozzle,Nozzle,,484.0,222.0
C025-W-HO13-P-_E-004-01,S4EB9A1B102CC207C103DD16E15439A,nozzle,Nozzle,,552.0,222.0
C025-W-HO13-P-_E-004-01,S801381BA4C9F00CC22DF626249B8FF,nozzle,Nozzle,,484.0,169.0
C025-W-HO13-P-_E-004-01,S967E8136E9AF6BB735B514B4BFF2CE,nozzle,Nozzle,,511.0,218.0
C025-W-HO13-P-_E-004-01,SBF79EA087DEBAC478B18793B7C679C,nozzle,Nozzle,,523.0,196.0
C025-W-HO13-P-_E-004-01,SD9428B4BE808A7310009FC6F91B473,instrument,ProcessInstrumentationFunction,13-TI2286,169.558,133.0
C025-W-HO13-P-_E-004-01,S8370F3342886A4865215B35D8EFB7E,instrument,ProcessInstrumentationFunction,13-PI2286,169.558,114.0
C025-W-HO13-P-_E-004-01,S7D1665E8E6D4DA5391F5DEDC6BBB04,instrument,ProcessInstrumentationFunction,13-ZL2287,92.566,140.0
C025-W-HO13-P-_E-004-01,S4A636FBFFF99B186E0DCBA6046D5E8,instrument,ProcessInstrumentationFunction,13-HS2287,116.566,140.0
C025-W-HO13-P-_E-004-01,S3E673553F8312B1DB7EE5376643F91,actuating_function,ActuatingFunction,,119.0,99.0
C025-W-HO13-P-_E-004-01,S445B07892E3FBC26EA6EDDB9A27D9D,instrument,ProcessInstrumentationFunction,13-PX2299,470.566,514.0
C025-W-HO13-P-_E-004-01,S1F2720E6165D0D955E3644093CC844,instrument,ProcessInstrumentationFunction,13-HIC2264,646.566,455.0
C025-W-HO13-P-_E-004-01,SAC8AA19092DC4ED2BAEAFE1C381EFA,instrument,ProcessInstrumentationFunction,13-ZL2279,549.566,350.0
C025-W-HO13-P-_E-004-01,S6156EAB61EC77E807A6C2F66137974,instrument,ProcessInstrumentationFunction,13-HS2279,486.566,364.0
C025-W-HO13-P-_E-004-01,S5948770E18E20140B93E5E5F6D6087,instrument,ProcessInstrumentationFunction,13-ZL2272,343.566,576.0
C025-W-HO13-P-_E-004-01,S51C51330AD0EB1127751BBFB183612,instrument,ProcessInstrumentationFunction,13-ZL2271,219.566,528.0
C025-W-HO13-P-_E-004-01,S159DED4DD9E2FC7128EF67DC38CD87,instrument,ProcessInstrumentationFunction,13-PI2255A,138.566,167.0
C025-W-HO13-P-_E-004-01,SEBB0463BAB89E5A004881BAEF5DCA2,instrument,ProcessInstrumentationFunction,13-PI2256A,138.566,182.0
C025-W-HO13-P-_E-004-01,S89BEC154CA68FE0368210AEF3579EB,instrument,ProcessInstrumentationFunction,13-PI2254A,138.566,152.0
C025-W-HO13-P-_E-004-01,S2BA482AB8188C4FA42B6BCD1F317C6,instrument,ProcessInstrumentationFunction,13-PI2262A,575.566,514.0
C025-W-HO13-P-_E-004-01,S11AC72EB8550EBAAFDBC8A8114E5E9,instrument,ProcessInstrumentationFunction,13-FI2275B,581.566,290.0
C025-W-HO13-P-_E-004-01,S8E0E1B87A84A50B55360223B5F50F0,instrument,ProcessInstrumentationFunction,13-FI2275C,613.566,290.0
C025-W-HO13-P-_E-004-01,S17BD3C7B9A23BD5E310D83AE390066,instrument,ProcessInstrumentationFunction,13-FI2275A,561.566,290.0
C025-W-HO13-P-_E-004-01,S2AD8B5F006DAF65BBA4C934A5D8F8D,instrument,ProcessInstrumentationFunction,13-TI2280,417.566,184.0
C025-W-HO13-P-_E-004-01,S90E6A8EFB8D3B8C2112E29EF546B9B,instrument,ProcessInstrumentationFunction,13-ZI2264,662.566,425.0
C025-W-HO13-P-_E-004-01,S60D90A21169A890F1B37388FFFFFCB,instrument,ProcessInstrumentationFunction,13-TI2263,390.566,453.0
C025-W-HO13-P-_E-004-01,S2F834E22E486A9B64573D6A151C63C,instrument,ProcessInstrumentationFunction,13-PI2265,442.566,122.0
C025-W-HO13-P-_E-004-01,SEA070AE9AD5433BA6427819FA227DE,instrument,ProcessInstrumentationFunction,13-PI2260A,263.566,513.0
C025-W-HO13-P-_E-004-01,S588BCC3E42CCC2F2ACE093C15AB254,instrument,ProcessInstrumentationFunction,13-TI2273,493.566,290.0
C025-W-HO13-P-_E-004-01,S2D7BCCB18957B80BFEFE2607DB3E29,instrument,ProcessInstrumentationFunction,13-PI2274,528.566,290.0
C025-W-HO13-P-_E-004-01,S9C366E11F75F01CCAD52F7C4768D5D,instrument,ProcessInstrumentationFunction,13-XI2270,448.566,299.0
C025-W-HO13-P-_E-004-01,SB9398D27B9AB8DA45AC095630F6CA9,instrument,ProcessInstrumentationFunction,13-PI2277,523.566,437.0
C025-W-HO13-P-_E-004-01,S5E3584D8B5A5FF3168510E0FF6D1DA,instrument,ProcessInstrumentationFunction,13-PDI2299,506.566,514.0
C025-W-HO13-P-_E-004-01,S87446CD33FCE2B08BECDED908549AE,instrument,ProcessInstrumentationFunction,13-PDI2260,545.566,501.0
C025-W-HO13-P-_E-004-01,S895C90F6BD9A39B583F4CB81291FC5,instrument,ProcessInstrumentationFunction,13-PI2014,138.566,197.0
C025-W-HO13-P-_E-004-01,S82EABA26854C08160B4A0BE1777135,instrument,ProcessInstrumentationFunction,13-PDI2014,138.566,212.1
C025-W-HO13-P-_E-004-01,S36F51A221A49ED89671660E160901C,equipment,CustomEquipment,,294.0,229.5
C025-W-HO13-P-_E-004-01,SCB4084D3B1984800A63FF2E4B63547,nozzle,Nozzle,,264.0,194.0
C025-W-HO13-P-_E-004-01,SBE75F5D5529FF09B89FF5166AFC665,nozzle,Nozzle,,272.0,247.0
C025-W-HO13-P-_E-004-01,SB8D37225227BA43E79C5A69994CA55,nozzle,Nozzle,,294.0,172.0
C025-W-HO13-P-_E-004-01,SD9763F71E36E3BF620761A9F584AD3,nozzle,Nozzle,,278.0,289.0
C025-W-HO13-P-_E-004-01,S6EEB6FE27F987CBBDEC2799645DDFA,nozzle,Nozzle,,316.0,247.0
C025-W-HO13-P-_E-004-01,S3AD7FB8C21BA120012B57E9D9C39E9,nozzle,Nozzle,,294.0,295.0
C025-W-HO13-P-_E-004-01,SB0AA2A0EA8CF6A40EE6D080A150647,nozzle,Nozzle,,310.0,289.0
C025-W-HO13-P-_E-004-01,S2EAC73A53EE64607F54090D20BA959,nozzle,Nozzle,,256.0,175.0
C025-W-HO13-P-_E-004-01,SF60A1A86515237023AE4FF8017AA1B,piping_system,PipingNetworkSystem,,521.0,346.0
C025-W-HO13-P-_E-004-01,S785C14D3698BFA855988ED4FF5A6D5,piping_segment,PipingNetworkSegment,,521.0,346.0
C025-W-HO13-P-_E-004-01,S5359142AF9E5FD0FE781FB8FF1D6CA,piping_component,AngleValve,13-XY2279,521.0,346.0
C025-W-HO13-P-_E-004-01,S777528431873EA57F0E791A4E82033,equipment,CustomEquipment,13-JB61,139.5,357.0
C025-W-HO13-P-_E-004-01,SE88FC1B5E745FD99E6E539DB925896,nozzle,Nozzle,N20,163.0,352.0
C025-W-HO13-P-_E-004-01,S713936D4C86E6F7CABF83495CA1B32,nozzle,Nozzle,N23,116.0,337.0
C025-W-HO13-P-_E-004-01,SBD2C86EEE539F846BC020EA60E63D7,nozzle,Nozzle,N25,116.0,359.0
C025-W-HO13-P-_E-004-01,SC67970F1AB762A7BD842135D964FC1,nozzle,Nozzle,N17,163.0,326.0
C025-W-HO13-P-_E-004-01,S3C565B289815C4A17A4A21FC27A515,nozzle,Nozzle,N18,140.0,423.0
C025-W-HO13-P-_E-004-01,S186D9CAA1B501AD95B1912BD1AD01C,nozzle,Nozzle,N26,124.0,423.0
C025-W-HO13-P-_E-004-01,S41860ABA0C6DDBCCAE64B7639289C0,nozzle,Nozzle,N24,116.0,379.0
C025-W-HO13-P-_E-004-01,S237867F403A87709FD830FE52FE754,nozzle,Nozzle,N19,145.0,423.0
C025-W-HO13-P-_E-004-01,S28101262F13C6F2584A58224699705,nozzle,Nozzle,N27,140.0,295.0
C025-W-HO13-P-_E-004-01,S48B437A26ED984BE8041F3D8F8F25A,nozzle,Nozzle,N22,116.0,307.0
C025-W-HO13-P-_E-004-01,SE5A8404F40ED8AC53A5AFFE225AABB,nozzle,Nozzle,N21,151.0,423.0
C025-W-HO13-P-_E-004-01,S6AE77E069FC03224014EC748A64815,nozzle,Nozzle,,116.0,402.0
C025-W-HO13-P-_E-004-01,S781A87BFFEAA25E1F804A075F74F7C,nozzle,Nozzle,,116.0,419.0
C025-W-HO13-P-_E-004-01,S2976BC4D9485AB4DF97A8DE1FB0B41,instrument,ProcessInstrumentationFunction,13-PT2260,266.0,415.0
C025-W-HO13-P-_E-004-01,S1966D330709ADCC4844210EB15F466,signal_generator,ProcessSignalGeneratingFunction,,266.0,403.0
C025-W-HO13-P-_E-004-01,S22814CC2B92F0BDA9ECAB087F73F00,instrument,ProcessInstrumentationFunction,13-PI2260B,247.0,415.0
C025-W-HO13-P-_E-004-01,S9415A8173C33AC42F06C1C8042EB75,signal_generator,ProcessSignalGeneratingFunction,,247.0,403.0
C025-W-HO13-P-_E-004-01,S416DF7B1F6173441996E84F5B242EE,instrument,ProcessInstrumentationFunction,13-PI2285,337.0,354.0
C025-W-HO13-P-_E-004-01,SCF02AAB14332FEEFCA5E1EC9FBAC61,signal_generator,ProcessSignalGeneratingFunction,,337.0,342.0
C025-W-HO13-P-_E-004-01,S33E601CF7EBAA6B78ADE3763C3E00D,instrument,ProcessInstrumentationFunction,13-PI2256B,263.0,315.0
C025-W-HO13-P-_E-004-01,S9861D2625344D338BD66620E0CFB01,instrument,ProcessInstrumentationFunction,13-PI2254B,249.0,219.0
C025-W-HO13-P-_E-004-01,S7BE58853107F6B3A39AA39DFC46450,instrument,ProcessInstrumentationFunction,13-PT2254,234.0,219.0
C025-W-HO13-P-_E-004-01,S5A478B439775C006BBFDE4CE5640AA,instrument,ProcessInstrumentationFunction,13-PT2256,248.0,315.0
C025-W-HO13-P-_E-004-01,S11D51A7C60B1C665C4C500E351C42C,instrument,ProcessInstrumentationFunction,13-PT2255,208.0,274.0
C025-W-HO13-P-_E-004-01,S55BA4C47CE106028E851301F61316F,instrument,ProcessInstrumentationFunction,13-PI2255B,222.0,274.0
C025-W-HO13-P-_E-004-01,S248B74B44A5CEEBD8F86F32DF37034,instrument,ProcessInstrumentationFunction,13-PIT2014,202.1,296.0
C025-W-HO13-P-_E-004-01,S7E03034BBFB25916921B04B5E6DB10,instrument,ProcessInstrumentationFunction,13-PT2277,559.0,437.0
C025-W-HO13-P-_E-004-01,S2902E0DDF900288E9F75BF20ACA678,signal_generator,ProcessSignalGeneratingFunction,,559.0,415.0
C025-W-HO13-P-_E-004-01,SCA37FAAEA131FB286469964A4FD4DD,instrument,ProcessInstrumentationFunction,13-XE2270,451.0,277.0
C025-W-HO13-P-_E-004-01,SE739C9D86809FF1FE8BD976989F87C,signal_generator,ProcessSignalGeneratingFunction,,451.0,253.0
C025-W-HO13-P-_E-004-01,SC3A249DD871938137C84102370A9FA,instrument,ProcessInstrumentationFunction,13-ZS2271,222.0,506.0
C025-W-HO13-P-_E-004-01,SF69520E89725DD1DCB87EB66C3E35C,actuating_function,ActuatingFunction,,186.0,490.0
C025-W-HO13-P-_E-004-01,S555CE6A876458FF3917D524FF5CF73,instrument,ProcessInstrumentationFunction,13-ZS2272,346.0,555.0
C025-W-HO13-P-_E-004-01,S9D06D0570629901FC3E2270BA99069,actuating_function,ActuatingFunction,,309.0,542.5
C025-W-HO13-P-_E-004-01,S7D8B64FFC3D4610061EAB1A4D4AB3A,instrument,ProcessInstrumentationFunction,13-ZS2279,552.0,331.0
C025-W-HO13-P-_E-004-01,SCA2F46E8AB7D161B219E3060E3BEBF,actuating_function,ActuatingFunction,,521.0,314.0
C025-W-HO13-P-_E-004-01,SF4B45B7013072EB7BF233126B39B06,instrument,ProcessInstrumentationFunction,13-ZT2264,640.0,425.0
C025-W-HO13-P-_E-004-01,SAA04867E2D7AC9FFFE7A764D2E5E61,actuating_function,ActuatingFunction,,626.0,402.0
C025-W-HO13-P-_E-004-01,S60A65077A1BCA1A9F96450954FDB1D,instrument,ProcessInstrumentationFunction,13-PT2265,421.0,122.0
C025-W-HO13-P-_E-004-01,SDD4F845F445C381EBCE301A7761D5F,signal_generator,ProcessSignalGeneratingFunction,,402.0,122.0
C025-W-HO13-P-_E-004-01,SDCF68A34D0E68CB3CA40858FB44C38,instrument,ProcessInstrumentationFunction,13-TT2263,393.0,429.0
C025-W-HO13-P-_E-004-01,S5178032D8F901758BC18D59DFFC39E,signal_generator,ProcessSignalGeneratingFunction,,393.0,390.5
C025-W-HO13-P-_E-004-01,S86F621FAB781674E55B3C65DE4063D,instrument,ProcessInstrumentationFunction,13-PT2262,578.0,453.0
C025-W-HO13-P-_E-004-01,S9D5E03F36205AC7BB93A83CAFBBA2A,instrument,ProcessInstrumentationFunction,13-ZS2287,95.0,120.0
C025-W-HO13-P-_E-004-01,S3E673553F8312B1DB7EE5376643F911,actuating_function,ActuatingFunction,,119.0,99.0
C025-W-HO13-P-_E-004-01,S786522096FA2B200FB20BFBB96DCCE,instrument,ProcessInstrumentationFunction,13-TT2280,396.0,184.0
C025-W-HO13-P-_E-004-01,S6F7436A24B4C01C761B237892816CC,signal_generator,ProcessSignalGeneratingFunction,,381.5,184.0
C025-W-HO13-P-_E-004-01,S289C0C2E121069F41887CFB3ECCDCE,instrument,ProcessInstrumentationFunction,13-XT2286,262.0,138.0
C025-W-HO13-P-_E-004-01,S2888CF9814266C5A6E3265FF9C9162,signal_generator,ProcessSignalGeneratingFunction,,294.0,138.0
C025-W-HO13-P-_E-004-01,SCB589BEDF572C1C7945DCA58618F99,instrument,ProcessInstrumentationFunction,13-ZS2264,654.0,405.0
C025-W-HO13-P-_E-004-01,SAA04867E2D7AC9FFFE7A764D2E5E611,actuating_function,ActuatingFunction,,626.0,402.0
C025-W-HO13-P-_E-004-01,SA00FDE5203B3955BE31AC4FAE216E3,instrument,ProcessInstrumentationFunction,13-NE2269,648.0,114.0
C025-W-HO13-P-_E-004-01,S7E2C17150FDC6E7CB9524E5E2CFC15,signal_generator,ProcessSignalGeneratingFunction,,626.0,114.0
C025-W-HO13-P-_E-004-01,S3F37A6BC0A88A378491E1F89FE6E47,instrument,ProcessInstrumentationFunction,13-HY2264A,626.0,455.0
C025-W-HO13-P-_E-004-01,SAA04867E2D7AC9FFFE7A764D2E5E612,actuating_function,ActuatingFunction,,626.0,402.0
C025-W-HO13-P-_E-004-01,S696409C3CDEEA5759461C0FE4A09DD,instrument,ProcessInstrumentationFunction,13-HY2264B,605.0,455.0
C025-W-HO13-P-_E-004-01,SAA04867E2D7AC9FFFE7A764D2E5E613,actuating_function,ActuatingFunction,,626.0,402.0
C025-W-HO13-P-_E-004-01,S46D69ACC2FB2CDDDCAC975C3326F4E,instrument,ProcessInstrumentationFunction,13-PI2284,225.0,151.0
C025-W-HO13-P-_E-004-01,SFBF266657BB279CA357935CB267963,signal_generator,ProcessSignalGeneratingFunction,,247.0,151.0
C025-W-HO13-P-_E-004-01,S5E0488513069D86B7D126D18FA1D06,instrument,ProcessInstrumentationFunction,13-PI2282,294.0,414.0
C025-W-HO13-P-_E-004-01,S5AFBAAC51A0D411926E4B81D8F5E99,signal_generator,ProcessSignalGeneratingFunction,,294.0,397.0
C025-W-HO13-P-_E-004-01,S5A67848820219CBDB580510D057583,instrument,ProcessInstrumentationFunction,13-TI2283,234.0,400.0
C025-W-HO13-P-_E-004-01,SA30559CC659183471863BA8EEFBBD7,signal_generator,ProcessSignalGeneratingFunction,,234.0,386.5
C025-W-HO13-P-_E-004-01,S14B120D5DD14E8682F89EDC07D577F,instrument,ProcessInstrumentationFunction,13-PI2262B,592.0,438.0
C025-W-HO13-P-_E-004-01,S51D0E72157970B5424CC4737A84AE9,instrument,ProcessInstrumentationFunction,,679.0,455.0
C025-W-HO13-P-_E-004-01,S8ACE8ECC284D9FE41574BA3FA8C637,instrument,ProcessInstrumentationFunction,,533.0,468.0
C025-W-HO13-P-_E-004-01,SC8A3ED0E2E331D1C7D7F916B2FD1E1,instrument,ProcessInstrumentationFunction,,40.0,402.0
C025-W-HO13-P-_E-004-01,S984D25E7AB65E71605E90A2EE6E00E,signal_generator,ProcessSignalGeneratingFunction,,116.0,402.0
C025-W-HO13-P-_E-004-01,SA06BAE64D3C58DF048FC906CF3CF2B,instrument,ProcessInstrumentationFunction,,470.0,346.0
C025-W-HO13-P-_E-004-01,SB42FE18AC9B0AC0DE42A3D8F8A4BEA,instrument,ProcessInstrumentationFunction,,266.0,575.0
C025-W-HO13-P-_E-004-01,S9D06D0570629901FC3E2270BA990691,actuating_function,ActuatingFunction,,309.0,542.5
C025-W-HO13-P-_E-004-01,SA7810615232C065DD2107515CE718F,instrument,ProcessInstrumentationFunction,,448.0,97.0
C025-W-HO13-P-_E-004-01,S1FE6B9C56B68E186E1700C311FDEEB,instrument,ProcessInstrumentationFunction,,425.0,203.0
C025-W-HO13-P-_E-004-01,S837D4BC7B69920D355D7941F4E2295,instrument,ProcessInstrumentationFunction,,40.0,419.0
C025-W-HO13-P-_E-004-01,SE21C4B4F0CA55C96BA3A0323079981,signal_generator,ProcessSignalGeneratingFunction,,116.0,419.0
C025-W-HO13-P-_E-004-01,SF1F1400BA0134523FFFBD4EE02117C,instrument,ProcessInstrumentationFunction,,168.0,522.0
C025-W-HO13-P-_E-004-01,SF69520E89725DD1DCB87EB66C3E35C1,actuating_function,ActuatingFunction,,186.0,490.0
C025-W-HO13-P-_E-004-01,S6D75202486D47FB0E3B043BBE7C959,instrument,ProcessInstrumentationFunction,,109.0,197.0
C025-W-HO13-P-_E-004-01,SE0028074C5B1FA342544D9BE8F721B,instrument,ProcessInstrumentationFunction,,679.0,405.0
C025-W-HO13-P-_E-004-01,S4A9A631F0ABDD4A4E2FA033A1515B4,instrument,ProcessInstrumentationFunction,SC,407.0,151.0
C025-W-HO13-P-_E-004-01,SB0440968DBE0719E8293583EB9DE50,signal_generator,ProcessSignalGeneratingFunction,,391.0,151.0
C025-W-HO13-P-_E-004-01,S856B3347D90FA2075523D992ED00BE,instrument,ProcessInstrumentationFunction,,192.019,224.019
C025-W-HO13-P-_E-004-01,S811AC741EA0BA4BC1D7FB87F208F8C,instrument,ProcessInstrumentationFunction,,637.0,455.0
C025-W-HO13-P-_E-004-01,S877E837D5B72712C30D92A23E45EBB,instrument,ProcessInstrumentationFunction,,531.0,271.0
C025-W-HO13-P-_E-004-01,S258953FA289399EA17DF9302F8CC8D,instrument,ProcessInstrumentationFunction,,509.0,501.0
C025-W-HO13-P-_E-004-01,S25D3623CAB7BED1B6F35CE01641553,instrument,ProcessInstrumentationFunction,,187.0,114.0
C025-W-HO13-P-_E-004-01,SC29E6DE3A61D8007E9AA31090B1F66,instrument,ProcessInstrumentationFunction,,626.0,470.0
C025-W-HO13-P-_E-004-01,S53003EAB6DBE6047C96604D8A04000,instrument,ProcessInstrumentationFunction,,408.0,184.0
C025-W-HO13-P-_E-004-01,SEF9BCAD7EA79D06C972AB02FDF909E,instrument,ProcessInstrumentationFunction,,432.0,122.0
C025-W-HO13-P-_E-004-01,SDAF28EEA05F20E2A81A857FC21EE54,instrument,ProcessInstrumentationFunction,,577.984,425.029
C025-W-HO13-P-_E-004-01,SD7DAB76C2B81D8485665BB4A21ABDA,signal_generator,ProcessSignalGeneratingFunction,,578.0,415.0
C025-W-HO13-P-_E-004-01,S6A297D64638518BA97D5F64588C8CD,instrument,ProcessInstrumentationFunction,,564.0,271.0
C025-W-HO13-P-_E-004-01,S7AD2F7EC3407D30A807AB556B006AF,instrument,ProcessInstrumentationFunction,,584.0,271.0
C025-W-HO13-P-_E-004-01,S34DCC9A106AF660D35A3B0AF6DF936,instrument,ProcessInstrumentationFunction,,222.0,264.0
C025-W-HO13-P-_E-004-01,S4E47B7407AEEB5432CF1EAE9CAF981,signal_generator,ProcessSignalGeneratingFunction,,237.582,244.0
C025-W-HO13-P-_E-004-01,SE13BA5B6432D2F485FE52264ACDE8D,instrument,ProcessInstrumentationFunction,,175.0,212.0
C025-W-HO13-P-_E-004-01,S7CF8AD3C71C5C9739C3EED908AC351,instrument,ProcessInstrumentationFunction,,208.0,264.0
C025-W-HO13-P-_E-004-01,S288FA10EFB86E4A89D05D6BF6FF67A,instrument,ProcessInstrumentationFunction,,248.0,306.0
C025-W-HO13-P-_E-004-01,SDECB2C1757D40199D321107AAAE9F0,signal_generator,ProcessSignalGeneratingFunction,,243.582,286.0
C025-W-HO13-P-_E-004-01,S782D1AC928C9E19B74FE030A83006F,instrument,ProcessInstrumentationFunction,,266.0,501.0
C025-W-HO13-P-_E-004-01,SF3D8489E994C668690F6596FE15702,instrument,ProcessInstrumentationFunction,,559.0,271.0
C025-W-HO13-P-_E-004-01,S38A10975312B514F4249D93B0E202F,signal_generator,ProcessSignalGeneratingFunction,,559.0,222.0
C025-W-HO13-P-_E-004-01,SA6330649608677FBE236BE36B5B0BB,instrument,ProcessInstrumentationFunction,,546.0,437.0
C025-W-HO13-P-_E-004-01,SE556F2125A210AD9C81C1B25184498,instrument,ProcessInstrumentationFunction,,489.0,346.0
C025-W-HO13-P-_E-004-01,SEA92B9F2DD4FD54BB98E9D6DFCB933,actuating_function,ActuatingFunction,,521.0,346.0
C025-W-HO13-P-_E-004-01,S2E476280F8372EB1D02A17BD9E48F4,instrument,ProcessInstrumentationFunction,,578.0,501.0
C025-W-HO13-P-_E-004-01,S3D123CE330740FC46B2606D553BD2E,instrument,ProcessInstrumentationFunction,,234.0,211.0
C025-W-HO13-P-_E-004-01,S437B2C4E90DC91F0C1B97EE1263F59,signal_generator,ProcessSignalGeneratingFunction,,229.582,191.0
C025-W-HO20-P-_E-001-01,SC16403CE5FA6F7A8F1068389A78C8C,nozzle,Nozzle,,0.0,0.0
C025-W-HO20-P-_E-001-01,S751E5AC0FCCD841FA7F6D2A1329D06,equipment,CustomEquipment,,0.0,0.0
C025-W-HO20-P-_E-001-01,SC66B9BA8B8198CD7D2FAEFCE92EDA1,instrument,ProcessInstrumentationFunction,,0.0,0.0
C025-W-HO20-P-_E-001-01,S928EB5B12E650A1A2617A4432DD031,piping_component,GlobeValve,,0.0,0.0
C025-W-HO20-P-_E-001-01,SB5F64B2D8EEF396CCF0B6485D867D1,piping_component,GlobeValve,,0.0,0.0
C025-W-HO20-P-_E-001-01,S345EC85A35BD29E3B64F4360F9DFFA,piping_component,GlobeValve,,0.0,0.0
C025-W-HO20-P-_E-001-01,SC3A71F9E6D553C095297C1E1A5A83E,piping_component,GlobeValve,,0.0,0.0
C025-W-HO20-P-_E-001-01,S29DE9F9D4EC47407DFDFB5D73FAF3C,piping_component,PipeFitting,,0.0,0.0
C025-W-HO20-P-_E-001-01,SD3942A85210774D60C099199CE303F,instrument,ProcessInstrumentationFunction,,0.0,0.0
C025-W-HO20-P-_E-001-01,S8179E4B751433B5BA9E6E39CCD2CF3,instrument,ProcessInstrumentationFunction,,0.0,0.0
C025-W-HO20-P-_E-001-01,SC96912D75206B260339B608B97AEE7,piping_component,NeedleValve,,0.0,0.0
C025-W-HO20-P-_E-001-01,S83B29996F18266EFBB735BC2A6836F,piping_component,CheckValve,,0.0,0.0
C025-W-HO20-P-_E-001-01,S418185D83E9C5CDA4013C134BE582F,piping_component,CheckValve,,0.0,0.0
C025-W-HO20-P-_E-001-01,S2E7112E47487001E3FADE67B61B223,piping_component,NeedleValve,,0.0,0.0
C025-W-HO20-P-_E-001-01,SB34B36FC0D15984C831CCC45A310CB,piping_component,NeedleValve,,0.0,0.0
C025-W-HO20-P-_E-001-01,SE7B6A4F8BD784CF6CE4F5456FE8C15,piping_component,RuptureDisc,,0.0,0.0
C025-W-HO20-P-_E-001-01,S7CB011F57A360DD84EEC4086493CB9,piping_component,GateValve,,0.0,0.0
C025-W-HO20-P-_E-001-01,S4E9C0EE302CE38903473E3959E34A2,piping_component,GateValve,,0.0,0.0
C025-W-HO20-P-_E-001-01,S7DA6F2F6E819E1AA72A000791957EA,pipe_off_page,FlowInPipeOffPageConnector,,0.0,0.0
C025-W-HO20-P-_E-001-01,S1B0F1E70F5BD25C63B418DAE9E36AC,pipe_off_page,FlowOutPipeOffPageConnector,,0.0,0.0
C025-W-HO20-P-_E-001-01,SC451D6D6CA91BC945B42217C79B2A7,piping_component,BallValve,,0.0,0.0
C025-W-HO20-P-_E-001-01,SF1756EBC426E885294AD82752B3B74,piping_component,BallValve,,0.0,0.0
C025-W-HO20-P-_E-001-01,S98243A48004B495BC65AB5F61D3725,instrument,ProcessInstrumentationFunction,,0.0,0.0
C025-W-HO20-P-_E-001-01,SE842E165EEE9C2885D933111BF0C66,piping_component,PipeReducer,,0.0,0.0
C025-W-HO20-P-_E-001-01,S2B215103E28E5FCF03A4BB62258551,piping_component,PipeReducer,,0.0,0.0
C025-W-HO20-P-_E-001-01,S491B0CF9AA31E2EFCE0F72F657D279,instrument,ProcessInstrumentationFunction,,0.0,0.0
C025-W-HO20-P-_E-001-01,SFCB011D1743111F1C008D0531F7C45,instrument,ProcessInstrumentationFunction,,0.0,0.0
C025-W-HO20-P-_E-001-01,S58D208254141463764F0D34C7AFBA5,piping_component,GateValve,,0.0,0.0
C025-W-HO20-P-_E-001-01,SBAD0BFA8F54B8B6F730E2289B5CC76,piping_component,GateValve,,0.0,0.0
C025-W-HO20-P-_E-001-01,S162313E27CC48B68D82A9B3409A69C,piping_component,CustomPipingComponent,,0.0,0.0
C025-W-HO20-P-_E-001-01,S408C9FBBA5332C7668A61F77047857,piping_component,PipeFitting,,0.0,0.0
C025-W-HO20-P-_E-001-01,S901607439F85E7B76A58FD77A5FCB6,piping_component,FlangedConnection,,0.0,0.0
C025-W-HO20-P-_E-001-01,S3F65A0C633A28626D83C9C1D1200A5,piping_component,PipeTee,,0.0,0.0
C025-W-HO20-P-_E-001-01,SBEA90D390332FC99796325FCD4BBAB,instrument_loop,InstrumentationLoopFunction,,92.25,283.0
C025-W-HO20-P-_E-001-01,S920F15E608632948EACAD202714399,instrument_loop,InstrumentationLoopFunction,,128.998,298.0
C025-W-HO20-P-_E-001-01,SE9AEE92BF1BAEEA0607BA300F27EB4,instrument_loop,InstrumentationLoopFunction,,588.998,311.0
C025-W-HO20-P-_E-001-01,S71DB703673D45CD4A8B88E45131051,instrument_loop,InstrumentationLoopFunction,,426.998,223.999
C025-W-HO20-P-_E-001-01,S39D5059531B487908A9952A4378619,instrument_loop,InstrumentationLoopFunction,,507.998,212.999
C025-W-HO20-P-_E-001-01,S2E1E4F143901AE5C4E01C8BBD8A834,instrument_loop,InstrumentationLoopFunction,,562.998,293.0
C025-W-HO20-P-_E-001-01,SD84F6254F79C5720878A40ADB6DBFE,instrument_loop,InstrumentationLoopFunction,,129.0,270.0
C025-W-HO20-P-_E-001-01,SB2AE5D0FF43E09ADAE46F69A80D736,instrument_loop,InstrumentationLoopFunction,,114.0,265.0
C025-W-HO20-P-_E-001-01,S271CAB4C0CCD11ADF54BE0E1B50E71,instrument_loop,InstrumentationLoopFunction,,508.0,191.999
C025-W-HO20-P-_E-001-01,SDA2479EE0140871CC9122708111721,instrument_loop,InstrumentationLoopFunction,,427.0,202.999
C025-W-HO20-P-_E-001-01,S58C24E5E319F8471545768C3E57A07,instrument_loop,InstrumentationLoopFunction,,536.0,191.999
C025-W-HO20-P-_E-001-01,S7EDD430EA56C98991ECDF346688B74,instrument_loop,InstrumentationLoopFunction,,563.0,268.0
C025-W-HO20-P-_E-001-01,SF01413A63FF34284C52848D793CEB8,instrument_loop,InstrumentationLoopFunction,,129.0,228.001
C025-W-HO20-P-_E-001-01,SFC4BB1E3D70F78AAB326651EE47EFA,instrument_loop,InstrumentationLoopFunction,,563.0,224.0
C025-W-HO20-P-_E-001-01,SCF13E2EC9FE0C2E131A360FB0085F0,instrument_loop,InstrumentationLoopFunction,,589.0,268.0
C025-W-HO20-P-_E-001-01,SACA31775CF0B891E1540CD52E3A08B,instrument_loop,InstrumentationLoopFunction,,65.001,282.999
C025-W-HO20-P-_E-001-01,SEE9AECA718CC37364CA14689CA481D,instrument_loop,InstrumentationLoopFunction,,627.999,310.999
C025-W-HO20-P-_E-001-01,S7ED7A3DE7939E1827B2F96697D94AD,piping_system,PipingNetworkSystem,,312.997,290.875
C025-W-HO20-P-_E-001-01,SA172A21B5C822A86A7C4A9841F5BBC,piping_segment,PipingNetworkSegment,"12""-PT-202005-ED250-4",312.994,313.001
C025-W-HO20-P-_E-001-01,S2423E6A8BC694BE0BDFB200EF58BD8,piping_component,PipeReducer,,312.994,313.001
C025-W-HO20-P-_E-001-01,S4F38CB1E1B28F10A58F11F4B806F0D,piping_segment,PipingNetworkSegment,"12""-PT-202005-ED250-4",313.0,268.75
C025-W-HO20-P-_E-001-01,SC982614BDB36317A7FED7A488CEC14,piping_component,FlangedConnection,,313.0,259.0
C025-W-HO20-P-_E-001-01,S4096A2A1298C450C020A8589570234,piping_system,PipingNetworkSystem,,488.0,181.25
C025-W-HO20-P-_E-001-01,S98EF9C6F33AE5BADC1A165E48B0BDB,piping_segment,PipingNetworkSegment,"12""-PI-202002-ED250-4",508.0,170.75
C025-W-HO20-P-_E-001-01,S9D40C1EEB345787544696CB26FC5BC,piping_component,FlangedConnection,,508.0,174.0
C025-W-HO20-P-_E-001-01,S5EE6B20AE971B0C499392E85375968,piping_segment,PipingNetworkSegment,"12""-PI-202002-ED250-4",546.5,162.0
C025-W-HO20-P-_E-001-01,S5DB980D5F65FA7D8EBBE6C8982C790,piping_component,PipeTee,,550.0,162.0
C025-W-HO20-P-_E-001-01,SD587C76B694AFF07AF38B40C77A2CC,piping_segment,PipingNetworkSegment,"12""-PI-202002-ED250-4",550.0,170.75
C025-W-HO20-P-_E-001-01,S86358C2E129532ED975409B998E155,piping_component,FlangedConnection,,550.0,174.0
C025-W-HO20-P-_E-001-01,S699366EE1A5AF33162F30CFEE13D7B,piping_segment,PipingNetworkSegment,"12""-PI-202002-ED250-4",427.0,176.5
C025-W-HO20-P-_E-001-01,S2BAAC7B5E7B57F61CD02F16011E9C4,piping_component,FlangedConnection,,427.0,174.0
C025-W-HO20-P-_E-001-01,SF88A64F0797DA181CA8487B591AC51,piping_component,GateValve,20-2005PT,427.0,185.5
C025-W-HO20-P-_E-001-01,SA9164F43607102CA3254C3DEA3017B,piping_segment,PipingNetworkSegment,"12""-PI-202002-ED250-4",522.0,170.75
C025-W-HO20-P-_E-001-01,SCAA175B3564EBD2C38E98345922FE2,piping_component,FlangedConnection,,522.0,174.0
C025-W-HO20-P-_E-001-01,S3D0BECFA2204E6A60D60F03559D336,piping_segment,PipingNetworkSegment,"12""-PI-202002-ED250-4",341.5,200.5
C025-W-HO20-P-_E-001-01,S91BAF105DE41EAFBB2FBCF0649D65D,piping_component,FlangedConnection,,271.0,231.0
C025-W-HO20-P-_E-001-01,S1525E0455B4D8C85FF5C5A5F0A07E7,piping_component,PipeTee,,412.0,162.0
C025-W-HO20-P-_E-001-01,SF5CB97FEC11B3C7EE7A04FDC8CBD52,piping_segment,PipingNetworkSegment,"12""-PI-202002-ED250-4",532.5,162.0
C025-W-HO20-P-_E-001-01,S4DF31DBC34781D3E1A40CFCFE241C1,piping_component,PipeTee,,536.0,162.0
C025-W-HO20-P-_E-001-01,S45E0658810E74ADA6052262D7B2DF1,piping_segment,PipingNetworkSegment,"12""-PI-202002-ED250-4",423.25,162.0
C025-W-HO20-P-_E-001-01,SCC94994F95CB40D99859E1F09E9C4B,piping_component,PipeTee,,427.0,162.0
C025-W-HO20-P-_E-001-01,S73B9626C24F829C15B9B7EB32C1C91,piping_segment,PipingNetworkSegment,"12""-PI-202002-ED250-4",536.0,170.75
C025-W-HO20-P-_E-001-01,S6CBF56C0D27F1937D3D36577095036,piping_component,FlangedConnection,,536.0,174.0
C025-W-HO20-P-_E-001-01,SC2BE3F30FC793C2E521540EEC72012,piping_segment,PipingNetworkSegment,"12""-PI-202002-ED250-4",487.75,162.0
C025-W-HO20-P-_E-001-01,S3F6408CED47C1A036D99E58597835B,piping_component,PipeTee,,508.0,162.0
C025-W-HO20-P-_E-001-01,SBC761A2D1852917C92FFFF6C4D9D8E,piping_segment,PipingNetworkSegment,"12""-PI-202002-ED250-4",518.5,162.0
C025-W-HO20-P-_E-001-01,S46C30068E9B1E859B6F3A6CA01A513,piping_component,PipeTee,,522.0,162.0
C025-W-HO20-P-_E-001-01,S353C274765EAE29D2B339371F6725E,piping_segment,PipingNetworkSegment,"12""-PI-202002-ED250-4",634.5,162.0
C025-W-HO20-P-_E-001-01,S84642BFD8567001485C4DF37DB105C,pipe_off_page,FlowOutPipeOffPageConnector,,670.5,162.0
C025-W-HO20-P-_E-001-01,SB8CA8045D27DA1C2C0ACA34F82BCF8,piping_system,PipingNetworkSystem,,218.75,260.5
C025-W-HO20-P-_E-001-01,SF53588AD3D818D3E32ABF39F42E179,piping_segment,PipingNetworkSegment,"4""-VF-202014-ED250-4",235.0,246.0
C025-W-HO20-P-_E-001-01,S679AD3C3087BBDA27F0C6647A01368,piping_segment,PipingNetworkSegment,"4""-VF-202014-ED250-4",230.0,255.5
C025-W-HO20-P-_E-001-01,S89BA97BD46985DABF5745BAB26ECA8,piping_component,FlangedConnection,,230.0,259.0
C025-W-HO20-P-_E-001-01,SBE0A0CFB6EDBDC5C3A49B031CF46CF,piping_segment,PipingNetworkSegment,"4""-VF-202014-ED250-4",185.5,246.0
C025-W-HO20-P-_E-001-01,S4ECC6CDBA51A96E40338533C84EB8A,piping_component,NeedleValve,20-2031VF,184.0,246.0
C025-W-HO20-P-_E-001-01,S1BEED268FD05C59CD299AB9DFA0EAB,piping_component,PipeTee,,195.0,246.0
C025-W-HO20-P-_E-001-01,SC3AD474CF8CA9EE3B6EBBB31E84885,piping_segment,PipingNetworkSegment,"4""-VF-202014-ED250-4",215.5,246.0
C025-W-HO20-P-_E-001-01,S15130F21B9BFDFACEE5D03108F8F75,piping_component,NeedleValve,20-2030VF,210.0,246.0
C025-W-HO20-P-_E-001-01,SCFA9ED71FCA2383470EFD04F2FF90A,piping_component,FlangedConnection,,224.0,246.0
C025-W-HO20-P-_E-001-01,S4F18D8FE8CB1F9D372F8CDA2494DA3,piping_component,PipeTee,,230.0,246.0
C025-W-HO20-P-_E-001-01,S19AB7986F00BD4CDF2A8D5093FDC3D,piping_segment,PipingNetworkSegment,"4""-VF-202014-ED250-4",269.5,246.0
C025-W-HO20-P-_E-001-01,S2DE19D2865F6708B679E3A8AFE8EA5,piping_component,PipeTee,,271.0,246.0
C025-W-HO20-P-_E-001-01,SA7B670508E8BB590896F069405AEC8,piping_segment,PipingNetworkSegment,"4""-VF-202014-ED250-4",288.5,246.0
C025-W-HO20-P-_E-001-01,S1DE578CC8EFD69E5D85377BFEDFE7E,piping_segment,PipingNetworkSegment,"4""-VF-202014-ED250-4",280.0,255.5
C025-W-HO20-P-_E-001-01,SBC0CD92384C0E67238CBC5D6827EC5,piping_component,FlangedConnection,,280.0,259.0
C025-W-HO20-P-_E-001-01,S2B7838C64E0E8F2EC8EF093FDAF4BE,piping_segment,PipingNetworkSegment,"4""-VF-202014-ED250-4",258.75,246.0
C025-W-HO20-P-_E-001-01,SC5118EBFC2039B81F7D0D80CE9A5C9,piping_component,PipeTee,,265.0,246.0
C025-W-HO20-P-_E-001-01,SD383A5387A75A6845293AF319D1869,piping_segment,PipingNetworkSegment,"4""-VF-202014-ED250-4",240.0,252.5
C025-W-HO20-P-_E-001-01,S9C99D6098C785E03F434103FEB1882,piping_component,FlangedConnection,,240.0,259.0
C025-W-HO20-P-_E-001-01,SA9B1BA1EDDA6AB76470A589C7B6AB3,piping_component,PipeTee,,240.0,246.0
C025-W-HO20-P-_E-001-01,SBB250C9AB105E6DB3B7E4B162F92A8,piping_segment,PipingNetworkSegment,"4""-VF-202014-ED250-4",149.0,246.0
C025-W-HO20-P-_E-001-01,SC28645BB501BBB22576D86B18F598E,piping_component,RuptureDisc,,127.0,246.0
C025-W-HO20-P-_E-001-01,S5C4DEC63F362B40E6240FB201C3F4D,piping_component,RuptureDisc,,131.0,245.999
C025-W-HO20-P-_E-001-01,S37244D26778EF4D666C49012AFCEDD,piping_component,PipeTee,,171.0,246.0
C025-W-HO20-P-_E-001-01,SEC240B2037399297C0BAFEDB7EE353,piping_segment,PipingNetworkSegment,"4""-VF-202014-ED250-4",199.0,263.25
C025-W-HO20-P-_E-001-01,S289D11BE2211BC79027927D07D2C08,piping_component,GateValve,20-2032VF,195.0,267.5
C025-W-HO20-P-_E-001-01,S15D54E12907D512A5A3AD6ECFE41AB,piping_segment,PipingNetworkSegment,"4""-VF-202014-ED250-4",171.0,275.0
C025-W-HO20-P-_E-001-01,S9E229AECBB43A5D271EAE0FE184F01,piping_component,CustomPipingComponent,,171.0,298.0
C025-W-HO20-P-_E-001-01,SDED6FCAF78C236CBC03DCDE22FDC1D,piping_component,FlangedConnection,,171.0,296.0
C025-W-HO20-P-_E-001-01,S499692247BCB40A2455155CBC58CBE,piping_component,CheckValve,20-2035VF,171.0,292.0
C025-W-HO20-P-_E-001-01,S9C6AE22610BFE802AA43698BDAC8FD,piping_component,BallValve,20-2034VF,171.0,276.0
C025-W-HO20-P-_E-001-01,SF0AA2D9B6CCF6CD22091760D46FF49,piping_component,GlobeValve,20-2033VF,171.0,261.0
C025-W-HO20-P-_E-001-01,SA80CB6EAFE9E974FE6BB2521C03444,piping_segment,PipingNetworkSegment,"4""-VF-202014-ED250-4",265.0,250.5
C025-W-HO20-P-_E-001-01,S469695822B1377A60BD4CA0253D4F1,piping_segment,PipingNetworkSegment,"4""-VF-202014-ED250-4",277.75,246.0
C025-W-HO20-P-_E-001-01,SA3B1901A585808EEC82D4A318D0E88,piping_component,PipeTee,,280.0,246.0
C025-W-HO20-P-_E-001-01,SF0EFB811AB51FE6D15178D9BA5160B,piping_system,PipingNetworkSystem,,258.25,389.0
C025-W-HO20-P-_E-001-01,S50A11FE73625D5DF25425A7C8CB0E2,piping_segment,PipingNetworkSegment,"6""-PT-132113-LS951-3",258.25,389.0
C025-W-HO20-P-_E-001-01,SDA981236D4E4A1C371E33540115198,pipe_off_page,FlowInPipeOffPageConnector,,61.5,463.0
C025-W-HO20-P-_E-001-01,S17E3D988201EECA9257F96779A5154,piping_system,PipingNetworkSystem,,88.75,242.0
C025-W-HO20-P-_E-001-01,SA109872C2294F2A66FDF0E6DAEC7A3,piping_segment,PipingNetworkSegment,"4""-VF-432069-ES200-0",74.75,246.0
C025-W-HO20-P-_E-001-01,S2382FE3F9429694567B56435A48E9E,piping_component,PipeTee,,88.0,246.0
C025-W-HO20-P-_E-001-01,SA6E39073B7DA3218055996AD5C251A,pipe_off_page,FlowOutPipeOffPageConnector,,61.5,246.0
C025-W-HO20-P-_E-001-01,SEFB4EF7CD89EC87619BFEA982C13DA,piping_segment,PipingNetworkSegment,"4""-VF-432069-ES200-0",102.75,238.0
C025-W-HO20-P-_E-001-01,S17529D2C00B95E78B4D5FCA8AC256B,piping_component,GateValve,43-2046VF,99.0,246.0
C025-W-HO20-P-_E-001-01,S18EF6CFF08468F87551A7B9300751E,piping_system,PipingNetworkSystem,,327.999,291.375
C025-W-HO20-P-_E-001-01,S7B461A9AAC8770A466306BAD14ED39,piping_segment,PipingNetworkSegment,"12""-PT-202011-ED250-4",326.997,314.0
C025-W-HO20-P-_E-001-01,S999E8FE14CE71E8082723C52FB1EB3,piping_component,PipeReducer,,328.994,313.001
C025-W-HO20-P-_E-001-01,S391D7C0D30AFA33E2675A0A20EC3DC,piping_segment,PipingNetworkSegment,"12""-PT-202011-ED250-4",329.0,268.75
C025-W-HO20-P-_E-001-01,S2AAAD631EE92CB55EC2131B2F650A2,piping_component,FlangedConnection,,329.0,259.0
C025-W-HO20-P-_E-001-01,S18B3FC1B1231028C19A48B1DBEF3D8,piping_system,PipingNetworkSystem,,541.125,284.75
C025-W-HO20-P-_E-001-01,S39E74CB62D57F19F7370385D12B0E8,piping_segment,PipingNetworkSegment,"2""-VF-432077-ES200-0",541.125,284.75
C025-W-HO20-P-_E-001-01,SAA4D8BAD26A0B318A86EF8DDDF5901,piping_system,PipingNetworkSystem,,566.255,115.5
C025-W-HO20-P-_E-001-01,SC174C106649D2F42A24D92AF132F6F,piping_segment,PipingNetworkSegment,"3""-PT-202009-ED250-4",542.51,130.5
C025-W-HO20-P-_E-001-01,S925AE83F613C8694AA8083DECEB091,piping_component,NeedleValve,20-2002PT,586.015,131.028
C025-W-HO20-P-_E-001-01,SEA19701B09E51D061BE4F4E3487148,piping_component,PipeTee,,586.0,113.0
C025-W-HO20-P-_E-001-01,S7C232D40C5BD6F902148E71EA2C891,piping_segment,PipingNetworkSegment,"3""-PT-202009-ED250-4",590.0,100.5
C025-W-HO20-P-_E-001-01,S8124746EA396BBFB35BE517F4F6CD0,piping_component,PipeFitting,,586.0,104.0
C025-W-HO20-P-_E-001-01,SEADA482EFEAA971AD7830A2DA708DE,piping_component,NeedleValve,20-2003PT,586.0,100.0
C025-W-HO20-P-_E-001-01,S532A92C6896027AF168384646D5017,piping_segment,PipingNetworkSegment,"3""-PT-202009-ED250-4",572.0,113.0
C025-W-HO20-P-_E-001-01,S7768000FCD77A7F14FB712E1344200,piping_component,FlangedConnection,,565.0,113.0
C025-W-HO20-P-_E-001-01,SC82E7AF7E667521707AD376D61040F,piping_component,GlobeValve,20-2004PT,569.0,113.0
C025-W-HO20-P-_E-001-01,S4A6B3384F36719717E7FEB1D5D3F05,piping_segment,PipingNetworkSegment,"3""-PT-202009-ED250-4",586.0,109.0
C025-W-HO20-P-_E-001-01,S7E754EB2CEFAB0E389485E915DEA38,piping_system,PipingNetworkSystem,,343.874,291.375
C025-W-HO20-P-_E-001-01,SD456BF5C1A450C6C57CBE966C98A8C,piping_segment,PipingNetworkSegment,"12""-PT-202006-ED250-4",342.747,314.0
C025-W-HO20-P-_E-001-01,S262247422BDC56F67D4ABABEC9B42E,piping_component,PipeReducer,,344.994,313.001
C025-W-HO20-P-_E-001-01,SEB6CE40CA8AC4EA163465C49EE5558,piping_segment,PipingNetworkSegment,"12""-PT-202006-ED250-4",345.0,268.75
C025-W-HO20-P-_E-001-01,S76A7A5AFFAF7E7F3437BCEDB82DF50,piping_component,FlangedConnection,,345.0,259.0
C025-W-HO20-P-_E-001-01,SB9168D0B877D347860D17039511989,piping_system,PipingNetworkSystem,,374.997,286.0
C025-W-HO20-P-_E-001-01,S17ADE71841371C6F1BFFE488C414C2,piping_segment,PipingNetworkSegment,"12""-PT-202007-ED250-4",375.0,259.0
C025-W-HO20-P-_E-001-01,SEEBBFDBF8A4D95936912CE7EF94C75,piping_component,FlangedConnection,,375.0,259.0
C025-W-HO20-P-_E-001-01,S45C2495B0AE434194FD8E1A9E8CB5B,piping_segment,PipingNetworkSegment,"12""-PT-202007-ED250-4",375.0,281.75
C025-W-HO20-P-_E-001-01,S5707B2AF50E1FC6DF501E3D1CE260F,piping_component,PipeTee,,375.0,272.0
C025-W-HO20-P-_E-001-01,SDDDF6758CD2E5E49152F2CC4FBB055,piping_segment,PipingNetworkSegment,"12""-PT-202007-ED250-4",374.994,313.001
C025-W-HO20-P-_E-001-01,S3B9C76A1DA48F838976A466ADB2B9D,piping_component,PipeReducer,,374.994,313.001
C025-W-HO20-P-_E-001-01,SD585024F770A2473AFE1BA41DA8A0E,piping_system,PipingNetworkSystem,,163.25,296.0
C025-W-HO20-P-_E-001-01,S329EC34A398793904507F6FFF5339F,piping_segment,PipingNetworkSegment,"2""-PT-132301-LS951-4",163.25,296.0
C025-W-HO20-P-_E-001-01,SB0D17A9DC60689678779AFAC124635,pipe_off_page,FlowInPipeOffPageConnector,,61.5,334.0
C025-W-HO20-P-_E-001-01,SCB02D0D85C380B516FDD4090CE66C1,piping_component,FlangedConnection,,265.0,259.0
C025-W-HO20-P-_E-001-01,S78FD5369EC4FB71C36E59793925C90,piping_system,PipingNetworkSystem,,296.997,289.375
C025-W-HO20-P-_E-001-01,S831E1F62CE6D2391C9B1E68B04FE2D,piping_segment,PipingNetworkSegment,"12""-PT-202004-ED250-4",297.0,265.75
C025-W-HO20-P-_E-001-01,S5567FE07599AAC0200F6E013CB0BC3,piping_component,FlangedConnection,,297.0,259.0
C025-W-HO20-P-_E-001-01,S9A0480B1EA8C2F0AC63BFAD9FC3854,piping_component,PipeTee,,297.0,246.0
C025-W-HO20-P-_E-001-01,S5857F47838EF13FD9EB4AA86819AD2,piping_segment,PipingNetworkSegment,"12""-PT-202004-ED250-4",296.994,313.001
C025-W-HO20-P-_E-001-01,S2C6357E8DB762102AF9811D9B3F484,piping_component,PipeReducer,,296.994,313.001
C025-W-HO20-P-_E-001-01,SAAA487CDC7F8B9BE4643E18462D5CB,piping_system,PipingNetworkSystem,,507.5,258.25
C025-W-HO20-P-_E-001-01,S43628554CE11ADBA15695FDC800CE0,piping_segment,PipingNetworkSegment,"4""-VF-202015-ED250-4",458.75,246.0
C025-W-HO20-P-_E-001-01,SE8E61A5A26A87E2A72CB1B0F176B07,piping_component,PipeTee,,461.0,246.0
C025-W-HO20-P-_E-001-01,SD38B487BF21E9A0703A7F0B56EC9FD,piping_segment,PipingNetworkSegment,"4""-VF-202015-ED250-4",501.0,267.0
C025-W-HO20-P-_E-001-01,S66C3E88E176AC547CB46EBCB484A2F,piping_component,GateValve,20-2029VF,501.0,275.5
C025-W-HO20-P-_E-001-01,S819C874696FF36B476A8AFEEE9CFAC,piping_segment,PipingNetworkSegment,"4""-VF-202015-ED250-4",452.0,252.5
C025-W-HO20-P-_E-001-01,S9894C9564B275476A07EC6AA5AF12A,piping_component,FlangedConnection,,452.0,259.0
C025-W-HO20-P-_E-001-01,S4A86360AE9F877992250FE9EA541AD,piping_component,PipeTee,,452.0,246.0
C025-W-HO20-P-_E-001-01,SB345217B5A6C5B5C34C1013B854058,piping_segment,PipingNetworkSegment,"4""-VF-202015-ED250-4",533.0,277.5
C025-W-HO20-P-_E-001-01,SE216AB985B7BAA2467458CC1306EF1,piping_component,PipeFitting,,533.0,309.0
C025-W-HO20-P-_E-001-01,S5E3AB9181A8947A2BA9A634A64AE15,piping_component,FlangedConnection,,533.0,307.0
C025-W-HO20-P-_E-001-01,SBB8772ECE922565698E548FD82142D,piping_component,CheckValve,20-2028VF,533.0,303.0
C025-W-HO20-P-_E-001-01,S378076E9E89F6E8DC5BD127E166892,piping_component,BallValve,20-2027VF,533.0,280.0
C025-W-HO20-P-_E-001-01,SAF26FC7059F08C72EC58F9CDF2EA60,piping_component,GlobeValve,20-2026VF,533.0,259.0
C025-W-HO20-P-_E-001-01,S78586C2DF986D5E8E057085A94519F,piping_component,PipeTee,,533.0,246.0
C025-W-HO20-P-_E-001-01,SD0987B5143D0C5AB94D4E496220B02,piping_segment,PipingNetworkSegment,"4""-VF-202015-ED250-4",480.5,246.0
C025-W-HO20-P-_E-001-01,S10E0C09989E0240A5A469B3D4F0A07,piping_component,FlangedConnection,,469.0,246.0
C025-W-HO20-P-_E-001-01,S8FE0B4844FED4885505E528024526F,piping_component,NeedleValve,20-2024VF,489.0,246.0
C025-W-HO20-P-_E-001-01,SBAAAC1434AABAEC84A4813208DA39B,piping_segment,PipingNetworkSegment,"4""-VF-202015-ED250-4",461.0,255.5
C025-W-HO20-P-_E-001-01,SC251EC46998263AFA294BAFDED9674,piping_component,FlangedConnection,,461.0,259.0
C025-W-HO20-P-_E-001-01,S16B30CAE084AEEF283E65A84347D76,piping_segment,PipingNetworkSegment,"4""-VF-202015-ED250-4",511.75,246.0
C025-W-HO20-P-_E-001-01,SC9557FCED436374DC63C0903C87E84,piping_component,PipeTee,,501.0,246.0
C025-W-HO20-P-_E-001-01,S76C7A7BF32198750801055DE1DBC93,piping_component,NeedleValve,20-2025VF,509.0,246.0
C025-W-HO20-P-_E-001-01,SD1F1DA9B2EA272A18E56DE7F1874B6,piping_segment,PipingNetworkSegment,"4""-VF-202015-ED250-4",563.0,239.0
C025-W-HO20-P-_E-001-01,SCA14C8B86B7B4127BDFD29A4C0B602,piping_component,RuptureDisc,,561.0,245.999
C025-W-HO20-P-_E-001-01,SCBF46454550187B7C3CFB18E603B1D,piping_component,RuptureDisc,,565.0,246.0
C025-W-HO20-P-_E-001-01,SBA3415C2233462E0DD2147FD2FCEA9,piping_system,PipingNetworkSystem,,440.997,290.875
C025-W-HO20-P-_E-001-01,S88275B7899C3BC13E5ED8A581D1DD8,piping_segment,PipingNetworkSegment,"12""-PT-202008-ED250-4",440.994,313.001
C025-W-HO20-P-_E-001-01,SBE7FC82BC046161CBA93E1B974B9E5,piping_component,PipeReducer,,440.994,313.001
C025-W-HO20-P-_E-001-01,S900114894BD14E6083647C1C215241,piping_segment,PipingNetworkSegment,"12""-PT-202008-ED250-4",441.0,268.75
C025-W-HO20-P-_E-001-01,SD3226AD043FD326FB77A7A416E2E14,piping_component,FlangedConnection,,441.0,259.0
C025-W-HO20-P-_E-001-01,SAE6853D9297F9ABE339ADAA1CA6C92,piping_system,PipingNetworkSystem,,634.375,246.0
C025-W-HO20-P-_E-001-01,S5B8CF2D1D9106FC4EBF10B32775043,piping_segment,PipingNetworkSegment,"4""-VF-432070-ES200-0",657.5,246.0
C025-W-HO20-P-_E-001-01,SE8CCFDDE30AFF8687847FA82058928,pipe_off_page,FlowOutPipeOffPageConnector,,670.5,246.0
C025-W-HO20-P-_E-001-01,S9E2C5F0959A7CDC0F984FFD00AAAE6,piping_segment,PipingNetworkSegment,"4""-VF-432070-ES200-0",611.25,246.0
C025-W-HO20-P-_E-001-01,SCC1BB27F0A74C0C63FF9DA716C9E38,piping_component,GateValve,43-2047VF,597.0,246.0
C025-W-HO20-P-_E-001-01,SE866B549843DE2A1CCCC1F907CB13A,piping_component,PipeTee,,642.0,246.0
C025-W-HO20-P-_E-001-01,SB7FC21A4174E6C8CACD2C5C92EE738,piping_system,PipingNetworkSystem,,185.0,348.0
C025-W-HO20-P-_E-001-01,S12D2439F035C37558B19C4CA0D6EA8,piping_segment,PipingNetworkSegment,"6""-PT-132063-LS951-3",185.0,348.0
C025-W-HO20-P-_E-001-01,SCFA272A50B4A7AD3AB1FBD3391C1B4,pipe_off_page,FlowInPipeOffPageConnector,,61.5,381.0
C025-W-HO20-P-_E-001-01,SB2DF2D2977314756DC66D53E08F7D3,piping_system,PipingNetworkSystem,,212.25,380.0
C025-W-HO20-P-_E-001-01,S3406CB0141C75ED386E112AF0862EE,piping_segment,PipingNetworkSegment,"6""-PT-132093-LS951-3",212.25,380.0
C025-W-HO20-P-_E-001-01,SDA6D872F8F181E5673E6ADDA3803AB,pipe_off_page,FlowInPipeOffPageConnector,,61.5,445.0
C025-W-HO20-P-_E-001-01,SB2B0AAFC0236103179476CA84350C6,piping_system,PipingNetworkSystem,,138.25,396.0
C025-W-HO20-P-_E-001-01,SA4ACFE9B538744CCDF9AFFCB781F62,piping_segment,PipingNetworkSegment,"6""-PT-132083-LS951-3",138.25,396.0
C025-W-HO20-P-_E-001-01,S5B23BD108B4757C249B7F955B1AB8C,pipe_off_page,FlowInPipeOffPageConnector,,61.5,423.0
C025-W-HO20-P-_E-001-01,S9FAB8810101F1557C15ADD5B88C409,piping_system,PipingNetworkSystem,,377.75,250.75
C025-W-HO20-P-_E-001-01,SA5C33B92EFD99959BCC2AAC12591E6,piping_segment,PipingNetworkSegment,"12""-PT-202001-ED250-4",309.0,246.0
C025-W-HO20-P-_E-001-01,S54E86C0AEC091D557C2E08AF2F145F,piping_component,PipeTee,,313.0,246.0
C025-W-HO20-P-_E-001-01,SEC161775EC16039CEB61974B1FE6F5,piping_segment,PipingNetworkSegment,"12""-PT-202001-ED250-4",356.0,255.5
C025-W-HO20-P-_E-001-01,S57FD5F8EFC27C1935088036220986A,piping_component,FlangedConnection,,356.0,259.0
C025-W-HO20-P-_E-001-01,SC279A792308701DBFD0C0797206243,piping_segment,PipingNetworkSegment,"12""-PT-202001-ED250-4",341.0,246.0
C025-W-HO20-P-_E-001-01,SFBD0E8395E5E814C6B999A08FD3A73,piping_component,PipeTee,,345.0,246.0
C025-W-HO20-P-_E-001-01,S3BEA5AB2945510A43DDD7D20A7F0AE,piping_segment,PipingNetworkSegment,"12""-PT-202001-ED250-4",424.5,246.0
C025-W-HO20-P-_E-001-01,S978E5ACE383ECABFBAB804A7F42093,piping_component,PipeTee,,441.0,246.0
C025-W-HO20-P-_E-001-01,S81E3EA0D006EF5EB931796881CEE3B,piping_segment,PipingNetworkSegment,"12""-PT-202001-ED250-4",370.25,246.0
C025-W-HO20-P-_E-001-01,SF1FE6A27672FE7EE2FEC20C367BC7C,piping_component,PipeTee,,375.0,246.0
C025-W-HO20-P-_E-001-01,S643CB115ABD1696A2DE14C594BDB24,piping_segment,PipingNetworkSegment,"12""-PT-202001-ED250-4",325.0,246.0
C025-W-HO20-P-_E-001-01,S3B69ECC9A9520BD952E7297F22E54B,piping_component,PipeTee,,329.0,246.0
C025-W-HO20-P-_E-001-01,SD1492F3EF31330F24937CABD89D4B4,piping_segment,PipingNetworkSegment,"12""-PT-202001-ED250-4",353.25,246.0
C025-W-HO20-P-_E-001-01,SA3300C2F30EFCB4316F4141189F510,piping_component,PipeTee,,356.0,246.0
C025-W-HO20-P-_E-001-01,S5D6BB67EBC0BF7C0294F69BB398D4C,piping_segment,PipingNetworkSegment,"12""-PT-202001-ED250-4",446.5,246.0
C025-W-HO20-P-_E-001-01,S1DADF6867A0B0627527F3E9723192E,piping_system,PipingNetworkSystem,,395.25,311.25
C025-W-HO20-P-_E-001-01,S91AF87B731B8FB5AB1945A055F46B2,piping_segment,PipingNetworkSegment,"2""-CA-202001-ED250-4",395.25,311.25
C025-W-HO20-P-_E-001-01,SEFD78CBF56A8F23121008D9FF23131,piping_component,PipeFitting,,402.0,342.0
C025-W-HO20-P-_E-001-01,SA8B172EA9700C59244C0B36DF9FBAD,piping_component,FlangedConnection,,402.0,340.0
C025-W-HO20-P-_E-001-01,SC18B462834753DD78BD9017B37200C,piping_component,CheckValve,20-2007PT,402.0,336.0
C025-W-HO20-P-_E-001-01,S69FB6813017715BC2D7C86C94127C8,piping_component,BallValve,20-2000PT,402.0,313.0
C025-W-HO20-P-_E-001-01,SAABFB8778774A34380585A328490EB,piping_component,GlobeValve,20-2001PT,402.0,292.0
C025-W-HO20-P-_E-001-01,S385C8CAB042CACC665349266C34CA7,piping_system,PipingNetworkSystem,,176.625,338.0
C025-W-HO20-P-_E-001-01,SC1D89195EA6E94ADD38A7F3CC6C37F,piping_segment,PipingNetworkSegment,"6""-PT-132053-LS951-3",176.625,338.0
C025-W-HO20-P-_E-001-01,SA48517172798EAF285F342F1C59C1D,pipe_off_page,FlowInPipeOffPageConnector,,61.5,361.0
C025-W-HO20-P-_E-001-01,S9FE05F4C71510353833E4F6391D98A,piping_system,PipingNetworkSystem,,621.25,83.874
C025-W-HO20-P-_E-001-01,S446C59F7D51363DCED6770D9176C5F,piping_segment,PipingNetworkSegment,"2""-DC-572043-ES200-4",647.25,82.0
C025-W-HO20-P-_E-001-01,SA9A4ACB8C1D7E69201D89E41BBDD04,pipe_off_page,FlowOutPipeOffPageConnector,,670.5,82.0
C025-W-HO20-P-_E-001-01,SCE26B78F39115076CBDEABF5F3FF92,piping_segment,PipingNetworkSegment,"2""-DC-572043-ES200-4",595.251,85.747
C025-W-HO20-P-_E-001-01,S4031D046B1D6D2822DBC3E97717311,piping_component,PipeReducer,,599.001,81.994
C025-W-HO20-P-_E-001-01,SC8916DF5CDEC29E856AD5BEDB73C04,piping_system,PipingNetworkSystem,,134.25,381.0
C025-W-HO20-P-_E-001-01,S17CB08B34586C91D7408504CC7DE2E,piping_segment,PipingNetworkSegment,"6""-PT-132043-LS951-3",134.25,381.0
C025-W-HO20-P-_E-001-01,SD5D34FB709BA5F6B0A3ABADFAB5549,pipe_off_page,FlowInPipeOffPageConnector,,61.5,403.0
C025-W-HO20-P-_E-001-01,S23C6DBE441BD972C94FC8F34B8A26E,piping_system,PipingNetworkSystem,,123.0,282.0
C025-W-HO20-P-_E-001-01,SDA116E6B52706A3FAD8853B502BE26,piping_segment,PipingNetworkSegment,"2""-VF-432076-ES200-0",123.0,282.0
C025-W-HO20-P-_E-001-01,SF6673496D31A3A45C33FC62B06A0AA,piping_system,PipingNetworkSystem,,254.25,518.25
C025-W-HO20-P-_E-001-01,SEEFF4322C473A43F3F7B72F7E8D6FD,piping_segment,PipingNetworkSegment,"2""-PT-132302-LS951-3",172.5,538.0
C025-W-HO20-P-_E-001-01,S181644AE10C299A9CB9BC66F8462AF,piping_component,PipeTee,,190.0,538.0
C025-W-HO20-P-_E-001-01,SAD377B5C56BE1269780EB1A6A78207,piping_segment,PipingNetworkSegment,"2""-PT-132302-LS951-3",203.5,486.0
C025-W-HO20-P-_E-001-01,SE3FE985D036B8C69794D77683CA1F0,piping_component,PipeTee,,208.0,486.0
C025-W-HO20-P-_E-001-01,SA552B031251752FAD87341A3EC9A50,piping_segment,PipingNetworkSegment,"2""-PT-132302-LS951-3",404.5,533.5
C025-W-HO20-P-_E-001-01,S4053D3D59F8AF10AB4B542872112D1,piping_component,GlobeValve,13-2104PT,475.0,538.0
C025-W-HO20-P-_E-001-01,S2896DBCF272DA7524A0CBB62AC2422,piping_segment,PipingNetworkSegment,"2""-PT-132302-LS951-3",155.0,496.0
C025-W-HO20-P-_E-001-01,S66C8C62703D65EFDBCF0DAB54D4B06,piping_component,FlangedConnection,,120.0,506.0
C025-W-HO20-P-_E-001-01,SCC1BF3930F401F97B95E7FEF966F0D,piping_component,GateValve,13-2097PT,120.0,500.5
C025-W-HO20-P-_E-001-01,S59564B1DFD3D625371F7F6972E76AE,piping_component,PipeTee,,190.0,486.0
C025-W-HO20-P-_E-001-01,SA7301B1EE754B4BEBF141BAE1197C7,piping_segment,PipingNetworkSegment,"2""-PT-132302-LS951-3",190.0,512.0
C025-W-HO20-P-_E-001-01,S369B32BC591CBEA67AB8D79C030E30,piping_segment,PipingNetworkSegment,"2""-PT-132302-LS951-3",104.0,538.0
C025-W-HO20-P-_E-001-01,S32AEA2659633D4C787FE5AC7B3FF9B,piping_component,FlangedConnection,,88.0,538.0
C025-W-HO20-P-_E-001-01,SAE967B4EBA411867D35AAE1794AD55,piping_component,PipeTee,,120.0,538.0
C025-W-HO20-P-_E-001-01,S957503D880848312137D71F709082C,piping_segment,PipingNetworkSegment,"2""-PT-132302-LS951-3",217.5,486.0
C025-W-HO20-P-_E-001-01,S895A0402F84F9916197CA4AB4AEF30,piping_segment,PipingNetworkSegment,"2""-PT-132302-LS951-3",120.0,550.5
C025-W-HO20-P-_E-001-01,SCCA3700AA0400182E3DD510C82D5B2,piping_component,GateValve,13-2096PT,120.0,552.5
C025-W-HO20-P-_E-001-01,S510A27B7109DE2B623BDE43DE9DA62,piping_component,FlangedConnection,,120.0,558.0
C025-W-HO20-P-_E-001-01,S357B8A4EE6A88D3055A65E56F4E525,piping_segment,PipingNetworkSegment,"2""-PT-132302-LS951-3",208.0,490.25
C025-W-HO20-P-_E-001-01,S7064B26A2D6B85733D0CC8BC74B6A5,piping_component,FlangedConnection,,208.0,492.0
C025-W-HO20-P-_E-001-01,S52EB9554806DF822AC21149392FE73,piping_system,PipingNetworkSystem,,348.625,492.25
C025-W-HO20-P-_E-001-01,SD2C4DE0E4002C6EA470F4B0F40EE5C,piping_segment,PipingNetworkSegment,"2""-PT-132303-LS951-3",319.5,486.0
C025-W-HO20-P-_E-001-01,SD157757BD9654CC9041CB36C933434,piping_component,PipeTee,,326.0,486.0
C025-W-HO20-P-_E-001-01,S1F7550F420189D7D1C6A8A1E569D88,piping_segment,PipingNetworkSegment,"2""-PT-132303-LS951-3",267.5,486.0
C025-W-HO20-P-_E-001-01,S95155C67BB85A83564B83EBF3DDFAC,piping_component,PipeTee,,274.0,486.0
C025-W-HO20-P-_E-001-01,S7DE7EB5973CA456D77611432756750,piping_segment,PipingNetworkSegment,"2""-PT-132303-LS951-3",227.0,489.0
C025-W-HO20-P-_E-001-01,S502CF571AD8AEBF94F0303D611BE7B,piping_component,FlangedConnection,,227.0,492.0
C025-W-HO20-P-_E-001-01,S86CDB2B23FF904BECCF91D751D4C6F,piping_component,PipeTee,,227.0,486.0
C025-W-HO20-P-_E-001-01,S318B31EB6648E4DBD7162C7ECDDF4A,piping_segment,PipingNetworkSegment,"2""-PT-132303-LS951-3",293.5,486.0
C025-W-HO20-P-_E-001-01,SDE7F931EBBE2CBCFE7F5D3A54E2448,piping_component,PipeTee,,300.0,486.0
C025-W-HO20-P-_E-001-01,S3F0E3D62BF095FB82ED32639D6ACEF,piping_segment,PipingNetworkSegment,"2""-PT-132303-LS951-3",300.0,498.5
C025-W-HO20-P-_E-001-01,S3930D15B6B3809F5874EA9AF1B3313,piping_component,GateValve,13-2098PT,300.0,500.5
C025-W-HO20-P-_E-001-01,S2111AF9A12912214FB73D8F70D628B,piping_component,FlangedConnection,,300.0,506.0
C025-W-HO20-P-_E-001-01,SC2C23BACE3181AC856A966F2D0E179,piping_segment,PipingNetworkSegment,"2""-PT-132303-LS951-3",348.0,490.25
C025-W-HO20-P-_E-001-01,S7F9EF2C92765889357209ACB4C92E1,piping_component,FlangedConnection,,348.0,492.0
C025-W-HO20-P-_E-001-01,SAFE5ADDFE96A4FEF2AF6AD9E37A8F4,piping_segment,PipingNetworkSegment,"2""-PT-132303-LS951-3",403.0,498.5
C025-W-HO20-P-_E-001-01,SD984E4BA901D736DEA40A03FF76917,piping_component,FlangedConnection,,403.0,506.0
C025-W-HO20-P-_E-001-01,S383B116CC38B9E43105D1FEB4A385E,piping_component,GateValve,13-2099PT,403.0,500.5
C025-W-HO20-P-_E-001-01,SC48E3A1E08F5E10722A8CF0D9D7F06,piping_segment,PipingNetworkSegment,"2""-PT-132303-LS951-3",242.75,486.0
C025-W-HO20-P-_E-001-01,SB4FEB047C55AAF95B1E4F69397A4A3,piping_component,PipeTee,,248.0,486.0
C025-W-HO20-P-_E-001-01,SABF4F8C89A6618660B5F09278122B6,piping_segment,PipingNetworkSegment,"2""-PT-132303-LS951-3",369.75,486.0
C025-W-HO20-P-_E-001-01,S9D051E9C6B7B3CBF2B4FACCFB78C25,piping_component,PipeTee,,377.0,486.0
C025-W-HO20-P-_E-001-01,S78F0AAEDE81A30B96F24F3561301E6,piping_segment,PipingNetworkSegment,"2""-PT-132303-LS951-3",377.0,498.5
C025-W-HO20-P-_E-001-01,SCD76DD1BAE1954C27472AE38765FAB,piping_component,GateValve,13-2100PT,377.0,500.5
C025-W-HO20-P-_E-001-01,SED42FB676AC8781C0FBB2102541FAA,piping_component,FlangedConnection,,377.0,506.0
C025-W-HO20-P-_E-001-01,S4BE9A8BC81852D3E2D304C64E1F20E,piping_segment,PipingNetworkSegment,"2""-PT-132303-LS951-3",274.0,498.5
C025-W-HO20-P-_E-001-01,S50F1E9425953C62F28881E331A4077,piping_component,GateValve,13-2102PT,274.0,500.5
C025-W-HO20-P-_E-001-01,SA6044AB847DFD4339691841B340C12,piping_component,FlangedConnection,,274.0,506.0
C025-W-HO20-P-_E-001-01,S95B7017DB3FB2002129E0DD516E8C7,piping_segment,PipingNetworkSegment,"2""-PT-132303-LS951-3",445.0,486.0
C025-W-HO20-P-_E-001-01,S6E5D2D38547107D5EE0602BE179B54,piping_component,PipeTee,,451.0,486.0
C025-W-HO20-P-_E-001-01,SDD0DCCE6C8757871BC2BE5D16CDB72,piping_segment,PipingNetworkSegment,"2""-PT-132303-LS951-3",248.0,498.5
C025-W-HO20-P-_E-001-01,S3B8DB2CE7AEE10ACC45D8E57467914,piping_component,FlangedConnection,,248.0,506.0
C025-W-HO20-P-_E-001-01,S71D5E2FCEEDFD741506812873D00DB,piping_component,GateValve,13-2103PT,248.0,500.5
C025-W-HO20-P-_E-001-01,S6568DE4C2B7373CCE1AAD102D5A323,piping_segment,PipingNetworkSegment,"2""-PT-132303-LS951-3",427.0,490.25
C025-W-HO20-P-_E-001-01,SD01B3DB20716BB12904F6EB38AE9F4,piping_component,FlangedConnection,,427.0,492.0
C025-W-HO20-P-_E-001-01,S21BBC18D03430ED047ACDA2A6EA442,piping_segment,PipingNetworkSegment,"2""-PT-132303-LS951-3",451.0,490.25
C025-W-HO20-P-_E-001-01,S250E4BE69EDDB8B05FC9F99ACD1178,piping_component,FlangedConnection,,451.0,492.0
C025-W-HO20-P-_E-001-01,S84D344D8B5A400682BF0351C4629A7,piping_segment,PipingNetworkSegment,"2""-PT-132303-LS951-3",470.25,486.0
C025-W-HO20-P-_E-001-01,S39F76D8889F5C1D3DA242797D16A50,piping_component,FlangedConnection,,477.0,486.0
C025-W-HO20-P-_E-001-01,SDC73B5761432E1ED56ECD9B5A15860,piping_segment,PipingNetworkSegment,"2""-PT-132303-LS951-3",326.0,498.5
C025-W-HO20-P-_E-001-01,SC12420E1BD9FF2D9BE3C9AB6C63B54,piping_component,GateValve,13-2101PT,326.0,500.5
C025-W-HO20-P-_E-001-01,SC4C07DF16AF9523CFBF43F05CAF056,piping_component,FlangedConnection,,326.0,506.0
C025-W-HO20-P-_E-001-01,S5B014452375B78E234DFC2ED65CCB8,piping_segment,PipingNetworkSegment,"2""-PT-132303-LS951-3",342.5,486.0
C025-W-HO20-P-_E-001-01,SAD2AC5C9E2B9080C586A70E96F1A18,piping_component,PipeTee,,348.0,486.0
C025-W-HO20-P-_E-001-01,S77836779E1360FBAC45692A1E6F9ED,piping_segment,PipingNetworkSegment,"2""-PT-132303-LS951-3",421.0,486.0
C025-W-HO20-P-_E-001-01,S2D7E480C930766D84115D030DE5016,piping_component,PipeTee,,427.0,486.0
C025-W-HO20-P-_E-001-01,S5089B8737EC5E56E3492A06EE765EF,piping_segment,PipingNetworkSegment,"2""-PT-132303-LS951-3",396.5,486.0
C025-W-HO20-P-_E-001-01,SE7422EFBFAA731B6E828D317225C28,piping_component,PipeTee,,403.0,486.0
C025-W-HO20-P-_E-001-01,S63A636E704230660EA0677406B3060,piping_system,PipingNetworkSystem,,616.5,538.0
C025-W-HO20-P-_E-001-01,S1C43337DB4092386FF4D8ADAE4E40E,piping_segment,PipingNetworkSegment,"2""-VF-432001-AS200-0",616.5,538.0
C025-W-HO20-P-_E-001-01,S1005C1478C1F81CE358D1513582E76,pipe_off_page,FlowOutPipeOffPageConnector,,670.5,538.0
C025-W-HO20-P-_E-001-01,SA0D1AD7959B96681AEA77A061117D8,piping_system,PipingNetworkSystem,,359.5,109.0
C025-W-HO20-P-_E-001-01,S26188B6F577504B3279CDEADD294D4,piping_segment,PipingNetworkSegment,"3""-MK-122001-LS951-0",331.75,100.0
C025-W-HO20-P-_E-001-01,S30A2C14A61E578D37B58E493C30E13,piping_component,PipeTee,,356.0,100.0
C025-W-HO20-P-_E-001-01,SB978FC684C509AB544FA212423BDF1,piping_segment,PipingNetworkSegment,"3""-MK-122001-LS951-0",356.0,92.0
C025-W-HO20-P-_E-001-01,SA2B801A35B3A4722B63C90133BEB6C,piping_component,FlangedConnection,,356.0,89.0
C025-W-HO20-P-_E-001-01,S164F0EF2C621096D3A28F5E4543DFF,piping_segment,PipingNetworkSegment,"3""-MK-122001-LS951-0",511.0,100.0
C025-W-HO20-P-_E-001-01,S5458F5BD8E70B8DAA90BF4FFB52F18,piping_component,FlangedConnection,,515.0,100.0
C025-W-HO20-P-_E-001-01,SD29DF6C82733B369F0A546FFA62B24,piping_segment,PipingNetworkSegment,"3""-MK-122001-LS951-0",208.0,100.0
C025-W-HO20-P-_E-001-01,SABB07F158DBBBD457489EE068DF42B,piping_component,FlangedConnection,,190.0,100.0
C025-W-HO20-P-_E-001-01,SC0C8BD098005A8CA6865C892453883,piping_component,PipeTee,,226.0,100.0
C025-W-HO20-P-_E-001-01,S9E37D5632763C34E5C0F25C5EECE91,piping_segment,PipingNetworkSegment,"3""-MK-122001-LS951-0",250.75,100.0
C025-W-HO20-P-_E-001-01,S4F82A1B6A9418AA907548D8C7C70A6,piping_component,PipeTee,,259.0,100.0
C025-W-HO20-P-_E-001-01,SA9B923AB13C5713D54E7C6077162D6,piping_segment,PipingNetworkSegment,"3""-MK-122001-LS951-0",259.0,119.5
C025-W-HO20-P-_E-001-01,SE399AF729ACD1AF6ACBB0D01BEC902,piping_component,PipeTee,,259.0,126.0
C025-W-HO20-P-_E-001-01,SDEF70EB82CFB89F8064AC559DB52CA,piping_segment,PipingNetworkSegment,"3""-MK-122001-LS951-0",240.75,126.0
C025-W-HO20-P-_E-001-01,SC9DD12E3D525A21DA3867312B07552,piping_component,FlangedConnection,,244.0,126.0
C025-W-HO20-P-_E-001-01,SA605860AF4A8AA8FC4D73988B24677,piping_segment,PipingNetworkSegment,"3""-MK-122001-LS951-0",464.0,100.0
C025-W-HO20-P-_E-001-01,S97E6AD6D6251865B49CCA6612757CF,piping_component,PipeTee,,500.0,100.0
C025-W-HO20-P-_E-001-01,SF4CB68A099E17EEC304440CDBC6F04,piping_segment,PipingNetworkSegment,"3""-MK-122001-LS951-0",226.0,92.0
C025-W-HO20-P-_E-001-01,S16BD1DA2C07C88B3A767BD5BA2E01A,piping_component,FlangedConnection,,226.0,89.0
C025-W-HO20-P-_E-001-01,S1CE685D4B03A20CFA1918865F57B05,piping_segment,PipingNetworkSegment,"3""-MK-122001-LS951-0",270.0,126.0
C025-W-HO20-P-_E-001-01,S863455CF8F44E1B9EE84FE02EFF9A0,piping_component,FlangedConnection,,274.0,126.0
C025-W-HO20-P-_E-001-01,SEB05F4B80F4CEAAF75F421BC2E9B3D,piping_segment,PipingNetworkSegment,"3""-MK-122001-LS951-0",500.0,92.0
C025-W-HO20-P-_E-001-01,SB13ACD54D280B693EAF82BF5499FE7,piping_component,FlangedConnection,,500.0,89.0
C025-W-HO20-P-_E-001-01,S8D85062FFEA212B39E1C05ECD503A5,piping_system,PipingNetworkSystem,,376.0,372.0
C025-W-HO20-P-_E-001-01,S39C5727211548C4DE0F6BFCDE056F8,piping_segment,PipingNetworkSegment,,376.0,372.0
C025-W-HO20-P-_E-001-01,SB0BA00109C196C5E56CB93D125588A,instrument,ProcessInstrumentationFunction,20-PA2021,92.25,283.0
C025-W-HO20-P-_E-001-01,S32B52023296BAD02F753B6407A5BC8,instrument,ProcessInstrumentationFunction,20-PI2018,128.998,298.0
C025-W-HO20-P-_E-001-01,S667E665C280552245204A716AA76CD,instrument,ProcessInstrumentationFunction,20-PA2022,588.998,311.0
C025-W-HO20-P-_E-001-01,S871B10EDBD24DF1DA7DCBDBEE0611B,instrument,ProcessInstrumentationFunction,20-PI2012,426.998,223.999
C025-W-HO20-P-_E-001-01,S928FD0BF11F0FA2A0C576D2DB92A31,instrument,ProcessInstrumentationFunction,20-TI2010,507.998,212.999
C025-W-HO20-P-_E-001-01,S5BCE6B59E3C3B66CC1E5881D06132A,instrument,ProcessInstrumentationFunction,20-PI2019,562.998,293.0
C025-W-HO20-P-_E-001-01,SBCE72903E73AAD8EAF9027CC9BCE3B,instrument,ProcessInstrumentationFunction,20-PT2018,129.0,270.0
C025-W-HO20-P-_E-001-01,S6F5E5E26D901BB8C03FACCB2939A53,signal_generator,ProcessSignalGeneratingFunction,,127.0,246.0
C025-W-HO20-P-_E-001-01,S8739117B2D42A9A808D1996C5A2ED3,instrument,ProcessInstrumentationFunction,20-PSHH2021,114.0,265.0
C025-W-HO20-P-_E-001-01,S6F5E5E26D901BB8C03FACCB2939A531,signal_generator,ProcessSignalGeneratingFunction,,127.0,246.0
C025-W-HO20-P-_E-001-01,S689455671F9BF57C7A32514E10FCD9,instrument,ProcessInstrumentationFunction,20-TT2010,508.0,191.999
C025-W-HO20-P-_E-001-01,S483E20BA62A71D4CE0C0B36524A6B7,signal_generator,ProcessSignalGeneratingFunction,,508.0,174.0
C025-W-HO20-P-_E-001-01,S846C0A8BA2CFCC023E12C8DDEEC81A,instrument,ProcessInstrumentationFunction,20-PT2012,427.0,202.999
C025-W-HO20-P-_E-001-01,SD64978219BACD3290733189BBFA733,signal_generator,ProcessSignalGeneratingFunction,,427.0,185.5
C025-W-HO20-P-_E-001-01,SF95AC4BD9742654E031985C637E6C8,instrument,ProcessInstrumentationFunction,20-TW2011,536.0,191.999
C025-W-HO20-P-_E-001-01,S83232F9D6FF493780AA6081BC42BA4,signal_generator,ProcessSignalGeneratingFunction,,536.0,174.0
C025-W-HO20-P-_E-001-01,S15704A6C5F00E24DF28959C1CEF10C,instrument,ProcessInstrumentationFunction,20-PT2019,563.0,268.0
C025-W-HO20-P-_E-001-01,S5B5F0FC6377E39BACCA81A0C5E0B26,signal_generator,ProcessSignalGeneratingFunction,,565.0,246.0
C025-W-HO20-P-_E-001-01,S237981D66E8E2E721351AA33624BD3,instrument,ProcessInstrumentationFunction,20-PSE2018,129.0,228.001
C025-W-HO20-P-_E-001-01,S6F5E5E26D901BB8C03FACCB2939A532,signal_generator,ProcessSignalGeneratingFunction,,127.0,246.0
C025-W-HO20-P-_E-001-01,S8B872ED69D0214EC0109BE94159C0A,instrument,ProcessInstrumentationFunction,20-PSE2019,563.0,224.0
C025-W-HO20-P-_E-001-01,S5B5F0FC6377E39BACCA81A0C5E0B261,signal_generator,ProcessSignalGeneratingFunction,,565.0,246.0
C025-W-HO20-P-_E-001-01,S50E5C95967903C50C95A556EE8F491,instrument,ProcessInstrumentationFunction,20-PSHH2022,589.0,268.0
C025-W-HO20-P-_E-001-01,S5B5F0FC6377E39BACCA81A0C5E0B262,signal_generator,ProcessSignalGeneratingFunction,,565.0,246.0
C025-W-HO20-P-_E-001-01,SBCE00183E74D1F8D6B043C410CEB41,instrument,ProcessInstrumentationFunction,,65.001,282.999
C025-W-HO20-P-_E-001-01,S3FB6383476125D40B010AD41F293FA,instrument,ProcessInstrumentationFunction,,627.999,310.999
C025-W-HO20-P-_E-001-01,S1BE863533D745FDED0FBB6BA125EF1,piping_system,PipingNetworkSystem,,462.75,372.001
C025-W-HO20-P-_E-001-01,S34E3B5E9E635F73525707AB6A96FE0,piping_segment,PipingNetworkSegment,,462.75,372.001
C025-W-HO20-P-_E-001-01,SB062F0C30547FA370EA132E2E9C8BC,piping_system,PipingNetworkSystem,,577.0,128.001
C025-W-HO20-P-_E-001-01,S655A16AAD7C7CEBBC7AA871DBE9416,piping_segment,PipingNetworkSegment,,577.0,128.001
C025-W-HO20-P-_E-001-01,SAD92BA326758C61F6EC7B4B0F8A83D,piping_system,PipingNetworkSystem,,219.001,364.0
C025-W-HO20-P-_E-001-01,S9B30FBB82306EB55FBDECE88E77ACE,piping_segment,PipingNetworkSegment,,219.001,364.0
C025-W-HO20-P-_E-001-01,SCBF44FCBE5C06458B4C6E3445CA0B7,piping_system,PipingNetworkSystem,,622.001,168.0
C025-W-HO20-P-_E-001-01,S84E5E67FE2CB1BF8A880571ADA9177,piping_segment,PipingNetworkSegment,,622.001,168.0
C025-W-HO20-P-_E-002-01,S6250466366A935E3C389656F97C676,nozzle,Nozzle,,0.0,0.0
C025-W-HO20-P-_E-002-01,S69B2517FE0DE4A2CCF72472EBA77DC,equipment,CustomEquipment,,0.0,0.0
C025-W-HO20-P-_E-002-01,S3EEFF4EA0ED7D8576D947B79C9787B,instrument,ProcessInstrumentationFunction,,0.0,0.0
C025-W-HO20-P-_E-002-01,SBCD803F0F39CB3055AE993B5D3A479,piping_component,GlobeValve,,0.0,0.0
C025-W-HO20-P-_E-002-01,S95FB006B7CBAEAB693710AF2415C24,piping_component,GlobeValve,,0.0,0.0
C025-W-HO20-P-_E-002-01,SD790A4B3410A6A6BFD1E46D8750198,piping_component,GlobeValve,,0.0,0.0
C025-W-HO20-P-_E-002-01,S1CEC54FC61268D846CBB4EFDE6BA02,piping_component,GlobeValve,,0.0,0.0
C025-W-HO20-P-_E-002-01,SB97381D975E0EE9364A1FBC067873E,piping_component,GateValve,,0.0,0.0
C025-W-HO20-P-_E-002-01,SD78240DE05D45A85F0B5C68AD90806,piping_component,GateValve,,0.0,0.0
C025-W-HO20-P-_E-002-01,S8A525B2EDF46BCD8EF3962635EB7CF,equipment,Separator,,0.0,0.0
C025-W-HO20-P-_E-002-01,SBBEA39210F44B5A12582BAEC7D0AED,piping_component,CheckValve,,0.0,0.0
C025-W-HO20-P-_E-002-01,SAD5360D1A1D29C495C9470FA4A2D38,actuator,ControlledActuator,,0.0,0.0
C025-W-HO20-P-_E-002-01,SE25036392B93145EEB5B07E0B4B058,piping_component,Strainer,,0.0,0.0
C025-W-HO20-P-_E-002-01,SD482758BB0FA4C907F279188F35F05,piping_component,PipeFitting,,0.0,0.0
C025-W-HO20-P-_E-002-01,SB1A7BAB70C2DD1EC9AC8D2236C89A2,piping_component,PipeFitting,,0.0,0.0
C025-W-HO20-P-_E-002-01,SD03D31B4679FB173D925FF852F1BCB,piping_component,PipeFitting,,0.0,0.0
C025-W-HO20-P-_E-002-01,SF51DB7C6BCF51EBFE38DD699DD216B,piping_component,CheckValve,,0.0,0.0
C025-W-HO20-P-_E-002-01,S23C758DAA44341578A8999DD6BE6BB,piping_component,CheckValve,,0.0,0.0
C025-W-HO20-P-_E-002-01,S483A6B178F3AE892BAAA66EE0C3023,piping_component,BallValve,,0.0,0.0
C025-W-HO20-P-_E-002-01,SCE2444C3FBC265C97EB697FC84AE75,piping_component,GlobeValve,,0.0,0.0
C025-W-HO20-P-_E-002-01,S784C8A0B2A0D91D36D46B2EE506252,instrument,ProcessInstrumentationFunction,,0.0,0.0
C025-W-HO20-P-_E-002-01,SF968ABB28909F66E7365F16733FDA6,instrument,ProcessInstrumentationFunction,,0.0,0.0
C025-W-HO20-P-_E-002-01,SE422C3D5615C1B9EE0FA93EEDBE6C6,piping_component,GateValve,,0.0,0.0
C025-W-HO20-P-_E-002-01,S71639EC29905E05DB84DF2A57246BD,nozzle,Nozzle,,0.0,0.0
C025-W-HO20-P-_E-002-01,SDCE0249CF480FC3CF30DC53EA47594,actuator,ControlledActuator,,0.0,0.0
C025-W-HO20-P-_E-002-01,SFA14E3FF31B49FFE1685D6DCC48410,piping_component,AngleValve,,0.0,0.0
C025-W-HO20-P-_E-002-01,SA4741BF934994997929C73E36CB80B,actuator,ControlledActuator,,0.0,0.0
C025-W-HO20-P-_E-002-01,S98E4BA7B948FC714B83FCE99D6C450,piping_component,CustomPipingComponent,,0.0,0.0
C025-W-HO20-P-_E-002-01,SD8AE226E2994B0C979DCA4415BAD8F,actuator,ControlledActuator,,0.0,0.0
C025-W-HO20-P-_E-002-01,S21A34FCF241A701287B54A6EB1E7D7,piping_component,InLineMixer,,0.0,0.0
C025-W-HO20-P-_E-002-01,S52B11036C414771E863C8005C27460,piping_component,CheckValve,,0.0,0.0
C025-W-HO20-P-_E-002-01,SDEDB1B855F972917742AC0BD80A921,pipe_off_page,FlowInPipeOffPageConnector,,0.0,0.0
C025-W-HO20-P-_E-002-01,SEDFE4E90092BB5756A782BE4D75575,pipe_off_page,FlowOutPipeOffPageConnector,,0.0,0.0
C025-W-HO20-P-_E-002-01,SF5F7E94E784A97F65181BFFDC61A7A,signal_off_page,FlowOutSignalOffPageConnector,,0.0,0.0
C025-W-HO20-P-_E-002-01,S61564F881C401839A2F996D737352E,nozzle,Nozzle,,0.0,0.0
C025-W-HO20-P-_E-002-01,SD2D0C78D7C3AA18AFA4710970EB21A,nozzle,Nozzle,,0.0,0.0
C025-W-HO20-P-_E-002-01,SAB24F27A86273C8A01E5511F3DB76F,piping_component,AngleValve,,0.0,0.0
C025-W-HO20-P-_E-002-01,S56025DD084AEADECF9103FACB52BAB,piping_component,CustomPipingComponent,,0.0,0.0
C025-W-HO20-P-_E-002-01,S9E8B601A5005E581B0D7302F5AE4BD,piping_component,CustomPipingComponent,,0.0,0.0
C025-W-HO20-P-_E-002-01,SF35724977FD0D5083D23504218C9BA,nozzle,Nozzle,,0.0,0.0
C025-W-HO20-P-_E-002-01,S8D3726FD6BC7771FF3D6A975C78409,piping_component,PipeFitting,,0.0,0.0
C025-W-HO20-P-_E-002-01,SBA74CF44C6DB15A25F0F092C94A2C4,piping_component,RestrictionOrifice,,0.0,0.0
C025-W-HO20-P-_E-002-01,SB4D7CC931CCF5492E3E88FA08E24B9,instrument,ProcessInstrumentationFunction,,0.0,0.0
C025-W-HO20-P-_E-002-01,SACB2FB70D11DDC7DCD9F864C255EF0,piping_component,GateValve,,0.0,0.0
C025-W-HO20-P-_E-002-01,SA39988A49944F864E19A2F6F65655C,piping_component,PipeFitting,,0.0,0.0
C025-W-HO20-P-_E-002-01,S562B8A35D3A4D4CBEC43C7395EB916,equipment,Tank,,0.0,0.0
C025-W-HO20-P-_E-002-01,S9DB39EE5863C7C7B1634ACDBDA7E6B,instrument,ProcessInstrumentationFunction,,0.0,0.0
C025-W-HO20-P-_E-002-01,SDEE079FD2A714ECF05183EB10C9E44,piping_component,PipeReducer,,0.0,0.0
C025-W-HO20-P-_E-002-01,S21AC90E4B9F53847FE59F2E79BBE50,piping_component,PipeReducer,,0.0,0.0
C025-W-HO20-P-_E-002-01,SD3BD4E957A3B799CBB8CAB2D0D37C7,piping_component,BallValve,,0.0,0.0
C025-W-HO20-P-_E-002-01,S5D7FE203148A7D2C7B05545A655D12,piping_component,BallValve,,0.0,0.0
C025-W-HO20-P-_E-002-01,S39372BAAA66A8897BEA895703A182E,instrument,ProcessInstrumentationFunction,,0.0,0.0
C025-W-HO20-P-_E-002-01,SB349E5F8599218CDA56EFA5A034CD0,nozzle,Nozzle,,0.0,0.0
C025-W-HO20-P-_E-002-01,SBAD4AA6DAE9CA5DC4445E1332A4BB0,nozzle,Nozzle,,0.0,0.0
C025-W-HO20-P-_E-002-01,S731B70D3DD41C5CEABEEA98CCD15CA,nozzle,Nozzle,,0.0,0.0
C025-W-HO20-P-_E-002-01,SCB3384E3F0ACDFD0EEF5CA36720D56,nozzle,Nozzle,,0.0,0.0
C025-W-HO20-P-_E-002-01,SE6AC0B8BC68F34146D81869977619B,nozzle,Nozzle,,0.0,0.0
C025-W-HO20-P-_E-002-01,S78A1D710A8F1DFE95764D22E23E616,nozzle,Nozzle,,0.0,0.0
C025-W-HO20-P-_E-002-01,S807479CF1A8C8C6D1F4E1CB15055FA,nozzle,Nozzle,,0.0,0.0
C025-W-HO20-P-_E-002-01,SF112E6717EF7B2DD33CE71878258B3,nozzle,Nozzle,,0.0,0.0
C025-W-HO20-P-_E-002-01,S5ED5C2145E3F5BB41B5EF8BD23BD9D,nozzle,Nozzle,,0.0,0.0
C025-W-HO20-P-_E-002-01,SD897198D09B82D7730DCD1F51F1CBA,piping_component,FlangedConnection,,0.0,0.0
C025-W-HO20-P-_E-002-01,S4E736A0556C491D445EDC0CDE1A250,piping_component,Funnel,,0.0,0.0
C025-W-HO20-P-_E-002-01,SE6F03EA51520EEB904F5415C3ECA8C,piping_component,PipeFitting,,0.0,0.0
C025-W-HO20-P-_E-002-01,SB75008D08D988DF0E4B6DE9951F054,piping_component,GateValve,,0.0,0.0
C025-W-HO20-P-_E-002-01,S6EBB3DC4BC2FBC86E212AAF16DD045,piping_component,GateValve,,0.0,0.0
C025-W-HO20-P-_E-002-01,S1287775B31702B5A839966C8B1ED2A,piping_component,Flange,,0.0,0.0
C025-W-HO20-P-_E-002-01,SB58C3E85376E46B2480623BEFD186A,piping_component,PipeTee,,0.0,0.0
C025-W-HO20-P-_E-002-01,S3EEFF4EA0ED7D8576D947B79C9787B1,instrument,ProcessInstrumentationFunction,,0.0,0.0
C025-W-HO20-P-_E-002-01,S3B0378CDECB35CECDE4916D89D965F,instrument_loop,InstrumentationLoopFunction,,313.566,439.557
C025-W-HO20-P-_E-002-01,SAAAEE44EBDCC5C71772B6958D3E521,instrument_loop,InstrumentationLoopFunction,,278.566,439.0
C025-W-HO20-P-_E-002-01,S3F23221F9739C552DD3C47CE437A4D,instrument_loop,InstrumentationLoopFunction,,666.566,355.0
C025-W-HO20-P-_E-002-01,SD3FDEB10662D61FCBB649D19C9B184,instrument_loop,InstrumentationLoopFunction,,480.566,234.0
C025-W-HO20-P-_E-002-01,S80B44511B860EC3B9B0EAD5DA06081,instrument_loop,InstrumentationLoopFunction,,440.566,238.0
C025-W-HO20-P-_E-002-01,S5E4A6CBD9328526707E2C333A6FD8D,instrument_loop,InstrumentationLoopFunction,,567.566,541.0
C025-W-HO20-P-_E-002-01,S4F6888EECB5CDBB4EB1D99F6B069C0,instrument_loop,InstrumentationLoopFunction,,525.566,553.0
C025-W-HO20-P-_E-002-01,SC629263C7373DC2E4ECDEA518EE0EC,instrument_loop,InstrumentationLoopFunction,,488.566,507.0
C025-W-HO20-P-_E-002-01,S14CC57154A80D9BC47C87621BB8070,instrument_loop,InstrumentationLoopFunction,,440.566,515.0
C025-W-HO20-P-_E-002-01,SB8617DCA7C680FB6EBB55951D2C408,instrument_loop,InstrumentationLoopFunction,,218.566,457.0
C025-W-HO20-P-_E-002-01,S147D850D39ADA0734AC5B12B8AC253,instrument_loop,InstrumentationLoopFunction,,160.566,473.0
C025-W-HO20-P-_E-002-01,S6FBB2E863AD067702510DFB94E02E2,instrument_loop,InstrumentationLoopFunction,,510.066,360.0
C025-W-HO20-P-_E-002-01,S945F2838C49E49D2C85716F40161CA,instrument_loop,InstrumentationLoopFunction,,298.566,299.0
C025-W-HO20-P-_E-002-01,S2D8D7D8100DC65C5909A2455DEBA6B,instrument_loop,InstrumentationLoopFunction,,294.475,504.0
C025-W-HO20-P-_E-002-01,S6BEA59C1A6D92827F49D1D9DE876B3,instrument_loop,InstrumentationLoopFunction,,159.0,433.0
C025-W-HO20-P-_E-002-01,SB702446CCB4DD9098B16C1E6B1DA31,instrument_loop,InstrumentationLoopFunction,,558.0,355.0
C025-W-HO20-P-_E-002-01,SACB430992992F4BE225EB69AB736AC,instrument_loop,InstrumentationLoopFunction,,501.5,332.0
C025-W-HO20-P-_E-002-01,S5C813CBBE685912C5955BF8A3394DA,instrument_loop,InstrumentationLoopFunction,,221.0,437.0
C025-W-HO20-P-_E-002-01,SFFCAC5D9B2329674617E9788854295,instrument_loop,InstrumentationLoopFunction,,278.0,299.0
C025-W-HO20-P-_E-002-01,S19EE755C3D103F8613066533380295,instrument_loop,InstrumentationLoopFunction,,281.0,409.0
C025-W-HO20-P-_E-002-01,S8B65A0A6B0F70F175B939B6FADF125,instrument_loop,InstrumentationLoopFunction,,491.0,486.0
C025-W-HO20-P-_E-002-01,SC03A851A46510435E0BB82CDA76E34,instrument_loop,InstrumentationLoopFunction,,570.0,522.0
C025-W-HO20-P-_E-002-01,S4B3A2A97CDF076AD2D578F2B738BAE,instrument_loop,InstrumentationLoopFunction,,483.0,214.0
C025-W-HO20-P-_E-002-01,S64B4EDAAEFFC4D04A6CCF6A34ACAF3,instrument_loop,InstrumentationLoopFunction,,316.0,409.0
C025-W-HO20-P-_E-002-01,S13BCCF14A400DC63F0B3CEAEAAB9BD,instrument_loop,InstrumentationLoopFunction,,643.0,355.0
C025-W-HO20-P-_E-002-01,SF74678F6CEDCE3223199B9FFC72B33,instrument_loop,InstrumentationLoopFunction,,289.0,319.0
C025-W-HO20-P-_E-002-01,S87089372F36775243E5419BE7D3235,instrument_loop,InstrumentationLoopFunction,,259.0,409.0
C025-W-HO20-P-_E-002-01,S17ED28E6BED0F09B1BB677B4AEAABF,instrument_loop,InstrumentationLoopFunction,,167.0,450.0
C025-W-HO20-P-_E-002-01,S863E5D59ED9C66FDAB95B4E1DEB483,instrument_loop,InstrumentationLoopFunction,,299.0,419.0
C025-W-HO20-P-_E-002-01,S9435F47B9D59C5398D772AF82813BA,instrument_loop,InstrumentationLoopFunction,,429.0,495.0
C025-W-HO20-P-_E-002-01,S80F0C66186E9A630B91A91A51D6F9D,instrument_loop,InstrumentationLoopFunction,,431.0,217.0
C025-W-HO20-P-_E-002-01,SEF9E7CF6146E102563A4FB54CDBED5,instrument_loop,InstrumentationLoopFunction,,524.5,332.0
C025-W-HO20-P-_E-002-01,SBAAEA278683DB1E2D796B85B952C29,instrument_loop,InstrumentationLoopFunction,,517.0,535.0
C025-W-HO20-P-_E-002-01,SD41794C83997C07CEF40C86CB2E799,instrument_loop,InstrumentationLoopFunction,,512.5,332.0
C025-W-HO20-P-_E-002-01,S28EDB55CF1596B593206256372BE57,instrument_loop,InstrumentationLoopFunction,,443.0,495.0
C025-W-HO20-P-_E-002-01,SE0C214541F0759A39DE18316CD73C3,instrument_loop,InstrumentationLoopFunction,,281.0,419.0
C025-W-HO20-P-_E-002-01,S642A8E67CF8EC8802134438F4C9503,instrument_loop,InstrumentationLoopFunction,,289.0,299.0
C025-W-HO20-P-_E-002-01,S25480F970FF3B817E830D5C95F2947,instrument_loop,InstrumentationLoopFunction,,443.0,217.0
C025-W-HO20-P-_E-002-01,S69854F559F5DD39E1594075705656A,instrument_loop,InstrumentationLoopFunction,,528.0,535.0
C025-W-HO20-P-_E-002-01,SC204F5DBE02453FCF30A6326F1E81E,actuating_system,ActuatingSystem,,550.0,505.0
C025-W-HO20-P-_E-002-01,SA2FFBB98C0FBA73CCED3A5E7D08C7E,actuator,ControlledActuator,,550.0,505.0
C025-W-HO20-P-_E-002-01,SA695E90A86CA20B87618F9D89A3AD2,actuator,OperatedValveReference,,550.0,505.0
C025-W-HO20-P-_E-002-01,SC4E31F76B79CCA6AC0F789BE76828D,actuating_system,ActuatingSystem,,200.0,473.0
C025-W-HO20-P-_E-002-01,S4E8EDEF3E4D76A9FD0B3E407897B68,actuator,ControlledActuator,,200.0,473.0
C025-W-HO20-P-_E-002-01,S1C32E7D07D59E91400BF1686EF3662,actuator,OperatedValveReference,,200.0,473.0
C025-W-HO20-P-_E-002-01,SC040F671E670D760DE060F2BF62CD8,actuating_system,ActuatingSystem,,200.0,450.0
C025-W-HO20-P-_E-002-01,S6EA67798C69CBF417003FD992914DF,actuator,ControlledActuator,,200.0,450.0
C025-W-HO20-P-_E-002-01,S90A8864793DDA438CCA1F7C8031560,actuator,OperatedValveReference,,200.0,450.0
C025-W-HO20-P-_E-002-01,S97799801313C7C3900F1C6BA420733,actuating_system,ActuatingSystem,,468.0,464.0
C025-W-HO20-P-_E-002-01,SFA213ED11D32CE2A5B7A244AAD6801,actuator,ControlledActuator,,468.0,464.0
C025-W-HO20-P-_E-002-01,S2EF446FCAFD8D4AC3DA2BF1FD335F2,actuator,OperatedValveReference,,468.0,464.0
C025-W-HO20-P-_E-002-01,S74E8FF92697AB8560F1CA1505E9862,actuating_system,ActuatingSystem,,463.0,193.0
C025-W-HO20-P-_E-002-01,SC2C6F28D12ADAF780CE3655AB27721,actuator,ControlledActuator,,463.0,193.0
C025-W-HO20-P-_E-002-01,S45656AB2EFA8DED9123209EDF65C77,actuator,OperatedValveReference,,463.0,193.0
C025-W-HO20-P-_E-002-01,SD1D2C1C76373F3994EA4EB5B9B8108,actuating_system,ActuatingSystem,,200.0,416.0
C025-W-HO20-P-_E-002-01,SC7BE6F1B058C950309CBAA98F79A4E,actuator,ControlledActuator,,200.0,416.0
C025-W-HO20-P-_E-002-01,S2FD6A28F8E4578675C9836502BF227,actuator,OperatedValveReference,,200.0,416.0
C025-W-HO20-P-_E-002-01,S1425D58DE78F68B16FE065D24B186D,actuating_system,ActuatingSystem,,468.0,495.0
C025-W-HO20-P-_E-002-01,S45AF4763DE4BB4C22893A676A0F0A4,actuator,ControlledActuator,,468.0,495.0
C025-W-HO20-P-_E-002-01,S453D6FEBF59FF5F39894115F1D183D,actuator,OperatedValveReference,,468.0,495.0
C025-W-HO20-P-_E-002-01,SEE71732833AD114E927020C1952DB9,actuating_system,ActuatingSystem,,463.0,217.0
C025-W-HO20-P-_E-002-01,S56773D8DF589392AD4E6BFD6D6EF9B,actuator,ControlledActuator,,463.0,217.0
C025-W-HO20-P-_E-002-01,S9C048772EFDC2E2CFE387D67FA2F3B,actuator,OperatedValveReference,,463.0,217.0
C025-W-HO20-P-_E-002-01,SA1A08F7A42492FCF0AF7B0A3F70E2D,actuating_system,ActuatingSystem,,550.0,535.0
C025-W-HO20-P-_E-002-01,S6C61985048AE4BFC59FF60D74036EF,actuator,ControlledActuator,,550.0,535.0
C025-W-HO20-P-_E-002-01,SFBCE1460BFC294A34D6F55FF2819AF,actuator,OperatedValveReference,,550.0,535.0
C025-W-HO20-P-_E-002-01,S7DBE0627B1046F2CAD41EFDFDA55CB,piping_system,PipingNetworkSystem,,465.124,131.375
C025-W-HO20-P-_E-002-01,SD06B8038C45ADB301414FFF498CD0D,piping_segment,PipingNetworkSegment,"2""-DO-562035-AT900-0",439.0,94.023
C025-W-HO20-P-_E-002-01,S23B41ED5FF314A5046B25A1346E4F9,piping_component,GateValve,57-2004DC,439.0,104.0
C025-W-HO20-P-_E-002-01,SAEBA3C390468461F606246E5998CA0,piping_component,PipeFitting,,439.0,99.0
C025-W-HO20-P-_E-002-01,SA93618579ECFEF79DA19CFCC252FE8,piping_component,Funnel,,439.0,89.0
C025-W-HO20-P-_E-002-01,SD74F70F47DD3675F8B42763B263223,piping_component,PipeTee,,439.0,76.045
C025-W-HO20-P-_E-002-01,S567488952B48EC0006339F3F9E3929,piping_segment,PipingNetworkSegment,"2""-DO-562035-AT900-0",355.75,95.25
C025-W-HO20-P-_E-002-01,S7E0B6CDDD30C83EBE09C014A7A9897,piping_component,FlangedConnection,,328.0,108.5
C025-W-HO20-P-_E-002-01,SC3CD3AB34D2C07791414CE69E0D55B,piping_component,Funnel,,328.0,102.0
C025-W-HO20-P-_E-002-01,S514EFDEF652CD9E904EDB2330099E0,piping_segment,PipingNetworkSegment,"2""-DO-562035-AT900-0",602.25,76.0
C025-W-HO20-P-_E-002-01,SD61C1CB671A11306ACCD33AE9E95C6,pipe_off_page,FlowOutPipeOffPageConnector,,665.0,76.0
C025-W-HO20-P-_E-002-01,SFB44DB9EA3A25898E643E9CC30541F,piping_segment,PipingNetworkSegment,"2""-DO-562035-AT900-0",327.999,186.749
C025-W-HO20-P-_E-002-01,S54BB78C7C6B7AAB804D3F754D8D483,piping_component,FlangedConnection,,328.0,257.5
C025-W-HO20-P-_E-002-01,SF4A39740B2DF2EBEAFF08D2C57544F,piping_component,GateValve,57-2003DC,328.0,229.0
C025-W-HO20-P-_E-002-01,S9DAC4D01566F246417CB11C2529091,piping_component,PipeFitting,,328.0,224.0
C025-W-HO20-P-_E-002-01,SEDD4BF083133347D500689626E78B5,piping_component,PipeTee,,327.997,115.999
C025-W-HO20-P-_E-002-01,S177A5F13EBFB49ED10D613AC0FBD4A,piping_system,PipingNetworkSystem,,499.499,243.499
C025-W-HO20-P-_E-002-01,SC0262B7BD9F5CF496E81A4EF916CB6,piping_segment,PipingNetworkSegment,"2""-DC-572009-ED200-4",546.5,235.0
C025-W-HO20-P-_E-002-01,S94B29EF90E7E0B367961FAB7CAEAB4,piping_segment,PipingNetworkSegment,"2""-DC-572009-ED200-4",599.75,371.0
C025-W-HO20-P-_E-002-01,S71E25E80091EF9C5F647728D922CDF,piping_component,GateValve,20-2028PL,618.0,389.0
C025-W-HO20-P-_E-002-01,SBD2E238465228A3A32CB4E8113F289,piping_component,CustomPipingComponent,,614.5,371.0
C025-W-HO20-P-_E-002-01,SBC50C7C805F81807C8786C4A757AC4,piping_segment,PipingNetworkSegment,"2""-DC-572009-ED200-4",570.0,283.523
C025-W-HO20-P-_E-002-01,SBD644083E1665CCD89BEDA38B75AFD,piping_component,GateValve,20-2016PL,573.0,332.0
C025-W-HO20-P-_E-002-01,SD059641864B054769A2B4DEE7E9F09,piping_component,PipeTee,,558.0,332.0
C025-W-HO20-P-_E-002-01,SA391129275A664A148EDE0F69C2483,piping_component,GateValve,20-2001PL,558.0,265.0
C025-W-HO20-P-_E-002-01,S2C83099C0D4CD156762482DD5AB5AC,piping_component,PipeFitting,,558.0,260.0
C025-W-HO20-P-_E-002-01,SDA2DF2FE9A1D67B21687F68111B8DE,piping_component,PipeTee,,558.0,235.045
C025-W-HO20-P-_E-002-01,SABF5046E6C8BC3899A35F46F821551,piping_segment,PipingNetworkSegment,"2""-DC-572009-ED200-4",526.0,302.0
C025-W-HO20-P-_E-002-01,SA5835E75C5A76501B7F6A17D7308F1,piping_component,PipeTee,,523.0,302.0
C025-W-HO20-P-_E-002-01,S11F241964AB3039733A0E33A199F0D,piping_segment,PipingNetworkSegment,"2""-DC-572009-ED200-4",537.5,302.0
C025-W-HO20-P-_E-002-01,SE584D9AEA9F4EB629BE0A5BCA39893,piping_component,PipeTee,,535.0,302.0
C025-W-HO20-P-_E-002-01,S4A434D52A1928557C9E45807A9D349,piping_segment,PipingNetworkSegment,"2""-DC-572009-ED200-4",585.25,235.0
C025-W-HO20-P-_E-002-01,SE2E0AE10C3283D7C587F9611F949D5,piping_component,FlangedConnection,,586.5,235.0
C025-W-HO20-P-_E-002-01,SEF6B98C7928AC9E42A82BCF3EB6E5C,piping_segment,PipingNetworkSegment,"2""-DC-572009-ED200-4",535.0,237.295
C025-W-HO20-P-_E-002-01,SB22BBC4E59784D357DE2BC1717C086,piping_component,PipeTee,,535.0,235.045
C025-W-HO20-P-_E-002-01,S4A428D4566E18DAD33E9BA77049D82,piping_segment,PipingNetworkSegment,"2""-DC-572009-ED200-4",582.0,255.523
C025-W-HO20-P-_E-002-01,S44022ACDB1F51B926565D19B00CB1E,piping_component,GateValve,20-2006PL,582.0,265.0
C025-W-HO20-P-_E-002-01,S3EA4E07B53788D8A92D198288AD6F4,piping_component,PipeFitting,,582.0,260.0
C025-W-HO20-P-_E-002-01,S6F9CBA7C99F6D3A7F9AEAFF6F61BE3,piping_component,PipeTee,,582.0,235.045
C025-W-HO20-P-_E-002-01,S834A1C3D5EBE3B3DB3EE2ED5C25EF0,piping_segment,PipingNetworkSegment,"2""-DC-572009-ED200-4",570.0,235.0
C025-W-HO20-P-_E-002-01,S93B4CCA68D74C01B60B5F659C36BA4,piping_segment,PipingNetworkSegment,"2""-DC-572009-ED200-4",494.0,351.75
C025-W-HO20-P-_E-002-01,S39A2FE04EDF17E8BF96FBCCFB5B675,piping_component,GateValve,20-2025PL,479.0,364.0
C025-W-HO20-P-_E-002-01,S1E7D3ECE19F482D9DA56BC866991BA,piping_segment,PipingNetworkSegment,"2""-DC-572009-ED200-4",460.0,313.0
C025-W-HO20-P-_E-002-01,SF72ED4CAD01701DD9DEDA67E5058F1,piping_component,FlangedConnection,,444.5,313.0
C025-W-HO20-P-_E-002-01,S6A71F25FC2D17C4807C9F3EFC270C8,piping_component,GateValve,20-2014PL,455.0,313.0
C025-W-HO20-P-_E-002-01,S7506773FA87358ADD33ABA4DCCAA56,piping_component,CustomPipingComponent,,475.5,313.0
C025-W-HO20-P-_E-002-01,S52D23D9B8273CD0AB17BA6B7DF5BF3,piping_segment,PipingNetworkSegment,"4""-DC-572009-ED200-4",382.749,116.022
C025-W-HO20-P-_E-002-01,SD0752B47AE80BF8A93E2B5B09C52B3,piping_component,PipeTee,,401.0,116.045
C025-W-HO20-P-_E-002-01,S86C2C715E9CBDB24A025EFCD0277DE,piping_segment,PipingNetworkSegment,"2""-DC-572009-ED200-4",534.997,265.75
C025-W-HO20-P-_E-002-01,SEF19D12B5644CC111F0A9F6331E734,piping_component,GateValve,20-2031PL,535.0,265.0
C025-W-HO20-P-_E-002-01,S792645E6D306FA603CE8E5829D54EE,piping_component,PipeFitting,,535.0,260.0
C025-W-HO20-P-_E-002-01,S7FBEB3BAB02AA4FF4B8D1A9285B52E,piping_component,PipeReducer,,534.994,246.0
C025-W-HO20-P-_E-002-01,SA2533BFEF7A29F63C6611399A2D40A,piping_segment,PipingNetworkSegment,"2""-DC-572009-ED200-4",581.5,316.75
C025-W-HO20-P-_E-002-01,SB7F31271BA28B35DC36759F8315F98,piping_component,GateValve,20-2030PL,618.0,322.0
C025-W-HO20-P-_E-002-01,S279FA1807FB59A284C131D60EAA550,piping_component,PipeTee,,545.0,302.0
C025-W-HO20-P-_E-002-01,SD1720E9F8248080B3D2B16094C7CB4,piping_segment,PipingNetworkSegment,"2""-DC-572009-ED200-4",616.25,351.75
C025-W-HO20-P-_E-002-01,S18453C2D55E18DDD0265545301402B,piping_component,GateValve,20-2029PL,618.0,356.0
C025-W-HO20-P-_E-002-01,SD5B483CA929276921964935B529168,piping_component,CustomPipingComponent,,614.5,339.0
C025-W-HO20-P-_E-002-01,SBCD7C888A03CC6A568DAE9ECF1F579,piping_segment,PipingNetworkSegment,"2""-DC-572009-ED200-4",477.25,334.25
C025-W-HO20-P-_E-002-01,S9E934A25C00844206F5B98CC8AC617,piping_component,GateValve,20-2026PL,479.0,332.0
C025-W-HO20-P-_E-002-01,SA65C2680DCEFE0AB134C7D71530484,piping_component,CustomPipingComponent,,475.5,347.0
C025-W-HO20-P-_E-002-01,S15D4576B8D656871B07F8C2575F464,piping_segment,PipingNetworkSegment,"2""-DC-572009-ED200-4",449.5,176.5
C025-W-HO20-P-_E-002-01,S24FBD0B73A4310ABCDC96E288F02D5,piping_segment,PipingNetworkSegment,"4""-DC-572009-ED200-4",421.25,115.999
C025-W-HO20-P-_E-002-01,S6F6C9ABE93E9A8F92BBC34C582445A,piping_component,PipeTee,,428.0,115.999
C025-W-HO20-P-_E-002-01,S2F34EE5FB4416448C26600A208B0C5,piping_segment,PipingNetworkSegment,"2""-DC-572009-ED200-4",505.0,304.25
C025-W-HO20-P-_E-002-01,SD2E4E49CC214E75891B37EA16CCE55,piping_component,GateValve,20-2027PL,509.0,302.0
C025-W-HO20-P-_E-002-01,S39843C8F669B25573C6E8AFA71677C,piping_segment,PipingNetworkSegment,"2""-DC-572009-ED200-4",454.25,347.0
C025-W-HO20-P-_E-002-01,S49D4C5DC583EA612BAFBC4C31AAA23,piping_component,GateValve,20-2013PL,455.0,347.0
C025-W-HO20-P-_E-002-01,S48C0C247AF62CF7D318E585CCFB6DF,piping_component,FlangedConnection,,440.0,347.0
C025-W-HO20-P-_E-002-01,S98CCA6BB6D535B91E7943053750C8B,piping_segment,PipingNetworkSegment,"4""-DC-572009-ED200-4",471.5,115.999
C025-W-HO20-P-_E-002-01,S91D9212F554CAA7356730EB7DEC948,piping_segment,PipingNetworkSegment,"4""-DC-572009-ED200-4",436.25,115.999
C025-W-HO20-P-_E-002-01,S5FB00CDAD19B6A4B5E738B21E2E237,piping_component,PipeTee,,439.0,115.999
C025-W-HO20-P-_E-002-01,S949F2AE11781E946BAB1EE09A18086,piping_system,PipingNetworkSystem,,552.625,350.125
C025-W-HO20-P-_E-002-01,S33405539BA328033C08B3D4C807464,piping_segment,PipingNetworkSegment,"2""-PL-202006-ED200-3",587.0,426.25
C025-W-HO20-P-_E-002-01,SCD3B62633C6FCBCD4E30B656D2CB6B,piping_component,FlangedConnection,,587.0,433.5
C025-W-HO20-P-_E-002-01,S20913B61DF0DD635DAAF6BCF6F4314,piping_component,GateValve,20-2005PL,587.0,429.0
C025-W-HO20-P-_E-002-01,SAFEF888121FD0D05B61C7A3976DB50,piping_component,PipeTee,,587.0,419.0
C025-W-HO20-P-_E-002-01,S331D0F45EC626D530E792E330D9D2C,piping_segment,PipingNetworkSegment,"2""-PL-202006-ED200-3",587.0,333.75
C025-W-HO20-P-_E-002-01,S60467291EA432E16CE46548E3116E5,piping_component,PipeTee,,587.0,332.0
C025-W-HO20-P-_E-002-01,SD1FAB0426CE88DD629960463AAFFB0,piping_segment,PipingNetworkSegment,"2""-PL-202006-ED200-3",570.0,388.25
C025-W-HO20-P-_E-002-01,SC3FCD82B20596BF88A2D0BEB399368,piping_component,GateValve,20-2015PL,573.0,379.0
C025-W-HO20-P-_E-002-01,S5A55148CF722939D31B321AA264F99,piping_component,PipeTee,,558.0,379.0
C025-W-HO20-P-_E-002-01,SDBD305DDDFE29C00617E3E1A9A2087,piping_component,GateValve,20-2000PL,558.0,393.0
C025-W-HO20-P-_E-002-01,S2C9CEE6775B8798752DE072F9D551F,piping_component,FlangedConnection,,558.0,397.5
C025-W-HO20-P-_E-002-01,S3129FC3FAF6B327A16A200601DF58B,piping_segment,PipingNetworkSegment,"2""-PL-202006-ED200-3",587.0,373.0
C025-W-HO20-P-_E-002-01,S243469A32632B5FAAD18E48E8F056A,piping_component,PipeTee,,587.0,371.0
C025-W-HO20-P-_E-002-01,S3878DBB12B94C91FA2E376C48E9149,piping_segment,PipingNetworkSegment,"2""-PL-202006-ED200-3",598.875,339.0
C025-W-HO20-P-_E-002-01,SC3C11C79DB95EBC1B2A79338A6BB43,piping_component,GateValve,20-2018PL,600.5,339.0
C025-W-HO20-P-_E-002-01,S5A79FC9B3C6C03D8307AED2BB174D3,piping_component,PipeTee,,587.0,339.0
C025-W-HO20-P-_E-002-01,S136BEC8A95E2012A3B45D85DFDDF9E,piping_segment,PipingNetworkSegment,"2""-PL-202006-ED200-3",478.75,388.5
C025-W-HO20-P-_E-002-01,S56EEC039ECF9A82509963ED1F612F5,piping_component,GateValve,20-2011PL,455.0,419.0
C025-W-HO20-P-_E-002-01,S8F689F8364D3D7C5B9375AF1F3098A,piping_component,FlangedConnection,,434.5,358.0
C025-W-HO20-P-_E-002-01,SA19AAECE5DD76367B4126CAF392C78,piping_segment,PipingNetworkSegment,"2""-PL-202006-ED200-3",587.0,415.25
C025-W-HO20-P-_E-002-01,S62597145AD6F62F47D5E3D6845FC14,piping_component,PipeTee,,587.0,414.0
C025-W-HO20-P-_E-002-01,SD2DCA4F74EED28858CAA6BF418C2DB,piping_segment,PipingNetworkSegment,"2""-PL-202006-ED200-3",583.25,295.25
C025-W-HO20-P-_E-002-01,S5F028E3878FC6462AD9D035E8644AC,piping_component,PipeTee,,582.0,283.0
C025-W-HO20-P-_E-002-01,S1F10CCC2433DB8BC95DE38E9666F55,piping_segment,PipingNetworkSegment,"2""-PL-202006-ED200-3",474.25,274.0
C025-W-HO20-P-_E-002-01,SCDDAA6C6070BDBE77B6A73689B5734,piping_component,GateValve,20-2012PL,448.0,271.0
C025-W-HO20-P-_E-002-01,SCB3AFBCF2101EBCBDDEA2A9B43766B,piping_component,FlangedConnection,,431.5,271.0
C025-W-HO20-P-_E-002-01,S97B19158A81CD02C140CD0B6314B42,piping_segment,PipingNetworkSegment,"2""-PL-202006-ED200-3",631.0,414.0
C025-W-HO20-P-_E-002-01,SE963108D318BCFD1BA9DFE80C00DC3,piping_component,PipeFitting,,655.0,414.0
C025-W-HO20-P-_E-002-01,S82383EDD9CFD51FC12DCD361557A28,piping_component,Flange,,654.0,414.0
C025-W-HO20-P-_E-002-01,SBCA678238592DB54CACF39263F839F,piping_component,CheckValve,20-2021PL,649.0,414.0
C025-W-HO20-P-_E-002-01,SC1EE5D98BDFA15E53F5883E70B72C2,piping_component,BallValve,20-2009PL,640.0,414.0
C025-W-HO20-P-_E-002-01,S37D698B097D6E00190866F7DB37729,piping_component,GlobeValve,20-2008PL,631.0,414.0
C025-W-HO20-P-_E-002-01,SDFA84A37B3FDD6FA2C38DAA53EA5B9,piping_segment,PipingNetworkSegment,"2""-PL-202006-ED200-3",601.25,371.0
C025-W-HO20-P-_E-002-01,S1A68F525CB408F3ABA60F25F639580,piping_component,GateValve,20-2017PL,600.5,371.0
C025-W-HO20-P-_E-002-01,SBFBA26C624709B5F5D8CE3F25ABE29,piping_segment,PipingNetworkSegment,"2""-PL-202006-ED200-3",587.0,355.0
C025-W-HO20-P-_E-002-01,S5A3BE5F02A8AE930757A1D1106FF44,piping_segment,PipingNetworkSegment,"2""-PL-202006-ED200-3",587.0,387.75
C025-W-HO20-P-_E-002-01,SBF4792195AD463315BA2ED1B13353E,piping_component,PipeTee,,587.0,379.0
C025-W-HO20-P-_E-002-01,S9D8BBD2DD45EC91B41A3BA22CB105B,piping_system,PipingNetworkSystem,,510.0,107.5
C025-W-HO20-P-_E-002-01,SA4BF15E3912FF119805A5FAAA68A5F,piping_segment,PipingNetworkSegment,"4""-DC-572009-ED200-4",510.0,107.5
C025-W-HO20-P-_E-002-01,S2A5CD16285710D5BD98E6A5DEF90C9,piping_component,GateValve,57-2005DC,508.0,116.0
C025-W-HO20-P-_E-002-01,SFB3B7EEC393343B94B04826B4C9D1C,piping_system,PipingNetworkSystem,,510.79,207.75
C025-W-HO20-P-_E-002-01,S43F98A041DCD7D52D4DA0522F4F81A,piping_segment,PipingNetworkSegment,"6""-PL-202001-ED200-4",563.809,203.25
C025-W-HO20-P-_E-002-01,SD5C63665046B9C29F608626BB5885F,piping_component,FlangedConnection,,563.809,209.5
C025-W-HO20-P-_E-002-01,S7120702C3750DA6BBC9BC38E081B90,piping_component,GlobeValve,20-2071PL,563.809,205.0
C025-W-HO20-P-_E-002-01,SA4E3FD2FCE7E275E0CF969C72C0968,piping_segment,PipingNetworkSegment,"6""-PL-202001-ED200-4",428.0,161.5
C025-W-HO20-P-_E-002-01,SDE8D3E747EABFC6F65EE328A6FF251,piping_component,PipeFitting,,428.0,145.0
C025-W-HO20-P-_E-002-01,S6464FB015D9702BE40C0EBE6A969EB,piping_component,GateValve,57-2016DC,428.0,150.0
C025-W-HO20-P-_E-002-01,SEC97203908C6B3D7447D14B4067465,piping_component,PipeTee,,428.0,193.0
C025-W-HO20-P-_E-002-01,S837BFFF333C77D6EE4139AD534547B,piping_segment,PipingNetworkSegment,"6""-PL-202001-ED200-4",553.573,182.75
C025-W-HO20-P-_E-002-01,S18A00F14D71FB575C8115647A86D26,piping_component,FlangedConnection,,553.573,176.5
C025-W-HO20-P-_E-002-01,SFC7175DB5B02CE2787A769641A4E16,piping_component,GlobeValve,20-2070PL,553.573,181.0
C025-W-HO20-P-_E-002-01,S26EC98AEB8DD58360FE6659CB3C2C2,piping_segment,PipingNetworkSegment,"6""-PL-202001-ED200-4",388.128,254.0
C025-W-HO20-P-_E-002-01,S924E999FDDCDC5025CF4B808BD76C1,piping_component,PipeFitting,,386.25,257.0
C025-W-HO20-P-_E-002-01,SE94CAEDE888F9F856F391523691326,piping_component,PipeReducer,,390.006,251.0
C025-W-HO20-P-_E-002-01,S750E0659176075995CF16EE976EFED,piping_segment,PipingNetworkSegment,"6""-PL-202001-ED200-4",498.537,193.0
C025-W-HO20-P-_E-002-01,S4A324A703580DED10AE715013ECDAD,piping_component,GateValve,20-XV2015,463.0,193.0
C025-W-HO20-P-_E-002-01,S732CDB88BD37AC0EABA3717AE21D46,piping_component,PipeTee,,553.573,193.0
C025-W-HO20-P-_E-002-01,S6BB7CB88A754F9D309D1B75B1C9F84,piping_segment,PipingNetworkSegment,"6""-PL-202001-ED200-4",409.0,215.0
C025-W-HO20-P-_E-002-01,S2E7D0E2223A7735EE373D870BC222F,piping_segment,PipingNetworkSegment,"6""-PL-202001-ED200-4",390.0,244.0
C025-W-HO20-P-_E-002-01,S3504634201A133AF0E27060E6C7625,piping_component,CustomPipingComponent,,390.0,241.0
C025-W-HO20-P-_E-002-01,SCB4A1F428DE047A8EBD74ECB595DB2,piping_segment,PipingNetworkSegment,"6""-PL-202001-ED200-4",561.25,193.0
C025-W-HO20-P-_E-002-01,S1D51F34DA3635D1BA573512292E74F,piping_component,PipeTee,,563.809,193.0
C025-W-HO20-P-_E-002-01,SD058A69223FAC1C62803ADA5135211,piping_segment,PipingNetworkSegment,"6""-PL-202001-ED200-4",405.75,241.0
C025-W-HO20-P-_E-002-01,S8FC65AE0B2850094C1982308AD9760,piping_component,GateValve,20-2024PL,406.0,241.0
C025-W-HO20-P-_E-002-01,SC9990A2D205675150C9ADDD20BC89A,piping_component,FlangedConnection,,413.5,241.0
C025-W-HO20-P-_E-002-01,SE8177A2E358F06489B2148023176EF,piping_segment,PipingNetworkSegment,"6""-PL-202001-ED200-4",633.452,193.0
C025-W-HO20-P-_E-002-01,S851A69F86C37A1BEE5F89C2405F4DF,pipe_off_page,FlowOutPipeOffPageConnector,,665.0,193.0
C025-W-HO20-P-_E-002-01,SA48A4E6155F0E7E7038190DCE88D78,piping_system,PipingNetworkSystem,,620.5,116.0
C025-W-HO20-P-_E-002-01,SB119F96EF0C035587A78B3C47DB484,piping_segment,PipingNetworkSegment,"4""-DC-572053-ES200-4",620.5,116.0
C025-W-HO20-P-_E-002-01,S6DD3B93608BE75697077DC4759B3B9,pipe_off_page,FlowOutPipeOffPageConnector,,665.0,116.0
C025-W-HO20-P-_E-002-01,S47C369A903C16821C0CC0C2307849A,piping_system,PipingNetworkSystem,,223.25,440.864
C025-W-HO20-P-_E-002-01,S48CB3C74A6125A683B45F6CDCF4A58,piping_segment,PipingNetworkSegment,"3""-VF-202002-ED200-4",208.5,499.477
C025-W-HO20-P-_E-002-01,S623DC13FE01BE9DD94B692D6B1A5D3,piping_component,BallValve,20-2009VF,200.0,514.0
C025-W-HO20-P-_E-002-01,SC54CED125925D05CF444BD4ECDF4F4,piping_segment,PipingNetworkSegment,"3""-VF-202002-ED200-4",238.0,402.977
C025-W-HO20-P-_E-002-01,SDC3CECC38520652B5C4EE28F042DFB,piping_component,FlangedConnection,,238.0,393.5
C025-W-HO20-P-_E-002-01,S985C1B0C9083915B30FAEB467152C6,piping_component,PipeTee,,238.0,415.955
C025-W-HO20-P-_E-002-01,S56D8C7B5E323EE4EE8C2E2A04ADB50,piping_segment,PipingNetworkSegment,"3""-VF-202002-ED200-4",208.5,409.5
C025-W-HO20-P-_E-002-01,SA1E82A716A15D6AFDFF522AC90C27E,piping_component,BallValve,20-ESV2007,200.0,416.0
C025-W-HO20-P-_E-002-01,S694145A5CFB9446F967C980FE825BF,piping_segment,PipingNetworkSegment,"3""-VF-202002-ED200-4",237.997,382.25
C025-W-HO20-P-_E-002-01,S787C2D1C9540AEF01DCD3BC6483943,piping_component,PipeReducer,,237.994,385.0
C025-W-HO20-P-_E-002-01,S761AF0AAD985D8CE03AA26FAF2E81F,piping_system,PipingNetworkSystem,,76.375,416.0
C025-W-HO20-P-_E-002-01,S7C627D96804F9CF8256737DBFE6F15,piping_segment,PipingNetworkSegment,"14""-VF-432013-AS200-7",76.375,416.0
C025-W-HO20-P-_E-002-01,S2214CA1E39896F1DBC41100F73F2C8,pipe_off_page,FlowOutPipeOffPageConnector,,58.0,416.0
C025-W-HO20-P-_E-002-01,SFB96C10D3CAF9CF0236D89F23E41AB,piping_system,PipingNetworkSystem,,138.563,411.761
C025-W-HO20-P-_E-002-01,S741E7363655CA65EC11CB1098D378F,piping_segment,PipingNetworkSegment,"14""-VF-202007-ES200-7",127.75,416.023
C025-W-HO20-P-_E-002-01,S1A15D817B03EF2F6BDE56BF897907A,piping_component,PipeTee,,125.0,416.045
C025-W-HO20-P-_E-002-01,S973D205AE5161AB3DEB679D4D0ECB9,piping_segment,PipingNetworkSegment,"14""-VF-202007-ES200-7",136.0,407.5
C025-W-HO20-P-_E-002-01,S7811C75DD37D38E5D7468CC61A9759,piping_component,Flange,,136.0,399.0
C025-W-HO20-P-_E-002-01,SE736FF7BD560481D9DBCDAA598A97D,piping_component,GlobeValve,20-2001VF,136.0,404.0
C025-W-HO20-P-_E-002-01,S5E5F1AC63F6AF43FBC1C8555FACDDD,piping_component,PipeTee,,136.0,416.0
C025-W-HO20-P-_E-002-01,S6588FCA19B4AF01D70C74FD0ADAC0D,piping_segment,PipingNetworkSegment,"14""-VF-202007-ES200-7",113.125,409.5
C025-W-HO20-P-_E-002-01,SE616174FC899B82FEDC3C3D4A6C48B,piping_component,BallValve,20-2000VF,110.5,416.0
C025-W-HO20-P-_E-002-01,S29DE39700B498A4A3481E959063344,piping_segment,PipingNetworkSegment,"14""-VF-202007-ES200-7",142.0,416.0
C025-W-HO20-P-_E-002-01,SF1D76C3A4A8A172123922F6BCE3FB9,piping_segment,PipingNetworkSegment,"14""-VF-202007-ES200-7",164.0,416.003
C025-W-HO20-P-_E-002-01,SB939395DBECB1925F08AA087E0A73F,piping_component,RestrictionOrifice,,159.0,416.0
C025-W-HO20-P-_E-002-01,S29663DBEF8916FE80245C56C9E45E1,piping_component,PipeReducer,,150.0,416.006
C025-W-HO20-P-_E-002-01,SAB4691E01B33A7B451803802371058,piping_system,PipingNetworkSystem,,166.75,490.0
C025-W-HO20-P-_E-002-01,S31705D53047A633FA7B234636C8A84,piping_segment,PipingNetworkSegment,"3""-VF-202008-ES200-3",190.0,514.0
C025-W-HO20-P-_E-002-01,SAE061B73664223588FBA636F9310D8,piping_segment,PipingNetworkSegment,"3""-VF-202008-ES200-3",184.0,505.5
C025-W-HO20-P-_E-002-01,S3468E14A6313F1C954640F0831BAFA,piping_component,Flange,,184.0,497.0
C025-W-HO20-P-_E-002-01,S492879214D19E0906805059DAACFD4,piping_component,GlobeValve,20-2008VF,184.0,502.0
C025-W-HO20-P-_E-002-01,S51303A3429E8C01B97CB4B7BAF8E56,piping_component,PipeTee,,184.0,514.0
C025-W-HO20-P-_E-002-01,SF94F29985B13DCE8084D8E863789EA,piping_segment,PipingNetworkSegment,"3""-VF-202008-ES200-3",143.5,466.0
C025-W-HO20-P-_E-002-01,S9B78CFDC5FAF3B7CAAF1A5F3FAC1EC,piping_component,GlobeValve,20-2007VF,136.0,514.0
C025-W-HO20-P-_E-002-01,SE0108C4AD071C020F5774315075222,piping_system,PipingNetworkSystem,,394.0,387.0
C025-W-HO20-P-_E-002-01,S2B60EEE3B0FCE24350E3E840D8C773,piping_segment,PipingNetworkSegment,,394.0,387.0
C025-W-HO20-P-_E-002-01,SFD2D87294EDA6F0EF33C8A3972CDB7,piping_component,FlangedConnection,,394.0,393.5
C025-W-HO20-P-_E-002-01,SE6A267030881C9F6C4575F8B3DC0FD,piping_component,GateValve,20-2013VF,394.0,389.0
C025-W-HO20-P-_E-002-01,SC320B3BC4E438A98AE454B676820A4,piping_system,PipingNetworkSystem,,281.0,384.75
C025-W-HO20-P-_E-002-01,S868F9558EE8E14CA85EC6D32AB0D01,piping_segment,PipingNetworkSegment,,281.0,384.75
C025-W-HO20-P-_E-002-01,SF5B6BE4A79A3AF20CD8CD548732473,piping_component,GateValve,20-2011VF,281.0,389.0
C025-W-HO20-P-_E-002-01,SDC019F168AF924A6FD3D24B6E1041E,piping_system,PipingNetworkSystem,,361.25,502.5
C025-W-HO20-P-_E-002-01,S5DDCE2BC149B3FDF031EB78EDD586A,piping_segment,PipingNetworkSegment,"6""-VF-202005-ED200-4",361.25,502.5
C025-W-HO20-P-_E-002-01,S9DBDD91C4705A0070DF5F7B73537AB,pipe_off_page,FlowOutPipeOffPageConnector,,363.0,553.0
C025-W-HO20-P-_E-002-01,SEEB9881E5FE4C5A29C307B5F852D6C,piping_system,PipingNetworkSystem,,396.75,502.5
C025-W-HO20-P-_E-002-01,S6A51364F301E1683B8E2ADA7C4FE3F,piping_segment,PipingNetworkSegment,"6""-VF-202006-ED200-4",396.75,502.5
C025-W-HO20-P-_E-002-01,S965F46B99EA2F9C1AA707A27FF61A9,pipe_off_page,FlowOutPipeOffPageConnector,,402.0,553.0
C025-W-HO20-P-_E-002-01,S66731713AF3DBE4E93D197FFD80302,piping_system,PipingNetworkSystem,,343.0,502.5
C025-W-HO20-P-_E-002-01,S4D8A9F4795A66DAF7412A49834602D,piping_segment,PipingNetworkSegment,"6""-VF-202004-ED200-4",343.0,502.5
C025-W-HO20-P-_E-002-01,S6FB7528146858FFAC015C0AEB5DEA2,pipe_off_page,FlowOutPipeOffPageConnector,,343.0,553.0
C025-W-HO20-P-_E-002-01,S259C6DC5CFBEE5552E394C671034A8,piping_system,PipingNetworkSystem,,271.25,504.0
C025-W-HO20-P-_E-002-01,SECDD9E26A6382EA1619412ECBBEB48,piping_segment,PipingNetworkSegment,,271.25,504.0
C025-W-HO20-P-_E-002-01,S4CD8F7CA6DB9C395232004F6466D7F,piping_component,GateValve,,275.0,504.0
C025-W-HO20-P-_E-002-01,SCACCEF865AE340155B8439F141C9A4,piping_system,PipingNetworkSystem,,151.75,358.125
C025-W-HO20-P-_E-002-01,S4487F2B7AF538076E2746DE5645944,piping_segment,PipingNetworkSegment,"12""-PT-202002-ED250-3",160.75,355.0
C025-W-HO20-P-_E-002-01,SC2A9A4EA109BCD4FEE053C3B231910,piping_component,PipeTee,,166.0,355.0
C025-W-HO20-P-_E-002-01,S925D3C27511254B8C3B571B343EFA1,piping_segment,PipingNetworkSegment,"12""-PT-202002-ED250-3",101.5,355.0
C025-W-HO20-P-_E-002-01,S9E5CFEAF4FDD17F87B0F5A9B77011E,pipe_off_page,FlowInPipeOffPageConnector,,58.0,355.0
C025-W-HO20-P-_E-002-01,S404FA46FBA87D451F2421BBF5B21EF,piping_component,PipeTee,,145.0,355.0
C025-W-HO20-P-_E-002-01,SCAEE02CBD883539AEE47B30FF9813C,piping_segment,PipingNetworkSegment,"12""-PT-202002-ED250-3",176.0,355.003
C025-W-HO20-P-_E-002-01,S4F50DD92AF954E524D1CEED9F23A6E,piping_component,PipeReducer,,180.0,355.006
C025-W-HO20-P-_E-002-01,SE53C99EF7C8669454A3427CBD0EDFA,piping_segment,PipingNetworkSegment,"12""-PT-202002-ED250-3",145.0,361.25
C025-W-HO20-P-_E-002-01,S22E98709A444D8763C447D62F37FB6,piping_component,FlangedConnection,,145.0,363.5
C025-W-HO20-P-_E-002-01,S39CEFA26CDC48673E3E93657FC99A5,piping_segment,PipingNetworkSegment,"12""-PT-202002-ED250-3",202.0,356.125
C025-W-HO20-P-_E-002-01,SDBF1D58828866E457C9C5C80963340,piping_component,PipeFitting,,209.0,357.25
C025-W-HO20-P-_E-002-01,S209750E4921A43E9C2A37376D48AF8,piping_segment,PipingNetworkSegment,"12""-PT-202002-ED250-3",166.0,361.25
C025-W-HO20-P-_E-002-01,S5A15670B114EAC6C76A23E944CFD0C,piping_component,FlangedConnection,,166.0,363.5
C025-W-HO20-P-_E-002-01,S62416FCDC7ACF20B0E51D623FD115D,piping_system,PipingNetworkSystem,,117.487,370.068
C025-W-HO20-P-_E-002-01,SC9C3800E8722423A5793CD0C0B4C00,piping_segment,PipingNetworkSegment,"2""-PL-202200-ED200-4",117.487,370.068
C025-W-HO20-P-_E-002-01,S3D6A0F268F2A3795CA66F9B7A99DCB,pipe_off_page,FlowInPipeOffPageConnector,,58.0,377.137
C025-W-HO20-P-_E-002-01,S279D6A65C87A276586E59F54911B91,piping_system,PipingNetworkSystem,,258.0,520.0
C025-W-HO20-P-_E-002-01,S9484B2BDB31C3486BD936CD9C61099,piping_segment,PipingNetworkSegment,,258.0,520.0
C025-W-HO20-P-_E-002-01,S3FC6BCADA27E52D60F887A851520AE,piping_component,AngleValve,63-PSV2171,258.0,524.0
C025-W-HO20-P-_E-002-01,SBB9C55F7E85E223ECF5997C47AEB82,piping_system,PipingNetworkSystem,,490.5,411.75
C025-W-HO20-P-_E-002-01,S37E831557026DDD4834AB417AE5900,piping_segment,PipingNetworkSegment,,490.5,411.75
C025-W-HO20-P-_E-002-01,SCD387B38EBD5A131A784A0E74E4C12,piping_component,GateValve,20-2012VF,316.0,389.0
C025-W-HO20-P-_E-002-01,S300383DD6C9524B6FC7E374A5DDD1E,piping_component,PipeTee,,316.0,398.0
C025-W-HO20-P-_E-002-01,S585FF34749119585EF4A211A85A632,piping_component,PipeFitting,,336.0,397.999
C025-W-HO20-P-_E-002-01,S221D68323768077FD77469AA17CD21,piping_component,PipeFitting,,412.0,398.0
C025-W-HO20-P-_E-002-01,S604AF85BA7CB1C34927D2E08547F9C,pipe_off_page,FlowOutPipeOffPageConnector,,665.0,443.0
C025-W-HO20-P-_E-002-01,S91148F8A957C65BD857C2236B233E3,piping_system,PipingNetworkSystem,,240.25,462.0
C025-W-HO20-P-_E-002-01,S94DF5B3F77EACCAAA81A27CF8015EE,piping_segment,PipingNetworkSegment,,266.0,455.0
C025-W-HO20-P-_E-002-01,SEC0391144704EEC0F22ABFA49C70BA,piping_component,CheckValve,,274.0,455.0
C025-W-HO20-P-_E-002-01,S3695728B9DB13301EBE2DB86BEBF95,piping_component,PipeTee,,258.0,455.0
C025-W-HO20-P-_E-002-01,S2F11D535D6F0B7C5E4ACF058E336F4,piping_segment,PipingNetworkSegment,,258.0,469.0
C025-W-HO20-P-_E-002-01,S67DE632CF047402362E32F7F6B0C16,piping_component,GateValve,,258.0,468.0
C025-W-HO20-P-_E-002-01,SEA257C8E772EAC4835506E35A147B6,piping_segment,PipingNetworkSegment,,214.5,463.0
C025-W-HO20-P-_E-002-01,S83D50E820CBF3AE46404C5BA80E5B3,piping_component,AngleValve,20-XY2007,200.0,473.0
C025-W-HO20-P-_E-002-01,S675EEA3EB9308172ADB100914711E2,piping_component,AngleValve,20-EY2007,200.0,450.0
C025-W-HO20-P-_E-002-01,S19AF8D9A12F6F2EB4B962BD59A8D1C,piping_system,PipingNetworkSystem,,379.5,502.5
C025-W-HO20-P-_E-002-01,S6346A55A53D7447F2D443DDFBE9561,piping_segment,PipingNetworkSegment,"6""-VF-202001-ED200-4",379.5,502.5
C025-W-HO20-P-_E-002-01,SFE8F49A0B95EA54E32950213B052E9,pipe_off_page,FlowOutPipeOffPageConnector,,383.0,553.0
C025-W-HO20-P-_E-002-01,S5AEFA26986B542B708DADCD08FE0B2,piping_system,PipingNetworkSystem,,580.375,499.75
C025-W-HO20-P-_E-002-01,SCA89CF12A3EFF7BB3F82186BF69525,piping_segment,PipingNetworkSegment,"1""-CC-422033-ED200-0",565.0,494.5
C025-W-HO20-P-_E-002-01,S6A7D2588226D1F5F73D86DB1F9076D,piping_component,GlobeValve,42-2002CC,565.0,493.0
C025-W-HO20-P-_E-002-01,S90FDBFFAC9E13EA838EB010B7B3598,piping_component,Flange,,565.0,488.0
C025-W-HO20-P-_E-002-01,S5F80E66F630CE6CCE080B8EE11AF32,piping_segment,PipingNetworkSegment,"1""-CC-422033-ED200-0",546.75,495.5
C025-W-HO20-P-_E-002-01,S2739000B9A640AFCA56A3BF6C213FE,piping_component,GateValve,20-XV2009,550.0,505.0
C025-W-HO20-P-_E-002-01,SF73E6FB32841119DF82FC1050D3275,piping_segment,PipingNetworkSegment,"1""-CC-422033-ED200-0",614.0,505.0
C025-W-HO20-P-_E-002-01,S40252640405A03D443337B174961B5,pipe_off_page,FlowInPipeOffPageConnector,,663.0,505.0
C025-W-HO20-P-_E-002-01,S2E200367269D99074E4B9F311D0F2E,piping_component,CheckValve,42-2025CC,614.0,505.0
C025-W-HO20-P-_E-002-01,S406FE62A005E90204FA020E4EE6DE3,piping_component,Strainer,,604.0,505.0
C025-W-HO20-P-_E-002-01,S6E3627A4D34C8C61CEF1207985F0CD,piping_component,GateValve,42-2035CC,594.0,505.0
C025-W-HO20-P-_E-002-01,SD399D472E9C5389588A0BA1BC41635,piping_component,PipeTee,,565.0,505.0
C025-W-HO20-P-_E-002-01,S1DC0A0AE3C2E40B196A2274422CFD4,piping_system,PipingNetworkSystem,,525.375,452.688
C025-W-HO20-P-_E-002-01,S2217816AB9962B956CFB8F067D3561,piping_segment,PipingNetworkSegment,"14""-PV-202001-ED200-3",526.07,464.0
C025-W-HO20-P-_E-002-01,S206271572DE15E3432AE401632FBEA,piping_component,InLineMixer,,537.0,464.0
C025-W-HO20-P-_E-002-01,S1F23EDEA7A3BD3F4CFBB3FEE156469,piping_segment,PipingNetworkSegment,"14""-PV-202001-ED200-3",628.75,464.0
C025-W-HO20-P-_E-002-01,SF01C25133F9384A108583D774B6B64,pipe_off_page,FlowOutPipeOffPageConnector,,665.0,464.0
C025-W-HO20-P-_E-002-01,SBDFC0BE537E56EA810121009A2F62C,piping_segment,PipingNetworkSegment,"14""-PV-202001-ED200-3",501.282,455.5
C025-W-HO20-P-_E-002-01,S5399C58299D1C5D7718D4745EFBEA6,piping_component,Flange,,501.282,447.0
C025-W-HO20-P-_E-002-01,SECB2B64F25B1E678CBF351A821936D,piping_component,GlobeValve,20-2008PV,501.282,452.0
C025-W-HO20-P-_E-002-01,SC328B021FF0A7CBCD63E139B3ABDDE,piping_component,PipeTee,,501.282,464.0
C025-W-HO20-P-_E-002-01,SF54102A2E36917E97A180F90B515A0,piping_segment,PipingNetworkSegment,"14""-PV-202001-ED200-3",471.257,464.0
C025-W-HO20-P-_E-002-01,S45E8990995BC5EA31F15C853FF2D9F,piping_component,BallValve,20-XV2008,468.0,464.0
C025-W-HO20-P-_E-002-01,S2BA409BCA193CC17CEF607A16D6A20,piping_component,CheckValve,20-4450PV,483.747,464.0
C025-W-HO20-P-_E-002-01,SE9B71DCDCB068E5BB284CD77376AD8,piping_segment,PipingNetworkSegment,"14""-PV-202001-ED200-3",422.0,441.375
C025-W-HO20-P-_E-002-01,S685FBD3FABF9C59235593F5D70FF98,piping_component,PipeFitting,,419.0,466.25
C025-W-HO20-P-_E-002-01,S682962B1A01E804B5110AD6BE38D30,piping_component,PipeReducer,,431.0,464.006
C025-W-HO20-P-_E-002-01,SE8C0B433DD5FC3B09BB1336A15B1DF,piping_system,PipingNetworkSystem,,273.75,491.0
C025-W-HO20-P-_E-002-01,SB279360E3CC48DBB5DFBB9E7B0605A,piping_segment,PipingNetworkSegment,,273.75,491.0
C025-W-HO20-P-_E-002-01,SC6CF9C848BE2FEB335DD49B080EF44,piping_component,GateValve,,275.0,491.0
C025-W-HO20-P-_E-002-01,S50186B595AA1B5AEB7BA59B54C54FF,piping_component,Flange,,280.0,491.0
C025-W-HO20-P-_E-002-01,S2C96E314BF99EE1091B168F20648C3,piping_system,PipingNetworkSystem,,259.0,384.75
C025-W-HO20-P-_E-002-01,SC642BB26DAB40367B62EE5BB477B0C,piping_segment,PipingNetworkSegment,,259.0,384.75
C025-W-HO20-P-_E-002-01,S8F2F7891F5C33EE7B45ABBAD1E680C,piping_component,GateValve,20-2010VF,259.0,389.0
C025-W-HO20-P-_E-002-01,S96568DA0BD3E33BDFE10A79DBCE73F,piping_system,PipingNetworkSystem,,228.563,200.625
C025-W-HO20-P-_E-002-01,S9FA86162667EEF214178C70F876359,piping_segment,PipingNetworkSegment,"2""-WI-202002-ED200-3",151.0,162.0
C025-W-HO20-P-_E-002-01,S505B496B57D829006157E4E4DD13CE,pipe_off_page,FlowInPipeOffPageConnector,,58.0,162.0
C025-W-HO20-P-_E-002-01,S15E13CA90D354304C741F291789A88,piping_component,PipeTee,,244.0,162.0
C025-W-HO20-P-_E-002-01,SAAD80D29D07CEC4C418D0B9C7F0DF9,piping_segment,PipingNetworkSegment,"2""-WI-202002-ED200-3",303.253,202.0
C025-W-HO20-P-_E-002-01,S9392B8C4D5A7E9BD702B8CB02CB4CC,piping_component,PipeReducer,,308.006,216.0
C025-W-HO20-P-_E-002-01,SB3B198C2A0306B9C669E0DE62E723D,piping_segment,PipingNetworkSegment,"2""-WI-202002-ED200-3",242.125,239.25
C025-W-HO20-P-_E-002-01,S303764B30AF0E425DBB1882BE22B11,piping_component,GateValve,20-2000WI,244.0,229.0
C025-W-HO20-P-_E-002-01,SAEBE46A23C7447301519039ED3F772,piping_component,PipeFitting,,240.25,257.0
C025-W-HO20-P-_E-002-01,SFB17AE0C603B12593ECB4E826CFA42,piping_segment,PipingNetworkSegment,"2""-WI-202002-ED200-3",244.003,202.0
C025-W-HO20-P-_E-002-01,SDCB8BDA14FEFD4827F101DAE68A85C,piping_component,PipeReducer,,244.006,216.0
C025-W-HO20-P-_E-002-01,S640BC85011855CD765C2C7A678BDDF,piping_segment,PipingNetworkSegment,"2""-WI-202002-ED200-3",289.0,172.25
C025-W-HO20-P-_E-002-01,SE3BD1FE8121D8F1435C083749A25E9,piping_component,GateValve,20-2004WI,289.0,174.0
C025-W-HO20-P-_E-002-01,S1BDCA2FCD9FE43E76C76E8946D5F90,piping_component,PipeTee,,289.0,162.0
C025-W-HO20-P-_E-002-01,SF25E5EF52047B209AD14C0D338F3A7,piping_segment,PipingNetworkSegment,"2""-WI-202002-ED200-3",306.125,239.25
C025-W-HO20-P-_E-002-01,SCB8547287CBF7999A3E2E7A9ADD366,piping_component,GateValve,20-2003WI,308.0,229.0
C025-W-HO20-P-_E-002-01,SB370C713681B6B22C93080FEF5AE18,piping_component,PipeFitting,,304.25,257.0
C025-W-HO20-P-_E-002-01,S2E261F411E90D8FD3A25E2AB1C2984,piping_segment,PipingNetworkSegment,"2""-WI-202002-ED200-3",266.5,162.0
C025-W-HO20-P-_E-002-01,S10792386FA7A786B39799AB971E281,piping_system,PipingNetworkSystem,,276.75,189.75
C025-W-HO20-P-_E-002-01,S7F13CD21CF933DE7C3036B4AA3ECC5,piping_segment,PipingNetworkSegment,"2""-DC-432059-ED200-4",371.0,190.75
C025-W-HO20-P-_E-002-01,SCE3138FC9643031E4E5ADEC2E06F8F,piping_segment,PipingNetworkSegment,"2""-DC-432059-ED200-4",179.5,137.5
C025-W-HO20-P-_E-002-01,SD2B48D365757C5000B3BEE3692B230,pipe_off_page,FlowInPipeOffPageConnector,,58.0,137.5
C025-W-HO20-P-_E-002-01,SDD99E160CFAEE07E9C849090C5B1A8,piping_component,PipeTee,,301.0,137.5
C025-W-HO20-P-_E-002-01,S66DC1A3DD516A9D557218F591B549A,piping_segment,PipingNetworkSegment,"2""-DC-432059-ED200-4",374.0,227.5
C025-W-HO20-P-_E-002-01,S798E0259D70838B9065EFC1422503D,piping_segment,PipingNetworkSegment,"2""-DC-432059-ED200-4",372.128,252.5
C025-W-HO20-P-_E-002-01,SBC9448564D502D459452639E262975,piping_component,PipeFitting,,370.25,257.0
C025-W-HO20-P-_E-002-01,SAA447899F59D2AA6967EE4C46227ED,piping_component,PipeReducer,,374.006,248.0
C025-W-HO20-P-_E-002-01,SDB37EC101E8E14ED7F51974C8FE975,piping_segment,PipingNetworkSegment,"2""-DC-432059-ED200-4",351.5,173.25
C025-W-HO20-P-_E-002-01,SA6DC14DB81A1D60C2A560986F2CB19,piping_component,GateValve,43-2001DC,343.0,137.5
C025-W-HO20-P-_E-002-01,S27A32685627140EAB7FB0170A3FACE,piping_component,CheckValve,43-2016DC,368.5,137.5
C025-W-HO20-P-_E-002-01,S53F6E3B370AE9E962FF1E04E58E6DF,piping_component,PipeTee,,374.045,209.0
C025-W-HO20-P-_E-002-01,S11F438B5FD87126B4207BAAE37A8AD,piping_segment,PipingNetworkSegment,"2""-DC-432059-ED200-4",301.0,127.0
C025-W-HO20-P-_E-002-01,SD6E3592A8F2995820021246A0BDA53,piping_component,GateValve,43-2000DC,301.0,125.5
C025-W-HO20-P-_E-002-01,S9725F9ECFA1494A5F7FA6D199E538A,piping_component,Flange,,301.0,120.5
C025-W-HO20-P-_E-002-01,S5E758165280DB7FE8AD740EFB06018,piping_system,PipingNetworkSystem,,236.011,220.625
C025-W-HO20-P-_E-002-01,SFA568DE215AD48FA7C787905435A4A,piping_segment,PipingNetworkSegment,"2""-WI-202001-ED200-3",271.125,254.25
C025-W-HO20-P-_E-002-01,S291330E0DF23594819F6C33477B42E,piping_component,PipeFitting,,269.25,257.0
C025-W-HO20-P-_E-002-01,S780369BBEABDFB755ECB788DD95093,piping_segment,PipingNetworkSegment,"2""-WI-202001-ED200-3",343.128,251.0
C025-W-HO20-P-_E-002-01,SC8B536367D4CF581590CBEB2776460,piping_component,PipeFitting,,341.25,257.0
C025-W-HO20-P-_E-002-01,S68BCC0D03B33768A4EA4FB3F15F1A5,piping_component,PipeReducer,,345.006,245.0
C025-W-HO20-P-_E-002-01,S46A947469EFDF83BE16324D92CD055,piping_segment,PipingNetworkSegment,"2""-WI-202001-ED200-3",345.0,223.75
C025-W-HO20-P-_E-002-01,S7ED26B686A53036068CA44896222DD,piping_component,GateValve,20-2002WI,345.0,229.0
C025-W-HO20-P-_E-002-01,SC77C0DCE9EDB03E49B2C148CFA7332,piping_segment,PipingNetworkSegment,"2""-WI-202001-ED200-3",277.0,187.0
C025-W-HO20-P-_E-002-01,SACE6E304080273798A08705AB9F723,piping_component,PipeTee,,273.0,187.0
C025-W-HO20-P-_E-002-01,S63CB08C45AC92F9CC7A589089B7CE2,piping_segment,PipingNetworkSegment,"2""-WI-202001-ED200-3",273.003,225.5
C025-W-HO20-P-_E-002-01,SF0D8F918FED573F5CD89D4E78C68D6,piping_component,GateValve,20-2001WI,273.0,229.0
C025-W-HO20-P-_E-002-01,S1CFDE23A32834FFAD6A92674F75E7D,piping_component,PipeReducer,,273.006,245.0
C025-W-HO20-P-_E-002-01,S3A984A3EB40BBD954CC15D892280F2,piping_segment,PipingNetworkSegment,"2""-WI-202001-ED200-3",116.5,187.0
C025-W-HO20-P-_E-002-01,S851815021480EA93211A6D7DF2BC5E,pipe_off_page,FlowOutPipeOffPageConnector,,56.0,187.0
C025-W-HO20-P-_E-002-01,SAD87B686875D9D28DC6812D09535D9,piping_segment,PipingNetworkSegment,"2""-WI-202001-ED200-3",303.0,188.75
C025-W-HO20-P-_E-002-01,S5475EFA6F88EB3C2AB23901D985F9A,piping_component,PipeTee,,289.0,187.0
C025-W-HO20-P-_E-002-01,S8AE326B1384FD32D69AC3E6586BADA,piping_segment,PipingNetworkSegment,"2""-WI-202001-ED200-3",355.523,194.0
C025-W-HO20-P-_E-002-01,SFFD127D2DFBC0D26F34F3905D76565,piping_component,GateValve,20-2006WI,366.0,194.0
C025-W-HO20-P-_E-002-01,S22387BB9123CFADD1BE105ACB514AD,piping_component,GlobeValve,20-2005WI,355.0,194.0
C025-W-HO20-P-_E-002-01,S124620E6A122B54C8A6E8B6E28BB8A,piping_component,PipeTee,,345.045,194.0
C025-W-HO20-P-_E-002-01,SB90298BD2DA6AF3A7A475D7422146B,piping_system,PipingNetworkSystem,,454.0,287.0
C025-W-HO20-P-_E-002-01,S8F39634C9EECC089E332DF7B0155E9,piping_segment,PipingNetworkSegment,,454.0,287.0
C025-W-HO20-P-_E-002-01,S7B02927C0815088FEF6B9217296CF4,piping_component,Flange,,468.0,287.0
C025-W-HO20-P-_E-002-01,S9CDE6B5894A37B7DBBBEEB8CE12F36,piping_component,CheckValve,20-2023VF,463.0,287.0
C025-W-HO20-P-_E-002-01,S306F6194A6A0F84081834DC0E1DAA8,piping_component,BallValve,20-2002VF,454.0,287.0
C025-W-HO20-P-_E-002-01,S23A14146A9A60F2AC214ECB4C2D07C,piping_component,GlobeValve,20-2003VF,445.0,287.0
C025-W-HO20-P-_E-002-01,S73C881F3ED71DB74CBF6691915D709,piping_component,Flange,,440.0,287.0
C025-W-HO20-P-_E-002-01,S5BE97863FD8757B01FEE7B5855D9AD,piping_system,PipingNetworkSystem,,538.0,453.0
C025-W-HO20-P-_E-002-01,SC51DB16DF3967A19443EA8CC47D7A5,piping_segment,PipingNetworkSegment,,538.0,453.0
C025-W-HO20-P-_E-002-01,S858260FE5E95F230ABBD0009AB0B56,piping_system,PipingNetworkSystem,,604.0,517.5
C025-W-HO20-P-_E-002-01,S85C342378FD1FE538E394DE1203751,piping_segment,PipingNetworkSegment,,604.0,517.5
C025-W-HO20-P-_E-002-01,S1FE410B4593BA10D42EDAD9E76B013,piping_system,PipingNetworkSystem,,228.0,225.0
C025-W-HO20-P-_E-002-01,S651EB33EAD5EA1F5BA8EEFE7B45171,piping_segment,PipingNetworkSegment,,228.0,225.0
C025-W-HO20-P-_E-002-01,S5B44714F7047528336872F36EA6AFC,piping_system,PipingNetworkSystem,,523.0,269.0
C025-W-HO20-P-_E-002-01,S42CB58C8B45239BFCA0F3C4AEE35B4,piping_segment,PipingNetworkSegment,,523.0,269.0
C025-W-HO20-P-_E-002-01,SCB94E9F104E8EBEA9CF43A5E910E0D,equipment,Separator,20-VA50,323.0,318.5
C025-W-HO20-P-_E-002-01,S13B51B3334B12B7584EA94CA7343D6,nozzle,Nozzle,K7B,347.5,299.945
C025-W-HO20-P-_E-002-01,S3E3F043729F41B6289C37DD741F508,nozzle,Nozzle,N7A,233.0,268.0
C025-W-HO20-P-_E-002-01,S936379854E27F48884507EB8CB07F3,nozzle,Nozzle,N5A,343.0,369.0
C025-W-HO20-P-_E-002-01,S88D7988A279E1FCCCFAB7C608BCD99,nozzle,Nozzle,N5D,381.0,369.0
C025-W-HO20-P-_E-002-01,S8C619B087AC28117E3502A86A433F0,nozzle,Nozzle,K8B,347.5,311.945
C025-W-HO20-P-_E-002-01,SD063B2342BEC6E3A956CA42E961358,nozzle,Nozzle,K5A,431.5,347.0
C025-W-HO20-P-_E-002-01,SB47820C6A040DC9AF15D1D36915317,nozzle,Nozzle,N4,324.0,268.0
C025-W-HO20-P-_E-002-01,S5E90630F5D9C84F5BC92BF65EC952F,nozzle,Nozzle,N10B,347.0,268.0
C025-W-HO20-P-_E-002-01,S70192B675BA4D2F934937F3D6347D1,nozzle,Nozzle,K6,261.5,299.055
C025-W-HO20-P-_E-002-01,S4B4A13E82BB65755572E28BDB524B0,nozzle,Nozzle,K2,281.0,369.0
C025-W-HO20-P-_E-002-01,SD7F5234D911389915E9601C02988D8,nozzle,Nozzle,N3,391.0,267.0
C025-W-HO20-P-_E-002-01,SA9CAFD7D9816403ECEB6E60516818D,nozzle,Nozzle,K4B,422.0,271.0
C025-W-HO20-P-_E-002-01,S37A24CE073160C142EF388598102F3,nozzle,Nozzle,N6,238.0,369.0
C025-W-HO20-P-_E-002-01,SD430C9C48D145846E6008DB41C090C,nozzle,Nozzle,N9,370.0,268.0
C025-W-HO20-P-_E-002-01,S43A0BF2A2C07E6AE3EF598F4132274,nozzle,Nozzle,K8A,347.5,335.945
C025-W-HO20-P-_E-002-01,SFABFAD6FD146A8A2FBF933A115DF92,nozzle,Nozzle,N5B,356.0,369.0
C025-W-HO20-P-_E-002-01,S919EE261C338A54FC6135D86C03F70,nozzle,Nozzle,N5C,369.0,369.0
C025-W-HO20-P-_E-002-01,S626EDAB3FD3AA306D47D43C0DC1D07,nozzle,Nozzle,N10A,277.0,268.0
C025-W-HO20-P-_E-002-01,S8C8A6FE6452E7313615F6057FF5473,nozzle,Nozzle,N1,219.0,355.0
C025-W-HO20-P-_E-002-01,S85284371323538A5AA913791DB9B78,nozzle,Nozzle,K3,316.0,369.0
C025-W-HO20-P-_E-002-01,S4B1CE9B8497FC4F62EC1DE88532FE0,nozzle,Nozzle,K7A,347.5,345.945
C025-W-HO20-P-_E-002-01,S77AEEF3DF4CB75B911FD1CFA00BF78,nozzle,Nozzle,N7B,298.0,268.0
C025-W-HO20-P-_E-002-01,S75D1C1FA846D5EB012A94852B28A0D,nozzle,Nozzle,K1,259.0,369.0
C025-W-HO20-P-_E-002-01,S901D6BB912741603F701ED42C6DE9B,nozzle,Nozzle,K4A,425.0,358.0
C025-W-HO20-P-_E-002-01,SB178D7536542708838760348A81F40,nozzle,Nozzle,N2,408.0,369.0
C025-W-HO20-P-_E-002-01,SFE9EEDA51B9A6983B79E5D46243E10,nozzle,Nozzle,K5B,436.0,313.0
C025-W-HO20-P-_E-002-01,S6D1461C116D83006FE9DD061228EDA,nozzle,Nozzle,N11,394.0,369.0
C025-W-HO20-P-_E-002-01,S3022515D370D7D913329AD3B304FA8,nozzle,Nozzle,N8,432.0,287.0
C025-W-HO20-P-_E-002-01,S1293187C1C927471B82ABD147903B7,instrument,ProcessInstrumentationFunction,20-PI2201,313.566,439.557
C025-W-HO20-P-_E-002-01,S4BAAFF293ED2CC146E21FB104E5F58,instrument,ProcessInstrumentationFunction,20-PI2003,278.566,439.0
C025-W-HO20-P-_E-002-01,S7370B7DFE63407EB5507E360DD93A9,instrument,ProcessInstrumentationFunction,20-LIC2200,666.566,355.0
C025-W-HO20-P-_E-002-01,S21C309A5325EE097CD19C42915DD48,signal_generator,ProcessSignalGeneratingFunction,,665.0,234.396
C025-W-HO20-P-_E-002-01,S2184111E5D4F37E482C2DE643361C3,signal_generator,ProcessSignalGeneratingFunction,,665.0,247.974
C025-W-HO20-P-_E-002-01,SA345654FEEF8CD98B26EAF9029D65C,signal_off_page,FlowOutSignalOffPageConnector,,665.0,234.396
C025-W-HO20-P-_E-002-01,S7EB2A2640B7D7988384AD0A964A831,signal_off_page,FlowOutSignalOffPageConnector,,665.0,247.974
C025-W-HO20-P-_E-002-01,SBE17C243AC3A93BDC31C16DA2F4613,instrument,ProcessInstrumentationFunction,20-ZL2015,480.566,234.0
C025-W-HO20-P-_E-002-01,SE011F9E123D20DC64A3BFC3188DABB,instrument,ProcessInstrumentationFunction,20-HS2015,440.566,238.0
C025-W-HO20-P-_E-002-01,SE08EE0FF3908E2B1F0E0D183D6A75B,instrument,ProcessInstrumentationFunction,20-ZL2009,567.566,541.0
C025-W-HO20-P-_E-002-01,S75C93DAE43C1962620B11F8A06CA88,instrument,ProcessInstrumentationFunction,20-HS2009,525.566,553.0
C025-W-HO20-P-_E-002-01,SB6318FF55343033609F2EBB6ABFF46,instrument,ProcessInstrumentationFunction,20-ZL2008,488.566,507.0
C025-W-HO20-P-_E-002-01,S67F907EF9A1946B39121826FD5E785,instrument,ProcessInstrumentationFunction,20-HS2008,440.566,515.0
C025-W-HO20-P-_E-002-01,S65E0C6C02F9EFC41F712F48D974AE6,instrument,ProcessInstrumentationFunction,20-ZL2007,218.566,457.0
C025-W-HO20-P-_E-002-01,S90ED7B4E0324886B7C03FF6E78068B,instrument,ProcessInstrumentationFunction,20-HS2007,160.566,473.0
C025-W-HO20-P-_E-002-01,S6FA1F5710835772E63B73A51BB6058,actuating_function,ActuatingFunction,,200.0,473.0
C025-W-HO20-P-_E-002-01,S7F678947725BFD86BD8AFB9B817290,instrument,ProcessInstrumentationFunction,20-LI2005,510.066,360.0
C025-W-HO20-P-_E-002-01,S6373221AE229B0680814A45AAC9A38,instrument,ProcessInstrumentationFunction,20-TI2001A,298.566,299.0
C025-W-HO20-P-_E-002-01,S90E183B049DB7B256FF5731D0007B6,piping_system,PipingNetworkSystem,,468.0,495.0
C025-W-HO20-P-_E-002-01,SE80C7C2C2D0518BADCAD75F326508D,piping_segment,PipingNetworkSegment,,468.0,495.0
C025-W-HO20-P-_E-002-01,S25196B1BCCBD19C4A7D6411E8A2392,piping_component,AngleValve,20-XY2008,468.0,495.0
C025-W-HO20-P-_E-002-01,S8608426F8E58B9067A19327AAC396D,piping_system,PipingNetworkSystem,,550.0,535.0
C025-W-HO20-P-_E-002-01,S103C834B39D7567E80B9734BA5C6B5,piping_segment,PipingNetworkSegment,,550.0,535.0
C025-W-HO20-P-_E-002-01,S98DDA6E5F48D8510CA06EBD4ACC96F,piping_component,AngleValve,20-XY2009,550.0,535.0
C025-W-HO20-P-_E-002-01,S9F50A7C51C71A1001E64B6D32FC8A5,piping_system,PipingNetworkSystem,,463.0,217.0
C025-W-HO20-P-_E-002-01,SB85F05B0209BA65D82044574878FBF,piping_segment,PipingNetworkSegment,,463.0,217.0
C025-W-HO20-P-_E-002-01,S4EFB2560844EBDCC4B0A82B7AE0738,piping_component,AngleValve,20-XY2015,463.0,217.0
C025-W-HO20-P-_E-002-01,SD8393A99EB0624EAD849FE57D90FC5,instrument,ProcessInstrumentationFunction,63-PI2176,294.475,504.0
C025-W-HO20-P-_E-002-01,SD2EAAC792D076947B2098722521AB8,signal_generator,ProcessSignalGeneratingFunction,,275.0,504.0
C025-W-HO20-P-_E-002-01,SC97BE974CBE57536A861FE7EF4EC8E,equipment,Tank,63-VX58,258.0,498.5
C025-W-HO20-P-_E-002-01,SA98D25CB927E8364C9DABF3F2E43D8,nozzle,Nozzle,,264.0,504.0
C025-W-HO20-P-_E-002-01,SF7FE4C613AB1E1398B1DA2F58AFAF6,nozzle,Nozzle,,258.0,512.0
C025-W-HO20-P-_E-002-01,S50B80312D3380945170F5FD5DF4651,nozzle,Nozzle,,258.0,485.0
C025-W-HO20-P-_E-002-01,SBB2027E3599CB25515B44C2E6CE1C3,nozzle,Nozzle,,264.0,491.0
C025-W-HO20-P-_E-002-01,S514EAD9482A98F088D8404F80A2051,instrument,ProcessInstrumentationFunction,20-FO2004,159.0,433.0
C025-W-HO20-P-_E-002-01,S5434E708161CBD974A5DE3844CEF26,signal_generator,ProcessSignalGeneratingFunction,,159.0,416.0
C025-W-HO20-P-_E-002-01,SE93FF8091836C9100391AABABCAAE0,instrument,ProcessInstrumentationFunction,20-LG2006,558.0,355.0
C025-W-HO20-P-_E-002-01,SCCDE70DA7FC7CC040C4B73F1A41AE2,signal_generator,ProcessSignalGeneratingFunction,,558.0,332.0
C025-W-HO20-P-_E-002-01,SB6DAF30E783326B3B52A89EF6E6959,signal_generator,ProcessSignalGeneratingFunction,,558.0,379.0
C025-W-HO20-P-_E-002-01,S6652D5AF80FEFB1392CD99DA167EB3,instrument,ProcessInstrumentationFunction,20-LT2005,501.5,332.0
C025-W-HO20-P-_E-002-01,S3ABDE662DAF5783ABD08BEF91F386F,signal_generator,ProcessSignalGeneratingFunction,,475.5,313.0
C025-W-HO20-P-_E-002-01,SC5CFB4978BB2D2034EDDA59BE60667,signal_generator,ProcessSignalGeneratingFunction,,475.5,347.0
C025-W-HO20-P-_E-002-01,SF5DB2F236435A4099EF45F327D15DE,instrument,ProcessInstrumentationFunction,20-ZS2007,221.0,437.0
C025-W-HO20-P-_E-002-01,SD1AC3DD66FD1B8C336F9427974B9A8,actuating_function,ActuatingFunction,,200.0,416.0
C025-W-HO20-P-_E-002-01,S3D455FD11C51B820A3A8B1A95B5EA6,instrument,ProcessInstrumentationFunction,20-TT2001,278.0,299.0
C025-W-HO20-P-_E-002-01,SB3701703CA8ADC5549B305A0205EEA,signal_generator,ProcessSignalGeneratingFunction,,261.5,299.055
C025-W-HO20-P-_E-002-01,SD226C4B29DB9876CCFD77D5C99DA17,instrument,ProcessInstrumentationFunction,20-PT2003,281.0,409.0
C025-W-HO20-P-_E-002-01,S552799914D848216D960BDFA66B875,signal_generator,ProcessSignalGeneratingFunction,,281.0,389.0
C025-W-HO20-P-_E-002-01,S959D7B4162690B21309C7F5226A221,instrument,ProcessInstrumentationFunction,20-ZS2008,491.0,486.0
C025-W-HO20-P-_E-002-01,SEE3B59497DDC3739DACC5D2BA83619,actuating_function,ActuatingFunction,,468.0,464.0
C025-W-HO20-P-_E-002-01,S4495FE7CCB00F3A17127B6F20F25FC,instrument,ProcessInstrumentationFunction,20-ZS2009,570.0,522.0
C025-W-HO20-P-_E-002-01,S44481D2E8E2C9328C2E408B90A4797,actuating_function,ActuatingFunction,,550.0,505.0
C025-W-HO20-P-_E-002-01,S2E19D2B1EA56F2783E0E01E1D73ABF,instrument,ProcessInstrumentationFunction,20-ZS2015,483.0,214.0
C025-W-HO20-P-_E-002-01,S11DADD6047184B12EED11CF9FF0CBF,actuating_function,ActuatingFunction,,463.0,193.0
C025-W-HO20-P-_E-002-01,SDBC9504833D65115122A748318D8C6,instrument,ProcessInstrumentationFunction,20-PT2201,316.0,409.0
C025-W-HO20-P-_E-002-01,SF141877826E662ADBF9FEF7468579C,signal_generator,ProcessSignalGeneratingFunction,,316.0,398.0
C025-W-HO20-P-_E-002-01,S2369C2D2F5F6A004F0E307B2A55DE9,instrument,ProcessInstrumentationFunction,20-LT2200,643.0,355.0
C025-W-HO20-P-_E-002-01,S823CF96FCA0855F449C56211DB37B5,signal_generator,ProcessSignalGeneratingFunction,,614.5,371.0
C025-W-HO20-P-_E-002-01,SEBFCA0331E481579D659CD8A038C0E,signal_generator,ProcessSignalGeneratingFunction,,614.5,339.0
C025-W-HO20-P-_E-002-01,S7657D19F1F25EA48B23EE756546049,instrument,ProcessInstrumentationFunction,20-TI2001B,289.0,319.0
C025-W-HO20-P-_E-002-01,S9DFAF83223E4BFE70A1788EF8BE273,instrument,ProcessInstrumentationFunction,20-PI2002,259.0,409.0
C025-W-HO20-P-_E-002-01,SF94200895DE8C4AD9FD8E7845E99BE,signal_generator,ProcessSignalGeneratingFunction,,259.0,389.0
C025-W-HO20-P-_E-002-01,SAEEF2CC68B6A827C2F30600D2EC6D5,instrument,ProcessInstrumentationFunction,,167.0,450.0
C025-W-HO20-P-_E-002-01,SA963C6A2287C9591DA8126AC85EFD2,actuating_function,ActuatingFunction,,200.0,450.0
C025-W-HO20-P-_E-002-01,SE6687E516F661BA5258CF2A27347EA,instrument,ProcessInstrumentationFunction,,299.0,419.0
C025-W-HO20-P-_E-002-01,SAF1F724216484BB81D280321580368,instrument,ProcessInstrumentationFunction,,429.0,495.0
C025-W-HO20-P-_E-002-01,SEB57C7E4F0E8B7B8B0BA484F85B390,instrument,ProcessInstrumentationFunction,,431.0,217.0
C025-W-HO20-P-_E-002-01,S9C3CDD1ECDB9E226B4A181C7BD37C1,instrument,ProcessInstrumentationFunction,,524.5,332.0
C025-W-HO20-P-_E-002-01,S83325F96DFF6490D5FD2C7C35D005D,instrument,ProcessInstrumentationFunction,,517.0,535.0
C025-W-HO20-P-_E-002-01,S8A4585BE4AEEC764618EE8A69CC79E,piping_system,PipingNetworkSystem,,152.189,410.139
C025-W-HO20-P-_E-002-01,SFFEB9FD1C3493F7DC59C4274BD19B1,piping_segment,PipingNetworkSegment,,152.189,410.139
C025-W-HO20-P-_E-002-01,S4D8C6A7A44EE752D9F65DDDACE88C1,instrument,ProcessInstrumentationFunction,,512.5,332.0
C025-W-HO20-P-_E-002-01,S432EC8BE7F98B5334F29C8A7405FB3,instrument,ProcessInstrumentationFunction,,443.0,495.0
C025-W-HO20-P-_E-002-01,S9A43393EC10296F445E21C9E88DFAA,actuating_function,ActuatingFunction,,468.0,495.0
C025-W-HO20-P-_E-002-01,S71E880EF53DB298AAACAEA713B0C71,instrument,ProcessInstrumentationFunction,,281.0,419.0
C025-W-HO20-P-_E-002-01,SC91E06888F3B9A22430F1871F2AD8B,instrument,ProcessInstrumentationFunction,,289.0,299.0
C025-W-HO20-P-_E-002-01,S62D069D26C93D51357328122C06CFA,instrument,ProcessInstrumentationFunction,,443.0,217.0
C025-W-HO20-P-_E-002-01,S404F756E56A204C858F4D887182EAD,actuating_function,ActuatingFunction,,463.0,217.0
C025-W-HO20-P-_E-002-01,S2E5A5EA51F9E95BD62D57FF08EC892,instrument,ProcessInstrumentationFunction,,528.0,535.0
C025-W-HO20-P-_E-002-01,S348BE0C0F9FE5266BABCE43FCD6C34,actuating_function,ActuatingFunction,,550.0,535.0
C025-W-HO50-P-_F-001-01,SB4FDB3B1926FB9E99E0891F801D4CA,nozzle,Nozzle,,0.0,0.0
C025-W-HO50-P-_F-001-01,SE52C9FCA403FCB0B7245C11ECE3A25,equipment,CustomEquipment,,0.0,0.0
C025-W-HO50-P-_F-001-01,S89093EFC10A1528E10D08B9C622E96,instrument,ProcessInstrumentationFunction,,0.0,0.0
C025-W-HO50-P-_F-001-01,SACACBD7B01D9C5D7940ACDDA0D104A,piping_component,CheckValve,,0.0,0.0
C025-W-HO50-P-_F-001-01,S282AC3841B20534138317C8F1A02CF,piping_component,CheckValve,,0.0,0.0
C025-W-HO50-P-_F-001-01,S64C8E36024C561428A489B4F2722D7,equipment,Pump,,0.0,0.0
C025-W-HO50-P-_F-001-01,S41FC61E0BFDD00FF1D778B946DEBBC,equipment,Pump,,0.0,0.0
C025-W-HO50-P-_F-001-01,S4784655C0AF05197FB40CDB7489184,equipment,CustomEquipment,,0.0,0.0
C025-W-HO50-P-_F-001-01,S547B129FA21AF5D1675685C641BDAD,instrument,ProcessInstrumentationFunction,,0.0,0.0
C025-W-HO50-P-_F-001-01,SB8AD987331D8A6FF8657EC70517127,equipment,CustomEquipment,,0.0,0.0
C025-W-HO50-P-_F-001-01,S7053809033BC71144D8A3612C872E4,instrument,ProcessInstrumentationFunction,,0.0,0.0
C025-W-HO50-P-_F-001-01,S1E277EC12D2379D89618AE4B370CDB,instrument,ProcessInstrumentationFunction,,0.0,0.0
C025-W-HO50-P-_F-001-01,S36CFBF38CEE72E7B69F76CABC54FB9,piping_component,ButterflyValve,,0.0,0.0
C025-W-HO50-P-_F-001-01,S45CB52F3D35A2A8E594C605DB5B7D9,piping_component,ButterflyValve,,0.0,0.0
C025-W-HO50-P-_F-001-01,SB3BA40188FB349547A84F90AEDE0B1,piping_component,AngleValve,,0.0,0.0
C025-W-HO50-P-_F-001-01,S8E13910DF32B01BCD812AFA0CEBA34,actuator,ControlledActuator,,0.0,0.0
C025-W-HO50-P-_F-001-01,SB44C117775646BC28794A57411AA63,piping_component,FlowMeasuringElement,,0.0,0.0
C025-W-HO50-P-_F-001-01,S146422E7ACB8451B2EE94546DF09BD,pipe_off_page,FlowOutPipeOffPageConnector,,0.0,0.0
C025-W-HO50-P-_F-001-01,S6FCCA9EF74BBA840EA2F1B797FF954,piping_component,AngleValve,,0.0,0.0
C025-W-HO50-P-_F-001-01,SA2C5904DAE63B6A3A40149E1A054FB,nozzle,Nozzle,,0.0,0.0
C025-W-HO50-P-_F-001-01,S9FF26BADADAD422146BED9E1872C7C,nozzle,Nozzle,,0.0,0.0
C025-W-HO50-P-_F-001-01,S8597815B30CA2B05FD81904B165141,piping_component,GateValve,,0.0,0.0
C025-W-HO50-P-_F-001-01,SC3B3E33F0A0E91D8397F6B4CC1926E,equipment,Tank,,0.0,0.0
C025-W-HO50-P-_F-001-01,S91426242FF1D4EFF5C0EAAC404E7DF,instrument,ProcessInstrumentationFunction,,0.0,0.0
C025-W-HO50-P-_F-001-01,S250FF96C622F63862279CC8905F7BF,piping_component,GateValve,,0.0,0.0
C025-W-HO50-P-_F-001-01,SD8567254968282C412DD34ED5C8A09,piping_component,PipeReducer,,0.0,0.0
C025-W-HO50-P-_F-001-01,S688C55C177EB58BF83B10FD0CE668D,piping_component,PipeReducer,,0.0,0.0
C025-W-HO50-P-_F-001-01,SF11CEBED64C224147B4562F81CD3F4,actuator,ControlledActuator,,0.0,0.0
C025-W-HO50-P-_F-001-01,S4BC84C5093E15855078357CC34BDF9,actuator,ControlledActuator,,0.0,0.0
C025-W-HO50-P-_F-001-01,S9265EC9A50A57D38BE80518A5B02B3,instrument,ProcessInstrumentationFunction,,0.0,0.0
C025-W-HO50-P-_F-001-01,SCB39FCB988A2F7E508102F483FA48A,piping_component,FlowMeasuringElement,,0.0,0.0
C025-W-HO50-P-_F-001-01,S2572F4542AACC2DF22BB766DFF6CD6,instrument,ProcessInstrumentationFunction,,0.0,0.0
C025-W-HO50-P-_F-001-01,SC9DC0FF5F821FCB0EC3C59E37490EA,actuator,ControlledActuator,,0.0,0.0
C025-W-HO50-P-_F-001-01,S42E8C6591D5E39E1A88AA8A26EB2AE,piping_component,FlangedConnection,,0.0,0.0
C025-W-HO50-P-_F-001-01,S78C58633D146402D5B3D7245BFAC43,piping_component,AngleValve,,0.0,0.0
C025-W-HO50-P-_F-001-01,SBAFCE04253529731379B44C019E60F,piping_component,PipeFitting,,0.0,0.0
C025-W-HO50-P-_F-001-01,SB85B078964140FAD31ED07236F2658,piping_component,PipeReducer,,0.0,0.0
C025-W-HO50-P-_F-001-01,S8365C6FEACAC9E52AAB2014F88ADB9,piping_component,GateValve,,0.0,0.0
C025-W-HO50-P-_F-001-01,SB4DA3E8C2E5CE59BDCDC34326FE80A,piping_component,GateValve,,0.0,0.0
C025-W-HO50-P-_F-001-01,S29F03636291967FBAED181B852B448,piping_component,GateValve,,0.0,0.0
C025-W-HO50-P-_F-001-01,SE3265AB255256147EF5F1C666DBEF7,piping_component,FlangedConnection,,0.0,0.0
C025-W-HO50-P-_F-001-01,S6287FEF59CB73CECF607BF40950C47,nozzle,Nozzle,,0.0,0.0
C025-W-HO50-P-_F-001-01,SC200B77F272A716CCB53200CF9D760,piping_component,Flange,,0.0,0.0
C025-W-HO50-P-_F-001-01,S95FE0CDECEE0232C5006CA36D80173,piping_component,PipeTee,,0.0,0.0
C025-W-HO50-P-_F-001-01,S89093EFC10A1528E10D08B9C622E961,instrument,ProcessInstrumentationFunction,,0.0,0.0
C025-W-HO50-P-_F-001-01,SFA28602A45E2766E7B64239973B730,instrument_loop,InstrumentationLoopFunction,,397.566,302.0
C025-W-HO50-P-_F-001-01,S6E7F9883380A6977E73643E9E6650F,instrument_loop,InstrumentationLoopFunction,,351.566,301.0
C025-W-HO50-P-_F-001-01,S2179E33F4E7FE803241288C1A59343,instrument_loop,InstrumentationLoopFunction,,142.566,301.0
C025-W-HO50-P-_F-001-01,SF0E9FB2DA46DF2CE77AF6B4286A148,instrument_loop,InstrumentationLoopFunction,,332.566,301.0
C025-W-HO50-P-_F-001-01,SFCFE2909B635F6D17A2FF78DA93A98,instrument_loop,InstrumentationLoopFunction,,121.566,301.0
C025-W-HO50-P-_F-001-01,SA4394C7A38CD027FDFF5F253759BD4,instrument_loop,InstrumentationLoopFunction,,376.066,301.0
C025-W-HO50-P-_F-001-01,S3638860A515205DBA385439248F189,instrument_loop,InstrumentationLoopFunction,,165.566,301.0
C025-W-HO50-P-_F-001-01,S240990B866E8EBD58166A4B848A809,instrument_loop,InstrumentationLoopFunction,,369.566,416.0
C025-W-HO50-P-_F-001-01,S6A44D6A89FA7C2CF9E5121E0EC27DE,instrument_loop,InstrumentationLoopFunction,,300.566,450.0
C025-W-HO50-P-_F-001-01,S29D751F267F87BD3AB4A8A925E79C3,instrument_loop,InstrumentationLoopFunction,,582.566,333.0
C025-W-HO50-P-_F-001-01,SC0C019F821348086F895BDC5D08384,instrument_loop,InstrumentationLoopFunction,,317.566,262.0
C025-W-HO50-P-_F-001-01,SBE43A8E5A0519CD395CC80EC71E406,instrument_loop,InstrumentationLoopFunction,,106.566,262.0
C025-W-HO50-P-_F-001-01,S92FB3E8DD1F7A9D2130BA5ABDB593F,instrument_loop,InstrumentationLoopFunction,,187.566,301.0
C025-W-HO50-P-_F-001-01,S7BF1C53021A7E7C9AD70CAE45D9E9A,instrument_loop,InstrumentationLoopFunction,,555.565,507.0
C025-W-HO50-P-_F-001-01,S50A938E5755058877119411DE5F121,instrument_loop,InstrumentationLoopFunction,,369.565,356.0
C025-W-HO50-P-_F-001-01,SAC6C9C39F102F74A66705EE491CF4E,instrument_loop,InstrumentationLoopFunction,,603.565,208.714
C025-W-HO50-P-_F-001-01,SCD9FDEDCDDE55B3CB96CC0C530D9A1,instrument_loop,InstrumentationLoopFunction,,647.0,220.714
C025-W-HO50-P-_F-001-01,SD1A245A162B7073B716DBF069158E7,instrument_loop,InstrumentationLoopFunction,,331.0,336.0
C025-W-HO50-P-_F-001-01,S99E51FA80D1EFC4C54063D3DBFF845,instrument_loop,InstrumentationLoopFunction,,606.0,246.0
C025-W-HO50-P-_F-001-01,SAE8B3C6EFADAAE3442166D4C134A0F,instrument_loop,InstrumentationLoopFunction,,585.0,313.0
C025-W-HO50-P-_F-001-01,S1D6270F5E6A72B654751CC89A375F6,instrument_loop,InstrumentationLoopFunction,,303.0,426.0
C025-W-HO50-P-_F-001-01,S74263C20ABDDD72130AB442F707B7C,instrument_loop,InstrumentationLoopFunction,,477.0,270.0
C025-W-HO50-P-_F-001-01,S8A5D98B1F21AAA5DB804490A9DF21E,instrument_loop,InstrumentationLoopFunction,,231.0,371.0
C025-W-HO50-P-_F-001-01,SF50A8C2510BDD6F8F5C3D99058259F,instrument_loop,InstrumentationLoopFunction,,190.0,278.0
C025-W-HO50-P-_F-001-01,S16C6DF48C5755A917C6DFD4A791CD0,instrument_loop,InstrumentationLoopFunction,,534.0,507.0
C025-W-HO50-P-_F-001-01,S1E2AE371112643405CFD2910E02897,instrument_loop,InstrumentationLoopFunction,,372.0,324.0
C025-W-HO50-P-_F-001-01,S4F2D881515B6D2DBEA7C83E5656717,instrument_loop,InstrumentationLoopFunction,,494.0,507.0
C025-W-HO50-P-_F-001-01,SA1B9878956DDA7D2FFF5969AB71495,instrument_loop,InstrumentationLoopFunction,,70.0,475.0
C025-W-HO50-P-_F-001-01,S6CA22D76330BC1A68A73FAF459E708,instrument_loop,InstrumentationLoopFunction,,517.0,360.0
C025-W-HO50-P-_F-001-01,S4E32100BC1E2089BE4D7AE497C128C,instrument_loop,InstrumentationLoopFunction,,400.0,278.0
C025-W-HO50-P-_F-001-01,SA8B6233535D8D043A83D949861CB1F,instrument_loop,InstrumentationLoopFunction,,132.307,279.685
C025-W-HO50-P-_F-001-01,S4B4D89165E1B81978D351C669CDEC3,instrument_loop,InstrumentationLoopFunction,,509.0,274.0
C025-W-HO50-P-_F-001-01,SA7E4BC7F55D989900DA8B021D946EB,instrument_loop,InstrumentationLoopFunction,,184.0,405.0
C025-W-HO50-P-_F-001-01,S96CDA008512025CAF1246C4FFB78E1,instrument_loop,InstrumentationLoopFunction,,617.0,271.0
C025-W-HO50-P-_F-001-01,S55C49F8922E0F1D7BFA6291E991A91,instrument_loop,InstrumentationLoopFunction,,89.0,301.0
C025-W-HO50-P-_F-001-01,S2724D16E32EDEDB466FA0D5B7C7C9E,instrument_loop,InstrumentationLoopFunction,,330.0,356.0
C025-W-HO50-P-_F-001-01,S2886AFFD273D01B9B0EB67EE0A37FD,instrument_loop,InstrumentationLoopFunction,,297.0,301.0
C025-W-HO50-P-_F-001-01,SFC50516FA01F797E2AF62BB0A02CFE,instrument_loop,InstrumentationLoopFunction,,184.0,385.0
C025-W-HO50-P-_F-001-01,S9B0E6793CAE83E6FDD0ED230451E49,instrument_loop,InstrumentationLoopFunction,,509.0,254.0
C025-W-HO50-P-_F-001-01,S9CA13B449832D648E3DCF1A187111F,instrument_loop,InstrumentationLoopFunction,,297.0,281.0
C025-W-HO50-P-_F-001-01,S62FA58742F9FD999D186D63B479FE3,instrument_loop,InstrumentationLoopFunction,,89.0,281.0
C025-W-HO50-P-_F-001-01,SAAB79C91C7D32228106767C3219538,instrument_loop,InstrumentationLoopFunction,,343.307,279.685
C025-W-HO50-P-_F-001-01,SB45BF0205164B270367E498C2735A8,instrument_loop,InstrumentationLoopFunction,,198.0,385.0
C025-W-HO50-P-_F-001-01,S29445D2729ADE2DA4331CA51CB07C1,instrument_loop,InstrumentationLoopFunction,,315.0,281.0
C025-W-HO50-P-_F-001-01,S4BC9331EF4692EBFDA8F9C5D76CC25,instrument_loop,InstrumentationLoopFunction,,523.0,274.0
C025-W-HO50-P-_F-001-01,S42E62A408023FB92F5438BDFB75748,instrument_loop,InstrumentationLoopFunction,,372.0,373.0
C025-W-HO50-P-_F-001-01,S1D5714E4C27B24AB8956A0CF80A8F7,instrument_loop,InstrumentationLoopFunction,,104.0,281.0
C025-W-HO50-P-_F-001-01,S18863973005F38D5820029CD69F476,actuating_system,ActuatingSystem,,556.0,262.0
C025-W-HO50-P-_F-001-01,SBAE2B35213F11A40D7BF03FF1F75BB,actuator,ControlledActuator,,556.0,262.0
C025-W-HO50-P-_F-001-01,S3844771C1F1308068D95C0B1F28D1D,actuator,OperatedValveReference,,556.0,262.0
C025-W-HO50-P-_F-001-01,SC689C8BE096FA26CADE13F13D4B464,actuating_system,ActuatingSystem,,585.0,285.0
C025-W-HO50-P-_F-001-01,S8B2EBBB7262AA72D8343F1AE70C381,actuator,ControlledActuator,,585.0,285.0
C025-W-HO50-P-_F-001-01,S67BF66E4969D978D8E3D110225468E,actuator,OperatedValveReference,,585.0,285.0
C025-W-HO50-P-_F-001-01,SCC2BD0EC1EF29F6B63B8329083360E,actuating_system,ActuatingSystem,,271.0,373.0
C025-W-HO50-P-_F-001-01,S865FE118864F8251A92AC87430EED8,actuator,ControlledActuator,,271.0,373.0
C025-W-HO50-P-_F-001-01,S364BD4C14EF08F4777BF61E87C8CC3,actuator,OperatedValveReference,,271.0,373.0
C025-W-HO50-P-_F-001-01,S8C1E3A07E3F546385B8D66F3AFDFE0,actuating_system,ActuatingSystem,,354.0,324.0
C025-W-HO50-P-_F-001-01,S6EB360275612FEDF633127154819C8,actuator,ControlledActuator,,354.0,324.0
C025-W-HO50-P-_F-001-01,SD14E736BA29D943A0796ED2C02A9B4,actuator,OperatedValveReference,,354.0,324.0
C025-W-HO50-P-_F-001-01,SB69BA007941C1D6F25A3DA01677469,actuating_system,ActuatingSystem,,303.0,397.0
C025-W-HO50-P-_F-001-01,S633B83A08422B8359ECD0790B65D28,actuator,ControlledActuator,,303.0,397.0
C025-W-HO50-P-_F-001-01,S6D06360148E54D319329AC7955DD2B,actuator,OperatedValveReference,,303.0,397.0
C025-W-HO50-P-_F-001-01,SDA93FE759546B5F79CB1DE4C8966D4,actuating_system,ActuatingSystem,,585.0,262.0
C025-W-HO50-P-_F-001-01,SDE97D5F6C272DD8DF564A2F3FFD446,actuator,ControlledActuator,,585.0,262.0
C025-W-HO50-P-_F-001-01,S57C7E2BB6E9FF2E1999E5548994CF0,actuator,OperatedValveReference,,585.0,262.0
C025-W-HO50-P-_F-001-01,S63B09451BBF7B043FBBEB8C7B49FEC,actuating_system,ActuatingSystem,,303.0,373.0
C025-W-HO50-P-_F-001-01,S18128168CC9EC03B0BC333CF55F500,actuator,ControlledActuator,,303.0,373.0
C025-W-HO50-P-_F-001-01,SE6F53EA74EB3D584FB5BCFE684E763,actuator,OperatedValveReference,,303.0,373.0
C025-W-HO50-P-_F-001-01,SA1DF5081C32DC9DE1A42BD26425D48,actuating_system,ActuatingSystem,,629.0,234.0
C025-W-HO50-P-_F-001-01,SF615A2C68A91831985A4C985F791CB,actuator,ControlledActuator,,629.0,234.0
C025-W-HO50-P-_F-001-01,SA52305726855133304FA93CA4D4DF6,actuator,OperatedValveReference,,629.0,234.0
C025-W-HO50-P-_F-001-01,S1ECD40CFF123FCC8E58F1086F8CBFD,piping_system,PipingNetworkSystem,,96.0,437.75
C025-W-HO50-P-_F-001-01,S6A987C1E93E03ACF6517690BE06A09,piping_segment,PipingNetworkSegment,,96.0,437.75
C025-W-HO50-P-_F-001-01,SEBD3FEAB0A19937927039F04BF35FF,piping_component,CheckValve,,88.0,426.0
C025-W-HO50-P-_F-001-01,SAFC992597E832FF64FB79D6C336BCC,piping_component,PipeTee,,104.0,426.0
C025-W-HO50-P-_F-001-01,SC3430E137E0FE7DDF0427A28042D7D,piping_component,GateValve,,104.0,439.0
C025-W-HO50-P-_F-001-01,S3B0FDEFA51003D694F8671B2EC2E13,piping_system,PipingNetworkSystem,,104.0,491.0
C025-W-HO50-P-_F-001-01,S9B61FEA5A819D497808545B76A374E,piping_segment,PipingNetworkSegment,,104.0,491.0
C025-W-HO50-P-_F-001-01,S21C262E921742420FFBDE54E8CF886,piping_component,AngleValve,63-PSV2169,104.0,495.0
C025-W-HO50-P-_F-001-01,SF7C2E48AC4403F8FA4D78F406C8EAD,piping_system,PipingNetworkSystem,,90.75,475.0
C025-W-HO50-P-_F-001-01,S376B7733D36C0820A938EB63C4A361,piping_segment,PipingNetworkSegment,,90.75,475.0
C025-W-HO50-P-_F-001-01,S72AB8342B10DF61864D5A756831726,piping_component,GateValve,,87.0,475.0
C025-W-HO50-P-_F-001-01,SF202B2BB546871BB79472777FCED2C,piping_system,PipingNetworkSystem,,320.0,206.5
C025-W-HO50-P-_F-001-01,S410638A185BB951E4446F9432D8888,piping_segment,PipingNetworkSegment,,320.0,206.5
C025-W-HO50-P-_F-001-01,S5FB02F2E1D380D692041A0612CC9D7,piping_system,PipingNetworkSystem,,295.625,214.375
C025-W-HO50-P-_F-001-01,SA4C692B927B569A3362AE1A00F7C2B,piping_segment,PipingNetworkSegment,"3""-WS-502024-AD750-4",190.0,254.75
C025-W-HO50-P-_F-001-01,S2ABE09B55C353B5B6F73C6F30E88B1,piping_component,GateValve,50-2011WS,190.0,259.0
C025-W-HO50-P-_F-001-01,S8522CCFED9C17BB1D184524CE38531,piping_segment,PipingNetworkSegment,"3""-WS-502024-AD750-4",165.0,238.25
C025-W-HO50-P-_F-001-01,S64A49FA3F444A142B0A6743F5C568B,piping_component,FlangedConnection,,140.0,234.5
C025-W-HO50-P-_F-001-01,SF9A2B8A5DBCC91E56DC568A07E75BD,piping_component,FlangedConnection,,145.5,246.0
C025-W-HO50-P-_F-001-01,S7EDA59F83A0A67BAB26B2E411D2D4A,piping_component,PipeTee,,190.0,246.0
C025-W-HO50-P-_F-001-01,SE071E20CB9C28C927A693DFE84B560,piping_segment,PipingNetworkSegment,"3""-WS-502024-AD750-4",196.0,246.0
C025-W-HO50-P-_F-001-01,S67B4484D80AA04B78DF2D724B9B71E,piping_component,PipeTee,,198.0,246.0
C025-W-HO50-P-_F-001-01,S3FFE5663D82FEEE402283A372A8F29,piping_segment,PipingNetworkSegment,"3""-WS-502024-AD750-4",453.0,186.536
C025-W-HO50-P-_F-001-01,SB5E48A31635A4BC4B4DB6CB22A3EBC,piping_component,PipeFitting,,284.0,166.714
C025-W-HO50-P-_F-001-01,SD0889D8907A1F833D6FF2FABB2100B,piping_component,PipeFitting,,378.0,166.714
C025-W-HO50-P-_F-001-01,S5793FE3959B55EAD1B8E09AF72E0A1,pipe_off_page,FlowOutPipeOffPageConnector,,665.0,166.714
C025-W-HO50-P-_F-001-01,S1F108B88F8E67D85B99B8A3C473A05,piping_segment,PipingNetworkSegment,"3""-WS-502024-AD750-4",139.997,222.25
C025-W-HO50-P-_F-001-01,SD3BD483C1530704D4AA34EBD1DF7BF,piping_component,PipeReducer,,139.994,225.0
C025-W-HO50-P-_F-001-01,S99592BB7943228A2B22D4E2725FB3F,piping_segment,PipingNetworkSegment,"3""-WS-502024-AD750-4",138.25,174.0
C025-W-HO50-P-_F-001-01,SA0A6AFE35C3AF9CB1E979DA8E0A342,piping_component,CheckValve,,140.0,139.0
C025-W-HO50-P-_F-001-01,S77BA246859345E34A48F28C420DD6D,piping_component,FlangedConnection,,140.0,215.0
C025-W-HO50-P-_F-001-01,S931DA27CF7CF2085BD82AEC9678FD1,piping_system,PipingNetworkSystem,,596.5,206.786
C025-W-HO50-P-_F-001-01,SB1EC8BEEC2890587355AE90AE52FCE,piping_segment,PipingNetworkSegment,"3""-WS-502013-AD750-4",596.5,206.786
C025-W-HO50-P-_F-001-01,S40A98C5C771AC731A071CC24599AEA,pipe_off_page,FlowOutPipeOffPageConnector,,665.0,193.714
C025-W-HO50-P-_F-001-01,SFE91150F6D66C5317BBC25D30C3FB2,piping_system,PipingNetworkSystem,,580.375,276.376
C025-W-HO50-P-_F-001-01,S862AD629F1019572791021C170A582,piping_segment,PipingNetworkSegment,"12""-WS-502002-AD750-0",572.75,267.75
C025-W-HO50-P-_F-001-01,S77E6A334EF99621ADD9217DA12A18A,piping_component,ButterflyValve,50-ESV2117,556.0,262.0
C025-W-HO50-P-_F-001-01,SDE31875D97EBA220A03F9C176933F9,piping_component,GateValve,50-HCV2015,585.0,262.0
C025-W-HO50-P-_F-001-01,S91ED83CB2F53AEA8CB9F6127BABCAC,piping_segment,PipingNetworkSegment,"12""-WS-502002-AD750-0",583.75,285.003
C025-W-HO50-P-_F-001-01,S5AD88FE82C3B887D1D7476D27615FC,piping_component,GateValve,50-FV2114,585.0,285.0
C025-W-HO50-P-_F-001-01,SDB14B308E50069CC56CE32EE427EDD,piping_component,PipeReducer,,598.0,285.006
C025-W-HO50-P-_F-001-01,S8219EBE21FC069BF5B38E90932E4C8,piping_segment,PipingNetworkSegment,"12""-WS-502002-AD750-0",603.75,285.0
C025-W-HO50-P-_F-001-01,S2CA554F903E9BE4870EFDF76576D1F,piping_component,PipeTee,,605.0,285.0
C025-W-HO50-P-_F-001-01,SF7056EC22B79C32822A10341F60DF6,piping_segment,PipingNetworkSegment,"12""-WS-502002-AD750-0",637.25,270.75
C025-W-HO50-P-_F-001-01,SA095E6DA105B9417E341A85CF37459,piping_component,FlangedConnection,,648.0,275.5
C025-W-HO50-P-_F-001-01,SD81880D23D6E7C4F58EA3B0AE8C677,piping_segment,PipingNetworkSegment,"12""-WS-502002-AD750-0",552.75,285.003
C025-W-HO50-P-_F-001-01,S360917FFA1F41ED980BEDCD0B4859D,piping_component,PipeReducer,,556.0,285.006
C025-W-HO50-P-_F-001-01,S36A840948582BA52E72F3B57D22EA0,piping_segment,PipingNetworkSegment,"12""-WS-502002-AD750-0",523.5,285.0
C025-W-HO50-P-_F-001-01,S5AF47958C411A7AA2B945713284EA6,piping_component,PipeTee,,545.0,285.0
C025-W-HO50-P-_F-001-01,SC6A68484C87D1E2DE7C8DDA4A64E60,piping_system,PipingNetworkSystem,,389.25,359.251
C025-W-HO50-P-_F-001-01,SCA0EE42E43BAC175CB796CBF94C577,piping_segment,PipingNetworkSegment,"12""-WS-502003-AD750-0",569.25,392.25
C025-W-HO50-P-_F-001-01,S74AFDAE6A319EFD040FA4F861051FE,piping_component,FlangedConnection,,648.0,390.5
C025-W-HO50-P-_F-001-01,SCDE43C2F8636C583D541722C8B47D4,piping_segment,PipingNetworkSegment,"12""-WS-502003-AD750-0",209.25,321.5
C025-W-HO50-P-_F-001-01,SC27294B40E1E30645CEC57ECAD2036,piping_component,FlowMeasuringElement,,213.0,371.0
C025-W-HO50-P-_F-001-01,S87BAA70279FAAF55496930FCEC2015,piping_component,PipeTee,,213.0,397.0
C025-W-HO50-P-_F-001-01,S912B0ACF414D395FDF40AB0B332426,piping_segment,PipingNetworkSegment,"12""-WS-502003-AD750-0",248.25,397.0
C025-W-HO50-P-_F-001-01,S4CC4FF127520FF57D14EABCE663DDA,piping_component,PipeTee,,260.0,397.0
C025-W-HO50-P-_F-001-01,SDA520D697DCB42E01DBB23FCC7A020,piping_segment,PipingNetworkSegment,"12""-WS-502003-AD750-0",291.75,379.0
C025-W-HO50-P-_F-001-01,SD91EE4C638E18961DFEE71F7A2A63A,piping_component,ButterflyValve,50-ESV2116,271.0,373.0
C025-W-HO50-P-_F-001-01,SC45C6C87601668928798FB85F4A74D,piping_component,GateValve,50-HCV2014,303.0,373.0
C025-W-HO50-P-_F-001-01,S68B361B62E1CA9CC194757978C9106,piping_segment,PipingNetworkSegment,"12""-WS-502003-AD750-0",267.75,397.003
C025-W-HO50-P-_F-001-01,S35A8DE44952DFB7F6D012A942B139F,piping_component,PipeReducer,,271.0,397.006
C025-W-HO50-P-_F-001-01,S6D9F741C1115238F81EC291D5BF28B,piping_segment,PipingNetworkSegment,"12""-WS-502003-AD750-0",330.5,397.0
C025-W-HO50-P-_F-001-01,SF5F69DDFC3CB2907010D0D7AC33B6B,piping_component,PipeTee,,333.0,397.0
C025-W-HO50-P-_F-001-01,SE4355405C6010A3EF295A01FA2AF94,piping_segment,PipingNetworkSegment,"12""-WS-502003-AD750-0",303.5,397.0
C025-W-HO50-P-_F-001-01,SC2FE37C0F1B78C69AA1D963BC7AB37,piping_component,GateValve,50-FV2112,303.0,397.0
C025-W-HO50-P-_F-001-01,SA89188723C5BD0ACABE71F38BB65CE,piping_component,PipeReducer,,321.0,397.0
C025-W-HO50-P-_F-001-01,SAF449E5FFBE5DF83381FA3AEF73F01,piping_system,PipingNetworkSystem,,318.0,476.75
C025-W-HO50-P-_F-001-01,S6992F89DB035A9C43C7DAF3A668583,piping_segment,PipingNetworkSegment,"12""-WS-502014-AD750-0",213.0,435.75
C025-W-HO50-P-_F-001-01,S66D66629719E395AADFD6D1C725C5E,piping_component,CheckValve,50-2109WS,213.0,442.0
C025-W-HO50-P-_F-001-01,SCD22A8E7FBD973C4F1AEA4286A906F,piping_component,PipeTee,,213.0,454.0
C025-W-HO50-P-_F-001-01,S6398087759A26D493F2FC5E97822CC,piping_segment,PipingNetworkSegment,"12""-WS-502014-AD750-0",423.0,517.75
C025-W-HO50-P-_F-001-01,SEAE6D2C1601A98E980BB0B12156123,piping_component,ButterflyValve,50-2019WS,474.0,539.0
C025-W-HO50-P-_F-001-01,SB05A66600DA4EA10F811D3EC3AF7E6,pipe_off_page,FlowOutPipeOffPageConnector,,665.0,539.0
C025-W-HO50-P-_F-001-01,S629DD00118E9C43AEE2584A945229E,piping_system,PipingNetworkSystem,,409.619,477.489
C025-W-HO50-P-_F-001-01,S9DA98D7413D8170C3AA8F0CFCA4612,piping_segment,PipingNetworkSegment,"12""-WS-502000-AD750-0",213.0,467.727
C025-W-HO50-P-_F-001-01,S1CBF59CF97C2A8AB08F3452F948BF0,piping_component,ButterflyValve,50-2013WS,213.0,465.0
C025-W-HO50-P-_F-001-01,SC982C84A1407D7A27C3CFF4216A604,piping_component,PipeTee,,213.0,477.955
C025-W-HO50-P-_F-001-01,SA9AB4554994F3F770CE350DD71F25E,piping_segment,PipingNetworkSegment,"12""-WS-502000-AD750-0",209.238,478.0
C025-W-HO50-P-_F-001-01,S7F9C4E0F3FE2B0CA34CDD4ABD60BE5,piping_segment,PipingNetworkSegment,"12""-WS-502000-AD750-0",494.0,484.5
C025-W-HO50-P-_F-001-01,S595F8FE7C1B52A7703D711D216DF74,piping_component,GateValve,50-2016WS,494.0,488.0
C025-W-HO50-P-_F-001-01,S8DAEB9568309D0B3185882C8CD2D7E,piping_segment,PipingNetworkSegment,"12""-WS-502000-AD750-0",524.0,478.0
C025-W-HO50-P-_F-001-01,S1FBC15EE371D6CF3C037D9B66874B9,piping_component,PipeTee,,534.0,478.0
C025-W-HO50-P-_F-001-01,S554A5286BE945909CB7AC4076B97C3,piping_segment,PipingNetworkSegment,"12""-WS-502000-AD750-0",440.75,477.977
C025-W-HO50-P-_F-001-01,SB7E21DCA9C09EA9729A021DFB68B2C,piping_component,PipeTee,,459.0,477.955
C025-W-HO50-P-_F-001-01,S14215DD105828AE950B6CC15BA5F61,piping_segment,PipingNetworkSegment,"12""-WS-502000-AD750-0",626.0,478.0
C025-W-HO50-P-_F-001-01,SF872A49AC97EC98F63A6947C050CE2,pipe_off_page,FlowOutPipeOffPageConnector,,665.0,478.0
C025-W-HO50-P-_F-001-01,S12AFC343FF8D8668584C0EEDB2E314,piping_segment,PipingNetworkSegment,"12""-WS-502000-AD750-0",193.238,478.0
C025-W-HO50-P-_F-001-01,SD409410B163257835617541A83B9B7,piping_component,Flange,,183.0,478.0
C025-W-HO50-P-_F-001-01,S31BA326B28BE785965EC9AA2FB7C13,piping_component,GateValve,50-2331WS,189.687,478.0
C025-W-HO50-P-_F-001-01,SDFE43B456029F79C6E35B87F95245A,piping_component,PipeReducer,,203.476,478.0
C025-W-HO50-P-_F-001-01,S8BA95EBE08F9C82008690F0253D2A4,piping_segment,PipingNetworkSegment,"12""-WS-502000-AD750-0",386.0,487.25
C025-W-HO50-P-_F-001-01,SD5A08F0CC2050B2A20D60E783C5C28,piping_component,FlangedConnection,,386.0,490.5
C025-W-HO50-P-_F-001-01,S26205E08BCEA892AF67F5A92EA1F2D,piping_segment,PipingNetworkSegment,"12""-WS-502000-AD750-0",352.75,478.0
C025-W-HO50-P-_F-001-01,S491F04AA9710EAABBDCE26AE5507F5,piping_component,PipeTee,,360.0,478.0
C025-W-HO50-P-_F-001-01,S5E7B9D574CE9D4C7986B5BC513BE11,piping_segment,PipingNetworkSegment,"12""-WS-502000-AD750-0",534.0,484.5
C025-W-HO50-P-_F-001-01,S5D8A4451841F20BCEE14536A76C5DA,piping_component,GateValve,50-2018WS,534.0,488.0
C025-W-HO50-P-_F-001-01,S34ABFB8AAABAB19F9F2501220AC5D4,piping_segment,PipingNetworkSegment,"12""-WS-502000-AD750-0",485.25,478.0
C025-W-HO50-P-_F-001-01,S8A9A606566B8899E82997C2EBF845E,piping_component,PipeTee,,494.0,478.0
C025-W-HO50-P-_F-001-01,S2026284D8E8E29E5891645101E9931,piping_segment,PipingNetworkSegment,"12""-WS-502000-AD750-0",360.0,487.25
C025-W-HO50-P-_F-001-01,S325F2FD86574EF4A9848D4CBA4D719,piping_component,FlangedConnection,,360.0,490.5
C025-W-HO50-P-_F-001-01,S7B2E5A950F346BC547421AAAA4B28A,piping_segment,PipingNetworkSegment,"12""-WS-502000-AD750-0",379.5,478.0
C025-W-HO50-P-_F-001-01,SA3991A76C491B105B1DA4B52594A9F,piping_component,PipeTee,,386.0,478.0
C025-W-HO50-P-_F-001-01,S76F8368C7D3585793673526425D633,piping_segment,PipingNetworkSegment,"12""-WS-502000-AD750-0",301.5,478.0
C025-W-HO50-P-_F-001-01,SE742BB3822A7CD086F09EFB40486A0,piping_component,PipeTee,,331.0,478.0
C025-W-HO50-P-_F-001-01,S1D4BE289292E3711E3B1D143806930,piping_system,PipingNetworkSystem,,498.0,502.0
C025-W-HO50-P-_F-001-01,S5F1F3AB9785424A1C6E4B8D292ABEF,piping_segment,PipingNetworkSegment,"2""-WS-502009-AD750-4",498.0,502.0
C025-W-HO50-P-_F-001-01,S603D7B6B65517E7C4E8F06A34A6A3C,piping_component,GateValve,50-2025WS,331.0,496.0
C025-W-HO50-P-_F-001-01,SFC3410065E4DC7B3FC5CD4E2DF3B25,pipe_off_page,FlowOutPipeOffPageConnector,,665.0,519.0
C025-W-HO50-P-_F-001-01,SC6C98FEBD051DCC10AE73985641E87,piping_system,PipingNetworkSystem,,577.25,453.0
C025-W-HO50-P-_F-001-01,SDBD75FD9CEB6C9EF653777FEF40D48,piping_segment,PipingNetworkSegment,"12""-WS-502015-AD750-0",577.25,453.0
C025-W-HO50-P-_F-001-01,S81A712A396A7D7BB75749A31B2F12A,piping_component,ButterflyValve,50-2020WS,524.0,453.0
C025-W-HO50-P-_F-001-01,SD0F7B81B1181893EF3F75305A9C233,pipe_off_page,FlowOutPipeOffPageConnector,,665.0,453.0
C025-W-HO50-P-_F-001-01,SE25CF3E6BC26A1227EB01EB64CD6A7,piping_system,PipingNetworkSystem,,655.375,276.062
C025-W-HO50-P-_F-001-01,S4263DD277A7F5C6CCCF914BFC3D15F,piping_segment,PipingNetworkSegment,"12""-WS-500269-AD750-0",654.25,312.5
C025-W-HO50-P-_F-001-01,S4A18CE256E4F928969EC4516283070,piping_component,PipeTee,,648.0,251.0
C025-W-HO50-P-_F-001-01,SBCF6A14224550CA22C67743C251ECD,piping_segment,PipingNetworkSegment,"12""-WS-500269-AD750-0",656.5,239.624
C025-W-HO50-P-_F-001-01,SFABCC279DF7D35016FFD365D8375A9,pipe_off_page,FlowOutPipeOffPageConnector,,669.0,235.748
C025-W-HO50-P-_F-001-01,SA6AB79E7DCA7F75118D83E9E35BFCB,piping_system,PipingNetworkSystem,,404.125,320.25
C025-W-HO50-P-_F-001-01,SA7C7BB8FB6CACD74BA584052D578EA,piping_segment,PipingNetworkSegment,"12""-WS-502001-AD750-0",375.5,238.25
C025-W-HO50-P-_F-001-01,S8BC4B0D48E5493FF9CAFE902283551,piping_component,FlangedConnection,,351.0,234.5
C025-W-HO50-P-_F-001-01,S7C582A64F300A6DFBA875EC312B27E,piping_component,FlangedConnection,,356.5,246.0
C025-W-HO50-P-_F-001-01,S553B9F21A3C5F9AE53FAB819AC18B8,piping_component,PipeTee,,400.0,246.0
C025-W-HO50-P-_F-001-01,S1073849C43213E23EF21F9C56D2CA8,piping_segment,PipingNetworkSegment,"12""-WS-502001-AD750-0",459.0,466.5
C025-W-HO50-P-_F-001-01,SEDF7DD5925D26BDBD095915232DF46,piping_component,ButterflyValve,50-2014WS,459.0,465.0
C025-W-HO50-P-_F-001-01,S7C85B6BCE4D77C2020B3C5C4835477,piping_segment,PipingNetworkSegment,"12""-WS-502001-AD750-0",350.997,222.25
C025-W-HO50-P-_F-001-01,S25046973DE48E7989415C138C1DDDA,piping_component,PipeReducer,,350.994,225.0
C025-W-HO50-P-_F-001-01,SAAB88E2DF9A1C99B60F7093BA20717,piping_segment,PipingNetworkSegment,"12""-WS-502001-AD750-0",448.25,265.5
C025-W-HO50-P-_F-001-01,SFD8CED0F44461551E2BB6D8B4D49B8,piping_component,FlowMeasuringElement,,459.0,270.001
C025-W-HO50-P-_F-001-01,S595D08B244D7C9AAEFC14D863B02C8,piping_component,PipeTee,,459.0,285.0
C025-W-HO50-P-_F-001-01,S3A9CD3E6EBBA153F50FC4ABBCEE003,piping_segment,PipingNetworkSegment,"12""-WS-502001-AD750-0",349.25,174.0
C025-W-HO50-P-_F-001-01,SE8F0A40056FAAE45D3A728A74A5CC2,piping_component,CheckValve,,351.0,139.0
C025-W-HO50-P-_F-001-01,SCC4B2F78F600492741C5EA716EBC6A,piping_component,FlangedConnection,,351.0,215.0
C025-W-HO50-P-_F-001-01,SCE8100BBF80DE122ECBDE19E61B0EB,piping_segment,PipingNetworkSegment,"12""-WS-502001-AD750-0",412.0,246.0
C025-W-HO50-P-_F-001-01,S8928EB6BB6771B8156B83F8D54E257,piping_component,PipeTee,,416.0,246.0
C025-W-HO50-P-_F-001-01,S868B2FB812D274700B5975BB49AF11,piping_segment,PipingNetworkSegment,"12""-WS-502001-AD750-0",400.0,254.75
C025-W-HO50-P-_F-001-01,S62FA7835667563D555FEA347D3D12B,piping_component,GateValve,50-2015WS,400.0,259.0
C025-W-HO50-P-_F-001-01,SD5BE69123C52B1214F6CFC9F6A2F91,piping_segment,PipingNetworkSegment,"12""-WS-502001-AD750-0",459.0,407.25
C025-W-HO50-P-_F-001-01,S6D9019873422456D1EE0A45F228D1E,piping_component,CheckValve,50-2122WS,459.0,442.0
C025-W-HO50-P-_F-001-01,SAFC6AC0FB242FAFFD49FB5FE1FEAF2,piping_component,PipeTee,,459.0,453.0
C025-W-HO50-P-_F-001-01,S6B29313CCF47920757AB510DC491B9,piping_system,PipingNetworkSystem,,99.5,153.0
C025-W-HO50-P-_F-001-01,S36629080356479DFDC5402BEC825DA,piping_segment,PipingNetworkSegment,,99.5,153.0
C025-W-HO50-P-_F-001-01,SB1B7BEA4256015DC6923CF8081E841,piping_component,AngleValve,50-PCV2511,93.0,131.0
C025-W-HO50-P-_F-001-01,SB806C06CB1AAEED32B3A4D96A3F131,piping_system,PipingNetworkSystem,,109.0,206.5
C025-W-HO50-P-_F-001-01,SA82749E7CC2056DDEFD798377582BD,piping_segment,PipingNetworkSegment,,109.0,206.5
C025-W-HO50-P-_F-001-01,SB63D9C862A3994306843402670CEE4,piping_system,PipingNetworkSystem,,551.0,373.75
C025-W-HO50-P-_F-001-01,SDDC12DC9965CD496A8C09645143BE4,piping_segment,PipingNetworkSegment,,551.0,373.75
C025-W-HO50-P-_F-001-01,S9D1B1A5840F6FE101A01B7B818006E,piping_component,AngleValve,63-PSV2170,551.0,377.0
C025-W-HO50-P-_F-001-01,SDF13A65F7F030B611BC27B677F179F,piping_system,PipingNetworkSystem,,543.0,323.5
C025-W-HO50-P-_F-001-01,S8B29CB8862FDD81A5302CF1B3A7790,piping_segment,PipingNetworkSegment,,543.0,323.5
C025-W-HO50-P-_F-001-01,S36C91BC1F46EEC0E5141FA067E1798,piping_component,CheckValve,,535.0,313.0
C025-W-HO50-P-_F-001-01,S5906D24F6A70D8EF7F1760DDBEF988,piping_component,PipeTee,,551.0,313.0
C025-W-HO50-P-_F-001-01,SA00A5E9E879A5C0DA39248A963CD33,piping_component,GateValve,,551.0,323.0
C025-W-HO50-P-_F-001-01,S91CB9BE73447639E99D7B37A056D3B,piping_system,PipingNetworkSystem,,310.5,153.0
C025-W-HO50-P-_F-001-01,SF79B50461F4573AFD68E91CDFAAC92,piping_segment,PipingNetworkSegment,,310.5,153.0
C025-W-HO50-P-_F-001-01,SD1BD02ABD32E08A113748BBDB17F16,piping_component,AngleValve,50-PCV2611,304.0,131.0
C025-W-HO50-P-_F-001-01,S794DBEA7B4A4E84E0104183710EC5C,piping_system,PipingNetworkSystem,,88.25,462.0
C025-W-HO50-P-_F-001-01,S13EDEC9BCE184AF92F84A777C35C8E,piping_segment,PipingNetworkSegment,,88.25,462.0
C025-W-HO50-P-_F-001-01,SE3767F10AE28675032912EE815971B,piping_component,GateValve,,87.0,462.0
C025-W-HO50-P-_F-001-01,S5956C29E01FD8E4B7157E23BADC6D7,piping_component,Flange,,82.0,462.0
C025-W-HO50-P-_F-001-01,S57F73262C57828B2D42FB918531E0C,piping_system,PipingNetworkSystem,,534.0,360.0
C025-W-HO50-P-_F-001-01,S538CC2600E94B8C79D18574255F4F8,piping_segment,PipingNetworkSegment,,534.0,360.0
C025-W-HO50-P-_F-001-01,S49FD42163E91ACD6EC57EFE27A6BEE,piping_component,GateValve,,534.0,360.0
C025-W-HO50-P-_F-001-01,SD3B9525FA9B4CC9092CC3BCC927AF6,piping_system,PipingNetworkSystem,,531.5,347.0
C025-W-HO50-P-_F-001-01,SB7E2A91486DE3CD5427D1BB2F5C4C6,piping_segment,PipingNetworkSegment,,531.5,347.0
C025-W-HO50-P-_F-001-01,SDB4DB6753A1F5B7929E8E5066B0ED6,piping_component,Flange,,529.0,347.0
C025-W-HO50-P-_F-001-01,S60BB243FC3EBE570D44992BAC8140C,piping_component,GateValve,,534.0,347.0
C025-W-HO50-P-_F-001-01,S9A7DCE70B131E1463F2B100B3906A9,piping_system,PipingNetworkSystem,,149.0,235.0
C025-W-HO50-P-_F-001-01,SBC0100CC7B722D9C87A57300BF9CFB,piping_segment,PipingNetworkSegment,,149.0,235.0
C025-W-HO50-P-_F-001-01,SE3ED3A7FD3ED824810AD3BD43BB483,piping_system,PipingNetworkSystem,,360.0,235.0
C025-W-HO50-P-_F-001-01,SAE196106AF52FD2F7B1826AA70C389,piping_segment,PipingNetworkSegment,,360.0,235.0
C025-W-HO50-P-_F-001-01,S4B71287C4D2DD96EB90904A00EBC26,piping_system,PipingNetworkSystem,,260.0,406.0
C025-W-HO50-P-_F-001-01,S777331C0B7DF53BA3A13EA5FC56F2A,piping_segment,PipingNetworkSegment,,260.0,406.0
C025-W-HO50-P-_F-001-01,SDA2F4B946BE17CE3FD84F0B20D612F,piping_system,PipingNetworkSystem,,545.0,294.0
C025-W-HO50-P-_F-001-01,S7915AC7B86B50F4EF9B8AF0950C02E,piping_segment,PipingNetworkSegment,,545.0,294.0
C025-W-HO50-P-_F-001-01,SFB8988D9799ADBADAE13CFEED9677C,equipment,Pump,50-PH50A,124.0,184.0
C025-W-HO50-P-_F-001-01,SB3CD92F9EE3F3EF201514EBA0EC9D7,nozzle,Nozzle,,124.0,239.0
C025-W-HO50-P-_F-001-01,SD2AABA930A952D7D422CA9EA583A51,nozzle,Nozzle,,133.0,131.0
C025-W-HO50-P-_F-001-01,S5780C11B50551B77DE4A19A0A96E15,nozzle,Nozzle,,115.0,131.0
C025-W-HO50-P-_F-001-01,SB49B4199CA1A02051D428B48CB944B,equipment,Pump,50-PH50B,335.0,184.0
C025-W-HO50-P-_F-001-01,S15CC534E4CC2DC3E768454EAB81108,nozzle,Nozzle,,335.0,239.0
C025-W-HO50-P-_F-001-01,S9E9F38B3D6F4574FD677F1C20E2B3D,nozzle,Nozzle,,344.0,131.0
C025-W-HO50-P-_F-001-01,S306190EF377A6F4EA60A4BD944C54D,nozzle,Nozzle,,326.0,131.0
C025-W-HO50-P-_F-001-01,S5A2CE7B3367BE5F00B3CC9EDF68A9F,equipment,CustomEquipment,50-TG50A,116.0,152.5
C025-W-HO50-P-_F-001-01,SB55AE7F7D484FBC5E3B5C49C95D6F6,nozzle,Nozzle,N2,93.0,215.0
C025-W-HO50-P-_F-001-01,S80CB71E3009443FBD631E0655A8668,nozzle,Nozzle,N3,109.0,215.0
C025-W-HO50-P-_F-001-01,S4440E2715338EFF63A8C44D23EA960,nozzle,Nozzle,,138.0,215.0
C025-W-HO50-P-_F-001-01,SB55AE7F7D484FBC5E3B5C49C95D6F61,nozzle,Nozzle,,93.0,215.0
C025-W-HO50-P-_F-001-01,S80CB71E3009443FBD631E0655A86681,nozzle,Nozzle,,109.0,215.0
C025-W-HO50-P-_F-001-01,SEC6D7C25136DAE46C27B0F60A52057,instrument,ProcessInstrumentationFunction,50-PI2002,397.566,302.0
C025-W-HO50-P-_F-001-01,S52E08940A90F86C29B5734F85CC86A,instrument,ProcessInstrumentationFunction,50-XSH2115B,351.566,301.0
C025-W-HO50-P-_F-001-01,S828687D93AAF1CECE8689B4DE5A151,instrument,ProcessInstrumentationFunction,50-XSH2115A,142.566,301.0
C025-W-HO50-P-_F-001-01,SC31E0F68616E753CA6D01A9C4E9C83,instrument,ProcessInstrumentationFunction,50-HIC2115B,332.566,301.0
C025-W-HO50-P-_F-001-01,SB5A172B88206B8C733EB3D262E71AF,instrument,ProcessInstrumentationFunction,50-HIC2115A,121.566,301.0
C025-W-HO50-P-_F-001-01,S70C7DFF0C366831BB03273AD7A100E,instrument,ProcessInstrumentationFunction,50-HS2057B,376.066,301.0
C025-W-HO50-P-_F-001-01,S7CEE044AB91DF918DF9DCA00CE6692,instrument,ProcessInstrumentationFunction,50-HS2057A,165.566,301.0
C025-W-HO50-P-_F-001-01,S4B84467B02EBF29008F42D945552D5,instrument,ProcessInstrumentationFunction,50-PC2115,369.566,416.0
C025-W-HO50-P-_F-001-01,S14620C5DA486634CD5045137BA5D4F,instrument,ProcessInstrumentationFunction,50-FIC2112,300.566,450.0
C025-W-HO50-P-_F-001-01,S3D85581B73B99001E90BAE007BDDCE,instrument,ProcessInstrumentationFunction,50-FIC2114,582.566,333.0
C025-W-HO50-P-_F-001-01,SCA9FCDAD1E1A1BC523AA58376A5640,instrument,ProcessInstrumentationFunction,50-SI2115B,317.566,262.0
C025-W-HO50-P-_F-001-01,S3B83FFA043B109F901217703817687,instrument,ProcessInstrumentationFunction,50-SI2115A,106.566,262.0
C025-W-HO50-P-_F-001-01,SA9AA9C2FC16E5BE14C17762987B507,instrument,ProcessInstrumentationFunction,50-PI2001,187.566,301.0
C025-W-HO50-P-_F-001-01,S30E5EABACCF99FFF0AE829B73AE930,equipment,CustomEquipment,50-TG50B,327.1,152.5
C025-W-HO50-P-_F-001-01,SF00B428FC65BC0DA751477BE0CCBEC,nozzle,Nozzle,N2,304.0,215.0
C025-W-HO50-P-_F-001-01,S78B280E7B3657E2601AD8400F5ECB7,nozzle,Nozzle,N3,320.0,215.0
C025-W-HO50-P-_F-001-01,S78B280E7B3657E2601AD8400F5ECB71,nozzle,Nozzle,,320.0,215.0
C025-W-HO50-P-_F-001-01,SA1BD56989169506E61A248F18BA398,nozzle,Nozzle,,349.0,215.0
C025-W-HO50-P-_F-001-01,SF00B428FC65BC0DA751477BE0CCBEC1,nozzle,Nozzle,,304.0,215.0
C025-W-HO50-P-_F-001-01,S5E3A7FE2589B446994E4372D7CC24B,instrument,ProcessInstrumentationFunction,50-PI2003,555.565,507.0
C025-W-HO50-P-_F-001-01,S35A6D49B74283099E75F81E948BE55,instrument,ProcessInstrumentationFunction,50-HIC2014,369.565,356.0
C025-W-HO50-P-_F-001-01,SDEB2D84FA902FEDB93BD29072DD9DB,instrument,ProcessInstrumentationFunction,50-HIC2015,603.565,208.714
C025-W-HO50-P-_F-001-01,S5E53D509C2913EA7EA38D8E79A89AC,piping_system,PipingNetworkSystem,,354.0,323.999
C025-W-HO50-P-_F-001-01,S8B3613A32523BD19342C912071988C,piping_segment,PipingNetworkSegment,,354.0,323.999
C025-W-HO50-P-_F-001-01,S7CE2D877B9780EFBA3AD1B9FC46AD9,piping_component,AngleValve,,354.0,323.999
C025-W-HO50-P-_F-001-01,S882E4EA04232288AAC337ABD800127,piping_system,PipingNetworkSystem,,629.0,220.713
C025-W-HO50-P-_F-001-01,S7F8EE78A0AECE5A9A195C5D77AA444,piping_segment,PipingNetworkSegment,,629.0,220.713
C025-W-HO50-P-_F-001-01,S7E9590FAFC7761085F6BBF781AFFA4,piping_component,AngleValve,,629.0,220.713
C025-W-HO50-P-_F-001-01,S84550F55BF2E0C1A75EE8650D8B7E5,equipment,Tank,63-VX51,551.0,354.5
C025-W-HO50-P-_F-001-01,S58110B9CE2347DC1CC8E7DFBBD9C11,nozzle,Nozzle,,551.0,368.0
C025-W-HO50-P-_F-001-01,S113BAE5CBE4A8F68943E3395CBBF63,nozzle,Nozzle,,551.0,341.0
C025-W-HO50-P-_F-001-01,SAC9BBCF4A3D83B84C249AEE60E14A5,nozzle,Nozzle,,545.0,358.0
C025-W-HO50-P-_F-001-01,SA39C1AF9C7FBCCC2CE7FBC9DF19DAE,nozzle,Nozzle,,545.0,345.0
C025-W-HO50-P-_F-001-01,SB06FD7345892F3669195455C4F29B0,equipment,Tank,63-VX50,104.0,469.5
C025-W-HO50-P-_F-001-01,S3AF7C6DCC31A3A71C4C557D5727EBF,nozzle,Nozzle,,104.0,456.0
C025-W-HO50-P-_F-001-01,S17B49AE85EDC890CD12AC9026CEBB1,nozzle,Nozzle,,104.0,483.0
C025-W-HO50-P-_F-001-01,SF91674EC78C55D35DDA7301D79A810,nozzle,Nozzle,,98.0,475.0
C025-W-HO50-P-_F-001-01,S4CE20FABC734D3225AD452DB596A0D,nozzle,Nozzle,,98.0,462.0
C025-W-HO50-P-_F-001-01,S3A591789ED7AED641595953216D7B5,instrument,ProcessInstrumentationFunction,50-HY2015,647.0,220.714
C025-W-HO50-P-_F-001-01,S26C69FBF054B4EF5F5F9CA3D33FB22,signal_generator,ProcessSignalGeneratingFunction,,629.0,220.713
C025-W-HO50-P-_F-001-01,SA4255B101FFF9C30AC61E552517515,instrument,ProcessInstrumentationFunction,50-EY2014,331.0,336.0
C025-W-HO50-P-_F-001-01,S1F059E38D3C051CE5331DA2CFF8E04,actuating_function,ActuatingFunction,,354.0,324.0
C025-W-HO50-P-_F-001-01,SD7AF0A6FE5D5758400B014D482E738,instrument,ProcessInstrumentationFunction,50-EY2015,606.0,246.0
C025-W-HO50-P-_F-001-01,SC314DF3ED7E71754CC9D9F7B320198,actuating_function,ActuatingFunction,,629.0,234.0
C025-W-HO50-P-_F-001-01,S915A65A2E7A821CFB082A4377432CA,instrument,ProcessInstrumentationFunction,50-FY2114,585.0,313.0
C025-W-HO50-P-_F-001-01,S651C8DB83BC9742C1EEAB92DFAE6DF,signal_generator,ProcessSignalGeneratingFunction,,551.0,313.0
C025-W-HO50-P-_F-001-01,SF1C8A3BC38787DBA63ED8B58FC5811,actuating_function,ActuatingFunction,,585.0,285.0
C025-W-HO50-P-_F-001-01,S7F8FDCBE0BE284FBED37D6C9D53BBF,instrument,ProcessInstrumentationFunction,50-FY2112,303.0,426.0
C025-W-HO50-P-_F-001-01,SE6EEE1C41DAE3E3BD9219A9DA1C9AD,signal_generator,ProcessSignalGeneratingFunction,,104.0,426.0
C025-W-HO50-P-_F-001-01,S83C619C3149B82628785F0793AD62C,actuating_function,ActuatingFunction,,303.0,397.0
C025-W-HO50-P-_F-001-01,S454A0E549BF43E1DE936C7579B0243,instrument,ProcessInstrumentationFunction,50-FT2114,477.0,270.0
C025-W-HO50-P-_F-001-01,S1D5423758E63FDD20B6B405F602201,signal_generator,ProcessSignalGeneratingFunction,,459.0,270.001
C025-W-HO50-P-_F-001-01,SCD1434353665A6811C87CA614D7FC1,instrument,ProcessInstrumentationFunction,50-FT2112,231.0,371.0
C025-W-HO50-P-_F-001-01,S17CD6E693BDD4E67B2DE66BB39E9F3,signal_generator,ProcessSignalGeneratingFunction,,213.0,371.0
C025-W-HO50-P-_F-001-01,S95ABF0E0C4D42AE597406E7807BEFF,instrument,ProcessInstrumentationFunction,50-PT2001,190.0,278.0
C025-W-HO50-P-_F-001-01,SD3BD4C8051B881131A441AC6DFE04A,signal_generator,ProcessSignalGeneratingFunction,,190.0,259.0
C025-W-HO50-P-_F-001-01,SB456E9EDB5956BC81E5F8738B2C048,instrument,ProcessInstrumentationFunction,50-PT2003,534.0,507.0
C025-W-HO50-P-_F-001-01,S6FC7AA40737F1D6B26C1D92E3C96F9,signal_generator,ProcessSignalGeneratingFunction,,534.0,488.0
C025-W-HO50-P-_F-001-01,S8BE0D5E01E903D5183871389D26523,instrument,ProcessInstrumentationFunction,50-HY2014,372.0,324.0
C025-W-HO50-P-_F-001-01,SC5EFC436C788FF74F4763931BDF899,signal_generator,ProcessSignalGeneratingFunction,,354.0,323.999
C025-W-HO50-P-_F-001-01,S64876857D087B0106DDBD37808E110,instrument,ProcessInstrumentationFunction,50-PT2115,494.0,507.0
C025-W-HO50-P-_F-001-01,S3FDAB6B8DC0B5CB25C295FE2DFDCB3,signal_generator,ProcessSignalGeneratingFunction,,494.0,488.0
C025-W-HO50-P-_F-001-01,SF37710CB86E2E2DDC7908F969CE39A,instrument,ProcessInstrumentationFunction,63-PI2174,70.0,475.0
C025-W-HO50-P-_F-001-01,SE42479078E91E27C1F0CE128D44ABD,signal_generator,ProcessSignalGeneratingFunction,,87.0,475.0
C025-W-HO50-P-_F-001-01,S26816B543934B2FC283B01FE03D79C,instrument,ProcessInstrumentationFunction,63-PI2175,517.0,360.0
C025-W-HO50-P-_F-001-01,SCE0EBAF73084F9E19BFBCA61AD534C,signal_generator,ProcessSignalGeneratingFunction,,534.0,360.0
C025-W-HO50-P-_F-001-01,S16C5AE5CAF4072F2E4264030761CD2,instrument,ProcessInstrumentationFunction,50-PT2002,400.0,278.0
C025-W-HO50-P-_F-001-01,SE6AB6CBD8CE48997B5400EF418A762,signal_generator,ProcessSignalGeneratingFunction,,400.0,259.0
C025-W-HO50-P-_F-001-01,S9B57F1E7C286C72AFF8DEC30B779BC,instrument,ProcessInstrumentationFunction,82-ER51A,132.307,279.685
C025-W-HO50-P-_F-001-01,S5852E1B85880A5CEA7B00939DFEEC6,signal_generator,ProcessSignalGeneratingFunction,,124.0,239.0
C025-W-HO50-P-_F-001-01,S8CB4C16E1EF234202DB442BAD2B0D9,instrument,ProcessInstrumentationFunction,,509.0,274.0
C025-W-HO50-P-_F-001-01,SC6F7B6B774609E26F358122EDEC0CC,instrument,ProcessInstrumentationFunction,,184.0,405.0
C025-W-HO50-P-_F-001-01,S9C2954526A3FA7B4A17936ECEAE3BA,instrument,ProcessInstrumentationFunction,,617.0,271.0
C025-W-HO50-P-_F-001-01,SC314DF3ED7E71754CC9D9F7B3201981,actuating_function,ActuatingFunction,,629.0,234.0
C025-W-HO50-P-_F-001-01,S683E04F82A195EF792E0540CD6BA0E,instrument,ProcessInstrumentationFunction,,89.0,301.0
C025-W-HO50-P-_F-001-01,SE626F9C4B62C14EAC595FD1F88BA11,instrument,ProcessInstrumentationFunction,,330.0,356.0
C025-W-HO50-P-_F-001-01,S1F059E38D3C051CE5331DA2CFF8E041,actuating_function,ActuatingFunction,,354.0,324.0
C025-W-HO50-P-_F-001-01,S14D5ED673E067DED2C39AD196A4CC4,instrument,ProcessInstrumentationFunction,,297.0,301.0
C025-W-HO50-P-_F-001-01,S74A067CDC0AD3CE3DC3D7A41215EEB,instrument,ProcessInstrumentationFunction,,184.0,385.0
C025-W-HO50-P-_F-001-01,S96B2DACF098ACCBA72985FC97D031D,instrument,ProcessInstrumentationFunction,,509.0,254.0
C025-W-HO50-P-_F-001-01,S6F202F609F098479ADE0AADBF50621,instrument,ProcessInstrumentationFunction,,297.0,281.0
C025-W-HO50-P-_F-001-01,SEE0ED5CC9810E24A261E6C3B927F21,instrument,ProcessInstrumentationFunction,,89.0,281.0
C025-W-HO50-P-_F-001-01,S410D6F918381073C5283D9CA5A7D5D,instrument,ProcessInstrumentationFunction,82-ER51B,343.307,279.685
C025-W-HO50-P-_F-001-01,S3C3178602DFF163523360AAA00D246,signal_generator,ProcessSignalGeneratingFunction,,335.0,239.0
C025-W-HO50-P-_F-001-01,S9E22107049BD7552B7FF585A5629BC,equipment,CustomEquipment,,345.0,231.0
C025-W-HO50-P-_F-001-01,S2B565F3B985BEFD458BFA6DEF675FB,nozzle,Nozzle,N1,345.0,231.0
C025-W-HO50-P-_F-001-01,S4A76EFE2096005A331D3634DFCD9CD,equipment,CustomEquipment,,134.0,231.0
C025-W-HO50-P-_F-001-01,S569E5F11589770F5044E55C57698F7,nozzle,Nozzle,N1,134.0,231.0
C025-W-HO50-P-_F-001-01,S7FBA7729B502A9C736F94ED049EB9A,instrument,ProcessInstrumentationFunction,,198.0,385.0
C025-W-HO50-P-_F-001-01,SB2FA3F6192ADF4373A2CFA59358963,actuating_function,ActuatingFunction,,271.0,373.0
C025-W-HO50-P-_F-001-01,S608EF781BA44C68E21EDC598396D7C,instrument,ProcessInstrumentationFunction,,315.0,281.0
C025-W-HO50-P-_F-001-01,SA02FBD69DA5BB6C093F57337C906C3,instrument,ProcessInstrumentationFunction,,523.0,274.0
C025-W-HO50-P-_F-001-01,S9DBA939705E169A265BE79B5B6735F,actuating_function,ActuatingFunction,,556.0,262.0
C025-W-HO50-P-_F-001-01,SCAD75F055A776C42E0EA1EEB78E4AC,instrument,ProcessInstrumentationFunction,,372.0,373.0
C025-W-HO50-P-_F-001-01,S4F536CACCC867DE9FE54871EBDFA46,instrument,ProcessInstrumentationFunction,,104.0,281.0
C025-W-HO63-P-_U-005-01,SEF9215B8B2CB8FA2FBF9FB589D6A54,nozzle,Nozzle,,0.0,0.0
C025-W-HO63-P-_U-005-01,S94181791C6724AED56AA4F2ABC1E79,equipment,CustomEquipment,,0.0,0.0
C025-W-HO63-P-_U-005-01,S43E0A635A366DCCC1FC3231B9C8CA5,instrument,ProcessInstrumentationFunction,,0.0,0.0
C025-W-HO63-P-_U-005-01,S2093286AFFE0B80230E824D10A6B64,piping_component,Hose,,0.0,0.0
C025-W-HO63-P-_U-005-01,SB16255F02244682864065B4ECD4A3D,actuator,ControlledActuator,,0.0,0.0
C025-W-HO63-P-_U-005-01,SC5460CF623A7B71A8E96ADD7510E4F,piping_component,CheckValve,,0.0,0.0
C025-W-HO63-P-_U-005-01,SB6FC772AF7C44C239D595113BE32E1,piping_component,CheckValve,,0.0,0.0
C025-W-HO63-P-_U-005-01,S66705AC8E651FBCC6114F2E62AE474,piping_component,BallValve,,0.0,0.0
C025-W-HO63-P-_U-005-01,S1A35B8FE6EC708125872F221346F3A,piping_component,BallValve,,0.0,0.0
C025-W-HO63-P-_U-005-01,SA1F3C800FA74C2BE65A4CE6065FBE9,piping_component,BallValve,,0.0,0.0
C025-W-HO63-P-_U-005-01,S9448EFC8AB98861959E1F345186EE1,piping_component,BallValve,,0.0,0.0
C025-W-HO63-P-_U-005-01,S6C3382F6DB338DC94FF18D9D95B68E,instrument,ProcessInstrumentationFunction,,0.0,0.0
C025-W-HO63-P-_U-005-01,SAABCF7C459BA38688CB81AD7958234,piping_component,AngleValve,,0.0,0.0
C025-W-HO63-P-_U-005-01,SFE8B1CB9A5C13D619332BF36F40DE5,actuator,ControlledActuator,,0.0,0.0
C025-W-HO63-P-_U-005-01,SB55989F6F0C88DB8FD071F29473CBF,pipe_off_page,FlowInPipeOffPageConnector,,0.0,0.0
C025-W-HO63-P-_U-005-01,S6FDF490257103C9E09276E73540A75,pipe_off_page,FlowOutPipeOffPageConnector,,0.0,0.0
C025-W-HO63-P-_U-005-01,S467AABDF78D8D09C4A4453B353732E,piping_component,GateValve,,0.0,0.0
C025-W-HO63-P-_U-005-01,SE116AECEDC711EE165679992688349,piping_component,BallValve,,0.0,0.0
C025-W-HO63-P-_U-005-01,S9E572C9D3BE4EEC488C79900715773,instrument,ProcessInstrumentationFunction,,0.0,0.0
C025-W-HO63-P-_U-005-01,SC70C86E56D1963B2E5DB4A82D8214A,piping_component,GateValve,,0.0,0.0
C025-W-HO63-P-_U-005-01,SA77D4C762A585E61E628DD280A4B25,piping_component,PipeReducer,,0.0,0.0
C025-W-HO63-P-_U-005-01,S4E13654BE85A30D1F07C4A66DBCB7D,piping_component,PipeFitting,,0.0,0.0
C025-W-HO63-P-_U-005-01,S82C3297E0DFB5856116588CEF6F94A,piping_component,BallValve,,0.0,0.0
C025-W-HO63-P-_U-005-01,SA28F63610B834F8BA70D5D08AA7EA4,instrument,ProcessInstrumentationFunction,,0.0,0.0
C025-W-HO63-P-_U-005-01,SD41908492C3DFD265F45D31567B195,piping_component,BallValve,,0.0,0.0
C025-W-HO63-P-_U-005-01,S822714C9294DBE4E05031CD3DDEDEC,piping_component,FlangedConnection,,0.0,0.0
C025-W-HO63-P-_U-005-01,S575022A49F189A894350FAB3A6B444,piping_component,FlangedConnection,,0.0,0.0
C025-W-HO63-P-_U-005-01,S78F0D4D92171C2FD322D28E7331EDE,nozzle,Nozzle,,0.0,0.0
C025-W-HO63-P-_U-005-01,SCF3E34014120FB360F35B6904575BF,piping_component,PipeTee,,0.0,0.0
C025-W-HO63-P-_U-005-01,S43E0A635A366DCCC1FC3231B9C8CA51,instrument,ProcessInstrumentationFunction,,0.0,0.0
C025-W-HO63-P-_U-005-01,SC884AB0F42B5D6F5E5B73DBAED10E9,instrument_loop,InstrumentationLoopFunction,,188.566,414.0
C025-W-HO63-P-_U-005-01,S8DCC9F7214BABFD9BD8C557197F5B5,instrument_loop,InstrumentationLoopFunction,,130.566,427.0
C025-W-HO63-P-_U-005-01,SD8251E66A5FCC2AB32FB758336C184,instrument_loop,InstrumentationLoopFunction,,191.0,389.0
C025-W-HO63-P-_U-005-01,SB81CDCAA2C56B72C89BBD305ED1BB4,instrument_loop,InstrumentationLoopFunction,,125.0,403.0
C025-W-HO63-P-_U-005-01,SFFE360505616979995E31AC6B53007,instrument_loop,InstrumentationLoopFunction,,133.0,403.0
C025-W-HO63-P-_U-005-01,S420C6CBB6334003CA2B239016D1C33,actuating_system,ActuatingSystem,,159.0,367.0
C025-W-HO63-P-_U-005-01,SE35A4A0408D36DDA21739EDBC9CFC9,actuator,ControlledActuator,,159.0,367.0
C025-W-HO63-P-_U-005-01,S5A04DD32E8C2CA49D7423FE92C2BC8,actuator,OperatedValveReference,,159.0,367.0
C025-W-HO63-P-_U-005-01,SD871FC34225B077753B1E56286DC1A,actuating_system,ActuatingSystem,,159.0,403.0
C025-W-HO63-P-_U-005-01,SA4ACEC05BC53A20491E19203C5F33C,actuator,ControlledActuator,,159.0,403.0
C025-W-HO63-P-_U-005-01,S630B925AADC0B81E8C66492706BF03,actuator,OperatedValveReference,,159.0,403.0
C025-W-HO63-P-_U-005-01,S8B3FCDA212E271E4F0F95C82146BE4,piping_system,PipingNetworkSystem,,562.25,469.25
C025-W-HO63-P-_U-005-01,S61A13DACE69CF5E9688326182EC73C,piping_segment,PipingNetworkSegment,"1""-AP-632005-AS200-0",562.25,469.25
C025-W-HO63-P-_U-005-01,SB3903E4F6C52B4907860E10028E5E5,piping_component,BallValve,63-2005AP,590.0,503.0
C025-W-HO63-P-_U-005-01,S3886785A5C29CE44E742F22AE861B4,piping_component,CheckValve,63-2021AP,607.0,503.0
C025-W-HO63-P-_U-005-01,S91B555EF035FAD5A6930A7675B1160,piping_component,FlangedConnection,,629.5,503.0
C025-W-HO63-P-_U-005-01,S744278E40897DF0A096C24D1F06C50,piping_component,Hose,,642.0,503.0
C025-W-HO63-P-_U-005-01,S65E6DDBA47D64B059E94E74A942F71,piping_component,PipeFitting,,655.5,503.0
C025-W-HO63-P-_U-005-01,S8C4DBAC8F9BE195C94D3A666B9549D,piping_system,PipingNetworkSystem,,344.25,363.375
C025-W-HO63-P-_U-005-01,S2DF76EFFD78B5302EA199151DE01D1,piping_segment,PipingNetworkSegment,"2""-AP-632002-AS200-0",285.5,367.0
C025-W-HO63-P-_U-005-01,S9E868C0D4CBFA3E34F85448CAA37E2,piping_component,PipeTee,,293.0,367.0
C025-W-HO63-P-_U-005-01,S257B9F34E5DFB23131B0996AC72C93,piping_segment,PipingNetworkSegment,"2""-AP-632002-AS200-0",430.5,367.0
C025-W-HO63-P-_U-005-01,S16297B4A74DEE1BE4F61B59C25F83C,piping_component,PipeTee,,435.0,367.0
C025-W-HO63-P-_U-005-01,S6081F7103132CBFD310DE2F9A5101A,piping_segment,PipingNetworkSegment,"2""-AP-632002-AS200-0",257.0,367.0
C025-W-HO63-P-_U-005-01,S2B842F4359E8AB0F28B05B05FF1B05,piping_component,PipeTee,,263.0,367.0
C025-W-HO63-P-_U-005-01,SB3F589F7BDA37EF0D014709FA45AFA,piping_segment,PipingNetworkSegment,"2""-AI-632002-AS200-0",76.0,367.003
C025-W-HO63-P-_U-005-01,SB7CB3C728C0DEAD40A1D1292D17721,pipe_off_page,FlowInPipeOffPageConnector,,58.0,367.0
C025-W-HO63-P-_U-005-01,SD52A16AD290740D1400557AB23C8E1,piping_component,PipeReducer,,94.0,367.006
C025-W-HO63-P-_U-005-01,SB6DD462FC0C47E97FB617135735CEC,piping_segment,PipingNetworkSegment,"2""-AP-632002-AS200-0",311.75,367.0
C025-W-HO63-P-_U-005-01,S4879182DAD18351B1CFC416B5E91AC,piping_component,PipeTee,,318.0,367.0
C025-W-HO63-P-_U-005-01,SF8BD3CEA899713AF6F51CEA984B42F,piping_segment,PipingNetworkSegment,"2""-AP-632002-AS200-0",550.0,367.0
C025-W-HO63-P-_U-005-01,SE8FAA083AD6F4C9CE02A79EB474D1A,piping_component,PipeTee,,553.0,367.0
C025-W-HO63-P-_U-005-01,SB7B5582E6315FCD005CD825112D134,piping_segment,PipingNetworkSegment,"2""-AP-632002-AS200-0",367.0,367.0
C025-W-HO63-P-_U-005-01,SF8C07481D868AB0954D6B06641C196,piping_component,PipeTee,,372.0,367.0
C025-W-HO63-P-_U-005-01,S74FDA4BA1755E80B98C2CC71445F8E,piping_segment,PipingNetworkSegment,"2""-AP-632002-AS200-0",612.5,367.0
C025-W-HO63-P-_U-005-01,S6D352E9F5A891646AF6381574102FA,piping_component,BallValve,63-2002AP,590.0,367.0
C025-W-HO63-P-_U-005-01,S33F7BA8E2A30EB7896C70610830DB9,piping_component,CheckValve,63-2018AP,607.0,367.0
C025-W-HO63-P-_U-005-01,S9743B006153E6619E22198909C1D80,piping_component,FlangedConnection,,629.5,367.0
C025-W-HO63-P-_U-005-01,SC0465C6F492C71F978D44270CED62C,piping_component,Hose,,642.0,367.0
C025-W-HO63-P-_U-005-01,S1184664F77BF8130A838BEB4DA4458,piping_component,PipeFitting,,655.5,367.0
C025-W-HO63-P-_U-005-01,S3F1874510F434578950A3B030FF56F,piping_segment,PipingNetworkSegment,"2""-AP-632002-AS200-0",343.5,367.25
C025-W-HO63-P-_U-005-01,SEEC469659CC430E7374546BF1433E0,piping_component,PipeTee,,352.0,367.5
C025-W-HO63-P-_U-005-01,S460407AB96BDCDDE0ECD2677480500,piping_segment,PipingNetworkSegment,"2""-AP-632002-AS200-0",405.75,367.0
C025-W-HO63-P-_U-005-01,S23EC26DB894F9E16815C832194E311,piping_component,PipeTee,,417.0,367.0
C025-W-HO63-P-_U-005-01,SBBEEA847CA648F7CFEED42FB24A913,piping_segment,PipingNetworkSegment,"2""-AP-632002-AS200-0",510.0,367.25
C025-W-HO63-P-_U-005-01,S90802C9B076440B7B3A64B89562A8E,piping_component,PipeTee,,525.0,367.5
C025-W-HO63-P-_U-005-01,S710F5A9198E3AE376113CBEB3960F2,piping_segment,PipingNetworkSegment,"2""-AP-632002-AS200-0",535.0,367.003
C025-W-HO63-P-_U-005-01,S1DE947F5C0FC0CD3A017C8E284AB6E,piping_component,PipeReducer,,539.0,367.006
C025-W-HO63-P-_U-005-01,S8BB86EBA7B39D471BBD34FA497DE92,piping_segment,PipingNetworkSegment,"2""-AP-632002-AS200-0",457.5,367.0
C025-W-HO63-P-_U-005-01,S20BCA6605F0F74663B250C3819012F,piping_component,PipeTee,,465.0,367.0
C025-W-HO63-P-_U-005-01,S10D24743B408B7BA09C87F82B6C9B0,piping_segment,PipingNetworkSegment,"2""-AP-632002-AS200-0",178.5,367.0
C025-W-HO63-P-_U-005-01,S3B44ACA080F7BB1567A6259F3D9861,piping_component,BallValve,63-2000AP,118.0,367.0
C025-W-HO63-P-_U-005-01,S28A52B63F2347AF68938B90B6983D0,piping_component,BallValve,63-XV2005,159.0,367.0
C025-W-HO63-P-_U-005-01,S74DFE93CFCD8E4D55DC03837443212,piping_component,PipeTee,,239.0,367.0
C025-W-HO63-P-_U-005-01,S520A7D46CBF9467F7179A8108BCCD6,piping_segment,PipingNetworkSegment,"2""-AI-632002-AS200-0",109.5,359.5
C025-W-HO63-P-_U-005-01,S458AD851C2A85E95283465C307A224,piping_system,PipingNetworkSystem,,144.0,471.938
C025-W-HO63-P-_U-005-01,S1E84F9E0493933C2FE48DB1D413AE3,piping_segment,PipingNetworkSegment,"1""-AP-632013-AS200-0",194.0,449.875
C025-W-HO63-P-_U-005-01,S25D145952568DFC0C109128835D5E6,piping_component,PipeTee,,149.0,477.5
C025-W-HO63-P-_U-005-01,SE09ADC21CFD79FB3B0848A7C4F9AC1,piping_segment,PipingNetworkSegment,"1""-AP-632013-AS200-0",102.5,494.0
C025-W-HO63-P-_U-005-01,SD715D327BC9C79C77452BE737EBB39,piping_component,BallValve,63-2033AP,111.0,499.5
C025-W-HO63-P-_U-005-01,S2B5DCD403BB6320AA3583CFDA7A85A,pipe_off_page,FlowOutPipeOffPageConnector,,56.0,499.5
C025-W-HO63-P-_U-005-01,SB391BDAEF660FC887838E53E9966F7,piping_segment,PipingNetworkSegment,"1""-AP-632013-AS200-0",94.0,477.5
C025-W-HO63-P-_U-005-01,S179996C46D24FFD5B32281C04B3CE8,piping_component,BallValve,63-2009AP,111.0,477.5
C025-W-HO63-P-_U-005-01,SADEE292AC846E078790085055BA8D4,pipe_off_page,FlowOutPipeOffPageConnector,,56.0,477.5
C025-W-HO63-P-_U-005-01,S131CA5FA40D1CA2F8C87594CDECE72,piping_system,PipingNetworkSystem,,609.0,378.25
C025-W-HO63-P-_U-005-01,S25570FFA354095F6CC52F471303F4A,piping_segment,PipingNetworkSegment,"1""-AP-632003-AS200-0",609.0,378.25
C025-W-HO63-P-_U-005-01,S7E49F11908FB8C3434C99963A29611,piping_component,BallValve,63-2034AP,566.0,382.0
C025-W-HO63-P-_U-005-01,S53E776088AE20DD53CA800EB03EF6F,pipe_off_page,FlowOutPipeOffPageConnector,,665.0,382.0
C025-W-HO63-P-_U-005-01,SFB9FF2B6FCAB05FE885CB1F2AD943D,piping_system,PipingNetworkSystem,,553.75,271.0
C025-W-HO63-P-_U-005-01,S3FD80DFFEC19C878DC610C9F1C5862,piping_segment,PipingNetworkSegment,"1""-AP-632014-AS200-0",553.75,271.0
C025-W-HO63-P-_U-005-01,S56A4F462F0D7A7F602D7753F4BC5E4,piping_component,BallValve,63-2014AP,590.0,271.0
C025-W-HO63-P-_U-005-01,S11E691FFAC953A78D6489D2D54335C,piping_component,CheckValve,63-2029AP,607.0,271.0
C025-W-HO63-P-_U-005-01,S474ACF658DA660903DE638C6B6F18F,piping_component,FlangedConnection,,629.5,271.0
C025-W-HO63-P-_U-005-01,S962A5B0F9A84B9F2697886C49413D7,piping_component,Hose,,642.0,271.0
C025-W-HO63-P-_U-005-01,S6EDA9EA0874614951F0E60FD06A2FE,piping_component,PipeFitting,,655.5,271.0
C025-W-HO63-P-_U-005-01,S1DBF4804004FBFA08215976BBD906F,piping_system,PipingNetworkSystem,,527.75,280.25
C025-W-HO63-P-_U-005-01,SB1909733E4CD82AA5F62142865A236,piping_segment,PipingNetworkSegment,"1""-AP-632000-AS200-0",465.003,258.5
C025-W-HO63-P-_U-005-01,S5D8BB6C33F151284F2DF597E337803,piping_component,PipeReducer,,465.006,233.0
C025-W-HO63-P-_U-005-01,S3A740D6629C4FE29F4C6F41D829F86,piping_segment,PipingNetworkSegment,"1""-AP-632000-AS200-0",590.5,219.0
C025-W-HO63-P-_U-005-01,S4ED30DD55A56347210791FF58FA4AB,piping_component,BallValve,63-2004AP,590.0,215.0
C025-W-HO63-P-_U-005-01,S78F723145D223E528B32B91577A99B,piping_component,CheckValve,63-2020AP,608.0,215.0
C025-W-HO63-P-_U-005-01,S17F7828685794616C55AFE976693F0,piping_component,FlangedConnection,,629.5,215.0
C025-W-HO63-P-_U-005-01,S6DA3550CD15A4200F9AA489991B6BC,piping_component,Hose,,642.0,215.0
C025-W-HO63-P-_U-005-01,S7355CCAF296B1DB27AEA779D349407,piping_component,PipeFitting,,655.5,215.0
C025-W-HO63-P-_U-005-01,S6202BB64EAAFAE356EC4777F9A0850,piping_segment,PipingNetworkSegment,"1""-AP-632000-AS200-0",465.0,341.5
C025-W-HO63-P-_U-005-01,S33FB08D5177CEB9BCCF7B214F884C8,piping_component,PipeTee,,465.0,333.0
C025-W-HO63-P-_U-005-01,SD95510C8388E788732895DAF5D02F7,piping_system,PipingNetworkSystem,,469.625,239.375
C025-W-HO63-P-_U-005-01,S6F09CB7610159E4091D6DBE7E434E0,piping_segment,PipingNetworkSegment,"2""-AP-632011-AS200-0",372.0,310.75
C025-W-HO63-P-_U-005-01,S6F30F1FEFCFB977DC8BD25878C98B2,piping_component,PipeTee,,372.0,292.0
C025-W-HO63-P-_U-005-01,S8CE716DC6E2C45DE31CD3759D0856D,piping_segment,PipingNetworkSegment,"2""-AP-632011-AS200-0",372.003,248.25
C025-W-HO63-P-_U-005-01,S111220FF24916AF780FE8D814FE23A,piping_component,PipeReducer,,372.006,233.0
C025-W-HO63-P-_U-005-01,S6A205D109714E405EE64BA1BB68058,piping_segment,PipingNetworkSegment,"2""-AP-632011-AS200-0",567.25,168.0
C025-W-HO63-P-_U-005-01,S58A06BE0A64ED80703A47054C21CC5,piping_component,BallValve,63-2012AP,590.0,147.0
C025-W-HO63-P-_U-005-01,S2EA33C1A444334E3F91495CC06CB79,piping_component,CheckValve,63-2027AP,607.0,147.0
C025-W-HO63-P-_U-005-01,SD680D9B946B012ACC87A4F05416022,piping_component,FlangedConnection,,629.5,147.0
C025-W-HO63-P-_U-005-01,SFBBE541EE704EEB55088B82E0FA0E8,piping_component,Hose,,642.0,147.0
C025-W-HO63-P-_U-005-01,S816454CA76D7ECEC8CC99AF20906D7,piping_component,PipeFitting,,655.5,147.0
C025-W-HO63-P-_U-005-01,S134AAEFACC8C67C6BE44796AA7C992,piping_system,PipingNetworkSystem,,590.5,333.0
C025-W-HO63-P-_U-005-01,SC8528B3613441FA7F381C008153629,piping_segment,PipingNetworkSegment,"1""-AP-632009-AS200-0",590.5,333.0
C025-W-HO63-P-_U-005-01,S85399E1DCEEBBDBED10F015153DC6F,piping_component,BallValve,63-2010AP,590.0,333.0
C025-W-HO63-P-_U-005-01,SBD25E37F08912D64D22A5B15D98AFC,piping_component,CheckValve,63-2025AP,607.0,333.0
C025-W-HO63-P-_U-005-01,S93B309D897745E2605375A7472DC96,piping_component,FlangedConnection,,629.5,333.0
C025-W-HO63-P-_U-005-01,S10F9CC758A00918CBC72BF762D501E,piping_component,Hose,,642.0,333.0
C025-W-HO63-P-_U-005-01,SC6DFCADA7E6C09E3FC4050AE88D0EB,piping_component,PipeFitting,,655.5,333.0
C025-W-HO63-P-_U-005-01,S914076792FAFB4A6A58CD71CDBDCDE,piping_system,PipingNetworkSystem,,765.248,408.555
C025-W-HO63-P-_U-005-01,S89E207F2FEC6CF74AA5B3BBFBFED39,piping_segment,PipingNetworkSegment,"1""-AP-634637-AS200-0",765.248,408.555
C025-W-HO63-P-_U-005-01,SA86BCB949A05DE38E4743C7645BD8A,piping_component,BallValve,63-4466AP,750.626,408.555
C025-W-HO63-P-_U-005-01,S49DD06824057028553ED1FEA7749B1,piping_component,CheckValve,63-4467AP,771.783,408.555
C025-W-HO63-P-_U-005-01,S512BD4CE833EAF240CB24E41FD7043,piping_component,FlangedConnection,,780.561,408.555
C025-W-HO63-P-_U-005-01,SE85C2CD1B5C1D24C9A4F27B7C5A062,piping_component,Hose,,794.062,408.555
C025-W-HO63-P-_U-005-01,SC4D6485D48ACB5F5881F34B2CC4395,piping_component,PipeFitting,,807.561,408.555
C025-W-HO63-P-_U-005-01,SFD0FC91C44340C8B809F529ED875F1,piping_system,PipingNetworkSystem,,578.5,312.0
C025-W-HO63-P-_U-005-01,S477436C30C31F4280CC808A8ABF4C3,piping_segment,PipingNetworkSegment,"1""-AP-632006-AS200-0",578.5,312.0
C025-W-HO63-P-_U-005-01,SAAF109D0819D82FA9122A8B29C27DD,piping_component,BallValve,63-2006AP,590.0,312.0
C025-W-HO63-P-_U-005-01,S7C3AFD07FCEB30A163FAE7272B6A96,piping_component,CheckValve,63-2022AP,607.0,312.0
C025-W-HO63-P-_U-005-01,SA2279B155CFC27308F155542B9D035,piping_component,FlangedConnection,,629.5,312.0
C025-W-HO63-P-_U-005-01,S141A5A2E85BBEF9427EB3D992DDD47,piping_component,Hose,,642.0,312.0
C025-W-HO63-P-_U-005-01,S2AFEB5A42EFBDEF6A4019781150CE6,piping_component,PipeFitting,,655.5,312.0
C025-W-HO63-P-_U-005-01,SAA475FBEA41BBBF65F98B3CF5F2D34,piping_system,PipingNetworkSystem,,568.875,449.25
C025-W-HO63-P-_U-005-01,S954AC2645DBAAF7E9E7C94E895BF4F,piping_segment,PipingNetworkSegment,"1""-AP-632018-AS200-0",522.25,437.5
C025-W-HO63-P-_U-005-01,SF9334E96A6F0111E996C44FDCDF25B,piping_component,BallValve,63-2016AP,533.0,461.0
C025-W-HO63-P-_U-005-01,SD919278C866FEB12B2F1D3BB60870C,piping_component,PipeTee,,562.0,461.0
C025-W-HO63-P-_U-005-01,SE4F89B4FA76F0A146E1995922371A9,piping_segment,PipingNetworkSegment,"1""-AP-632018-AS200-0",615.5,461.0
C025-W-HO63-P-_U-005-01,SE6411BDF1A2732E1BCFD7178DF0080,piping_component,BallValve,63-4465AP,590.0,461.0
C025-W-HO63-P-_U-005-01,S308C09039C368925D354F83FF74C8F,piping_component,CheckValve,63-2031AP,612.0,461.0
C025-W-HO63-P-_U-005-01,S9811D8F5E2542E4B1117D18D6ECD91,piping_component,FlangedConnection,,629.5,461.0
C025-W-HO63-P-_U-005-01,S5D012AD54A00B86349B240FB9DFB57,piping_component,Hose,,643.0,461.0
C025-W-HO63-P-_U-005-01,SFF9B3AA433A31BBBEF6A601569548F,piping_component,PipeFitting,,656.5,461.0
C025-W-HO63-P-_U-005-01,SA50AB9034DA46F20C73421D1F6B4AA,piping_system,PipingNetworkSystem,,401.5,207.875
C025-W-HO63-P-_U-005-01,S103F81662A062A027DF41CC00D14C5,piping_segment,PipingNetworkSegment,"2""-AP-632007-AS200-0",263.003,237.75
C025-W-HO63-P-_U-005-01,SA1EC1E5F5FAE089275CD95CE5146BF,piping_component,PipeReducer,,263.006,233.0
C025-W-HO63-P-_U-005-01,SEED9C2E0FC5166F8C2F46DC904B3DD,piping_segment,PipingNetworkSegment,"2""-AP-632007-AS200-0",540.0,136.5
C025-W-HO63-P-_U-005-01,S3A8FC8E4C22E37A4FC3210CB19396E,piping_component,BallValve,63-2007AP,590.0,105.0
C025-W-HO63-P-_U-005-01,S37300BAAA52E22A73557F652750A6A,piping_component,CheckValve,63-2023AP,607.0,105.0
C025-W-HO63-P-_U-005-01,SB5F8E2E1FAB59AAB865D08F200941E,piping_component,FlangedConnection,,629.5,105.0
C025-W-HO63-P-_U-005-01,S4E70CFF320BFA105F3F0F1EB45ABDE,piping_component,Hose,,642.0,105.0
C025-W-HO63-P-_U-005-01,SD9DF1019DA334331EF5CBA31657A8B,piping_component,PipeFitting,,655.5,105.0
C025-W-HO63-P-_U-005-01,SF3A0C97AEE898D2C5591C4B4AD348C,piping_segment,PipingNetworkSegment,"2""-AP-632007-AS200-0",263.0,279.25
C025-W-HO63-P-_U-005-01,S1DD6EA9A84A94F4F6F10446B10129D,piping_component,PipeTee,,263.0,250.0
C025-W-HO63-P-_U-005-01,S52CA32D03E38DFD84C0C383CDBB939,piping_system,PipingNetworkSystem,,610.625,397.314
C025-W-HO63-P-_U-005-01,S5E5B220AF237970D166D2649A377E4,piping_segment,PipingNetworkSegment,"2""-AP-632004-AS200-0",628.25,401.5
C025-W-HO63-P-_U-005-01,SF667481F4106DAEAC57309DAE25976,piping_component,FlangedConnection,,629.5,401.5
C025-W-HO63-P-_U-005-01,S2690CF5D7E18C4CA6CE90466BBE7CE,piping_segment,PipingNetworkSegment,"2""-AP-632004-AS200-0",593.0,393.128
C025-W-HO63-P-_U-005-01,S4BD2FAA5B3CA119F1D889CAE5D300F,piping_component,BallValve,63-2001AP,605.0,401.5
C025-W-HO63-P-_U-005-01,S3D0241F1709BAB9BD9DEA6E359F0EF,piping_component,PipeReducer,,623.0,401.506
C025-W-HO63-P-_U-005-01,S3925AD8035988E058EFE0AB2F2D501,piping_system,PipingNetworkSystem,,435.875,223.625
C025-W-HO63-P-_U-005-01,S555FD8D84C3F0135219A3B3E196BEB,piping_segment,PipingNetworkSegment,"2""-AP-632015-AS200-0",318.0,295.0
C025-W-HO63-P-_U-005-01,S8D3130754F51B817AEEAF4EE7607C2,piping_component,PipeTee,,318.0,271.0
C025-W-HO63-P-_U-005-01,S61EB987772BA2D0157383BD891B0CB,piping_segment,PipingNetworkSegment,"2""-AP-632015-AS200-0",318.003,243.0
C025-W-HO63-P-_U-005-01,SC7F42E996BED0E91A2E82CE822FBEE,piping_component,PipeReducer,,318.006,233.0
C025-W-HO63-P-_U-005-01,S4468E0476865E289626C33817ECE2D,piping_segment,PipingNetworkSegment,"2""-AP-632015-AS200-0",553.75,152.25
C025-W-HO63-P-_U-005-01,S65BC3E2D61543E2E11D77BA4EDA251,piping_component,BallValve,63-2015AP,590.0,126.0
C025-W-HO63-P-_U-005-01,SCE2F70EC4F780CC1B5CD8175203BC1,piping_component,CheckValve,63-2030AP,607.0,126.0
C025-W-HO63-P-_U-005-01,S6992DEF633229C4BB8B23AB1A77E4F,piping_component,FlangedConnection,,629.5,126.0
C025-W-HO63-P-_U-005-01,S54CC3D570D295F4ABE0811358DB9B3,piping_component,Hose,,642.0,126.0
C025-W-HO63-P-_U-005-01,S8A0853DBA4789DF76B5ECCA5D3132D,piping_component,PipeFitting,,655.5,126.0
C025-W-HO63-P-_U-005-01,S35CB3398A4D820EDF08C048F389C06,piping_system,PipingNetworkSystem,,623.25,427.875
C025-W-HO63-P-_U-005-01,S13D3D81213130A72F458A0D807809B,piping_segment,PipingNetworkSegment,"1""-AP-634633-AS200-0",591.5,436.25
C025-W-HO63-P-_U-005-01,SF6C730DBABE35A69BC51CD881AF57E,piping_component,PipeTee,,621.0,428.0
C025-W-HO63-P-_U-005-01,S4F44B8E5F3E50BF48D263BAF8DE532,piping_segment,PipingNetworkSegment,"1""-AP-634633-AS200-0",655.0,420.0
C025-W-HO63-P-_U-005-01,S60863C2997DAE1B942FDD9AB5F07FF,piping_component,GateValve,63-4488AP,655.0,419.0
C025-W-HO63-P-_U-005-01,S8170E3F3ADEB904AE68AFB8BEE98E7,piping_component,FlangedConnection,,655.0,415.0
C025-W-HO63-P-_U-005-01,S44DE027B5EDB0FFD479DBB0CB707FB,piping_segment,PipingNetworkSegment,"1""-AP-634633-AS200-0",646.5,428.0
C025-W-HO63-P-_U-005-01,S977D893C110C6FF9AE8D0559DB63DA,piping_component,PipeTee,,655.0,428.0
C025-W-HO63-P-_U-005-01,S872D7B1553668F8F07FAC95D0F548F,piping_segment,PipingNetworkSegment,"1""-AP-634633-AS200-0",621.0,419.5
C025-W-HO63-P-_U-005-01,SFFD1C865529D1CD513F0C02F1D1CCF,piping_component,FlangedConnection,,621.0,414.0
C025-W-HO63-P-_U-005-01,S398713C58D25849B9860D3F81ED10D,piping_component,GateValve,63-4487AP,621.0,419.0
C025-W-HO63-P-_U-005-01,SF6486A4F0DF2FFD83A94B0A6905709,piping_system,PipingNetworkSystem,,470.0,487.75
C025-W-HO63-P-_U-005-01,SAA9471604CCA2F8F37F376B001959A,piping_segment,PipingNetworkSegment,"1""-AP-632008-AS200-0",470.0,487.75
C025-W-HO63-P-_U-005-01,S90D68A492721FDC094F9990AD0F333,piping_component,BallValve,63-2008AP,553.0,528.0
C025-W-HO63-P-_U-005-01,S95F016436B2183797086E3172FDD1B,piping_component,CheckValve,63-2024AP,571.0,528.0
C025-W-HO63-P-_U-005-01,SD34E98B0703728285AE05E06F413B8,piping_component,GateValve,,615.0,528.0
C025-W-HO63-P-_U-005-01,S28D26B28032D2C9219D9EEC1ABB89D,piping_component,Hose,,631.0,528.0
C025-W-HO63-P-_U-005-01,SFDEA009733AB41D85AD1FD2D0E0313,piping_component,GateValve,,647.0,528.0
C025-W-HO63-P-_U-005-01,S33748EC129D76362AF50DCA099AE10,piping_system,PipingNetworkSystem,,726.323,403.567
C025-W-HO63-P-_U-005-01,S2F888433402F244E10D74FA0DE15E2,piping_segment,PipingNetworkSegment,"1""-AP-634638-AS200-0",699.244,413.416
C025-W-HO63-P-_U-005-01,SFC72A4AA9EE7776F397BAB3576CE8B,piping_component,PipeTee,,699.244,408.555
C025-W-HO63-P-_U-005-01,SD06EC5E743DD527A5E629BB7FAF63D,piping_segment,PipingNetworkSegment,"1""-AP-634638-AS200-0",753.402,393.718
C025-W-HO63-P-_U-005-01,S26FF2442CBB9E37994337F048203B1,piping_component,BallValve,63-4468AP,750.626,388.772
C025-W-HO63-P-_U-005-01,SDD0BE1B94F13490CAB9ADC838BEF73,piping_component,CheckValve,63-4469AP,771.783,388.772
C025-W-HO63-P-_U-005-01,SDC15173569F1918749C30A9C88300B,piping_component,FlangedConnection,,780.561,388.772
C025-W-HO63-P-_U-005-01,SA5DCED71FE2830C2B13202117F52D6,piping_component,Hose,,794.062,388.772
C025-W-HO63-P-_U-005-01,SDA7693DCF3D47B1A01FD8FD29E460B,piping_component,PipeFitting,,807.561,388.772
C025-W-HO63-P-_U-005-01,S6144F4BECFC92CC739854CE4FB1658,piping_system,PipingNetworkSystem,,604.25,172.25
C025-W-HO63-P-_U-005-01,S588235348F687AC85C857869111EAC,piping_segment,PipingNetworkSegment,"0.5""-AP-632019-AS200-0",604.25,172.25
C025-W-HO63-P-_U-005-01,SACDDD5E8EA9903AA9FCA730A36493E,pipe_off_page,FlowOutPipeOffPageConnector,,665.0,165.0
C025-W-HO63-P-_U-005-01,SD6331812F112B3831CCB71A574580A,piping_system,PipingNetworkSystem,,725.81,428.0
C025-W-HO63-P-_U-005-01,S6093D3DF94CB00D2BFBFC301881E1A,piping_segment,PipingNetworkSegment,"1""-AP-634634-AS200-0",686.372,428.0
C025-W-HO63-P-_U-005-01,SCF7B7B364AAEF8220B500068011CF6,piping_component,FlangedConnection,,693.0,428.0
C025-W-HO63-P-_U-005-01,SC0D3307233C901B139B1866F3C852C,piping_component,PipeTee,,699.244,428.0
C025-W-HO63-P-_U-005-01,S94A0E58A48277C7A4B6A236A7F1E2A,piping_segment,PipingNetworkSegment,"1""-AP-634634-AS200-0",765.248,428.0
C025-W-HO63-P-_U-005-01,SA9D2580CB3BCE7C530345342C156A8,piping_component,BallValve,63-4460AP,750.626,428.0
C025-W-HO63-P-_U-005-01,S58335C81B6ADD95FBE74FD35296881,piping_component,CheckValve,63-4461AP,771.783,428.0
C025-W-HO63-P-_U-005-01,S7ADD84FBC2EECEAB6767743D365D33,piping_component,FlangedConnection,,780.561,428.0
C025-W-HO63-P-_U-005-01,S865036BDA93C0CAB1BE39982651164,piping_component,Hose,,794.062,428.0
C025-W-HO63-P-_U-005-01,S918C4678D97B8B8CAD55E11E882961,piping_component,PipeFitting,,807.561,428.0
C025-W-HO63-P-_U-005-01,SDC3FF07D0C9874EA57DB3E906E79C1,piping_system,PipingNetworkSystem,,501.5,259.875
C025-W-HO63-P-_U-005-01,S4A5BFCD2EF19C27D1ACC1BB49E559F,piping_segment,PipingNetworkSegment,"2""-AP-632012-AS200-0",417.003,253.25
C025-W-HO63-P-_U-005-01,S214950F68A0BA603B0B9F7A4A18EE1,piping_component,PipeReducer,,417.006,233.0
C025-W-HO63-P-_U-005-01,SC3F1C19EF47B04140A18F9F7793FAA,piping_segment,PipingNetworkSegment,"2""-AP-632012-AS200-0",586.0,194.0
C025-W-HO63-P-_U-005-01,S34550C6567B88C6151A0C985012B2B,piping_component,BallValve,63-2013AP,590.0,194.0
C025-W-HO63-P-_U-005-01,S11DBC01B75DD7791EA51D40C272254,piping_component,CheckValve,63-2028AP,607.0,194.0
C025-W-HO63-P-_U-005-01,SD78FEA3C4DAD2086DCC251B96162C3,piping_component,FlangedConnection,,629.5,194.0
C025-W-HO63-P-_U-005-01,SDA594C5B5581B7F5D2D6D6864E614A,piping_component,Hose,,642.0,194.0
C025-W-HO63-P-_U-005-01,S82418D8FD928A5F580E43710FD42EF,piping_component,PipeFitting,,655.5,194.0
C025-W-HO63-P-_U-005-01,SD53579EA233FEE56291EF954FDCAEC,piping_segment,PipingNetworkSegment,"2""-AP-632012-AS200-0",439.5,203.25
C025-W-HO63-P-_U-005-01,S80EFE67F2086720E7CBFCFBA04A743,piping_component,PipeTee,,447.0,194.0
C025-W-HO63-P-_U-005-01,SCC7291B929F28AFC90A23E4B9B8EF2,piping_segment,PipingNetworkSegment,"2""-AP-632012-AS200-0",417.0,325.75
C025-W-HO63-P-_U-005-01,SA3C94DDB9E9EF7BB6E72F1F66C472C,piping_component,PipeTee,,417.0,312.0
C025-W-HO63-P-_U-005-01,SA59C2AE9EAEAD42A6945EC1391E763,piping_system,PipingNetworkSystem,,540.0,250.0
C025-W-HO63-P-_U-005-01,SE975CE7728748EE3A0C2E32EFAE091,piping_segment,PipingNetworkSegment,"1""-AP-632001-AS200-0",540.0,250.0
C025-W-HO63-P-_U-005-01,SDB5306AC61B4CFDA34018C8B73C868,piping_component,BallValve,63-2003AP,590.0,250.0
C025-W-HO63-P-_U-005-01,S5910F02932FF4E099045D94A3F4263,piping_component,CheckValve,63-2019AP,607.0,250.0
C025-W-HO63-P-_U-005-01,S4F96DDD60E0A476CCF7C669626D8E4,piping_component,FlangedConnection,,629.5,250.0
C025-W-HO63-P-_U-005-01,S627A45EE50F117DBC182F2E7C61D51,piping_component,Hose,,642.0,250.0
C025-W-HO63-P-_U-005-01,SCEF9398B216D1446CA7FAB7F371B94,piping_component,PipeFitting,,655.5,250.0
C025-W-HO63-P-_U-005-01,SE6C0B73C2BD43BDEB04E0932894CF3,piping_system,PipingNetworkSystem,,567.25,292.0
C025-W-HO63-P-_U-005-01,S8342555F924F85FCF3308479E6FE5A,piping_segment,PipingNetworkSegment,"1""-AP-632010-AS200-0",567.25,292.0
C025-W-HO63-P-_U-005-01,S2848D3309F3AA65EB42052A4736BD6,piping_component,BallValve,63-2011AP,590.0,292.0
C025-W-HO63-P-_U-005-01,S325E036ACD3599FF103AF443954682,piping_component,CheckValve,63-2026AP,607.0,292.0
C025-W-HO63-P-_U-005-01,S8E1AB39463B641AA58D8F648C995D6,piping_component,FlangedConnection,,629.5,292.0
C025-W-HO63-P-_U-005-01,S99265D54D4F27BD8C8D0CC8FEF89FE,piping_component,Hose,,642.0,292.0
C025-W-HO63-P-_U-005-01,SBBC1F35E1108B28593E8B03310418A,piping_component,PipeFitting,,655.5,292.0
C025-W-HO63-P-_U-005-01,SBF8FD3DE70E3DADEAE37FB6F361B84,piping_system,PipingNetworkSystem,,633.0,313.5
C025-W-HO63-P-_U-005-01,S1BB7F107678028A7E7174BB4B48012,piping_segment,PipingNetworkSegment,,633.0,313.5
C025-W-HO63-P-_U-005-01,S2A30F423FDC214412C5CBA7587C638,piping_system,PipingNetworkSystem,,465.0,378.0
C025-W-HO63-P-_U-005-01,S90685698DC20E7A6A570D10F8B915A,piping_segment,PipingNetworkSegment,,465.0,378.0
C025-W-HO63-P-_U-005-01,S536BA2C31F26ECF818F7F2D8C87B19,piping_system,PipingNetworkSystem,,611.0,542.0
C025-W-HO63-P-_U-005-01,SCF9A745A329ABF35E819B72ACCF2A3,piping_segment,PipingNetworkSegment,,611.0,542.0
C025-W-HO63-P-_U-005-01,S90410346B94E3D0CCF749F318D6AFA,instrument,ProcessInstrumentationFunction,63-ZL2005,188.566,414.0
C025-W-HO63-P-_U-005-01,S84EE222997BD29A8240CA2B00D25AB,instrument,ProcessInstrumentationFunction,63-HS2005,130.566,427.0
C025-W-HO63-P-_U-005-01,SCA90ADF61F317527A4CEAE47F95169,piping_system,PipingNetworkSystem,,159.0,403.0
C025-W-HO63-P-_U-005-01,S759674C0177297ED313A3BE685E4CA,piping_segment,PipingNetworkSegment,,159.0,403.0
C025-W-HO63-P-_U-005-01,S26B35C426E383E288FE5E189D47C2B,piping_component,AngleValve,63-XY2005,159.0,403.0
C025-W-HO63-P-_U-005-01,SE49D1F5A827E8345C7ECD8331515C8,instrument,ProcessInstrumentationFunction,63-ZS2005,191.0,389.0
C025-W-HO63-P-_U-005-01,S7BCBD259DF0038BDD2993C7AAE7943,actuating_function,ActuatingFunction,,159.0,367.0
C025-W-HO63-P-_U-005-01,SF18605432B227408035AF6AF08317A,instrument,ProcessInstrumentationFunction,,125.0,403.0
C025-W-HO63-P-_U-005-01,SB45F7F93DE26716FE7E92C4D828176,equipment,CustomEquipment,,607.0,519.0
C025-W-HO63-P-_U-005-01,S4515A837AB8D6D7FC0C955082C24C4,nozzle,Nozzle,N2,607.0,519.0
C025-W-HO63-P-_U-005-01,S305319F6367E9A1C498F7A83EDEB24,instrument,ProcessInstrumentationFunction,,133.0,403.0
C025-W-HO63-P-_U-005-01,S127D4A631EC5665BDE8A787DE0E2C4,actuating_function,ActuatingFunction,,159.0,403.0
C025-W-HO64-P-_U-001-01,S1B775A8C84ADF5A311D5CC8816A888,nozzle,Nozzle,,0.0,0.0
C025-W-HO64-P-_U-001-01,S2296F4C160847F57D2440C9712CCB6,equipment,CustomEquipment,,0.0,0.0
C025-W-HO64-P-_U-001-01,S4359A8966E5BF91CFBD1336C6C00CC,instrument,ProcessInstrumentationFunction,,0.0,0.0
C025-W-HO64-P-_U-001-01,SEC93C8814BAB506B575D6B979EFAAB,piping_component,OperatedValve,,0.0,0.0
C025-W-HO64-P-_U-001-01,S621028E1F81CD504A495EA609F7E71,piping_component,Hose,,0.0,0.0
C025-W-HO64-P-_U-001-01,SA69DC53EBE7AA38ED2496F0105B1DD,piping_component,Hose,,0.0,0.0
C025-W-HO64-P-_U-001-01,S21353620111A3C46AE0C3E17E067C8,actuator,ControlledActuator,,0.0,0.0
C025-W-HO64-P-_U-001-01,SB77E678040FE0415A2D17E6A6D3183,piping_component,CheckValve,,0.0,0.0
C025-W-HO64-P-_U-001-01,S85FA267FE6961F557962F7AA9CE2E0,piping_component,AngleValve,,0.0,0.0
C025-W-HO64-P-_U-001-01,S9A91AFBBBD7F5F0CF045D5E394AB05,piping_component,BallValve,,0.0,0.0
C025-W-HO64-P-_U-001-01,SD72D6876250564DCD1C0EFECDE1464,piping_component,BallValve,,0.0,0.0
C025-W-HO64-P-_U-001-01,S63F8BA88329CFB28A5686EE82DB11E,piping_component,BallValve,,0.0,0.0
C025-W-HO64-P-_U-001-01,SD470A0F0B173FB03AE489A61D68D86,piping_component,GlobeValve,,0.0,0.0
C025-W-HO64-P-_U-001-01,S146D6AA080DFB41D89C0A2A7E70D89,instrument,ProcessInstrumentationFunction,,0.0,0.0
C025-W-HO64-P-_U-001-01,S7C2D74ED725843E91C097974F9AFC5,instrument,ProcessInstrumentationFunction,,0.0,0.0
C025-W-HO64-P-_U-001-01,S45096A29DF3324D97D5C02A37B4C53,piping_component,AngleValve,,0.0,0.0
C025-W-HO64-P-_U-001-01,SF625B4A7C3635180ED2FFD7FD3450D,actuator,ControlledActuator,,0.0,0.0
C025-W-HO64-P-_U-001-01,SA1E2121D9B535FD2B8BE1AA432163D,actuator,ControlledActuator,,0.0,0.0
C025-W-HO64-P-_U-001-01,S9B5EBF35D6AD738B8A417EB46F3FA1,equipment,Filter,,0.0,0.0
C025-W-HO64-P-_U-001-01,S9E90541C45F5E2B23785EE8A809131,pipe_off_page,FlowOutPipeOffPageConnector,,0.0,0.0
C025-W-HO64-P-_U-001-01,S506542F04D3CBDB7F6373F7B07D3D9,pipe_off_page,FlowInPipeOffPageConnector,,0.0,0.0
C025-W-HO64-P-_U-001-01,SA997BB20B9A69772BB540890D80D99,piping_component,InlinePrimaryElement,,0.0,0.0
C025-W-HO64-P-_U-001-01,S5CC06978359595E60861C6094F1E80,piping_component,BallValve,,0.0,0.0
C025-W-HO64-P-_U-001-01,S65D2D000BC8A7188DB76B559003A32,piping_component,GateValve,,0.0,0.0
C025-W-HO64-P-_U-001-01,S5154640801594F3548AC5C2B8A9CE9,instrument,ProcessInstrumentationFunction,,0.0,0.0
C025-W-HO64-P-_U-001-01,SFC4027468B207775C2A5146FF4D511,piping_component,PipeReducer,,0.0,0.0
C025-W-HO64-P-_U-001-01,S5F43559AB3D89B49F62DFCE420268F,piping_component,PipeReducer,,0.0,0.0
C025-W-HO64-P-_U-001-01,SA758C904792EA70ACBBCE5D576F780,piping_component,PipeFitting,,0.0,0.0
C025-W-HO64-P-_U-001-01,S558A2F68D7BDE2D10B824BE0C3D2AF,piping_component,BallValve,,0.0,0.0
C025-W-HO64-P-_U-001-01,S495A8B2D3441A85561E4D30FE43FD8,piping_component,BallValve,,0.0,0.0
C025-W-HO64-P-_U-001-01,SDB4E369B648EDA4555246A31705AB5,instrument,ProcessInstrumentationFunction,,0.0,0.0
C025-W-HO64-P-_U-001-01,S77340E7F126A25565D26A492E002C2,instrument,ProcessInstrumentationFunction,,0.0,0.0
C025-W-HO64-P-_U-001-01,S6A959C0F22BAB90FAED27FCD1064C8,piping_component,BallValve,,0.0,0.0
C025-W-HO64-P-_U-001-01,S4C5013DD95F4BC4EF7DE51690D4113,piping_component,FlangedConnection,,0.0,0.0
C025-W-HO64-P-_U-001-01,S87421CAA1C5DADC3EB08FAB53C8140,piping_component,PipeFitting,,0.0,0.0
C025-W-HO64-P-_U-001-01,S449FF258DB62322ED7DCED168BC73F,equipment,CustomEquipment,,0.0,0.0
C025-W-HO64-P-_U-001-01,SA90B5EB591728368D805761E80F5F0,equipment,CustomEquipment,,0.0,0.0
C025-W-HO64-P-_U-001-01,S888DEFD3E6DE24FE4FE9A8476B6E93,piping_component,FlangedConnection,,0.0,0.0
C025-W-HO64-P-_U-001-01,SBFF1C700DD8E83B648B524CC5D1303,piping_component,FlangedConnection,,0.0,0.0
C025-W-HO64-P-_U-001-01,S134FA643582C705B6359134B667BEE,piping_component,Flange,,0.0,0.0
C025-W-HO64-P-_U-001-01,SB92770FCAA99C1CA1CD14D94EB89BB,piping_component,PipeTee,,0.0,0.0
C025-W-HO64-P-_U-001-01,S4359A8966E5BF91CFBD1336C6C00CC1,instrument,ProcessInstrumentationFunction,,0.0,0.0
C025-W-HO64-P-_U-001-01,S4BD2A051488EA4C4ED525E72C02A95,instrument_loop,InstrumentationLoopFunction,,570.5,554.0
C025-W-HO64-P-_U-001-01,S5E7AF2D0053688E103642951DFD325,instrument_loop,InstrumentationLoopFunction,,93.566,517.0
C025-W-HO64-P-_U-001-01,SBA603DCD4EFAEA7E2E42D6D201ACD8,instrument_loop,InstrumentationLoopFunction,,296.566,510.0
C025-W-HO64-P-_U-001-01,S8B571584D8D9BB1AB0E061BB6CAB8F,instrument_loop,InstrumentationLoopFunction,,404.566,170.0
C025-W-HO64-P-_U-001-01,S1F8F545C9BA9E4859D25A3B46EF54C,instrument_loop,InstrumentationLoopFunction,,356.566,190.0
C025-W-HO64-P-_U-001-01,S23A69F9D348F53744C82D5FABDDCC9,instrument_loop,InstrumentationLoopFunction,,252.566,524.0
C025-W-HO64-P-_U-001-01,SCC6A6BAF5909D049E99BDEC47642B4,instrument_loop,InstrumentationLoopFunction,,270.566,430.0
C025-W-HO64-P-_U-001-01,S1FEAED259C00EFE7A2771AD04D2CBA,instrument_loop,InstrumentationLoopFunction,,542.0,576.0
C025-W-HO64-P-_U-001-01,SACDA24744ACD64E76E76D5F0EC9708,instrument_loop,InstrumentationLoopFunction,,299.0,489.0
C025-W-HO64-P-_U-001-01,S307D678180E9AD621A2568041DDC6E,instrument_loop,InstrumentationLoopFunction,,407.0,148.0
C025-W-HO64-P-_U-001-01,SDB0BCF30F8120553C3E0735A58C339,instrument_loop,InstrumentationLoopFunction,,273.0,403.0
C025-W-HO64-P-_U-001-01,S6AC5B874EE17CF2E247FD16E791850,instrument_loop,InstrumentationLoopFunction,,96.0,495.0
C025-W-HO64-P-_U-001-01,S71BC9BA08A2623AF67CA081C2A23C4,instrument_loop,InstrumentationLoopFunction,,568.0,576.0
C025-W-HO64-P-_U-001-01,S12FCEEA64FFFB5EA50812D85245ACB,instrument_loop,InstrumentationLoopFunction,,74.0,495.0
C025-W-HO64-P-_U-001-01,SB54379A6FC1EB7F3E466A89F7D49B8,instrument_loop,InstrumentationLoopFunction,,138.0,495.0
C025-W-HO64-P-_U-001-01,SA2668C061612214F385040570E4895,instrument_loop,InstrumentationLoopFunction,,246.0,418.0
C025-W-HO64-P-_U-001-01,SF7FD5BD6BACAD9EC805B7CC0CBE476,instrument_loop,InstrumentationLoopFunction,,343.0,170.0
C025-W-HO64-P-_U-001-01,S2BFDCAE3C75C93A6ACA6B5205B9616,instrument_loop,InstrumentationLoopFunction,,241.0,503.0
C025-W-HO64-P-_U-001-01,SE89C759C65CAEA3A5F00507A46EF89,instrument_loop,InstrumentationLoopFunction,,273.0,418.0
C025-W-HO64-P-_U-001-01,SAF04B23CDE9A6FD0E4103247DCBFB6,instrument_loop,InstrumentationLoopFunction,,255.0,503.0
C025-W-HO64-P-_U-001-01,S102828EB048118275501DE453E9B0F,instrument_loop,InstrumentationLoopFunction,,359.0,170.0
C025-W-HO64-P-_U-001-01,SC8E5A198CC718D784196DBDAB8FDCA,instrument_loop,InstrumentationLoopFunction,,553.0,576.0
C025-W-HO64-P-_U-001-01,SF5CD3024BA5010C442ABE4CE7E1D6E,actuating_system,ActuatingSystem,,279.0,503.0
C025-W-HO64-P-_U-001-01,S2EBD488455441E2A57E3759557E907,actuator,ControlledActuator,,279.0,503.0
C025-W-HO64-P-_U-001-01,SD328086AC28E240DCE86E7B8EE5E96,actuator,OperatedValveReference,,279.0,503.0
C025-W-HO64-P-_U-001-01,SCCF3D34EB6DD56EBB2A7313750CDCC,actuating_system,ActuatingSystem,,384.0,170.0
C025-W-HO64-P-_U-001-01,S6903C59EC08D7B00591B85E7CC94A9,actuator,ControlledActuator,,384.0,170.0
C025-W-HO64-P-_U-001-01,S58F27B99EC7206B3CDA8F003C21606,actuator,OperatedValveReference,,384.0,170.0
C025-W-HO64-P-_U-001-01,S9EA4828EF23F254A8CE1A033ACA64A,actuating_system,ActuatingSystem,,384.0,131.0
C025-W-HO64-P-_U-001-01,S84744B36786FD9126C2A155056464F,actuator,ControlledActuator,,384.0,131.0
C025-W-HO64-P-_U-001-01,SB5AB1A50634898BDBB6F26C8A71E94,actuator,OperatedValveReference,,384.0,131.0
C025-W-HO64-P-_U-001-01,S7265C9E1CA24CB69AF5020284278B7,actuating_system,ActuatingSystem,,279.0,469.0
C025-W-HO64-P-_U-001-01,SEB4436AE0491FF9E224DE1120CC970,actuator,ControlledActuator,,279.0,469.0
C025-W-HO64-P-_U-001-01,SF668F760BF66CD0EB84FB6182FC04F,actuator,OperatedValveReference,,279.0,469.0
C025-W-HO64-P-_U-001-01,S337E065B091B3B11A5BB1A5812D135,piping_system,PipingNetworkSystem,,582.75,247.75
C025-W-HO64-P-_U-001-01,SEE83709476A6B6DF270661CB1E8D28,piping_segment,PipingNetworkSegment,"1""-GI-642005-AS200-0",582.75,247.75
C025-W-HO64-P-_U-001-01,SDD3B0E7A13ED79B5408DC394DCE714,piping_component,BallValve,64-2011GI,575.0,255.0
C025-W-HO64-P-_U-001-01,S385066CFA16B744063B3A8910117B4,piping_component,CheckValve,64-2039GI,597.0,255.0
C025-W-HO64-P-_U-001-01,S6B56016AF6173A118EFCEB94FBE5E3,piping_component,FlangedConnection,,614.5,255.0
C025-W-HO64-P-_U-001-01,S7FB0242A46645F25A3A72BACB0BA73,piping_component,Hose,,628.0,255.0
C025-W-HO64-P-_U-001-01,S509357B28E556A08B2ED2960F62C47,piping_component,PipeFitting,,641.5,255.0
C025-W-HO64-P-_U-001-01,S10C854F8C3DEC57D0BE4D872905CAD,piping_system,PipingNetworkSystem,,574.5,386.0
C025-W-HO64-P-_U-001-01,S9D3D0C5ABC7E8332B7767ADAEDE6B0,piping_segment,PipingNetworkSegment,"1""-GI-642027-AS200-0",574.5,386.0
C025-W-HO64-P-_U-001-01,S829C74A479DE0114FDED3A3BC019EB,piping_component,FlangedConnection,,558.5,391.0
C025-W-HO64-P-_U-001-01,S36FEBA1ED775AB062D1BD51196038B,piping_component,BallValve,64-2034GI,575.0,391.0
C025-W-HO64-P-_U-001-01,S38F88B2BF6103AB1AD2177A54DB71F,piping_component,CheckValve,64-2053GI,597.0,391.0
C025-W-HO64-P-_U-001-01,SBFA92FC230BADABF0800033109E12F,piping_component,FlangedConnection,,614.5,391.0
C025-W-HO64-P-_U-001-01,S106D9F7C993222F5EB5C6B314B81A5,piping_component,Hose,,628.0,391.0
C025-W-HO64-P-_U-001-01,S4D10D7E8C5216E58BF5EB4980E7CDB,piping_component,PipeFitting,,641.5,391.0
C025-W-HO64-P-_U-001-01,SEE2B0A19633739F3701C80B417B618,piping_system,PipingNetworkSystem,,533.375,253.501
C025-W-HO64-P-_U-001-01,SB7F8FFA07ECDCB1BA5EA3625C27AFE,piping_segment,PipingNetworkSegment,"2""-GI-642024-AS200-0",464.5,236.0
C025-W-HO64-P-_U-001-01,SBC4835D7CE316448F3F81C22AA6B2F,piping_component,PipeTee,,467.0,271.0
C025-W-HO64-P-_U-001-01,SA1111DD99F042AD0A29C74364ACB12,piping_segment,PipingNetworkSegment,"2""-GI-642024-AS200-0",526.75,271.003
C025-W-HO64-P-_U-001-01,SC7DC8DB1998BDD9554EF9A98294D07,piping_component,PipeReducer,,544.0,271.006
C025-W-HO64-P-_U-001-01,S7B6A8D5A897BA0CC085E783AED6AAB,piping_segment,PipingNetworkSegment,"2""-GI-642024-AS200-0",552.75,271.0
C025-W-HO64-P-_U-001-01,S3275119EE17A6E3D56B20B643CBEF0,piping_component,PipeTee,,555.0,271.0
C025-W-HO64-P-_U-001-01,SEFCE6D11B3387B02603FCA7094A7BC,piping_segment,PipingNetworkSegment,"2""-GI-642024-AS200-0",474.5,271.0
C025-W-HO64-P-_U-001-01,S3D8E207F2959E413912742B1B65238,piping_component,PipeTee,,477.0,271.0
C025-W-HO64-P-_U-001-01,S21DC1B833970E93991543545BEB552,piping_segment,PipingNetworkSegment,"2""-GI-642024-AS200-0",602.25,271.0
C025-W-HO64-P-_U-001-01,S50D08045AEBC2D6860EDCC04774DD5,piping_component,BallValve,64-2029GI,575.0,271.0
C025-W-HO64-P-_U-001-01,S1874EDA05C8FE05DE0F0E1091C74BA,piping_component,CheckValve,64-2051GI,597.0,271.0
C025-W-HO64-P-_U-001-01,SE02EC3070A30639FF12CFEE3F471C4,piping_component,FlangedConnection,,614.5,271.0
C025-W-HO64-P-_U-001-01,SDB92A8935373ABCFF873F8268329F2,piping_component,Hose,,628.0,271.0
C025-W-HO64-P-_U-001-01,SBFF7357079D37496AA4635456A284D,piping_component,PipeFitting,,641.5,271.0
C025-W-HO64-P-_U-001-01,S49345CFFC0EE9542A9FABD07076F79,piping_system,PipingNetworkSystem,,594.75,495.5
C025-W-HO64-P-_U-001-01,SA1BB43A48D338C366A6B42091CD08B,piping_segment,PipingNetworkSegment,"1""-GI-642002-AS200-0",594.75,495.5
C025-W-HO64-P-_U-001-01,S5B6B26F387D5735CFF28DC9D90A3E9,pipe_off_page,FlowOutPipeOffPageConnector,,665.0,491.0
C025-W-HO64-P-_U-001-01,S5DC6913C9BDE8082CCA18F4F09EB5C,piping_system,PipingNetworkSystem,,181.0,502.5
C025-W-HO64-P-_U-001-01,S1F8BA7AE9A8BA5DF88DBA71ACC95BC,piping_segment,PipingNetworkSegment,"0.75""-VA-642002-AS200-0",181.0,502.5
C025-W-HO64-P-_U-001-01,S548D4C5D0473A57B7E59A20526EF38,piping_component,AngleValve,64-PSV2044,172.0,493.0
C025-W-HO64-P-_U-001-01,S3842E4D7095935E90BAC544197D90D,piping_component,Flange,,178.0,493.0
C025-W-HO64-P-_U-001-01,S9BAD658A47C6F8ACDA98B645765608,piping_system,PipingNetworkSystem,,538.375,214.126
C025-W-HO64-P-_U-001-01,S90B7A31144202EEA853DF864BA8815,piping_segment,PipingNetworkSegment,"2""-GI-642025-AS200-0",474.5,202.25
C025-W-HO64-P-_U-001-01,S9FEB1BCB4BE87C4F2A3EF47E5F03AE,piping_component,PipeTee,,477.0,226.0
C025-W-HO64-P-_U-001-01,S71E0472929427E07DAEEFCD0C390E0,piping_segment,PipingNetworkSegment,"2""-GI-642025-AS200-0",602.25,226.0
C025-W-HO64-P-_U-001-01,S7D30F2018748837AD83E058D8978F9,piping_component,BallValve,64-2030GI,575.0,226.0
C025-W-HO64-P-_U-001-01,S585C7726658426EEC31A99A67AEC82,piping_component,CheckValve,64-2052GI,597.0,226.0
C025-W-HO64-P-_U-001-01,S6234A4EAEE8B099BD8F99ACE2E3E78,piping_component,FlangedConnection,,614.5,226.0
C025-W-HO64-P-_U-001-01,SCF79BECCC04FB605CE250280143177,piping_component,Hose,,628.0,226.0
C025-W-HO64-P-_U-001-01,SCF25144020DDB7FC14C2888955021E,piping_component,PipeFitting,,641.5,226.0
C025-W-HO64-P-_U-001-01,SE5CA58ED8E9D2B369A85E890B2BAB0,piping_segment,PipingNetworkSegment,"2""-GI-642025-AS200-0",526.75,226.003
C025-W-HO64-P-_U-001-01,SDC2E7A8E2126389BA973A343BC7394,piping_component,PipeReducer,,544.0,226.006
C025-W-HO64-P-_U-001-01,S20737FE47B255CE438420D584CA932,piping_segment,PipingNetworkSegment,"2""-GI-642025-AS200-0",552.75,226.0
C025-W-HO64-P-_U-001-01,S6661F927C600208B8BD9DB213B9798,piping_component,PipeTee,,555.0,226.0
C025-W-HO64-P-_U-001-01,SDC9B84D61C4A1592F5BC8178D7BCA6,piping_system,PipingNetworkSystem,,433.25,456.875
C025-W-HO64-P-_U-001-01,S52A1A1D73508414FD33928D2FC494E,piping_segment,PipingNetworkSegment,"1""-GI-642011-AS200-0",538.5,529.25
C025-W-HO64-P-_U-001-01,S4F354B8A2980ADF5BDADF81840711F,piping_component,BallValve,64-2009GI,484.0,536.0
C025-W-HO64-P-_U-001-01,S739F5E785E52B677DCFAD167695400,piping_component,CheckValve,64-2044GI,509.0,536.0
C025-W-HO64-P-_U-001-01,SFA80C8E070083BBD71E6EB6C741F33,piping_component,FlangedConnection,,530.5,536.0
C025-W-HO64-P-_U-001-01,SDE8B54738139B4F852C8AEDD7214FC,piping_component,InlinePrimaryElement,64-FT2004,539.565,536.0
C025-W-HO64-P-_U-001-01,SAB8874ABE8E5484DCEA883F1A1F5E9,piping_component,FlangedConnection,,552.5,536.0
C025-W-HO64-P-_U-001-01,SBB0C1872C3C86FAFDFCF3DA759B5FD,piping_component,GlobeValve,64-2019GI,586.0,536.0
C025-W-HO64-P-_U-001-01,SDBA99E3D5682392DF0EE9872F475E8,piping_component,BallValve,64-2014GI,608.0,536.0
C025-W-HO64-P-_U-001-01,SADA355923D50A0FAA9CF5E86D63B0D,pipe_off_page,FlowOutPipeOffPageConnector,,665.0,536.0
C025-W-HO64-P-_U-001-01,S3512CA690A16BF6CF00795610CE4C0,piping_segment,PipingNetworkSegment,"2""-GI-642011-AS200-0",328.0,384.5
C025-W-HO64-P-_U-001-01,S7EDC7C75A3844E35C50AC1D1275CB6,piping_component,PipeTee,,328.0,469.0
C025-W-HO64-P-_U-001-01,SDEB24E44336F092F632405C26AF6F2,piping_segment,PipingNetworkSegment,"2""-GI-642011-AS200-0",340.0,499.0
C025-W-HO64-P-_U-001-01,S40202D56D5D2A8B8AE269D849100CD,piping_component,PipeTee,,344.0,509.0
C025-W-HO64-P-_U-001-01,SBBC0AA2C1AAEF7487ED637DA8CFEF3,piping_segment,PipingNetworkSegment,"2""-GI-642011-AS200-0",360.0,509.0
C025-W-HO64-P-_U-001-01,SC29700B390A3E613B3265483BF47A4,piping_system,PipingNetworkSystem,,592.0,316.0
C025-W-HO64-P-_U-001-01,SF6E0195A04BFE67A1537C1BB00FC56,piping_segment,PipingNetworkSegment,"1""-GI-642009-AS200-0",592.0,316.0
C025-W-HO64-P-_U-001-01,SEAD6D8113861BD4484EE74FBFBA940,piping_component,BallValve,64-2013GI,575.0,331.0
C025-W-HO64-P-_U-001-01,S808EFDEA2CE4116D88E8C3787BBA6F,pipe_off_page,FlowOutPipeOffPageConnector,,665.0,331.0
C025-W-HO64-P-_U-001-01,SDA87DE1C9FDDE7D06EDED1BFE4BB86,piping_system,PipingNetworkSystem,,397.125,129.001
C025-W-HO64-P-_U-001-01,SA02C68A5714A33CAAA798F61B655A3,piping_segment,PipingNetworkSegment,"2""-GI-642006-AS200-0",454.5,131.0
C025-W-HO64-P-_U-001-01,S4C47A1F086B60F9F44F9EE19562DBA,piping_component,PipeTee,,457.0,131.0
C025-W-HO64-P-_U-001-01,S75B1BCC1BB06862D8699FE6B06EE4B,piping_segment,PipingNetworkSegment,"2""-GI-642006-AS200-0",601.25,131.0
C025-W-HO64-P-_U-001-01,S9109CCC8236EF2502F996683AD6C0F,piping_component,BallValve,64-2012GI,575.0,131.0
C025-W-HO64-P-_U-001-01,SCE166D8EC9FE4345A69DF3F4A1CAEB,piping_component,CheckValve,64-2040GI,597.0,131.0
C025-W-HO64-P-_U-001-01,SB21ACE13CBE1A01B48A8D52439DD9A,piping_component,FlangedConnection,,614.5,131.0
C025-W-HO64-P-_U-001-01,SCA023BD8A524B6B45613721494F2FB,piping_component,Hose,,628.0,131.0
C025-W-HO64-P-_U-001-01,SA601973349BDE77568512DA3460327,piping_component,PipeFitting,,641.5,131.0
C025-W-HO64-P-_U-001-01,S53538B68B1198BE31BCE675991AFEC,piping_segment,PipingNetworkSegment,"2""-GI-642006-AS200-0",193.0,131.0
C025-W-HO64-P-_U-001-01,SDF398EA1151ED2143C60582DEE698E,pipe_off_page,FlowInPipeOffPageConnector,,58.0,131.0
C025-W-HO64-P-_U-001-01,SBD8FC0329F49C12AF9D9286C03CDC4,piping_component,PipeTee,,328.0,131.0
C025-W-HO64-P-_U-001-01,S6701F6742C4E6848AA167B5618AD65,piping_segment,PipingNetworkSegment,"2""-GI-642006-AS200-0",506.5,131.0
C025-W-HO64-P-_U-001-01,SC50FE318F3AE3C4CC2F7A7F1848AFF,piping_component,PipeTee,,513.0,131.0
C025-W-HO64-P-_U-001-01,S63F0D096CE0F3839D47BF6B49BE2D3,piping_segment,PipingNetworkSegment,"2""-GI-642006-AS200-0",474.5,131.0
C025-W-HO64-P-_U-001-01,SFA994E3A6B45BFFD588589989108F0,piping_component,PipeTee,,477.0,131.0
C025-W-HO64-P-_U-001-01,S62B8DA32401278098CFBF67E2007F8,piping_segment,PipingNetworkSegment,"2""-GI-642006-AS200-0",424.5,131.0
C025-W-HO64-P-_U-001-01,SDBD201685864084FCFADCB63CAEB13,piping_component,PipeTee,,427.0,131.0
C025-W-HO64-P-_U-001-01,SD5A16EE0718D3FF03AD557948FF730,piping_segment,PipingNetworkSegment,"2""-GI-642006-AS200-0",434.5,131.0
C025-W-HO64-P-_U-001-01,SFE5075BF05FB7D4D1534872D6FB6F1,piping_component,PipeTee,,437.0,131.0
C025-W-HO64-P-_U-001-01,SAE6B95509325586BAF003C728869BF,piping_segment,PipingNetworkSegment,"2""-GI-642006-AS200-0",369.5,131.0
C025-W-HO64-P-_U-001-01,SAFB6431BB3CB35828A703723E89648,piping_component,BallValve,64-2032GI,349.0,131.0
C025-W-HO64-P-_U-001-01,SA5C2D74C51B40E21CC9B9A5AAD5FB2,piping_component,BallValve,64-XV2003,384.0,131.0
C025-W-HO64-P-_U-001-01,S4C390C465504683C395CF210FC4308,piping_segment,PipingNetworkSegment,"2""-GI-642006-AS200-0",417.0,127.0
C025-W-HO64-P-_U-001-01,S68AA01CD1C0E7138CCEA3C92F95CF9,piping_component,PipeFitting,,417.0,123.0
C025-W-HO64-P-_U-001-01,SAF71D647BC4F516A9FD48B07331F9F,piping_component,PipeTee,,417.0,131.0
C025-W-HO64-P-_U-001-01,SBD6A90AB0050C0E42516C82AD5178E,piping_segment,PipingNetworkSegment,"2""-GI-642006-AS200-0",539.5,131.003
C025-W-HO64-P-_U-001-01,S4B77B3FA9D512D40633755A912366D,piping_component,PipeReducer,,549.0,131.006
C025-W-HO64-P-_U-001-01,SC7F6EB36DE4E60F6A8B7634260F1E0,piping_segment,PipingNetworkSegment,"2""-GI-642006-AS200-0",464.5,131.0
C025-W-HO64-P-_U-001-01,S74AF459D6902A880117DC418572BAE,piping_component,PipeTee,,467.0,131.0
C025-W-HO64-P-_U-001-01,S6B0F249F99974474019D9A42EEE3B8,piping_segment,PipingNetworkSegment,"2""-GI-642006-AS200-0",444.5,131.0
C025-W-HO64-P-_U-001-01,S17F02B6402F15C31B2FD9BF9164616,piping_component,PipeTee,,447.0,131.0
C025-W-HO64-P-_U-001-01,S60C273BD59C76CF659C8ED6067F801,piping_segment,PipingNetworkSegment,"2""-GI-642006-AS200-0",484.5,131.0
C025-W-HO64-P-_U-001-01,S7AAFF6FF94339EEEB9374B187CE3CA,piping_component,PipeTee,,487.0,131.0
C025-W-HO64-P-_U-001-01,SA93F166CB70353BD969C0FBE0B6921,piping_system,PipingNetworkSystem,,523.0,341.001
C025-W-HO64-P-_U-001-01,S9B7FBA9AB699F76970DF5BC00A3380,piping_segment,PipingNetworkSegment,"2""-GI-642028-AS200-0",452.0,311.0
C025-W-HO64-P-_U-001-01,S2BA748AB8D513E219ED16EBC7EA17B,piping_component,PipeTee,,457.0,371.0
C025-W-HO64-P-_U-001-01,S8947BA279500E499A1719A3015A80C,piping_segment,PipingNetworkSegment,"2""-GI-642028-AS200-0",594.0,371.0
C025-W-HO64-P-_U-001-01,S829E22A73BDF5AA362D4D2F290C14D,piping_component,FlangedConnection,,550.5,371.0
C025-W-HO64-P-_U-001-01,SC99DB14826C87627EFFCA807BBCEBD,piping_component,FlangedConnection,,561.5,371.0
C025-W-HO64-P-_U-001-01,S49502D04E85A2C4285D0B64E03AA7B,piping_component,BallValve,64-2035GI,575.0,371.0
C025-W-HO64-P-_U-001-01,S840517BCADDC4315A1790CFE13DFC7,piping_component,CheckValve,64-2054GI,597.0,371.0
C025-W-HO64-P-_U-001-01,S69E69EF909AC563647830F5890926F,piping_component,FlangedConnection,,614.5,371.0
C025-W-HO64-P-_U-001-01,S4B29F28E3A777BB5D0BFA47AF4B59E,piping_component,Hose,,628.0,371.0
C025-W-HO64-P-_U-001-01,S9FCE7A9F5E472D7B9076CD39F5C724,piping_component,PipeFitting,,641.5,371.0
C025-W-HO64-P-_U-001-01,S4EAB801DCC1F43CAC9BCE2F8CE911D,piping_segment,PipingNetworkSegment,"2""-GI-642028-AS200-0",519.5,371.003
C025-W-HO64-P-_U-001-01,SD94CE77B0EC484CF4F89FDC7B93ADE,piping_component,PipeReducer,,541.0,371.006
C025-W-HO64-P-_U-001-01,S20E3526A8AD063D429C8C4FD7458E5,piping_system,PipingNetworkSystem,,631.25,286.0
C025-W-HO64-P-_U-001-01,S9905576733D43B2B3A1DE52CEC7545,piping_segment,PipingNetworkSegment,"0.5""-GI-642026-AS200-0",631.25,286.0
C025-W-HO64-P-_U-001-01,SE674E93AD6A5AE8409CAA6FAE57682,pipe_off_page,FlowOutPipeOffPageConnector,,665.0,291.0
C025-W-HO64-P-_U-001-01,S8D9858AA886F4FC28F2BF7D3C4473A,piping_system,PipingNetworkSystem,,559.75,149.001
C025-W-HO64-P-_U-001-01,SF942C7A3959EAD3C0DC7D2F785FAD9,piping_segment,PipingNetworkSegment,"2""-GI-642004-AS200-0",540.75,148.0
C025-W-HO64-P-_U-001-01,S95508F3B52FAD19051BCF143AE9AE8,piping_component,PipeTee,,543.0,148.0
C025-W-HO64-P-_U-001-01,S5BDC44A58590540A3CC5893EB19353,piping_segment,PipingNetworkSegment,"2""-GI-642004-AS200-0",520.25,143.753
C025-W-HO64-P-_U-001-01,SFB3701A9A2339D5089EF7CB3B8B2CE,piping_component,PipeReducer,,532.0,148.006
C025-W-HO64-P-_U-001-01,S393254A27E4C884727D411B965885A,piping_segment,PipingNetworkSegment,"2""-GI-642004-AS200-0",543.0,154.25
C025-W-HO64-P-_U-001-01,S17E1CD9364BC2A41CE4B02E4127090,piping_component,FlangedConnection,,543.0,156.5
C025-W-HO64-P-_U-001-01,S665437D3F65DB7EDCAE1EE6563858C,piping_segment,PipingNetworkSegment,"2""-GI-642004-AS200-0",599.25,148.0
C025-W-HO64-P-_U-001-01,SBD80293B2FD0C211C2B63EC4E60C1A,piping_component,BallValve,64-2010GI,575.0,148.0
C025-W-HO64-P-_U-001-01,SFA0247110B8A1D17907CA0525F3261,piping_component,CheckValve,64-2038GI,597.0,148.0
C025-W-HO64-P-_U-001-01,SD6FB5A25C4D20095A09BE473443D92,piping_component,FlangedConnection,,614.5,148.0
C025-W-HO64-P-_U-001-01,SBE26F78B43B2A876000A39F59A2EE0,piping_component,Hose,,628.0,148.0
C025-W-HO64-P-_U-001-01,SDF391C4B26B3B7CB91D645EF094C24,piping_component,PipeFitting,,641.5,148.0
C025-W-HO64-P-_U-001-01,SC280DEDBF31EB151809F94BC4B6D5B,piping_system,PipingNetworkSystem,,766.438,194.666
C025-W-HO64-P-_U-001-01,S40DBFDE5D55614D073BDB4C00F34EB,piping_segment,PipingNetworkSegment,"1""-GI-644647-AS200-0",766.438,194.666
C025-W-HO64-P-_U-001-01,SE8176A7C713BEBEC1F55BB9281C9B2,piping_component,BallValve,64-4472GI,751.816,204.555
C025-W-HO64-P-_U-001-01,S607A5D76DB8E883F6EFD7B8449DF81,piping_component,CheckValve,64-4473GI,772.973,204.555
C025-W-HO64-P-_U-001-01,SB5699C2A7591CD35C45237BB7390C6,piping_component,FlangedConnection,,781.751,204.555
C025-W-HO64-P-_U-001-01,SE68BB739E5E2EA1B83DE8FF69412AB,piping_component,Hose,,795.251,204.555
C025-W-HO64-P-_U-001-01,SAC81BC079B847BBBC3B911C1C20191,piping_component,PipeFitting,,808.751,204.555
C025-W-HO64-P-_U-001-01,S318E45BE67805402B1F8F8F7671982,piping_system,PipingNetworkSystem,,767.53,179.668
C025-W-HO64-P-_U-001-01,S1FAFCA99E9936EEC42F8BFD7B0A587,piping_segment,PipingNetworkSegment,"1""-GI-644646-AS200-0",767.53,179.668
C025-W-HO64-P-_U-001-01,S2995A732301C771FC1DA415E39CAE4,piping_component,BallValve,64-4470GI,751.816,184.555
C025-W-HO64-P-_U-001-01,SD0F2C8D3B823871EAA8AF65E76BD19,piping_component,CheckValve,64-4471GI,772.973,184.555
C025-W-HO64-P-_U-001-01,S3D116A2C116BAA6B35C85E53757200,piping_component,FlangedConnection,,781.751,184.555
C025-W-HO64-P-_U-001-01,SFD1E2BF4979D013023DCD6A882617F,piping_component,Hose,,795.251,184.555
C025-W-HO64-P-_U-001-01,S824A12EAAEF95B28187839FBCFC031,piping_component,PipeFitting,,808.751,184.555
C025-W-HO64-P-_U-001-01,S281E30BE5F96F371EBACC29F0D44D1,piping_system,PipingNetworkSystem,,560.375,190.5
C025-W-HO64-P-_U-001-01,SE4522FBFAB336FFD95961EFD91F398,piping_segment,PipingNetworkSegment,"1""-GI-642030-AS200-0",525.75,182.0
C025-W-HO64-P-_U-001-01,SF9C5EAE71EE6246723CBFA41E75EC5,piping_component,FlangedConnection,,518.5,199.0
C025-W-HO64-P-_U-001-01,SE1DB8B45445A1E381C8E80A245C073,piping_component,BallValve,64-2036GI,530.0,199.0
C025-W-HO64-P-_U-001-01,SCAD62C27F3CB7EC3F1896E97A6B61E,piping_component,PipeTee,,554.0,199.0
C025-W-HO64-P-_U-001-01,SD155EB359A649D4CF0EA88F51B5BC2,piping_segment,PipingNetworkSegment,"1""-GI-642030-AS200-0",595.0,199.0
C025-W-HO64-P-_U-001-01,S2BCF923345635C1440B81D1B99D45A,piping_component,BallValve,64-4464GI,562.0,199.0
C025-W-HO64-P-_U-001-01,S70F384DBD8F25EA80391D12DD0C10B,piping_component,CheckValve,64-2055GI,583.0,199.0
C025-W-HO64-P-_U-001-01,S1C21A164DE78CB4C474B337EFC8169,piping_component,FlangedConnection,,606.5,199.0
C025-W-HO64-P-_U-001-01,SF9C33FAB28A0D3E688C643FB89F927,piping_component,Hose,,620.0,199.0
C025-W-HO64-P-_U-001-01,S2992AFD15FB350AC1DE2ED42F5A807,piping_component,PipeFitting,,633.5,199.0
C025-W-HO64-P-_U-001-01,SFF61AFCD0E3D1E03EF7B70AF8C08B4,piping_system,PipingNetworkSystem,,572.0,296.0
C025-W-HO64-P-_U-001-01,SCCE160859DE5B614BB0C322D867040,piping_segment,PipingNetworkSegment,"1""-GI-642012-AS200-0",572.0,296.0
C025-W-HO64-P-_U-001-01,S532E2EBC7F2BBA41DB8809198163FE,piping_component,FlangedConnection,,558.5,351.0
C025-W-HO64-P-_U-001-01,S9B45124BD6714ADE005A4B1F523723,piping_component,BallValve,64-2016GI,575.0,351.0
C025-W-HO64-P-_U-001-01,SEF87571B7ECF89793AD285FE1C7C14,piping_component,CheckValve,64-2045GI,597.0,351.0
C025-W-HO64-P-_U-001-01,S19DDF659CE8F2F785090081CDC45D1,piping_component,FlangedConnection,,614.5,351.0
C025-W-HO64-P-_U-001-01,SA4D5B35DA948E73CE464945C84FC66,piping_component,Hose,,628.0,351.0
C025-W-HO64-P-_U-001-01,S55F32BCB1D1638BF7DE903929232ED,piping_component,PipeFitting,,641.5,351.0
C025-W-HO64-P-_U-001-01,SF69EA8C9BFDADED4E9CDECFAB332F8,piping_system,PipingNetworkSystem,,631.25,235.0
C025-W-HO64-P-_U-001-01,S4D5399D8486D3C0E675F79CF66BC83,piping_segment,PipingNetworkSegment,"0.5""-GI-642032-AS200-0",631.25,235.0
C025-W-HO64-P-_U-001-01,SDB79F46D5EB988606A47BE89F319CD,pipe_off_page,FlowOutPipeOffPageConnector,,665.0,238.0
C025-W-HO64-P-_U-001-01,S9E737BE30A4E27555CA05C88ECB065,piping_system,PipingNetworkSystem,,197.25,456.125
C025-W-HO64-P-_U-001-01,SCF30CD8E501F30FEB307156D220BA0,piping_segment,PipingNetworkSegment,"1""-GI-642010-AS200-0",266.25,469.0
C025-W-HO64-P-_U-001-01,S437FD455F612A91ACD55A06E8444EC,piping_component,FlangedConnection,,220.0,469.0
C025-W-HO64-P-_U-001-01,SA629B9FDA0866A9E4583C1CA8C328F,piping_component,BallValve,64-XV2002,279.0,469.0
C025-W-HO64-P-_U-001-01,SAF3A3B080AE409BEA59331B306A43B,piping_component,BallValve,64-2031GI,311.0,469.0
C025-W-HO64-P-_U-001-01,S5ABA5A7DF62ED4D142E0E679D46BB9,piping_segment,PipingNetworkSegment,"1""-GI-642010-AS200-0",324.0,469.0
C025-W-HO64-P-_U-001-01,S6C832537208A0B53DEE6E264381709,piping_segment,PipingNetworkSegment,"1""-GI-642010-AS200-0",135.75,469.0
C025-W-HO64-P-_U-001-01,S953867527E632CE3205C90764EE3BF,piping_component,PipeTee,,138.0,469.0
C025-W-HO64-P-_U-001-01,SB194485546A4C225B1269E406ADFDC,piping_segment,PipingNetworkSegment,"1""-GI-642010-AS200-0",85.0,469.0
C025-W-HO64-P-_U-001-01,S3C90856A709DC9B64A71577ADB6CBF,piping_segment,PipingNetworkSegment,"1""-GI-642010-AS200-0",138.0,476.25
C025-W-HO64-P-_U-001-01,SF1EFBCF7B5AFFBF656C78A3A564490,piping_component,BallValve,64-2991GI,138.0,480.0
C025-W-HO64-P-_U-001-01,S356E9A21AD5C4CDC2455975B244E61,piping_segment,PipingNetworkSegment,"1""-GI-642010-AS200-0",74.0,476.25
C025-W-HO64-P-_U-001-01,SCFE0B4DD833564B5B41B327172B2C6,piping_component,BallValve,64-2989GI,74.0,480.0
C025-W-HO64-P-_U-001-01,S4919FF4915AB78008B4A14F65735BD,piping_segment,PipingNetworkSegment,"1""-GI-642010-AS200-0",163.5,469.0
C025-W-HO64-P-_U-001-01,SA7E2CB901C7F497E1F1E5C52472388,piping_component,PipeTee,,172.0,469.0
C025-W-HO64-P-_U-001-01,S6C53E3474549D33F67C876F9A72E0D,piping_segment,PipingNetworkSegment,"1""-GI-642010-AS200-0",308.0,436.0
C025-W-HO64-P-_U-001-01,SB1E89EAC11FFCAA85DC5412CA9E6F9,piping_component,GateValve,64-2008GI,296.0,403.0
C025-W-HO64-P-_U-001-01,S75A9F4BAAE8721B1C1D2FF9A35B470,piping_component,PipeTee,,320.0,469.0
C025-W-HO64-P-_U-001-01,SA56D95D07E21022AD3FF784F6A6AE8,piping_segment,PipingNetworkSegment,"1""-GI-642010-AS200-0",129.0,460.75
C025-W-HO64-P-_U-001-01,S9E4D122D818013E188E634D2260B9C,piping_component,FlangedConnection,,129.0,452.5
C025-W-HO64-P-_U-001-01,S723332ABC9E31A8538A5EE548CEB25,piping_component,BallValve,64-2992GI,129.0,457.0
C025-W-HO64-P-_U-001-01,S371E0369B45932CC9E540754EDFDDE,piping_component,PipeTee,,129.0,469.0
C025-W-HO64-P-_U-001-01,S1C1E8109C4D53BB79CEBECD2ECACBF,piping_segment,PipingNetworkSegment,"1""-GI-642010-AS200-0",114.25,469.0
C025-W-HO64-P-_U-001-01,S962773F53A049160C9CA4FF487AFCB,piping_component,OperatedValve,64-PCV2042,116.0,469.0
C025-W-HO64-P-_U-001-01,S7614C541DB584CE7717F4E7D2F0C6D,piping_segment,PipingNetworkSegment,"1""-GI-642010-AS200-0",96.0,474.5
C025-W-HO64-P-_U-001-01,SB8661D924106F6F1CF5AEB5AAECFF1,piping_component,BallValve,64-2990GI,96.0,480.0
C025-W-HO64-P-_U-001-01,S3F27DD8F4B0F1F23DE88E63752C2AB,piping_component,PipeTee,,96.0,469.0
C025-W-HO64-P-_U-001-01,S26702B0C19EE395ADE18A64CB4E5CC,piping_segment,PipingNetworkSegment,"1""-GI-642010-AS200-0",70.5,469.0
C025-W-HO64-P-_U-001-01,S508152896EE2E6022B1DDE83F38A64,piping_component,PipeTee,,74.0,469.0
C025-W-HO64-P-_U-001-01,S2ECB6C7F865F8B2CF4FFB12D3DDC67,piping_segment,PipingNetworkSegment,"1""-GI-642010-AS200-0",192.5,469.003
C025-W-HO64-P-_U-001-01,SF69CF79176C9CDABE9AE5DFA528D0D,piping_component,CheckValve,64-2984GI,184.0,469.0
C025-W-HO64-P-_U-001-01,SAAC2E3FFEF85C987520441B9FBA7CB,piping_component,BallValve,64-2993GI,195.0,469.0
C025-W-HO64-P-_U-001-01,S83836C97BA5B4625F9181A9F61FB6A,piping_component,PipeReducer,,209.0,469.006
C025-W-HO64-P-_U-001-01,SB5F2619B210EBD40A48F027FEEA2D2,piping_system,PipingNetworkSystem,,575.25,426.0
C025-W-HO64-P-_U-001-01,S2C34E363C51F57ED26D15C9043EBCB,piping_segment,PipingNetworkSegment,"1""-GI-642013-AS200-0",575.25,426.0
C025-W-HO64-P-_U-001-01,S831E43CC4A3CAD9183187ABB8BB7D3,piping_component,BallValve,64-2017GI,575.0,431.0
C025-W-HO64-P-_U-001-01,SB6933A3D77FEE8126AAE45B05E92AB,piping_component,CheckValve,64-2046GI,597.0,431.0
C025-W-HO64-P-_U-001-01,SA910FACEC3CBD3C0CEB10B8269C8F2,piping_component,FlangedConnection,,614.5,431.0
C025-W-HO64-P-_U-001-01,S80FB02D2FC3038D50F090A8DF844C4,piping_component,Hose,,628.0,431.0
C025-W-HO64-P-_U-001-01,S8CB7987B720391E24EECC217E60349,piping_component,PipeFitting,,641.5,431.0
C025-W-HO64-P-_U-001-01,S63E8752F3F3C553ED355FD1C7B712A,piping_system,PipingNetworkSystem,,521.0,376.001
C025-W-HO64-P-_U-001-01,SF746F1C129477769B7588F03FCFAA3,piping_segment,PipingNetworkSegment,"2""-GI-642014-AS200-0",519.25,411.003
C025-W-HO64-P-_U-001-01,S33FC96750C47BE523A5C5356700E6C,piping_component,PipeReducer,,544.0,411.006
C025-W-HO64-P-_U-001-01,S2A258476A67B6E810577A24FFF8E8C,piping_segment,PipingNetworkSegment,"2""-GI-642014-AS200-0",442.0,341.0
C025-W-HO64-P-_U-001-01,S43D0C3828AB5E9EFEB52DB42F42636,piping_component,PipeTee,,447.0,411.0
C025-W-HO64-P-_U-001-01,S57AE2AFBBE814B16EAAFE416575CFA,piping_segment,PipingNetworkSegment,"2""-GI-642014-AS200-0",600.0,411.0
C025-W-HO64-P-_U-001-01,S95B1445555CDE1F5C1CE0C3A4A9079,piping_component,BallValve,64-2018GI,575.0,411.0
C025-W-HO64-P-_U-001-01,S6DCA5AE28D45CF36CBE43CA0EC99F0,piping_component,CheckValve,64-2047GI,597.0,411.0
C025-W-HO64-P-_U-001-01,S8D277EF637ACC630952F732E96C78D,piping_component,FlangedConnection,,614.5,411.0
C025-W-HO64-P-_U-001-01,S18E539EDE3684294CC727AFCB8AE7D,piping_component,Hose,,628.0,411.0
C025-W-HO64-P-_U-001-01,S5B60AE5BB68E3D08D01AF86A30BE85,piping_component,PipeFitting,,641.5,411.0
C025-W-HO64-P-_U-001-01,S34109D39D89852D38639F908799901,piping_system,PipingNetworkSystem,,582.75,301.0
C025-W-HO64-P-_U-001-01,SF48D91DF5D49629E93760B88EBC852,piping_segment,PipingNetworkSegment,"1""-GI-642022-AS200-0",582.75,301.0
C025-W-HO64-P-_U-001-01,S511A88D9F1117F5EE8FC05833A71E1,piping_component,BallValve,64-2027GI,575.0,311.0
C025-W-HO64-P-_U-001-01,S233EAD426391D20AB68D9EC63D3A9D,piping_component,CheckValve,64-2049GI,597.0,311.0
C025-W-HO64-P-_U-001-01,S16EEA95E0997F7FC42F86021349C6D,piping_component,FlangedConnection,,614.5,311.0
C025-W-HO64-P-_U-001-01,S9AA97226283A67F4205A57CE4E6C7D,piping_component,Hose,,628.0,311.0
C025-W-HO64-P-_U-001-01,S818D88AE9C72681C6EA3FE81EBAEC5,piping_component,PipeFitting,,641.5,311.0
C025-W-HO64-P-_U-001-01,SA51FD02B9BFE12D821ECFE3CC262B3,piping_system,PipingNetworkSystem,,492.625,509.001
C025-W-HO64-P-_U-001-01,SE0665C10BB61598103912BAFF13E1C,piping_segment,PipingNetworkSegment,"1""-GI-642000-AS200-0",404.75,509.0
C025-W-HO64-P-_U-001-01,SE587C4D2409A89E57267294E1AEFCE,piping_component,PipeTee,,409.0,509.0
C025-W-HO64-P-_U-001-01,S9E859E42E6C71CFDC7BF27B7035845,piping_segment,PipingNetworkSegment,"1""-GI-642000-AS200-0",601.25,509.0
C025-W-HO64-P-_U-001-01,S822182F304660F799F8AA17193A132,pipe_off_page,FlowOutPipeOffPageConnector,,665.0,509.0
C025-W-HO64-P-_U-001-01,SFEFFD426FB3DEC11B6161561E0B5E4,piping_segment,PipingNetworkSegment,"1""-GI-642000-AS200-0",426.5,509.003
C025-W-HO64-P-_U-001-01,S2733E5521BC177A00E38E14E8F247F,piping_component,PipeReducer,,433.0,509.006
C025-W-HO64-P-_U-001-01,S69815D0F4C6A990952417485FE3E53,piping_segment,PipingNetworkSegment,"1""-GI-642000-AS200-0",384.0,509.0
C025-W-HO64-P-_U-001-01,SCC15C6926B5E7B84025E70F8755076,piping_component,PipeTee,,376.0,509.0
C025-W-HO64-P-_U-001-01,S2D62738535BB933ED6944B8E13382A,piping_component,PipeTee,,392.0,509.0
C025-W-HO64-P-_U-001-01,SB51F1A244A4A61E9CE04FFDF0B12DD,piping_system,PipingNetworkSystem,,627.217,173.5
C025-W-HO64-P-_U-001-01,S100A77D5D281B42121D7B89B31BF5D,piping_segment,PipingNetworkSegment,"1""-GI-644640-AS200-0",627.217,173.5
C025-W-HO64-P-_U-001-01,S18FBD4BD0CD498FE6D9C6853D442D8,piping_component,FlangedConnection,,694.19,165.0
C025-W-HO64-P-_U-001-01,S59A5E699EBA3B1FC0291BE7CC4CB59,piping_component,PipeTee,,700.433,165.0
C025-W-HO64-P-_U-001-01,SEC0115DF8280F9591207A3FD604B38,piping_system,PipingNetworkSystem,,735.62,165.001
C025-W-HO64-P-_U-001-01,S9E2CB03D5B21E96A665E9D4B339890,piping_segment,PipingNetworkSegment,"1""-GI-644641-AS200-0",767.53,165.0
C025-W-HO64-P-_U-001-01,SE87D6E298ADFB37975724626F034F9,piping_component,BallValve,64-4462GI,751.816,165.0
C025-W-HO64-P-_U-001-01,SC451054F3BB090D90743BD0475A061,piping_component,CheckValve,64-4463GI,772.973,165.0
C025-W-HO64-P-_U-001-01,SA7E67A89D81223DB271C7123CDFF11,piping_component,FlangedConnection,,781.751,165.0
C025-W-HO64-P-_U-001-01,S6C60C7097C044F8161D06DB5D102D0,piping_component,Hose,,795.251,165.0
C025-W-HO64-P-_U-001-01,S35F341C05FE607D403061D112F3648,piping_component,PipeFitting,,808.751,165.0
C025-W-HO64-P-_U-001-01,S1A230A11490AE42B0421BFFFA09AC2,piping_segment,PipingNetworkSegment,"1""-GI-644641-AS200-0",703.71,165.002
C025-W-HO64-P-_U-001-01,SAA79FCE57C5B695865B78DC864958A,piping_component,PipeTee,,704.802,165.004
C025-W-HO64-P-_U-001-01,S5B9B53258FB4FE917B74DE9BC30AA4,piping_system,PipingNetworkSystem,,591.75,116.0
C025-W-HO64-P-_U-001-01,S112057D5EB44B5ABDC0C40DF5A41D6,piping_segment,PipingNetworkSegment,"1""-GI-642023-AS200-0",591.75,116.0
C025-W-HO64-P-_U-001-01,S2F0D54A309E7A6D8F92357B6DDD271,piping_component,BallValve,64-2028GI,575.0,111.0
C025-W-HO64-P-_U-001-01,SFDB6A4E5AABB74D24BE360CCCB9F8A,piping_component,CheckValve,64-2050GI,597.0,111.0
C025-W-HO64-P-_U-001-01,SB88BA4C86BA3A7133CE8B67864E443,piping_component,FlangedConnection,,614.5,111.0
C025-W-HO64-P-_U-001-01,S162E671C0410CEFF5578663850B097,piping_component,Hose,,628.0,111.0
C025-W-HO64-P-_U-001-01,SD068A62AAD449D91D6E77E2DA5A53D,piping_component,PipeFitting,,641.5,111.0
C025-W-HO64-P-_U-001-01,S74CCB7658372C4D3E7279D4E9BCBEE,piping_system,PipingNetworkSystem,,590.5,482.0
C025-W-HO64-P-_U-001-01,SC899DADECFEA00DC327018BFED4DD4,piping_segment,PipingNetworkSegment,"1""-GI-642001-AS200-0",590.5,482.0
C025-W-HO64-P-_U-001-01,SD00B45169231BBBF4D1FD4C48A8F15,pipe_off_page,FlowOutPipeOffPageConnector,,665.0,473.0
C025-W-HO64-P-_U-001-01,SFEA82EA45AAB6711DB437F076780AA,piping_system,PipingNetworkSystem,,586.5,468.5
C025-W-HO64-P-_U-001-01,SB463B1A30B528CFFFF948863CCF1DC,piping_segment,PipingNetworkSegment,"1""-GI-642020-AS200-0",586.5,468.5
C025-W-HO64-P-_U-001-01,S3E372CC365596E3F2924530AE0957F,pipe_off_page,FlowOutPipeOffPageConnector,,665.0,455.0
C025-W-HO64-P-_U-001-01,SA2EB7F9E4B8BF132403AFE4BBF9B7A,piping_system,PipingNetworkSystem,,74.25,416.0
C025-W-HO64-P-_U-001-01,SCD9F24588607ADFCB0BFE845579C9F,piping_segment,PipingNetworkSegment,,49.25,424.0
C025-W-HO64-P-_U-001-01,SF806C724BE6647D96BCABBA407F533,piping_component,PipeTee,,43.0,424.0
C025-W-HO64-P-_U-001-01,SDE82152745134D134460BE89E2ADE8,piping_segment,PipingNetworkSegment,,47.5,446.5
C025-W-HO64-P-_U-001-01,S38DBBE6DB8BF40728F42D6B5F0E357,piping_segment,PipingNetworkSegment,,105.5,388.0
C025-W-HO64-P-_U-001-01,SEF78821DA7B3B4519C5450ED990F15,piping_component,FlangedConnection,,118.0,365.0
C025-W-HO64-P-_U-001-01,S938283B5C395583871C9EEC322746B,piping_component,Hose,,118.0,378.0
C025-W-HO64-P-_U-001-01,S1F71F2E0205820DC82EABE1CE4023B,piping_component,BallValve,,118.0,410.0
C025-W-HO64-P-_U-001-01,SF1E9F1A79EC817AB6060C36DB68B7B,piping_component,PipeTee,,93.0,424.0
C025-W-HO64-P-_U-001-01,SF3A3D8046A043140E72FA5CA79F688,piping_segment,PipingNetworkSegment,,68.0,385.5
C025-W-HO64-P-_U-001-01,SD7D47760A11E53B430F3903491915C,piping_component,FlangedConnection,,68.0,365.0
C025-W-HO64-P-_U-001-01,S2F694A161D305AD476BFF59E3C0DBC,piping_component,Hose,,68.0,378.0
C025-W-HO64-P-_U-001-01,S2FC97E4A6922D3ECEA689CE13A3956,piping_component,BallValve,,68.0,410.0
C025-W-HO64-P-_U-001-01,S17D68FF26195B00D88743E3250B745,piping_segment,PipingNetworkSegment,,43.0,385.5
C025-W-HO64-P-_U-001-01,S162045960E3FAF21330F8D30D25E28,piping_component,BallValve,,43.0,410.0
C025-W-HO64-P-_U-001-01,S3853D221276B14B89C0D1F26BE53A6,piping_component,Hose,,43.0,378.0
C025-W-HO64-P-_U-001-01,S156F32103103E72392BB451333F243,piping_component,FlangedConnection,,43.0,365.0
C025-W-HO64-P-_U-001-01,S647A3EC65CEB886F69A9BE5B79619E,piping_segment,PipingNetworkSegment,,93.0,385.5
C025-W-HO64-P-_U-001-01,S23F56DF2666948C6758DF902F69F3B,piping_component,BallValve,,93.0,410.0
C025-W-HO64-P-_U-001-01,S5D09023C486AA4238769D15D2D7AEA,piping_component,Hose,,93.0,378.0
C025-W-HO64-P-_U-001-01,S75F5C1F879E9C8EF9505FCF1318C56,piping_component,FlangedConnection,,93.0,365.0
C025-W-HO64-P-_U-001-01,S18A5DC2473404B42C5E383ACA80780,piping_segment,PipingNetworkSegment,,74.25,424.0
C025-W-HO64-P-_U-001-01,S656618E40F306F7EFF9CA4D0461058,piping_component,PipeTee,,68.0,424.0
C025-W-HO64-P-_U-001-01,S2659645F99CB5A51C2DD36EC45A621,piping_system,PipingNetworkSystem,,211.25,263.0
C025-W-HO64-P-_U-001-01,S462AABA73776F6AA85FC6D3DE43804,piping_segment,PipingNetworkSegment,"1""-GI-642033-ES200-0",171.0,257.0
C025-W-HO64-P-_U-001-01,S412F587AED38AB584FEC1452C0373F,piping_component,PipeTee,,171.0,260.0
C025-W-HO64-P-_U-001-01,SD7598E8F7B536D31A2D30E4CB039D1,piping_segment,PipingNetworkSegment,"1""-GI-642033-ES200-0",148.477,272.0
C025-W-HO64-P-_U-001-01,SF3BD57053F6B452BC2633DD3536E83,piping_component,FlangedConnection,,129.5,272.0
C025-W-HO64-P-_U-001-01,SC8C6EADA3C6A7A130AED40370A21A4,piping_component,Hose,,142.0,272.0
C025-W-HO64-P-_U-001-01,SE6404155895F3ED993270504DD353C,piping_component,FlangedConnection,,154.5,272.0
C025-W-HO64-P-_U-001-01,SBD57F2D7361F64311BA1B7065BFAC3,piping_component,PipeTee,,170.955,272.0
C025-W-HO64-P-_U-001-01,SF462D31011CB9BF3D9DE61ABDD0B17,piping_segment,PipingNetworkSegment,"1""-GI-642033-ES200-0",171.0,266.0
C025-W-HO64-P-_U-001-01,S81B9764F8777C4A2545D2AE1514FC1,piping_segment,PipingNetworkSegment,"1""-GI-642033-ES200-0",239.75,260.003
C025-W-HO64-P-_U-001-01,SD76DB02DD06F83F3CB97D77465925C,piping_component,FlangedConnection,,244.5,260.0
C025-W-HO64-P-_U-001-01,SB1077E28D1BED5823A34507690FA7D,piping_component,PipeReducer,,272.0,260.006
C025-W-HO64-P-_U-001-01,S3E8E3579ABDF88367055F1CB664C10,piping_segment,PipingNetworkSegment,"1""-GI-642033-ES200-0",148.477,236.0
C025-W-HO64-P-_U-001-01,S7F6E2F06B8B97544FD511755A573D9,piping_component,FlangedConnection,,129.5,224.0
C025-W-HO64-P-_U-001-01,S1DD6D1563475A8EB207C28F8F9CFF3,piping_component,Hose,,142.0,224.0
C025-W-HO64-P-_U-001-01,S7A27BA2C99C0E0DFA5CEB976071DF4,piping_component,FlangedConnection,,154.5,224.0
C025-W-HO64-P-_U-001-01,S8312A88F2D105241696FDC45F90855,piping_component,PipeTee,,170.955,248.0
C025-W-HO64-P-_U-001-01,S8C1B61ED17167DFBCC34C32B8A0335,piping_segment,PipingNetworkSegment,"1""-GI-642033-ES200-0",147.5,248.0
C025-W-HO64-P-_U-001-01,S132E793B646C6F543AE3D3F833442C,piping_component,FlangedConnection,,129.5,248.0
C025-W-HO64-P-_U-001-01,S8098772AFE074959DAC9D3EC3472C4,piping_component,Hose,,142.0,248.0
C025-W-HO64-P-_U-001-01,S69B7CCB7338F8D8D5F097B1F033153,piping_component,FlangedConnection,,154.5,248.0
C025-W-HO64-P-_U-001-01,S3DCC69FBE42D1CDAA97172F12DD14D,piping_segment,PipingNetworkSegment,"1""-GI-642033-ES200-0",147.5,290.0
C025-W-HO64-P-_U-001-01,S7F04529AC6DB4476FA573C0795B137,piping_component,FlangedConnection,,129.5,296.0
C025-W-HO64-P-_U-001-01,SE520BA6E63646563F90377624959FC,piping_component,Hose,,142.0,296.0
C025-W-HO64-P-_U-001-01,SACCBADB5ACFD96F0481D2B62972E4C,piping_component,FlangedConnection,,154.5,296.0
C025-W-HO64-P-_U-001-01,SA4972A1CCA3C9AAAEE3BA902D8BA8F,piping_segment,PipingNetworkSegment,"1""-GI-642033-ES200-0",275.0,260.0
C025-W-HO64-P-_U-001-01,SEFFF1FFFD298BA3BF304FFDFA95A60,piping_component,Flange,,275.0,260.0
C025-W-HO64-P-_U-001-01,SCAE2C18C503C820A2A50C0B492552C,piping_system,PipingNetworkSystem,,126.5,212.5
C025-W-HO64-P-_U-001-01,SA91F1DBF264A5E514E2839DFAD0BDA,piping_segment,PipingNetworkSegment,,126.5,212.5
C025-W-HO64-P-_U-001-01,S1F6D8BA4F4A7E4F76CE5C521E1A30F,piping_system,PipingNetworkSystem,,201.0,453.0
C025-W-HO64-P-_U-001-01,S6F37DCA9612C44841969BFB805CF72,piping_segment,PipingNetworkSegment,,201.0,453.0
C025-W-HO64-P-_U-001-01,SEFCEB2E66EAC391FF253CF1E953F30,piping_system,PipingNetworkSystem,,172.5,538.0
C025-W-HO64-P-_U-001-01,S170E94A5A8939B43EB6C6B53CBFA37,piping_segment,PipingNetworkSegment,,172.5,538.0
C025-W-HO64-P-_U-001-01,S3A91A2C697B10E16F79C36D27645E6,piping_system,PipingNetworkSystem,,541.0,526.0
C025-W-HO64-P-_U-001-01,S88408424E9DDC3C15443C5FE78E6ED,piping_segment,PipingNetworkSegment,,541.0,526.0
C025-W-HO64-P-_U-001-01,SAB3BAD0E6FB976DC128ABC9A7DAA47,piping_system,PipingNetworkSystem,,227.0,365.0
C025-W-HO64-P-_U-001-01,S9CBE1A62D5C78AC9F3FFD7C76C81C6,piping_segment,PipingNetworkSegment,,227.0,365.0
C025-W-HO64-P-_U-001-01,SB00E805026C583743EA2709769B328,piping_system,PipingNetworkSystem,,614.5,444.0
C025-W-HO64-P-_U-001-01,S2441D17078545BDDAD2D31A52F0791,piping_segment,PipingNetworkSegment,,614.5,444.0
C025-W-HO64-P-_U-001-01,SC1C54383585091E9D7FCF07B7A5CB3,instrument,ProcessInstrumentationFunction,64-FI2004,570.5,554.0
C025-W-HO64-P-_U-001-01,SD1C2E46885F87BF8E1311627577306,instrument,ProcessInstrumentationFunction,64-PA2041,93.566,517.0
C025-W-HO64-P-_U-001-01,S95A32C6863BCD4318A0FF9C8497494,instrument,ProcessInstrumentationFunction,64-ZL2002,296.566,510.0
C025-W-HO64-P-_U-001-01,SBA90D868A2E2AFBEFF70F174B56AC5,instrument,ProcessInstrumentationFunction,64-ZL2003,404.566,170.0
C025-W-HO64-P-_U-001-01,S64BB9C39EECB8F93754D585B0CE8BB,instrument,ProcessInstrumentationFunction,64-HS2003,356.566,190.0
C025-W-HO64-P-_U-001-01,S5E483B75B776B5580435D03A1B941E,instrument,ProcessInstrumentationFunction,64-HS2002,252.566,524.0
C025-W-HO64-P-_U-001-01,SD9B0AB6E1C0C01E5138B6096553E64,instrument,ProcessInstrumentationFunction,64-PI2002,270.566,430.0
C025-W-HO64-P-_U-001-01,S1CFF308E3FD805211FBAA2B4BF050F,piping_system,PipingNetworkSystem,,384.0,170.0
C025-W-HO64-P-_U-001-01,SAF5F858038CC627D946717A47701E3,piping_segment,PipingNetworkSegment,,384.0,170.0
C025-W-HO64-P-_U-001-01,S4EB7E24CE921F651B0D1C770E9FE62,piping_component,AngleValve,64-XY2003,384.0,170.0
C025-W-HO64-P-_U-001-01,S5B120566F50551A7032CD0344A257F,piping_system,PipingNetworkSystem,,279.0,503.0
C025-W-HO64-P-_U-001-01,S4EDD7430C9FECE1FA005561896C2ED,piping_segment,PipingNetworkSegment,,279.0,503.0
C025-W-HO64-P-_U-001-01,S4C46B23387791395D76B4F0AB42E1B,piping_component,AngleValve,64-XY2002,279.0,503.0
C025-W-HO64-P-_U-001-01,SFD0FB7FBBC629E5042D2060C0B3071,equipment,Filter,64-CB51,56.0,469.0
C025-W-HO64-P-_U-001-01,S95B31ADE9D1280AFB11F86D9C90367,nozzle,Nozzle,,60.0,469.0
C025-W-HO64-P-_U-001-01,SB6FB04D9914C76456EB412C1AE6B0F,nozzle,Nozzle,,52.0,469.0
C025-W-HO64-P-_U-001-01,SF22919E7C13AC0ED2CC78347F56194,instrument,ProcessInstrumentationFunction,64-FY2004,542.0,576.0
C025-W-HO64-P-_U-001-01,S806BB53C1FA3E7E17E0C7E1214B1B8,signal_generator,ProcessSignalGeneratingFunction,,539.565,536.0
C025-W-HO64-P-_U-001-01,S580EFA6A7A6F1A56B698E08A2472EF,instrument,ProcessInstrumentationFunction,64-ZS2002,299.0,489.0
C025-W-HO64-P-_U-001-01,SC94621E93DDD907D256F2758C1D6E9,actuating_function,ActuatingFunction,,279.0,469.0
C025-W-HO64-P-_U-001-01,S197E62F3A4AAB81FD3C2067D12A27B,instrument,ProcessInstrumentationFunction,64-ZS2003,407.0,148.0
C025-W-HO64-P-_U-001-01,S9A3A77318F1D15A06060B5821C868F,actuating_function,ActuatingFunction,,384.0,131.0
C025-W-HO64-P-_U-001-01,S7E692EB6B2017930B1E24A591C42A0,instrument,ProcessInstrumentationFunction,64-PT2002,273.0,403.0
C025-W-HO64-P-_U-001-01,SA578BE224154B0DF8B482172FCCF78,signal_generator,ProcessSignalGeneratingFunction,,296.0,403.0
C025-W-HO64-P-_U-001-01,SE3DA4FB872D5E1B97F173740EB9AEC,instrument,ProcessInstrumentationFunction,64-PT2041,96.0,495.0
C025-W-HO64-P-_U-001-01,SF440268EF24910F53B3D175CA8CB13,signal_generator,ProcessSignalGeneratingFunction,,96.0,480.0
C025-W-HO64-P-_U-001-01,S76395A6BE970634FF3DB951CDC8F2D,instrument,ProcessInstrumentationFunction,64-FI2004A,568.0,576.0
C025-W-HO64-P-_U-001-01,SCCAC57D0D3528BEBA6DAEB4C9A6F86,instrument,ProcessInstrumentationFunction,64-PI2040,74.0,495.0
C025-W-HO64-P-_U-001-01,S74762720DD4A3D0878C2768C68163C,signal_generator,ProcessSignalGeneratingFunction,,74.0,480.0
C025-W-HO64-P-_U-001-01,S48BFE936C94B1B994665E6CA7DDD9F,instrument,ProcessInstrumentationFunction,64-PI2043,138.0,495.0
C025-W-HO64-P-_U-001-01,S935A713CDBBE727BF30FBE77188146,signal_generator,ProcessSignalGeneratingFunction,,138.0,480.0
C025-W-HO64-P-_U-001-01,SFBCFC625FDD5EB9B223ACE71F0F27D,instrument,ProcessInstrumentationFunction,,246.0,418.0
C025-W-HO64-P-_U-001-01,SCDE8F5D1DCED766A2ED988B646DCC5,instrument,ProcessInstrumentationFunction,,343.0,170.0
C025-W-HO64-P-_U-001-01,S27CE0038EDE014FC0822216A2F99EE,instrument,ProcessInstrumentationFunction,,241.0,503.0
C025-W-HO64-P-_U-001-01,S13D36FD4EAA833D3F57C46E1B86C04,equipment,CustomEquipment,,80.5,260.0
C025-W-HO64-P-_U-001-01,SC6AF2BE857527EEA516F8AD97AD02C,nozzle,Nozzle,,123.0,224.0
C025-W-HO64-P-_U-001-01,S325A24439DDB51C664791B5EE60E29,nozzle,Nozzle,,123.0,248.0
C025-W-HO64-P-_U-001-01,SA939BF32CB10F7235559A4744E4764,nozzle,Nozzle,,123.0,272.0
C025-W-HO64-P-_U-001-01,SD4F72D0212F2F7E5E812D5DAF8D2E8,nozzle,Nozzle,,123.0,296.0
C025-W-HO64-P-_U-001-01,SBD16F4A5F8FC2819FB45ADA6E8A0DE,equipment,CustomEquipment,,80.5,333.0
C025-W-HO64-P-_U-001-01,SD71AB05D2535F48117795899662EC8,nozzle,Nozzle,,118.0,340.0
C025-W-HO64-P-_U-001-01,SF9F721876813A58D6BABA5ECD7D3D4,nozzle,Nozzle,,93.0,340.0
C025-W-HO64-P-_U-001-01,SB000E0B17F69DC8B27ADCF1A24DCC1,nozzle,Nozzle,,43.0,340.0
C025-W-HO64-P-_U-001-01,S7E88470682DC7160522D21257FB9DD,nozzle,Nozzle,,68.0,340.0
C025-W-HO64-P-_U-001-01,S8720CE83F7A011EB8D45615EBDE564,instrument,ProcessInstrumentationFunction,,273.0,418.0
C025-W-HO64-P-_U-001-01,S2844B94B73AC0758FAF7C3417B5F61,instrument,ProcessInstrumentationFunction,,255.0,503.0
C025-W-HO64-P-_U-001-01,SA9825738B25D14FCFD3D9BBBC41E0D,actuating_function,ActuatingFunction,,279.0,503.0
C025-W-HO64-P-_U-001-01,SED1DA5A7748504646B936AEDC126E8,instrument,ProcessInstrumentationFunction,,359.0,170.0
C025-W-HO64-P-_U-001-01,SE1C2AC4E7EB3F7167B2980BE65A93B,actuating_function,ActuatingFunction,,384.0,170.0
C025-W-HO64-P-_U-001-01,S8B2DD347D98924743243E450D77794,instrument,ProcessInstrumentationFunction,,553.0,576.0
C025-W-HO71-P-_W-001-01,S37783BA9B4EA41ACA4EBF134A7E836,nozzle,Nozzle,,0.0,0.0
C025-W-HO71-P-_W-001-01,S504CC54274EB2ECA4B6F3ABE080584,equipment,CustomEquipment,,0.0,0.0
C025-W-HO71-P-_W-001-01,S904686B3EADDEC39E2C7453B4BA917,instrument,ProcessInstrumentationFunction,,0.0,0.0
C025-W-HO71-P-_W-001-01,S37F06BECFD450383C70C655293ED37,piping_component,GateValve,,0.0,0.0
C025-W-HO71-P-_W-001-01,S6A61FC6A85944A7100FB0443A9F02F,equipment,CustomEquipment,,0.0,0.0
C025-W-HO71-P-_W-001-01,S70A0BE6670688C7ABCAA6E1D4A92BF,equipment,CustomEquipment,,0.0,0.0
C025-W-HO71-P-_W-001-01,S2EDC3EE71C99815777C672DBF5130B,piping_component,Hose,,0.0,0.0
C025-W-HO71-P-_W-001-01,S74466A472AB104B977C1AB2D9EFC9C,piping_component,CheckValve,,0.0,0.0
C025-W-HO71-P-_W-001-01,S42AC28F66226E6E22EE25DE59B4047,equipment,CustomEquipment,,0.0,0.0
C025-W-HO71-P-_W-001-01,SB8397FCA18745E2A266749E5DBEC60,equipment,CustomEquipment,,0.0,0.0
C025-W-HO71-P-_W-001-01,SE07C3592217C09BE8628A21A67715D,equipment,CustomEquipment,,0.0,0.0
C025-W-HO71-P-_W-001-01,S60CAC07315BDAF2BC08C7616960374,equipment,Tank,,0.0,0.0
C025-W-HO71-P-_W-001-01,SA14BBB590FF16787599E6A20CB7CEA,instrument,ProcessInstrumentationFunction,,0.0,0.0
C025-W-HO71-P-_W-001-01,S5B1B9345F6E10B8B601CA5A579D32C,actuator,ControlledActuator,,0.0,0.0
C025-W-HO71-P-_W-001-01,SA482E94C95CAAE56927A2D3825F4BB,piping_component,ButterflyValve,,0.0,0.0
C025-W-HO71-P-_W-001-01,S546F33276F04283D20564713F49391,piping_component,ButterflyValve,,0.0,0.0
C025-W-HO71-P-_W-001-01,S741AB4BB49B8132722D83DF3FBA3C6,piping_component,CheckValve,,0.0,0.0
C025-W-HO71-P-_W-001-01,S7C3B5500340CC53A0AC18C3A1AA2DB,piping_component,ButterflyValve,,0.0,0.0
C025-W-HO71-P-_W-001-01,SBE86162B5B07B0DB43D7AD31CECF5A,piping_component,ButterflyValve,,0.0,0.0
C025-W-HO71-P-_W-001-01,S8E0D3B95F4A889E79C6467B46C601D,piping_component,ButterflyValve,,0.0,0.0
C025-W-HO71-P-_W-001-01,S94422DA5882EF6D10205C67C68820C,piping_component,AngleValve,,0.0,0.0
C025-W-HO71-P-_W-001-01,S6BE42081F49766EDF0C8015CCA0714,piping_component,ButterflyValve,,0.0,0.0
C025-W-HO71-P-_W-001-01,SCC85FCBBD10CE54F529861D7A1BF5B,piping_component,ButterflyValve,,0.0,0.0
C025-W-HO71-P-_W-001-01,SB090B52FCBB3BCEAFAE6F7DA2A381D,actuator,ControlledActuator,,0.0,0.0
C025-W-HO71-P-_W-001-01,SECC32F93E98265305D1E67D21EAF01,pipe_off_page,FlowOutPipeOffPageConnector,,0.0,0.0
C025-W-HO71-P-_W-001-01,S5EFC0C1186101324D5AD7D4D8159E4,pipe_off_page,FlowInPipeOffPageConnector,,0.0,0.0
C025-W-HO71-P-_W-001-01,S535ABF79195D1C83540CD37B65CE33,piping_component,AngleValve,,0.0,0.0
C025-W-HO71-P-_W-001-01,SD5C1C07A71CB5402A28CB6EE6692AA,piping_component,AngleValve,,0.0,0.0
C025-W-HO71-P-_W-001-01,SF2CB6F0A0D91B4247C191694A079FD,piping_component,PipeFitting,,0.0,0.0
C025-W-HO71-P-_W-001-01,SBAD450DDAA7EC6EDCBBDA51F150999,piping_component,RestrictionOrifice,,0.0,0.0
C025-W-HO71-P-_W-001-01,S6A97AC9B119F75AA7D6BF68C64B5FB,piping_component,GateValve,,0.0,0.0
C025-W-HO71-P-_W-001-01,S44FC08274DFCB17DADEC766A1454FF,instrument,ProcessInstrumentationFunction,,0.0,0.0
C025-W-HO71-P-_W-001-01,SD81AB490FD0F595E60B6252AD967BC,nozzle,Nozzle,,0.0,0.0
C025-W-HO71-P-_W-001-01,S638C59FBA06D451AD956DFC12AC6ED,nozzle,Nozzle,,0.0,0.0
C025-W-HO71-P-_W-001-01,S825BB8F9102504A88E0C45857A7862,nozzle,Nozzle,,0.0,0.0
C025-W-HO71-P-_W-001-01,SCD06FA6C6E5E4779A0968640EDFCC8,nozzle,Nozzle,,0.0,0.0
C025-W-HO71-P-_W-001-01,S25C46316B6C4CBEC7F70585DD9ABFB,piping_component,PipeReducer,,0.0,0.0
C025-W-HO71-P-_W-001-01,S1C89BAF7436FFAADFAA892B5C3B0B5,piping_component,PipeReducer,,0.0,0.0
C025-W-HO71-P-_W-001-01,SB22FBE9FE64E61F3875B25FCB1CAD3,nozzle,Nozzle,,0.0,0.0
C025-W-HO71-P-_W-001-01,S9A6245A1B3A97E162F79841207C9CB,nozzle,Nozzle,,0.0,0.0
C025-W-HO71-P-_W-001-01,SA6C1E768BD5F10952E1AD0C28D1FC0,piping_component,PipeFitting,,0.0,0.0
C025-W-HO71-P-_W-001-01,S94310A8E18216297658A7C5F4F73E6,piping_component,Funnel,,0.0,0.0
C025-W-HO71-P-_W-001-01,S9A33043D5B83789D6AD62608A2B46F,pipe_off_page,FlowOutPipeOffPageConnector,,0.0,0.0
C025-W-HO71-P-_W-001-01,S74100D7BF19EA06430907F189102E6,instrument,ProcessInstrumentationFunction,,0.0,0.0
C025-W-HO71-P-_W-001-01,SD024F42802A807FAFAEBB6830938E0,instrument,ProcessInstrumentationFunction,,0.0,0.0
C025-W-HO71-P-_W-001-01,SAD6E4AA37A0520648C1F3218E409AC,piping_component,Flange,,0.0,0.0
C025-W-HO71-P-_W-001-01,SA8B228C9F041A3A2269C839124B1A5,piping_component,FlangedConnection,,0.0,0.0
C025-W-HO71-P-_W-001-01,SEECD8694BB8D556941FC106380A3DF,equipment,CustomEquipment,,0.0,0.0
C025-W-HO71-P-_W-001-01,S6652B8528A4DEEC9070AE8F2FF0EF1,equipment,CustomEquipment,,0.0,0.0
C025-W-HO71-P-_W-001-01,SA7899004EEFF572F24E63E0B49ABC2,equipment,CustomEquipment,,0.0,0.0
C025-W-HO71-P-_W-001-01,S4E911FDBA8944F7DEDBB709BA0F50E,equipment,CustomEquipment,,0.0,0.0
C025-W-HO71-P-_W-001-01,S831E468899FAB44F86838154606905,piping_component,PipeReducer,,0.0,0.0
C025-W-HO71-P-_W-001-01,S936D3BCAB7FFDDE7F35848871D2041,piping_component,PipeReducer,,0.0,0.0
C025-W-HO71-P-_W-001-01,S91CCB922BA6CFB505D143D8D86AD86,piping_component,PipeFitting,,0.0,0.0
C025-W-HO71-P-_W-001-01,SDE3A686A34B9807B8D78140B70C47F,piping_component,FlangedConnection,,0.0,0.0
C025-W-HO71-P-_W-001-01,SDD40C6E977009AD7EA94A878A1E152,piping_component,Flange,,0.0,0.0
C025-W-HO71-P-_W-001-01,SAEF69E9444D96D7090685284FC1ADE,piping_component,PipeTee,,0.0,0.0
C025-W-HO71-P-_W-001-01,S904686B3EADDEC39E2C7453B4BA9171,instrument,ProcessInstrumentationFunction,,0.0,0.0
C025-W-HO71-P-_W-001-01,S46DB49DF22E31A4E38524A6EC95D47,instrument_loop,InstrumentationLoopFunction,,390.078,211.136
C025-W-HO71-P-_W-001-01,S75A6D91751C7BD60CB602AB2612881,instrument_loop,InstrumentationLoopFunction,,466.431,212.242
C025-W-HO71-P-_W-001-01,S355ED712224A0971EF283B89C6D50E,instrument_loop,InstrumentationLoopFunction,,444.566,283.0
C025-W-HO71-P-_W-001-01,S6BBEF8D2959089707EB0BCFDC2E252,instrument_loop,InstrumentationLoopFunction,,267.566,277.0
C025-W-HO71-P-_W-001-01,S39748FDCB7B0D54B01201603B1D69F,instrument_loop,InstrumentationLoopFunction,,568.566,291.0
C025-W-HO71-P-_W-001-01,S42D276ED3FB8643D80428FB4077350,instrument_loop,InstrumentationLoopFunction,,549.403,491.728
C025-W-HO71-P-_W-001-01,S1C51C1188D7012C710DF75AEB92FED,instrument_loop,InstrumentationLoopFunction,,451.79,539.806
C025-W-HO71-P-_W-001-01,S7E89F943D03A50518A13B5DEC16A73,instrument_loop,InstrumentationLoopFunction,,343.513,204.299
C025-W-HO71-P-_W-001-01,S4980B2A36FCAEA90D62C6B7FE6D3D3,instrument_loop,InstrumentationLoopFunction,,448.54,212.242
C025-W-HO71-P-_W-001-01,SF10E6FC6529EF75847F55FD9548BF5,instrument_loop,InstrumentationLoopFunction,,468.0,320.0
C025-W-HO71-P-_W-001-01,S88D9B87A5B2831686AD1CB2A219397,instrument_loop,InstrumentationLoopFunction,,227.0,550.0
C025-W-HO71-P-_W-001-01,S2447AA435BEC90124E4BE438835BD4,instrument_loop,InstrumentationLoopFunction,,530.0,222.0
C025-W-HO71-P-_W-001-01,SF6A4F4D6D85952056970B960719D14,instrument_loop,InstrumentationLoopFunction,,555.0,396.0
C025-W-HO71-P-_W-001-01,S301D5C79EFC9096AE3FA0B7679721B,instrument_loop,InstrumentationLoopFunction,,545.0,274.0
C025-W-HO71-P-_W-001-01,S4980555CB6473061280A574BA733E4,instrument_loop,InstrumentationLoopFunction,,283.5,302.0
C025-W-HO71-P-_W-001-01,SD9486EFB2631337F98FAF408B7B90A,instrument_loop,InstrumentationLoopFunction,,545.0,302.0
C025-W-HO71-P-_W-001-01,S46D8B6A0F67CB9B9C3CAB9D98B9EEA,instrument_loop,InstrumentationLoopFunction,,283.5,345.0
C025-W-HO71-P-_W-001-01,SC574DEB2C8EE733449D9B6D61F4105,instrument_loop,InstrumentationLoopFunction,,482.087,539.806
C025-W-HO71-P-_W-001-01,S995AC19D2923F45C4AD79BD12AFC38,instrument_loop,InstrumentationLoopFunction,,256.0,302.0
C025-W-HO71-P-_W-001-01,SCAC199D134F9B9051B15D570E959CB,instrument_loop,InstrumentationLoopFunction,,474.0,352.0
C025-W-HO71-P-_W-001-01,S350E7D949A02AE63D2938205D895B9,instrument_loop,InstrumentationLoopFunction,,589.0,274.0
C025-W-HO71-P-_W-001-01,SC468AE4A3AE1242FE68A422908F1A0,instrument_loop,InstrumentationLoopFunction,,469.0,295.0
C025-W-HO71-P-_W-001-01,S34E629AD2227B153215EF7E5695EE3,instrument_loop,InstrumentationLoopFunction,,447.0,295.0
C025-W-HO71-P-_W-001-01,S59DF9024DC8F3D91A0F4BD02A8D38E,instrument_loop,InstrumentationLoopFunction,,270.0,302.0
C025-W-HO71-P-_W-001-01,S625CB42850687EE4B2FBE56261F38A,instrument_loop,InstrumentationLoopFunction,,571.0,274.0
C025-W-HO71-P-_W-001-01,S37CC7D3557DA92F4F9FE1755561C9A,actuating_system,ActuatingSystem,,363.513,182.299
C025-W-HO71-P-_W-001-01,SA7EE561ED07FCE45B75E801CF8007E,actuator,ControlledActuator,,363.513,182.299
C025-W-HO71-P-_W-001-01,SC3DDF7BEFC02D118DC3C06470915A7,actuator,OperatedValveReference,,363.513,182.299
C025-W-HO71-P-_W-001-01,SD04275D90C88EF2985871F7BA199AF,actuating_system,ActuatingSystem,,523.0,420.0
C025-W-HO71-P-_W-001-01,S9D74BED6106E54971CAACCA5701998,actuator,ControlledActuator,,523.0,420.0
C025-W-HO71-P-_W-001-01,S14D841D010D7244381714F893CEAC5,actuator,OperatedValveReference,,523.0,420.0
C025-W-HO71-P-_W-001-01,S9B5EB75075DEB2F759DE711916C210,actuating_system,ActuatingSystem,,392.513,182.298
C025-W-HO71-P-_W-001-01,SC7CCA68768B34476C7FE964B602545,actuator,ControlledActuator,,392.513,182.298
C025-W-HO71-P-_W-001-01,S4BCBBE8CCE317BAB1009A825A42CFC,actuator,OperatedValveReference,,392.513,182.298
C025-W-HO71-P-_W-001-01,S5A4BCD75A7A398D5F5C9A448EEF36F,actuating_system,ActuatingSystem,,523.0,491.728
C025-W-HO71-P-_W-001-01,S8A2692C3C7B756C5B7F2E5B36AEDB8,actuator,ControlledActuator,,523.0,491.728
C025-W-HO71-P-_W-001-01,SF150AA13EB94A2E793610D31657730,actuator,OperatedValveReference,,523.0,491.728
C025-W-HO71-P-_W-001-01,S8F7276F2B843B6C8428A2EE7EDDE35,piping_system,PipingNetworkSystem,,604.0,367.0
C025-W-HO71-P-_W-001-01,S9C21914046ADE5A57A32E8F1526817,piping_segment,PipingNetworkSegment,"2""-WF-712026-AD750-0",604.0,367.0
C025-W-HO71-P-_W-001-01,S591ECB3996EF1EF164D081C07B76A3,pipe_off_page,FlowOutPipeOffPageConnector,,665.0,370.0
C025-W-HO71-P-_W-001-01,S4AE94B6C14F01F174AC83E091947AB,piping_system,PipingNetworkSystem,,413.738,221.638
C025-W-HO71-P-_W-001-01,S3C19394D94365256DD81424D2AC56F,piping_segment,PipingNetworkSegment,,413.738,221.638
C025-W-HO71-P-_W-001-01,S47ADCA34B887A220D8EBBA962EC968,piping_component,AngleValve,71-PSV2016,413.738,223.767
C025-W-HO71-P-_W-001-01,S3C1CFE5D0BB372EA61F37460F684A6,piping_system,PipingNetworkSystem,,516.889,549.202
C025-W-HO71-P-_W-001-01,SFE26ED5AD44B2852410012579AEB28,piping_segment,PipingNetworkSegment,,516.889,549.202
C025-W-HO71-P-_W-001-01,S467C938E3513604DAEEE997C806E0E,piping_component,AngleValve,71-PSV2015,516.889,551.331
C025-W-HO71-P-_W-001-01,SA36E25A413EDB927B3FBCBDDB4DF4E,piping_system,PipingNetworkSystem,,415.5,194.419
C025-W-HO71-P-_W-001-01,S93F63AFD4564A40C38795F37787DA1,piping_segment,PipingNetworkSegment,,425.926,206.54
C025-W-HO71-P-_W-001-01,S20F1BC00ACB79FCDBC69E57F1C387A,piping_component,GateValve,,431.228,212.242
C025-W-HO71-P-_W-001-01,S11025F5452617EDD9A38B09041B6AA,piping_segment,PipingNetworkSegment,,432.431,182.299
C025-W-HO71-P-_W-001-01,S66D69583E498FB59F7287F17BDE9A3,piping_component,GateValve,,451.124,182.299
C025-W-HO71-P-_W-001-01,S3DFF8D312598609CB308C2E9C7F5DF,piping_component,CheckValve,,439.512,182.298
C025-W-HO71-P-_W-001-01,S38C7A623BCFA8C79C89E76C70C1E1E,piping_component,CheckValve,,428.294,182.298
C025-W-HO71-P-_W-001-01,SF95416893A92A95B01770CA377DF7B,piping_component,PipeTee,,413.738,182.299
C025-W-HO71-P-_W-001-01,SF19AE26D579DA969D791D7C4199FCD,piping_segment,PipingNetworkSegment,,413.738,192.802
C025-W-HO71-P-_W-001-01,SF0F7922187223FC1B56C2F75641361,piping_segment,PipingNetworkSegment,,413.808,187.649
C025-W-HO71-P-_W-001-01,S52469BC60FF0832C16554CF4FBBEF2,piping_component,PipeTee,,413.878,189.433
C025-W-HO71-P-_W-001-01,S8A9345343FCE41E159E593A4CD1467,piping_segment,PipingNetworkSegment,,398.569,182.298
C025-W-HO71-P-_W-001-01,SDF734AAED52C7FE968DA9F7B634AE4,piping_component,AngleValve,71-XY2016,392.513,182.298
C025-W-HO71-P-_W-001-01,S52D69EA8B58E61A33599F4FF39D07B,piping_system,PipingNetworkSystem,,606.5,340.0
C025-W-HO71-P-_W-001-01,SED7A1F9B65F72E5CCE6B17E3D37DDD,piping_segment,PipingNetworkSegment,"12""-WF-712002-AT750-0",606.5,340.0
C025-W-HO71-P-_W-001-01,SF7BE79F7D3F83F1A8142DE4D87C186,pipe_off_page,FlowOutPipeOffPageConnector,,665.0,340.0
C025-W-HO71-P-_W-001-01,S81A8ACC3BC35B974C98CE16CB5790F,piping_system,PipingNetworkSystem,,92.5,113.0
C025-W-HO71-P-_W-001-01,S67A722F8C81476B45AAB3855A1AC40,piping_segment,PipingNetworkSegment,"6""-WF-712030-AT750-0",92.5,113.0
C025-W-HO71-P-_W-001-01,SF6928E1C6766E5E6FD93BDFA066CAE,pipe_off_page,FlowInPipeOffPageConnector,,130.0,80.0
C025-W-HO71-P-_W-001-01,S14A5391491D78067CE0C5FE21BF956,piping_component,FlangedConnection,,53.0,112.0
C025-W-HO71-P-_W-001-01,S1D1B54984573D56D2E442E7855F1EB,pipe_off_page,FlowOutPipeOffPageConnector,,132.0,146.0
C025-W-HO71-P-_W-001-01,SCA14A24B62AB37AE00C355ECC1F47E,piping_system,PipingNetworkSystem,,581.0,283.5
C025-W-HO71-P-_W-001-01,SD5C81B6AE66D9B4A19DF94C12DD5E6,piping_segment,PipingNetworkSegment,"2""-WF-714128-AD750-0",581.0,283.5
C025-W-HO71-P-_W-001-01,S8DA487C15328B5EECBD9EA0315B87E,pipe_off_page,FlowOutPipeOffPageConnector,,665.0,237.0
C025-W-HO71-P-_W-001-01,S7A35CC8FEDF24F75AD24EDBF0FD8FC,piping_system,PipingNetworkSystem,,143.78,400.0
C025-W-HO71-P-_W-001-01,S81FDC9059B6C96A678C3821D642669,piping_segment,PipingNetworkSegment,"1""-WS-502104-AD750-4",117.544,400.0
C025-W-HO71-P-_W-001-01,S73E1598248483D73591A30B3C7DC60,piping_component,PipeReducer,,120.059,400.0
C025-W-HO71-P-_W-001-01,S10A599DD0ED9355EEF298D893AA0E8,piping_segment,PipingNetworkSegment,"1""-WS-502104-AD750-4",170.015,400.0
C025-W-HO71-P-_W-001-01,S1D68F6D9749247FD33897B05A59458,piping_component,CheckValve,50-2102WS,152.0,400.0
C025-W-HO71-P-_W-001-01,S32325F0F2D9B23AD1CCB00FBE26403,piping_component,GateValve,50-2075WS,167.0,400.0
C025-W-HO71-P-_W-001-01,S74DCD6C4BD9A200F846E1DC1AB24C1,piping_component,PipeFitting,,178.0,400.0
C025-W-HO71-P-_W-001-01,S8F7B5F6B0E074C2664C001FEDC2D25,piping_component,PipeFitting,,178.5,400.0
C025-W-HO71-P-_W-001-01,SFAD79B2350F1524508A0DDB22E6EE4,piping_component,Hose,,192.0,400.0
C025-W-HO71-P-_W-001-01,SB9FE1DD64914C47FC3CF0E164B554C,piping_component,PipeFitting,,205.0,400.0
C025-W-HO71-P-_W-001-01,SC881E79D3DD255EAE74C6835D116B7,piping_system,PipingNetworkSystem,,365.0,487.75
C025-W-HO71-P-_W-001-01,S1719AF53E33B82CD577E4CB4193CAC,piping_segment,PipingNetworkSegment,"6""-WF-712027-AD750-4",365.0,487.75
C025-W-HO71-P-_W-001-01,S566F2D74E4D13A391154FD1CAC32E2,piping_component,FlangedConnection,,365.0,498.5
C025-W-HO71-P-_W-001-01,S7CCAA760AFDD4FABBF2EC43229B077,piping_component,GateValve,71-2008WF,365.0,486.0
C025-W-HO71-P-_W-001-01,S70C7A34BAB5DFC5E3B81B22E1888C6,piping_system,PipingNetworkSystem,,582.25,210.0
C025-W-HO71-P-_W-001-01,S57DC89E69BB5E9A39F8576A748BF60,piping_segment,PipingNetworkSegment,"2""-WF-712005-AD750-0",582.25,210.0
C025-W-HO71-P-_W-001-01,S7F9458CD8AED2FB3F753E0D3512568,piping_component,GateValve,71-2015WF,509.0,210.0
C025-W-HO71-P-_W-001-01,SE50233BF9A1ECDBA20214217FB5D71,piping_component,RestrictionOrifice,,530.0,210.0
C025-W-HO71-P-_W-001-01,S352026079F872AB555CDD425596A7C,pipe_off_page,FlowOutPipeOffPageConnector,,665.0,210.0
C025-W-HO71-P-_W-001-01,S1E94AC9FA8259044546C027356BB2B,piping_system,PipingNetworkSystem,,350.0,125.75
C025-W-HO71-P-_W-001-01,SFA75A1ED8A9023B06910D2BF597600,piping_segment,PipingNetworkSegment,"6""-WF-712024-AD750-4",350.0,125.75
C025-W-HO71-P-_W-001-01,S6E0243E88571FBC10EC107FBA8EEE7,pipe_off_page,FlowOutPipeOffPageConnector,,350.0,106.0
C025-W-HO71-P-_W-001-01,S96070C7D779AC7E8CBE6906DA076D7,piping_system,PipingNetworkSystem,,94.0,399.5
C025-W-HO71-P-_W-001-01,S4EB45BB906D772701C6F3459B619C8,piping_segment,PipingNetworkSegment,"2""-WF-712025-AD750-0",94.0,399.5
C025-W-HO71-P-_W-001-01,S4CF00C1561FCD0391F8F46D593345B,piping_component,FlangedConnection,,124.5,289.0
C025-W-HO71-P-_W-001-01,SFFF74AFA305B1E8C45DB79AA5AF142,piping_component,GateValve,71-2022WF,114.0,289.0
C025-W-HO71-P-_W-001-01,SDB8D527DC9DDBD5EF52DA0E609DBE2,piping_component,Funnel,,90.0,284.0
C025-W-HO71-P-_W-001-01,S3CDD2BCBA9DAB9A6259B5674231C16,piping_component,FlangedConnection,,88.0,454.0
C025-W-HO71-P-_W-001-01,S9161DDBA23380B62977BA23115BD5B,pipe_off_page,FlowOutPipeOffPageConnector,,56.0,515.0
C025-W-HO71-P-_W-001-01,S8DF99160F20664CC66164DE1D3536F,piping_system,PipingNetworkSystem,,581.125,532.75
C025-W-HO71-P-_W-001-01,SD081B25618CD50D83CE1D1D0098E08,piping_segment,PipingNetworkSegment,"4""-WF-712011-AD750-0",552.0,497.5
C025-W-HO71-P-_W-001-01,S9B866656AAA8A92BCC22C78FDDE3C9,piping_component,ButterflyValve,71-2012WF,554.0,463.0
C025-W-HO71-P-_W-001-01,S20EFD61525EF25731CF08CD0E0277F,piping_component,PipeTee,,582.0,532.0
C025-W-HO71-P-_W-001-01,S61265223B9094FDF51DB4CEA76D7E2,piping_segment,PipingNetworkSegment,"4""-WF-712011-AD750-0",581.997,541.25
C025-W-HO71-P-_W-001-01,S1AFFCE26104A48E3A78948C605F110,piping_component,PipeReducer,,581.994,545.0
C025-W-HO71-P-_W-001-01,S93BFA23B32E6E795E9B90094A7F3B0,piping_segment,PipingNetworkSegment,"4""-WF-712011-AD750-0",610.25,568.0
C025-W-HO71-P-_W-001-01,S191090BA1298A83BE070B587F5714E,piping_component,FlangedConnection,,620.0,575.0
C025-W-HO71-P-_W-001-01,SE5EA07903C9B81A57FADA5022A84D1,piping_system,PipingNetworkSystem,,278.5,138.5
C025-W-HO71-P-_W-001-01,SE45EB849CF2D34B9FCCCFFB88B9C66,piping_segment,PipingNetworkSegment,"3""-WF-714109-AD750-4",278.5,138.5
C025-W-HO71-P-_W-001-01,S7A18377E58D7B79A6CCF67C3594D58,pipe_off_page,FlowOutPipeOffPageConnector,,305.0,138.0
C025-W-HO71-P-_W-001-01,S8A3C9B0B6B3546BF57A415B12AD03E,piping_system,PipingNetworkSystem,,105.0,237.989
C025-W-HO71-P-_W-001-01,S51A91FEC7E750E80D42BF456A3583D,piping_segment,PipingNetworkSegment,"2""-WF-710106-AD750-4",105.0,225.978
C025-W-HO71-P-_W-001-01,S60661E1D3D69F83E4D77AEA1879223,piping_component,FlangedConnection,,105.0,218.0
C025-W-HO71-P-_W-001-01,S4ABE5AE3E78B6F2812763A86B71749,piping_component,PipeTee,,105.0,233.957
C025-W-HO71-P-_W-001-01,SD94F38F7C30CF0466F09DB018822FA,piping_segment,PipingNetworkSegment,"2""-WF-710106-AD750-4",105.0,241.739
C025-W-HO71-P-_W-001-01,S5D37765689F158A4C4E140AF8447DF,piping_component,PipeReducer,,105.0,245.0
C025-W-HO71-P-_W-001-01,S1AF6F6D158A98773C3F716BADE02F8,piping_segment,PipingNetworkSegment,"2""-WF-710106-AD750-4",105.0,250.0
C025-W-HO71-P-_W-001-01,SBC792770516CE5E9C89B3E30120267,piping_system,PipingNetworkSystem,,141.75,233.973
C025-W-HO71-P-_W-001-01,SE622CF0B8D8DDC33DD3FC3FA2D101D,piping_segment,PipingNetworkSegment,"1""-WS-502105-AD750-4",112.0,233.957
C025-W-HO71-P-_W-001-01,SB25A4CACF02FADB50CD4B4FB92D17B,piping_component,PipeReducer,,115.0,233.957
C025-W-HO71-P-_W-001-01,SF50EA4799767E90125DF07584B57E0,piping_segment,PipingNetworkSegment,"1""-WS-502105-AD750-4",171.5,233.989
C025-W-HO71-P-_W-001-01,S29282D7E6DB9649BE4C3B6097BA078,piping_component,CheckValve,50-2103WS,151.0,234.0
C025-W-HO71-P-_W-001-01,SB410302D27FABFEAFDE1CF1C176D71,piping_component,GateValve,50-2076WS,173.0,234.0
C025-W-HO71-P-_W-001-01,SC2C46B91CE19C59164E3122D8A6123,piping_component,PipeFitting,,184.0,234.0
C025-W-HO71-P-_W-001-01,S82ABC7A6EC57F797ACD101B9D4D869,piping_component,PipeFitting,,184.5,234.0
C025-W-HO71-P-_W-001-01,S8C94C9CEB678CE96F1C50AED71C986,piping_component,Hose,,198.0,234.0
C025-W-HO71-P-_W-001-01,SD7418600D5722D6B33A26472B21A5F,piping_component,PipeFitting,,211.0,234.0
C025-W-HO71-P-_W-001-01,S8E687AF47C2CAE1C774B6B1B5A0A3A,piping_system,PipingNetworkSystem,,209.256,128.125
C025-W-HO71-P-_W-001-01,SE858285A1829E726536E8EF452A891,piping_segment,PipingNetworkSegment,"3""-WF-712028-AD750-4",204.0,98.25
C025-W-HO71-P-_W-001-01,S22389EACACC2B11AC1DAC97E5E31AC,piping_segment,PipingNetworkSegment,"3""-WF-712028-AD750-4",210.752,130.0
C025-W-HO71-P-_W-001-01,S7F3FB95ECCADEE406CC3C19F0AFD38,piping_component,PipeReducer,,208.0,130.0
C025-W-HO71-P-_W-001-01,S2F0F542652768A383B60E0F3BF0534,piping_segment,PipingNetworkSegment,"3""-WF-712028-AD750-4",198.512,130.0
C025-W-HO71-P-_W-001-01,SBC645DC877DFF3E78BC8EC7F564CE6,piping_segment,PipingNetworkSegment,"3""-WF-712028-AD750-4",217.0,114.25
C025-W-HO71-P-_W-001-01,SB502D22B6548A88B94EB4A42CCEA52,piping_component,FlangedConnection,,217.0,112.0
C025-W-HO71-P-_W-001-01,SE67488AE3FE9CCB9E7DED70B82C352,piping_component,PipeReducer,,217.0,123.0
C025-W-HO71-P-_W-001-01,SA3EE7EBDC2BE78C70A0553A3F7F67B,piping_segment,PipingNetworkSegment,"3""-WF-712028-AD750-4",217.0,158.0
C025-W-HO71-P-_W-001-01,SF24A8FE826CCC7B75F37D6DA190445,piping_segment,PipingNetworkSegment,"3""-WF-712028-AD750-4",220.0,100.0
C025-W-HO71-P-_W-001-01,S504B74A64C1878F6505E67AD4CB675,piping_component,FlangedConnection,,223.0,100.0
C025-W-HO71-P-_W-001-01,SCA4E9281E65A692E72F0DEDA1DC3D9,piping_component,PipeTee,,217.0,100.0
C025-W-HO71-P-_W-001-01,S1CED129A9B08C1B90197355EF5B5A6,piping_segment,PipingNetworkSegment,"3""-WF-712028-AD750-4",217.002,128.75
C025-W-HO71-P-_W-001-01,S76C3D8EF8519E366F9D4E6802F1AF7,piping_component,PipeTee,,217.004,130.0
C025-W-HO71-P-_W-001-01,S2DCCA9C975175986FB41F5A631573E,piping_segment,PipingNetworkSegment,"3""-WF-712028-AD750-4",217.0,136.75
C025-W-HO71-P-_W-001-01,SF90A84E08F3F2DEE394F50B577F9A7,piping_component,PipeTee,,217.0,139.0
C025-W-HO71-P-_W-001-01,S307B80A9D246AB8BA34399DBDD0A97,piping_system,PipingNetworkSystem,,210.498,465.25
C025-W-HO71-P-_W-001-01,S9CB10A33257425F2F5F691B294656B,piping_segment,PipingNetworkSegment,"3""-WF-712029-AD750-4",203.998,472.003
C025-W-HO71-P-_W-001-01,S91C6B172BEC6947542CB112302C380,piping_component,PipeReducer,,209.0,472.006
C025-W-HO71-P-_W-001-01,S57C5250533EC1013D9869F2A7AC16D,piping_segment,PipingNetworkSegment,"3""-WF-712029-AD750-4",204.0,485.75
C025-W-HO71-P-_W-001-01,S2B9BBC2570358BC6958A15D625C1A8,piping_segment,PipingNetworkSegment,"3""-WF-712029-AD750-4",216.997,477.5
C025-W-HO71-P-_W-001-01,SA8AC0FEC2F910C47C276D3FF13440E,piping_component,PipeReducer,,216.994,480.0
C025-W-HO71-P-_W-001-01,SFDD2A1F0F03F60F1C6326F26D77889,piping_segment,PipingNetworkSegment,"3""-WF-712029-AD750-4",213.965,472.0
C025-W-HO71-P-_W-001-01,SDECA462479C263B850E5643B93BB67,piping_segment,PipingNetworkSegment,"3""-WF-712029-AD750-4",216.982,444.75
C025-W-HO71-P-_W-001-01,SBDFB1423AB071B3C749922FC4B9FDB,piping_component,FlangedConnection,,217.0,454.0
C025-W-HO71-P-_W-001-01,S4F06601F817948C95F4AEA049C0DB9,piping_component,PipeTee,,216.965,472.0
C025-W-HO71-P-_W-001-01,S64A27AE40508C1693CD2F94A749F43,piping_system,PipingNetworkSystem,,174.0,520.0
C025-W-HO71-P-_W-001-01,S29E9FA6AF638D67FDBBF6B0EF0E3DB,piping_segment,PipingNetworkSegment,"2""-WF-712004-AD750-0",174.0,520.0
C025-W-HO71-P-_W-001-01,S74736BE8D14FBC0948F257DE38F04A,piping_component,GateValve,71-2014WF,244.0,536.0
C025-W-HO71-P-_W-001-01,S87C0BB5CF5F986054EF5398B33E67C,piping_component,RestrictionOrifice,,227.0,536.0
C025-W-HO71-P-_W-001-01,S33213275E90E05921664ED79CD4E05,pipe_off_page,FlowOutPipeOffPageConnector,,56.0,536.0
C025-W-HO71-P-_W-001-01,S64D8D7CF793E5D1AC20B95F552504E,piping_system,PipingNetworkSystem,,383.5,395.5
C025-W-HO71-P-_W-001-01,S2F7D7F9567759B5C833218DA0E3F20,piping_segment,PipingNetworkSegment,"8""-WF-714127-AD750-4",395.0,382.5
C025-W-HO71-P-_W-001-01,S86903011408F7EE7EBF06296330B8D,piping_component,ButterflyValve,71-4497WF,412.0,386.0
C025-W-HO71-P-_W-001-01,SB2650AADADBDA1A04AF930AF838546,piping_component,PipeTee,,378.0,371.0
C025-W-HO71-P-_W-001-01,SCF1BDF5A69BBB7BDE6BB46E5369A2C,piping_segment,PipingNetworkSegment,"8""-WF-714127-AD750-4",372.0,408.5
C025-W-HO71-P-_W-001-01,SCD5CCBF9EA3C6375E1F5A069829789,piping_system,PipingNetworkSystem,,392.25,319.0
C025-W-HO71-P-_W-001-01,SAAF8101E26FEAFF113ECB78CFB01A0,piping_segment,PipingNetworkSegment,"8""-WF-714125-AD750-4",392.25,319.0
C025-W-HO71-P-_W-001-01,SDA078E0D9DED1BC05316F13758DF9B,piping_component,ButterflyValve,71-4498WF,396.0,270.0
C025-W-HO71-P-_W-001-01,SB6204B2666E5AB24342FB6151CD8A1,piping_system,PipingNetworkSystem,,591.138,412.056
C025-W-HO71-P-_W-001-01,SC4F8EFE542B00F63A15993416F5C7C,piping_segment,PipingNetworkSegment,"3""-WF-714113-AD750-4",591.138,412.056
C025-W-HO71-P-_W-001-01,S71455968852B2CC07026E9092EA9B8,piping_component,FlangedConnection,,620.0,409.421
C025-W-HO71-P-_W-001-01,S771F7918AB1E1FE1BE8B12A761F003,piping_system,PipingNetworkSystem,,601.0,532.001
C025-W-HO71-P-_W-001-01,SE20254C3C0EE8A607FE266A220A8C8,piping_segment,PipingNetworkSegment,"4""-WF-712034-AD750-0",588.5,532.0
C025-W-HO71-P-_W-001-01,S4BC4BBD6C2D5265F1B57E613352AA8,piping_segment,PipingNetworkSegment,"4""-WF-712034-AD750-0",597.5,532.0
C025-W-HO71-P-_W-001-01,SA5C4BDB26E4D6CA0E3CF42A4E47418,piping_component,PipeTee,,595.0,532.0
C025-W-HO71-P-_W-001-01,S8DCC8A9EB47A75A8AB19D447D26B70,piping_segment,PipingNetworkSegment,"4""-WF-712034-AD750-0",613.5,532.003
C025-W-HO71-P-_W-001-01,S91309ED090B34B7DAE32D2BE81A538,piping_component,FlangedConnection,,620.0,532.0
C025-W-HO71-P-_W-001-01,S314287D65DCB6420E6380A572FEF82,piping_component,PipeReducer,,607.0,532.006
C025-W-HO71-P-_W-001-01,SFC0D972026E554B0163B2E3B31F80B,piping_system,PipingNetworkSystem,,521.763,407.625
C025-W-HO71-P-_W-001-01,S99C2315B0F9FDF4897F2900EE5379E,piping_segment,PipingNetworkSegment,"4""-WF-712012-AD750-4",543.75,420.0
C025-W-HO71-P-_W-001-01,SAE29395BDA702638AF82EF6FB3BE2A,piping_component,PipeTee,,538.0,420.0
C025-W-HO71-P-_W-001-01,S859776A778BC15C9F6C504138AAA40,piping_segment,PipingNetworkSegment,"4""-WF-712012-AD750-4",499.776,420.0
C025-W-HO71-P-_W-001-01,SC4F12EBA9B900F476FEEB3E989436E,piping_segment,PipingNetworkSegment,"4""-WF-712012-AD750-4",538.0,395.25
C025-W-HO71-P-_W-001-01,S1ACB241671E0089D0AD75C5BED498F,piping_component,RestrictionOrifice,,538.0,396.0
C025-W-HO71-P-_W-001-01,S6649D8E6219191E22DE45BF705417B,piping_segment,PipingNetworkSegment,"4""-WF-712012-AD750-4",538.003,413.0
C025-W-HO71-P-_W-001-01,S59A4A7FAEE5774564600BB886005EB,piping_component,PipeReducer,,538.006,410.0
C025-W-HO71-P-_W-001-01,S9912E41E06D7625F44EC6AF7E7A01B,piping_segment,PipingNetworkSegment,"4""-WF-712012-AD750-4",519.026,420.0
C025-W-HO71-P-_W-001-01,SB092223DD42CD74A8FE2B0F6943488,piping_component,ButterflyValve,71-HV2015,523.0,420.0
C025-W-HO71-P-_W-001-01,S3F61B02F19B0A91F6CC082261A6BBC,piping_component,FlangedConnection,,510.5,420.0
C025-W-HO71-P-_W-001-01,SD60FE6B21B64897CB0FFA9380926C1,piping_component,PipeTee,,505.551,420.0
C025-W-HO71-P-_W-001-01,SDC5908B5EF8D3BA43E28FAC60CB9A2,piping_system,PipingNetworkSystem,,146.375,325.624
C025-W-HO71-P-_W-001-01,S7AA247CB80410AA54EB8939BC5B756,piping_segment,PipingNetworkSegment,"1""-WS-502031-AD750-4",172.75,321.5
C025-W-HO71-P-_W-001-01,SBE04F6A8A6F859A2E76E9FC9A9C8D4,piping_component,CheckValve,50-2101WS,151.0,320.0
C025-W-HO71-P-_W-001-01,SC50E86BF29EC83B56BB3E597F60283,piping_component,GateValve,50-2074WS,173.0,320.0
C025-W-HO71-P-_W-001-01,SCD96A0CE38633CE50A807C2200AC77,piping_component,PipeFitting,,185.0,320.0
C025-W-HO71-P-_W-001-01,S2FB9641E9F2323DBB74A030A97C1AF,piping_component,PipeFitting,,185.5,320.0
C025-W-HO71-P-_W-001-01,S170C108E5DEE1E9811932188C4A186,piping_component,Hose,,199.0,320.0
C025-W-HO71-P-_W-001-01,SA55B8ADDE66DC394A74BD884FAF7B5,piping_component,PipeFitting,,212.0,320.0
C025-W-HO71-P-_W-001-01,SB51BDB8091B585ADEB81AA52B41513,piping_segment,PipingNetworkSegment,"1""-WS-502031-AD750-4",120.0,329.748
C025-W-HO71-P-_W-001-01,S8876C37E54C8AB6FC2805F5F3A7485,piping_component,PipeReducer,,120.0,328.0
C025-W-HO71-P-_W-001-01,S6798C6A8F1323118DD7A7693F73BAB,piping_system,PipingNetworkSystem,,103.741,363.5
C025-W-HO71-P-_W-001-01,SCB3FD1FA1E675958013EAB89ED5D40,piping_segment,PipingNetworkSegment,"4""-WF-712032-AD750-4",127.982,355.0
C025-W-HO71-P-_W-001-01,SA6593F44633AC09F78B9E77A627C96,piping_component,PipeReducer,,127.976,363.0
C025-W-HO71-P-_W-001-01,SCB0E9D7207A521D5016606D417AA08,piping_segment,PipingNetworkSegment,"4""-WF-712032-AD750-4",121.744,370.25
C025-W-HO71-P-_W-001-01,S968083DDB282D39EBC8C0E613D3908,piping_component,PipeReducer,,119.0,372.0
C025-W-HO71-P-_W-001-01,S90A64CD892827261D2C889EB37D211,piping_segment,PipingNetworkSegment,"4""-WF-712032-AD750-4",79.5,372.0
C025-W-HO71-P-_W-001-01,S9E8DA1C2C94CDE1CC11903012002F4,piping_component,FlangedConnection,,68.5,372.0
C025-W-HO71-P-_W-001-01,SF7178A19E7C1D7F2C0EA812824CBD5,piping_segment,PipingNetworkSegment,"4""-WF-712032-AD750-4",113.25,372.0
C025-W-HO71-P-_W-001-01,SC35F355E0501D6CA5CC93804DB2AFD,piping_component,PipeTee,,112.0,372.0
C025-W-HO71-P-_W-001-01,S313281009DC3DAD1BFC4D6BD1EA4D7,piping_system,PipingNetworkSystem,,573.501,142.875
C025-W-HO71-P-_W-001-01,SF5604301038BE3C9DCD396F1547217,piping_segment,PipingNetworkSegment,"4""-WF-712010-AD750-0",546.0,166.25
C025-W-HO71-P-_W-001-01,S6C678A822244CD0D2AFAE652CAA570,piping_component,ButterflyValve,71-2013WF,554.0,173.0
C025-W-HO71-P-_W-001-01,SCE49AB8DA9416D83E1A58750D6151C,piping_segment,PipingNetworkSegment,"4""-WF-712010-AD750-0",601.003,119.5
C025-W-HO71-P-_W-001-01,SBF349E2F33130197A366B4C482A9BF,piping_component,FlangedConnection,,620.0,106.0
C025-W-HO71-P-_W-001-01,S97B271E13CFD901D330614E45F8E2F,piping_component,PipeReducer,,582.006,133.0
C025-W-HO71-P-_W-001-01,S7E51544E4DC4CFE156E5C6B0893CE5,piping_segment,PipingNetworkSegment,"4""-WF-712010-AD750-0",582.0,143.25
C025-W-HO71-P-_W-001-01,SDE6E1BB5B68CBF936313213096E516,piping_component,PipeTee,,582.0,146.0
C025-W-HO71-P-_W-001-01,S17DD94EFFF9E6F74F4ADD7A1AF3ECF,piping_system,PipingNetworkSystem,,112.0,391.625
C025-W-HO71-P-_W-001-01,S2393729C24823FC9C6AFFFE7B615DD,piping_segment,PipingNetworkSegment,"2""-WF-712095-AD750-4",112.0,377.5
C025-W-HO71-P-_W-001-01,SA48315E916F6A6CB443216C9AF6FCA,piping_component,PipeReducer,,112.0,380.0
C025-W-HO71-P-_W-001-01,SD57D51C6136A1C82FDF4A049EC60E2,piping_segment,PipingNetworkSegment,"2""-WF-712095-AD750-4",112.0,405.75
C025-W-HO71-P-_W-001-01,SF125FE09C9ED2EA4D5AFEFB9D50FE2,piping_component,FlangedConnection,,112.0,408.0
C025-W-HO71-P-_W-001-01,SFB11EDD55DB11B0F877F86D98431C5,piping_segment,PipingNetworkSegment,"2""-WF-712095-AD750-4",112.0,395.5
C025-W-HO71-P-_W-001-01,SB4BD176A3622B14CE256290044D4B5,piping_component,PipeTee,,112.0,400.0
C025-W-HO71-P-_W-001-01,S165CC66E6C5D442518C2709A343ADF,piping_system,PipingNetworkSystem,,431.0,134.001
C025-W-HO71-P-_W-001-01,S4168BB222D9BE6D8E3184CCAE6EDD2,piping_segment,PipingNetworkSegment,"3""-WF-712038-AD750-4",421.0,130.003
C025-W-HO71-P-_W-001-01,SDF1BCC96777705F0CE2391D3EE3149,piping_component,FlangedConnection,,409.0,122.0
C025-W-HO71-P-_W-001-01,SA81D8589DAF8C4D8BE6E3A653EE723,piping_component,PipeReducer,,433.0,138.006
C025-W-HO71-P-_W-001-01,SB1FC8B5B5006C9ACC4559CD4CA52E5,piping_segment,PipingNetworkSegment,"3""-WF-712038-AD750-4",441.0,138.0
C025-W-HO71-P-_W-001-01,S13CF2E5B06CC8E616B4A76F47DD1DF,piping_system,PipingNetworkSystem,,424.0,272.375
C025-W-HO71-P-_W-001-01,S3A6296CE7C1A873A8032E323A9FCD8,piping_segment,PipingNetworkSegment,"12""-WF-712016-AD750-4",434.0,259.0
C025-W-HO71-P-_W-001-01,S4F5B8FAFA1A38A414F9F2D5F2AB643,piping_component,PipeTee,,414.0,270.0
C025-W-HO71-P-_W-001-01,S5265AB96904B850554B0594C4F8DB5,piping_segment,PipingNetworkSegment,"12""-WF-712016-AD750-4",414.0,285.75
C025-W-HO71-P-_W-001-01,SB71FFAEF74C5B63E7AEAF1583F7CAF,piping_component,ButterflyValve,71-2020WF,414.0,287.0
C025-W-HO71-P-_W-001-01,S69D4C95FD2A9B7981C9B1AC5E0222D,piping_system,PipingNetworkSystem,,601.251,515.0
C025-W-HO71-P-_W-001-01,SFDF03C108CE5968F0FDFEFCE23E862,piping_segment,PipingNetworkSegment,"3""-WF-712035-AD750-0",595.0,526.0
C025-W-HO71-P-_W-001-01,S656D0F6695DB19CEF2B5180514EBF2,piping_segment,PipingNetworkSegment,"3""-WF-712035-AD750-0",607.503,504.0
C025-W-HO71-P-_W-001-01,SD80125F8CB802E8662C0BC14588B41,piping_component,FlangedConnection,,620.0,490.0
C025-W-HO71-P-_W-001-01,SBAC18D2A3A806CA1AC6572DCD5D62F,piping_component,PipeReducer,,595.006,518.0
C025-W-HO71-P-_W-001-01,S79FB172D2CDBC39AC6384C644E10FF,piping_system,PipingNetworkSystem,,352.888,187.261
C025-W-HO71-P-_W-001-01,SA7858CC43F11BF0EDAC17A28EB23BB,piping_segment,PipingNetworkSegment,"4""-WF-712013-AD750-4",363.513,178.724
C025-W-HO71-P-_W-001-01,SC543046906F7217BC6258D96B85EDD,piping_component,FlangedConnection,,363.513,170.799
C025-W-HO71-P-_W-001-01,S70E463566450AAE4C3017066F4C197,piping_component,ButterflyValve,71-HV2016,363.513,182.299
C025-W-HO71-P-_W-001-01,S8AFF05C1BB67BF3A7EBB33F0337735,piping_component,PipeTee,,363.513,192.299
C025-W-HO71-P-_W-001-01,SFB5CB43534BCB1BDD8C2007456C4F4,piping_segment,PipingNetworkSegment,"4""-WF-712013-AD750-4",363.513,195.799
C025-W-HO71-P-_W-001-01,SFBF654FA44FA83E121EFDF8E4917F0,piping_segment,PipingNetworkSegment,"4""-WF-712013-AD750-4",358.013,192.296
C025-W-HO71-P-_W-001-01,SF8C7666B0D0C0B2A4380DA7BAB5B42,piping_component,PipeReducer,,355.513,192.293
C025-W-HO71-P-_W-001-01,SB3037E79EEBB1BBDCF0A53EE19685B,piping_segment,PipingNetworkSegment,"4""-WF-712013-AD750-4",342.263,192.299
C025-W-HO71-P-_W-001-01,S7FDFD1E969A32196632A2CE50077B8,piping_component,RestrictionOrifice,,343.513,192.299
C025-W-HO71-P-_W-001-01,S885E8445925E74DBE3C4DE21602B56,piping_system,PipingNetworkSystem,,444.25,316.0
C025-W-HO71-P-_W-001-01,S55D4B9C0DA7D9D01E819786456D53F,piping_segment,PipingNetworkSegment,"12""-WF-712014-AD750-0",494.023,314.0
C025-W-HO71-P-_W-001-01,S8D08BA5AACA0526A0A9FD82FDDEE4D,piping_component,PipeTee,,494.045,318.0
C025-W-HO71-P-_W-001-01,S425552C7414DBB421C7CC003C6D892,piping_segment,PipingNetworkSegment,"12""-WF-712014-AD750-0",494.0,378.75
C025-W-HO71-P-_W-001-01,S24604A05A7624D6CF98EF2ACC12F13,piping_component,PipeTee,,494.0,399.0
C025-W-HO71-P-_W-001-01,SEC5ECA21949DAA6052FC79AF9E2A0A,piping_segment,PipingNetworkSegment,"12""-WF-712014-AD750-0",360.135,160.0
C025-W-HO71-P-_W-001-01,S88CD6EE96CADBBEA8B04605FEDF8E0,piping_component,PipeTee,,363.513,160.0
C025-W-HO71-P-_W-001-01,SFA4FA937BA6883579A1A90CD311AD6,piping_segment,PipingNetworkSegment,"12""-WF-712014-AD750-0",455.363,469.75
C025-W-HO71-P-_W-001-01,S827F57EE4237A96262C372DCF59B38,piping_component,ButterflyValve,71-2006WF,472.0,472.0
C025-W-HO71-P-_W-001-01,SAB4ED04573EE8E8B9EBDE14F465E50,piping_component,PipeTee,,425.726,472.0
C025-W-HO71-P-_W-001-01,SA226AF3B0DA63522EA9AB28BC1C04B,piping_segment,PipingNetworkSegment,"12""-WF-712014-AD750-0",494.0,288.0
C025-W-HO71-P-_W-001-01,S4447DE8CD88174ECD9376158BB1C84,piping_component,ButterflyValve,71-2009WF,494.0,288.0
C025-W-HO71-P-_W-001-01,S79FB88109C08608A02045D2351AB74,piping_segment,PipingNetworkSegment,"12""-WF-712014-AD750-0",476.0,166.5
C025-W-HO71-P-_W-001-01,SF96AD5918BDC61A44ADDF65F9C49A6,piping_component,ButterflyValve,71-2007WF,473.0,160.0
C025-W-HO71-P-_W-001-01,SC2ECAFE1984E34BE0B350D92F5633A,piping_component,PipeTee,,494.0,173.0
C025-W-HO71-P-_W-001-01,SA33B04BDD8ADBE415490D53626C16A,piping_segment,PipingNetworkSegment,"12""-WF-712014-AD750-0",309.0,323.5
C025-W-HO71-P-_W-001-01,SAC453A8CB6C52DFC9C75DB155D157F,piping_component,GateValve,71-2017WF,308.0,302.0
C025-W-HO71-P-_W-001-01,S45D4901BB514F943B0E341E0079E05,piping_component,PipeTee,,297.0,302.0
C025-W-HO71-P-_W-001-01,SCE823397DA5743960CAE5B30A6A1AA,piping_component,PipeTee,,297.0,345.0
C025-W-HO71-P-_W-001-01,S808D7AED6DFC746F04D951A0F94902,piping_component,GateValve,71-2016WF,308.0,345.0
C025-W-HO71-P-_W-001-01,S382550E5C674ADA3C360F1BC8F8ED4,piping_component,PipeTee,,321.0,345.0
C025-W-HO71-P-_W-001-01,SC161E56EE262378EBAE6C56656D6C5,piping_segment,PipingNetworkSegment,"12""-WF-712014-AD750-0",324.75,404.5
C025-W-HO71-P-_W-001-01,S69182202A2895A1094C98D36E65B5B,piping_component,PipeTee,,321.0,382.0
C025-W-HO71-P-_W-001-01,S5A6F611EB5F97A5ADCA3CA0D8A39FF,piping_segment,PipingNetworkSegment,"12""-WF-712014-AD750-0",321.0,208.25
C025-W-HO71-P-_W-001-01,SDBE1D1CBD3D27DC8AE952A010E25D4,piping_component,PipeTee,,321.0,177.0
C025-W-HO71-P-_W-001-01,SE48A4A20190B089B40A880B7BF46D3,piping_segment,PipingNetworkSegment,"12""-WF-712014-AD750-0",494.0,414.75
C025-W-HO71-P-_W-001-01,S99EF8157B7BF3EE89439146ACC1495,piping_component,PipeTee,,494.0,420.0
C025-W-HO71-P-_W-001-01,S9A30142C3BDD90D850C16B09F0454D,piping_segment,PipingNetworkSegment,"12""-WF-712014-AD750-0",321.0,319.25
C025-W-HO71-P-_W-001-01,S2E468D9B09336F22FFC867E22F8B53,piping_component,ButterflyValve,71-2005WF,321.0,324.0
C025-W-HO71-P-_W-001-01,S4061144104D9FB2745BB4EFCD95B54,piping_component,PipeTee,,321.0,302.0
C025-W-HO71-P-_W-001-01,SF743DC5E93DA9B594186B9C38893BB,piping_segment,PipingNetworkSegment,"12""-WS-502014-AD750-0",579.5,318.0
C025-W-HO71-P-_W-001-01,SCD5280D682A896DF2116A0FCCC978F,pipe_off_page,FlowInPipeOffPageConnector,,663.0,318.0
C025-W-HO71-P-_W-001-01,SF3C315DAA3A3D8C9D606E36370BBAB,piping_segment,PipingNetworkSegment,"12""-WF-712014-AD750-0",494.0,238.5
C025-W-HO71-P-_W-001-01,SFD907803F634627E62F92B6D6798F7,piping_component,PipeTee,,494.0,248.0
C025-W-HO71-P-_W-001-01,S4352CC3DEB972EB96ABAE6A2A961F5,piping_segment,PipingNetworkSegment,"12""-WF-712014-AD750-0",342.75,164.25
C025-W-HO71-P-_W-001-01,SB037C7EC6D7A5509721F253DA182FF,piping_component,PipeTee,,350.0,160.0
C025-W-HO71-P-_W-001-01,S36FB70BF7C10602D2EAF157F649926,piping_segment,PipingNetworkSegment,"12""-WF-712014-AD750-0",321.0,357.486
C025-W-HO71-P-_W-001-01,SA23C8EE746BB0390651D80C4004124,piping_segment,PipingNetworkSegment,"12""-WF-712014-AD750-0",343.25,472.0
C025-W-HO71-P-_W-001-01,S973A5F43B7529526BC431D1D58D928,piping_component,PipeTee,,336.0,472.0
C025-W-HO71-P-_W-001-01,S57B3E36CFD90D1A8F2CAE4ABF5ED7D,piping_segment,PipingNetworkSegment,"12""-WF-712014-AD750-0",509.0,288.0
C025-W-HO71-P-_W-001-01,S8E142A87F3FA6B169E3520E407F893,piping_component,GateValve,71-2010WF,509.0,274.0
C025-W-HO71-P-_W-001-01,S8DA63C5A838B946F1468E81DBB0CBD,piping_component,PipeTee,,524.0,274.0
C025-W-HO71-P-_W-001-01,S9A640BC8B170E5174900E60657E11C,piping_component,PipeTee,,524.0,302.0
C025-W-HO71-P-_W-001-01,SF744E8147675EBCE2AEE014C875FA1,piping_component,GateValve,71-2011WF,509.0,302.0
C025-W-HO71-P-_W-001-01,S1EACC8167D7CD71DB4BC31ED5D83A8,piping_component,PipeTee,,494.0,302.0
C025-W-HO71-P-_W-001-01,S5EBCDDD0CD2DAC2502EDFA1339C056,piping_segment,PipingNetworkSegment,"12""-WF-712014-AD750-0",426.128,160.0
C025-W-HO71-P-_W-001-01,S294EDF6C8BCF08239D9E4073EFDC69,piping_component,PipeTee,,447.0,160.0
C025-W-HO71-P-_W-001-01,S991837846609AAFB9BC6F78A2A14A9,piping_segment,PipingNetworkSegment,"12""-WF-712014-AD750-0",494.0,269.0
C025-W-HO71-P-_W-001-01,SD0E669139F25CB49FC7FF3C6DAB558,piping_component,PipeTee,,494.0,274.0
C025-W-HO71-P-_W-001-01,S99AEF0537EA3F454204F2335F1ED2F,piping_segment,PipingNetworkSegment,"12""-WF-712014-AD750-0",380.181,472.0
C025-W-HO71-P-_W-001-01,SD2625141CB33B3DB0FDF3FF341B748,piping_component,PipeTee,,365.0,472.0
C025-W-HO71-P-_W-001-01,S7869CC3EBDEC710F2E42E468402535,piping_segment,PipingNetworkSegment,"12""-WF-712014-AD750-0",494.023,252.5
C025-W-HO71-P-_W-001-01,SE917D92A2E8A237197FEE2CC53BDED,piping_component,PipeTee,,494.045,254.0
C025-W-HO71-P-_W-001-01,S53D93B9191A71D824E5960E9D63620,piping_segment,PipingNetworkSegment,"12""-WF-712014-AD750-0",494.0,200.75
C025-W-HO71-P-_W-001-01,S10C1D74CEFFAFD74BAA8AF206126A7,piping_component,PipeTee,,494.0,210.0
C025-W-HO71-P-_W-001-01,S928E1E04A9E5F28756E6F16EE9C065,piping_segment,PipingNetworkSegment,"12""-WF-712014-AD750-0",321.0,372.979
C025-W-HO71-P-_W-001-01,SCE4B376870F32CB992964EBE75B3CE,piping_component,PipeTee,,321.0,369.972
C025-W-HO71-P-_W-001-01,S4CF2A5DE10D10AB2551C6F302004E2,piping_segment,PipingNetworkSegment,"12""-WF-712014-AD750-0",494.0,452.25
C025-W-HO71-P-_W-001-01,S22AE2470826EEC80392B898780FB44,piping_component,PipeTee,,494.0,463.0
C025-W-HO71-P-_W-001-01,SC21E994B1E938490E4D331B80A4002,piping_system,PipingNetworkSystem,,601.0,146.001
C025-W-HO71-P-_W-001-01,SEDFD69BFA623F828BB22107EB6B621,piping_segment,PipingNetworkSegment,"4""-WF-712036-AD750-0",585.75,146.0
C025-W-HO71-P-_W-001-01,S30BDFF83C74EF89AAF1CE4581813E9,piping_component,PipeTee,,587.0,146.0
C025-W-HO71-P-_W-001-01,S18A3A1BE0CE322A1B2FCE0169449CC,piping_segment,PipingNetworkSegment,"4""-WF-712036-AD750-0",616.25,146.0
C025-W-HO71-P-_W-001-01,S2947519D1BFFC35CA6C35629F11C07,piping_component,FlangedConnection,,620.0,146.0
C025-W-HO71-P-_W-001-01,SA7668810458F06E798BB8A83D30B52,piping_segment,PipingNetworkSegment,"4""-WF-712036-AD750-0",599.25,146.003
C025-W-HO71-P-_W-001-01,S28B773B4D4BB272D0D2BA3B8CEE408,piping_component,PipeReducer,,604.0,146.006
C025-W-HO71-P-_W-001-01,S76985D5F1BA49CBC701C8943071CF1,piping_system,PipingNetworkSystem,,106.57,332.963
C025-W-HO71-P-_W-001-01,S1D3F76E154A16B4A832D9179906DA0,piping_segment,PipingNetworkSegment,"4""-WF-712022-AD750-4",82.39,333.0
C025-W-HO71-P-_W-001-01,S78CCBFBD70542AE40F1004EAA5F6D1,piping_component,FlangedConnection,,78.0,333.0
C025-W-HO71-P-_W-001-01,S30437B33A931702FBCCAF968AF61D0,piping_segment,PipingNetworkSegment,"4""-WF-712022-AD750-4",122.0,332.998
C025-W-HO71-P-_W-001-01,SE4381C9F8539708050CDA1085119A9,piping_component,PipeTee,,120.0,332.996
C025-W-HO71-P-_W-001-01,SF1F1EB638463A6D5096B09D339B8CA,piping_segment,PipingNetworkSegment,"4""-WF-712022-AD750-4",104.03,332.927
C025-W-HO71-P-_W-001-01,SCB497FC5EFD46D46A200795D282228,piping_component,Flange,,103.002,332.854
C025-W-HO71-P-_W-001-01,SC8A12A31BE1C883CC518C6CD78DEE9,piping_component,Flange,,101.002,332.854
C025-W-HO71-P-_W-001-01,SEFF28E7BD7D4151FCC56E1C0480773,piping_component,PipeReducer,,96.559,333.0
C025-W-HO71-P-_W-001-01,SACC2E4832B6C8067E63E5F7865BCBC,piping_segment,PipingNetworkSegment,"4""-WF-712022-AD750-4",130.75,333.0
C025-W-HO71-P-_W-001-01,SBDC858F79D7F0E51C6F858A238CC9E,piping_component,PipeTee,,128.0,333.0
C025-W-HO71-P-_W-001-01,S13748C68874C2FD9473EC3368140C0,piping_system,PipingNetworkSystem,,403.351,498.501
C025-W-HO71-P-_W-001-01,S23C8742A049C53A93D09AA1D6C4CC7,piping_segment,PipingNetworkSegment,"3""-WF-712039-AD750-4",393.226,504.0
C025-W-HO71-P-_W-001-01,S5EA695A39B03ADD9F6C49ADCE2E0DC,piping_component,FlangedConnection,,388.726,508.0
C025-W-HO71-P-_W-001-01,S8F7F4A4FD519FAF89566D5E1097A11,piping_segment,PipingNetworkSegment,"3""-WF-712039-AD750-4",413.476,493.003
C025-W-HO71-P-_W-001-01,S94A67498829B37A6A73688AAD21D7E,piping_component,PipeReducer,,408.726,493.006
C025-W-HO71-P-_W-001-01,S9048FCC5A4ED4827B430E5840248CD,piping_system,PipingNetworkSystem,,447.001,133.75
C025-W-HO71-P-_W-001-01,S9B809AF80D6A0B8263B2C4940BCF15,piping_segment,PipingNetworkSegment,"4""-WF-712018-AD750-4",447.0,124.0
C025-W-HO71-P-_W-001-01,SBE021EAA865D525BAB7CF077F57328,piping_component,FlangedConnection,,447.0,122.0
C025-W-HO71-P-_W-001-01,S30EA8685A453F479CF018E301E6600,piping_segment,PipingNetworkSegment,"4""-WF-712018-AD750-4",447.003,133.25
C025-W-HO71-P-_W-001-01,S953AA6EE3AC8BFB33DA5A16C91670A,piping_component,PipeReducer,,447.006,131.0
C025-W-HO71-P-_W-001-01,SCA96C86C89982BD96F62EBBE1ACE42,piping_segment,PipingNetworkSegment,"4""-WF-712018-AD750-4",447.0,143.5
C025-W-HO71-P-_W-001-01,SCAC917C136B7527BE0EA34B6988717,piping_component,PipeTee,,447.0,138.0
C025-W-HO71-P-_W-001-01,S29385C6AE7242154EDA2BB59158B46,piping_system,PipingNetworkSystem,,579.5,254.0
C025-W-HO71-P-_W-001-01,S314FEAC9A43CA1C94816F2BB58FF18,piping_segment,PipingNetworkSegment,"12""-WS-502015-AD750-0",579.5,254.0
C025-W-HO71-P-_W-001-01,SDA116E0D294BFD3BE53B0FE99DBDC3,pipe_off_page,FlowInPipeOffPageConnector,,663.0,254.0
C025-W-HO71-P-_W-001-01,S68984D4167BEFB4F50142DCC06F0D4,piping_system,PipingNetworkSystem,,414.75,386.375
C025-W-HO71-P-_W-001-01,SD03617A123F77E49CAB38F3F56B23D,piping_segment,PipingNetworkSegment,"12""-WF-712015-AD750-4",432.5,399.0
C025-W-HO71-P-_W-001-01,SEC06B8F049313493E6405952DB0641,piping_component,PipeTee,,412.0,399.0
C025-W-HO71-P-_W-001-01,S629907325AA5847EB7FFAB14E02D54,piping_segment,PipingNetworkSegment,"12""-WF-712015-AD750-4",397.0,373.75
C025-W-HO71-P-_W-001-01,S5D396F63C8CD7604BD55094D1A75D1,piping_component,ButterflyValve,71-2021WF,392.0,388.0
C025-W-HO71-P-_W-001-01,SE68B1C1A6AF12B4F7C31CB34FBBA13,piping_system,PipingNetworkSystem,,595.249,162.0
C025-W-HO71-P-_W-001-01,S6D1BE46C48BF5A23B55D19BC99A5CE,piping_segment,PipingNetworkSegment,"3""-WF-712037-AD750-0",603.497,172.5
C025-W-HO71-P-_W-001-01,S4E64B8FFC8185BFBAFCC907408A6C8,piping_component,FlangedConnection,,620.0,186.0
C025-W-HO71-P-_W-001-01,S3030A1D96ADB56DEF66F95DCDF1953,piping_component,PipeReducer,,586.994,159.0
C025-W-HO71-P-_W-001-01,SFE6D315F98BCD722D1A91F525F5B48,piping_segment,PipingNetworkSegment,"3""-WF-712037-AD750-0",587.0,151.5
C025-W-HO71-P-_W-001-01,S7F2BA4267C840F533C9C40071B283F,piping_system,PipingNetworkSystem,,425.725,493.25
C025-W-HO71-P-_W-001-01,SB122165A2CBB70EC5D001CEEE78A4E,piping_segment,PipingNetworkSegment,"4""-WF-712019-AD750-4",425.726,494.25
C025-W-HO71-P-_W-001-01,SF8139C2EFA3B5275BF0914382D9BA4,piping_component,PipeTee,,425.726,493.0
C025-W-HO71-P-_W-001-01,S5F5AB6F7E21696141F3AFE292510B2,piping_segment,PipingNetworkSegment,"4""-WF-712019-AD750-4",425.726,482.5
C025-W-HO71-P-_W-001-01,SBCF2ED3BF4D52320E4E95B9CFBC05C,piping_segment,PipingNetworkSegment,"4""-WF-712019-AD750-4",425.723,504.0
C025-W-HO71-P-_W-001-01,SAB86B09BCB6AE160FF6F007E787F3B,piping_component,FlangedConnection,,425.726,508.0
C025-W-HO71-P-_W-001-01,S1DBF5FC7827EC8B95A123FB9039BA4,piping_component,PipeReducer,,425.72,500.0
C025-W-HO71-P-_W-001-01,S32B0AAC216A57A93E9C6A7BD13FA4A,piping_system,PipingNetworkSystem,,338.25,299.743
C025-W-HO71-P-_W-001-01,S44A68B980522F932E4232CDE42925D,piping_segment,PipingNetworkSegment,"6""-WF-712023-AD750-4",338.25,299.743
C025-W-HO71-P-_W-001-01,SB102FBE93201F8905F5711C348B2EC,pipe_off_page,FlowOutPipeOffPageConnector,,344.0,268.0
C025-W-HO71-P-_W-001-01,S7877D4DB6C1CE254E4336B63E74316,piping_system,PipingNetworkSystem,,201.125,279.5
C025-W-HO71-P-_W-001-01,S1407BA4184FD6D5AA05EC7E038B193,piping_segment,PipingNetworkSegment,"8""-WF-712020-AD750-0",263.25,382.0
C025-W-HO71-P-_W-001-01,SB55B6F5CA2E28C134C44E606DE242C,piping_component,FlangedConnection,,242.0,382.0
C025-W-HO71-P-_W-001-01,SCA90CA4EDE447D038D021092FAA6B1,piping_component,ButterflyValve,71-2003WF,270.0,382.0
C025-W-HO71-P-_W-001-01,S264FFB119408739C2F25C1C4BCB0AF,piping_segment,PipingNetworkSegment,"8""-WF-712020-AD750-0",164.5,215.0
C025-W-HO71-P-_W-001-01,S2EF6673534567028DF72DAA8F741F2,piping_component,ButterflyValve,71-2002WF,159.0,177.0
C025-W-HO71-P-_W-001-01,SBAF3DDE790BA6DA21C7C7AF9A54B20,piping_component,PipeTee,,139.0,253.0
C025-W-HO71-P-_W-001-01,S8C39E9B20F31BF130ECD5460D30616,piping_segment,PipingNetworkSegment,"8""-WF-712020-AD750-0",182.0,369.75
C025-W-HO71-P-_W-001-01,S814ED85013907AD8D91D978F0CF86C,piping_component,ButterflyValve,71-2001WF,159.0,382.0
C025-W-HO71-P-_W-001-01,S8779EC9D2D1E7CDF4F6FC7BE457BF5,piping_component,PipeTee,,217.0,382.0
C025-W-HO71-P-_W-001-01,S9F8C21EEFACE10C74333A68244B52E,piping_segment,PipingNetworkSegment,"8""-WF-712020-AD750-0",139.0,322.0
C025-W-HO71-P-_W-001-01,SE4CCA300931B363751F084D6BC1919,piping_component,PipeTee,,139.0,333.0
C025-W-HO71-P-_W-001-01,S9AB94A66BD13DCC26DEB0E6F88C4C8,piping_segment,PipingNetworkSegment,"8""-WF-712020-AD750-0",257.25,177.0
C025-W-HO71-P-_W-001-01,SD7485621713DB20DCF9D2EE6E6F272,piping_component,ButterflyValve,71-2004WF,270.0,177.0
C025-W-HO71-P-_W-001-01,S1939E83471AC3ECE14991289781CEE,piping_component,FlangedConnection,,242.0,177.0
C025-W-HO71-P-_W-001-01,S4343A4679CDDBFAE847287CB439D5D,piping_component,PipeTee,,217.0,177.0
C025-W-HO71-P-_W-001-01,S2146A6C8EE3613F0DAF0FB727256D4,piping_segment,PipingNetworkSegment,"8""-WF-712020-AD750-0",139.0,274.75
C025-W-HO71-P-_W-001-01,S54F82EE0A4FC12BEB7882B3EC7D48A,piping_component,ButterflyValve,71-2000WF,139.0,272.0
C025-W-HO71-P-_W-001-01,SB2ED90B3DDA14D5AE8A6E54747C4D9,piping_component,PipeTee,,139.0,289.0
C025-W-HO71-P-_W-001-01,SA64905CD19B79B6057526669BC766B,piping_system,PipingNetworkSystem,,105.413,255.338
C025-W-HO71-P-_W-001-01,SC8EA58C2D1BA60A27CD75A7DDA0F37,piping_segment,PipingNetworkSegment,"4""-WF-712021-AD750-4",95.587,252.927
C025-W-HO71-P-_W-001-01,S917D1AAF64E57CA12742F6242F6402,piping_component,Flange,,96.745,252.854
C025-W-HO71-P-_W-001-01,SE7F0C20BC8A1CF805532C23023B1C8,piping_component,Flange,,94.745,252.854
C025-W-HO71-P-_W-001-01,SA733D251E20E569141AEABBA4DF3D7,piping_component,PipeReducer,,90.302,253.0
C025-W-HO71-P-_W-001-01,S89D147E41A4DE27C88AEC4BCCA5090,piping_segment,PipingNetworkSegment,"4""-WF-712021-AD750-4",130.0,253.0
C025-W-HO71-P-_W-001-01,S8679E2A00256F67B0B9812819ACE9F,piping_component,PipeTee,,127.0,253.0
C025-W-HO71-P-_W-001-01,SDE870F0F412FE22B8AC5F7F8E1D31D,piping_segment,PipingNetworkSegment,"4""-WF-712021-AD750-4",110.5,253.0
C025-W-HO71-P-_W-001-01,SC7103E3EF01544EF7C92CFB8DE8C99,piping_component,PipeTee,,105.0,253.0
C025-W-HO71-P-_W-001-01,S8FDEF406725A2B2D3A437D4A3DCE13,piping_segment,PipingNetworkSegment,"4""-WF-712021-AD750-4",127.0,257.75
C025-W-HO71-P-_W-001-01,S3571EE36EC10BC5174C674CE474409,piping_component,Flange,,127.0,260.0
C025-W-HO71-P-_W-001-01,SC57E98498FFFAF774F612C2B51F4A7,piping_component,Flange,,127.0,258.0
C025-W-HO71-P-_W-001-01,S82F3A15BE2BC255014999D9D7EFC90,piping_segment,PipingNetworkSegment,"4""-WF-712021-AD750-4",80.826,253.0
C025-W-HO71-P-_W-001-01,S542A60C2C7B346708786846A1ACD6B,piping_component,FlangedConnection,,78.0,253.0
C025-W-HO71-P-_W-001-01,S4B029029E2714B95A0CCFD27DB50EA,piping_system,PipingNetworkSystem,,541.25,441.0
C025-W-HO71-P-_W-001-01,SAF196BE7E9672ADF95C6A01C484404,piping_segment,PipingNetworkSegment,"8""-WF-714126-AT750-0",541.25,441.0
C025-W-HO71-P-_W-001-01,SD45731D9F18A6C16C56972D29EA9B2,piping_component,PipeFitting,,450.0,441.0
C025-W-HO71-P-_W-001-01,SED6E6708D782A2D4B58F0CB3ABB43B,piping_component,PipeFitting,,550.0,441.0
C025-W-HO71-P-_W-001-01,S2187DA36DC40ACA2DB3984857951F6,pipe_off_page,FlowOutPipeOffPageConnector,,665.0,441.0
C025-W-HO71-P-_W-001-01,SAF07CC3786E6CF67B12305E356A406,piping_system,PipingNetworkSystem,,510.392,512.409
C025-W-HO71-P-_W-001-01,SDCD66FA203C468BFDD8FD380AC9DD4,piping_segment,PipingNetworkSegment,,516.889,512.834
C025-W-HO71-P-_W-001-01,SD09FBFD31D02A7BA55D795D352D459,piping_segment,PipingNetworkSegment,,499.312,509.862
C025-W-HO71-P-_W-001-01,S504F268DE6BE638CEC635F78E79D07,piping_component,GateValve,,481.736,509.862
C025-W-HO71-P-_W-001-01,SBE32926D65B970BD95679707CE746A,piping_component,CheckValve,,493.349,509.862
C025-W-HO71-P-_W-001-01,S86305F70E03C00F696D49D2404D50A,piping_component,CheckValve,,504.567,509.862
C025-W-HO71-P-_W-001-01,S86F5DB0E2D77A36968A3F93641BE1A,piping_component,PipeTee,,516.889,509.862
C025-W-HO71-P-_W-001-01,SFA2B7372ADA6AE06827FA83A2181C9,piping_segment,PipingNetworkSegment,,521.472,497.012
C025-W-HO71-P-_W-001-01,SC979378939B00BFC350FF3D30A121E,piping_component,AngleValve,71-XY2015,523.0,491.728
C025-W-HO71-P-_W-001-01,SAD22749AC9939A3FA8A400E2C3C961,piping_segment,PipingNetworkSegment,,516.889,519.77
C025-W-HO71-P-_W-001-01,SEC2C3C6A97F1D33959A53059B55A30,piping_segment,PipingNetworkSegment,,508.144,527.806
C025-W-HO71-P-_W-001-01,S5CBF674E7B9BA376FEF9F7D9945BE6,piping_component,GateValve,,499.399,539.806
C025-W-HO71-P-_W-001-01,S971EE2AF848F484A8ADCCFF38A88DD,piping_component,PipeTee,,516.889,515.806
C025-W-HO71-P-_W-001-01,S1E059AC6EA2CEB6714A06B4C584C3E,equipment,CustomEquipment,71-SM51B,364.902,205.688
C025-W-HO71-P-_W-001-01,S69E317B3D2F73EF44A1A1CF32F65AB,nozzle,Nozzle,,363.513,199.321
C025-W-HO71-P-_W-001-01,SEE7FE167986EE9C08F493038EB5BD3,equipment,CustomEquipment,71-SM51A,567.389,421.389
C025-W-HO71-P-_W-001-01,SE07DA715E236A76C11CB1AD6DF9C20,nozzle,Nozzle,,561.0,420.0
C025-W-HO71-P-_W-001-01,S6B0E937425901114889EF56308F497,equipment,CustomEquipment,71-SM52H,447.5,107.0
C025-W-HO71-P-_W-001-01,SCC05D61F21C0BA167C8FF2553CDB54,nozzle,Nozzle,,445.0,122.0
C025-W-HO71-P-_W-001-01,SADE8D11E171F7086F13680152DD936,equipment,CustomEquipment,71-SM52G,409.5,107.0
C025-W-HO71-P-_W-001-01,SE7F06B4B47F8CE73DAA8985BEEBBD6,nozzle,Nozzle,,407.0,122.0
C025-W-HO71-P-_W-001-01,SE747A0911C9DA138F0CE0FE3FF5312,equipment,CustomEquipment,71-SM52K,388.226,523.0
C025-W-HO71-P-_W-001-01,S592889E3EFB75DF369FD6470EDF07F,nozzle,Nozzle,,390.726,508.0
C025-W-HO71-P-_W-001-01,SF17E96944ACBAD42D1BBF4AD84176F,equipment,CustomEquipment,71-SM52J,425.226,523.0
C025-W-HO71-P-_W-001-01,SFFA21958DCAC995C9F03E120676B82,nozzle,Nozzle,,427.726,508.0
C025-W-HO71-P-_W-001-01,SAA33535DE72DE1C6AD44284AE89C35,equipment,CustomEquipment,71-SM52N,636.5,399.421
C025-W-HO71-P-_W-001-01,SC276F642C4A1E9DC01852EDD408B69,nozzle,Nozzle,,620.0,407.421
C025-W-HO71-P-_W-001-01,S3FB2AAFF7643D675D1B20810E380EE,equipment,CustomEquipment,71-SM52B,636.5,522.0
C025-W-HO71-P-_W-001-01,SB7C46B2D2E0C07EE6B0E8414639FEE,nozzle,Nozzle,,620.0,530.0
C025-W-HO71-P-_W-001-01,SF818CCBF7768E2187F24FD5B3E3F52,equipment,CustomEquipment,71-SM52A,636.5,565.0
C025-W-HO71-P-_W-001-01,S3BEF0A3505AEC76EFB0C60BA097771,nozzle,Nozzle,,620.0,573.0
C025-W-HO71-P-_W-001-01,S99DD0389951BD66849C945F1601788,equipment,CustomEquipment,71-SM52E,636.5,136.0
C025-W-HO71-P-_W-001-01,S50F131AF1B7C832727BD351CD4C5FC,nozzle,Nozzle,,620.0,144.0
C025-W-HO71-P-_W-001-01,S2A44BE02773C195404BE6590D05DF3,equipment,CustomEquipment,71-SM52F,636.5,96.0
C025-W-HO71-P-_W-001-01,S44C2A8814D4010CC581A90BA5A2A48,nozzle,Nozzle,,620.0,104.0
C025-W-HO71-P-_W-001-01,S2A55678DCA7BE64A5CBB5D73A5CBAF,equipment,CustomEquipment,71-SM52D,636.5,176.0
C025-W-HO71-P-_W-001-01,S69A14D7DCD7D61FEF3B0A10289AA42,nozzle,Nozzle,,620.0,184.0
C025-W-HO71-P-_W-001-01,SCAF3713311AF6B9538065809D2CB1D,equipment,CustomEquipment,71-SM52C,636.5,480.0
C025-W-HO71-P-_W-001-01,S5AE067E3AF0E29565FB435EF684743,nozzle,Nozzle,,620.0,488.0
C025-W-HO71-P-_W-001-01,S20F3258CF66206340EDF38B625E26F,equipment,CustomEquipment,71-SM52M,61.5,243.0
C025-W-HO71-P-_W-001-01,S56D3090142AF438EC0EF904A788B47,nozzle,Nozzle,,78.0,251.0
C025-W-HO71-P-_W-001-01,SD12DBBA79FCF18D5D3638E48177EB3,equipment,CustomEquipment,71-SM52L,61.5,323.0
C025-W-HO71-P-_W-001-01,SF5B0D67D63528446FA3B733A4E1AFA,nozzle,Nozzle,,78.0,331.0
C025-W-HO71-P-_W-001-01,SD484CA8FE0AE8607A2E83B842ED628,equipment,Tank,71-VW016,413.738,207.212
C025-W-HO71-P-_W-001-01,S55E6D28AEDF780829A692600442584,nozzle,Nozzle,,413.738,218.253
C025-W-HO71-P-_W-001-01,SC9DFAA773921273B99578FE1FDF86F,nozzle,Nozzle,,413.738,196.171
C025-W-HO71-P-_W-001-01,SC9468679092D5C17A3B277AC003D39,equipment,Tank,71-VW015,516.889,534.776
C025-W-HO71-P-_W-001-01,S9AD40917F8B1D624EEE02B41816608,nozzle,Nozzle,,516.889,545.817
C025-W-HO71-P-_W-001-01,S12FAD660597953A67545D6583012FB,nozzle,Nozzle,,516.889,523.735
C025-W-HO71-P-_W-001-01,S579311BBD2299A0119E9391DB1CBF2,instrument,ProcessInstrumentationFunction,71-HS2016,390.078,211.136
C025-W-HO71-P-_W-001-01,S3CC0CF682339223AC7C0150F6C3250,actuating_function,ActuatingFunction,,392.513,182.298
C025-W-HO71-P-_W-001-01,SB52C34E4FD6F438CFDD37DC3A98189,instrument,ProcessInstrumentationFunction,71-PI2016,466.431,212.242
C025-W-HO71-P-_W-001-01,S452C50078DDD646B1D444E8943E41F,instrument,ProcessInstrumentationFunction,71-PI2012,444.566,283.0
C025-W-HO71-P-_W-001-01,SEBC27D8ECF44A4E8DCC7F81C0623C0,instrument,ProcessInstrumentationFunction,71-PI2014,267.566,277.0
C025-W-HO71-P-_W-001-01,SFECF5EC260C0957D6EE68E4E4C804A,instrument,ProcessInstrumentationFunction,71-PI2007,568.566,291.0
C025-W-HO71-P-_W-001-01,SB2ABEC049EDB2499A82686B07CB268,instrument,ProcessInstrumentationFunction,71-HS2015,549.403,491.728
C025-W-HO71-P-_W-001-01,SF25D0CB7C5E68F488C6381F4D460DC,actuating_function,ActuatingFunction,,523.0,491.728
C025-W-HO71-P-_W-001-01,SBE55D77957CBDB0FE02A7A9F2DA0CC,instrument,ProcessInstrumentationFunction,71-PI2015,451.79,539.806
C025-W-HO71-P-_W-001-01,SD156FD8E702FFFD56D86632649752F,instrument,ProcessInstrumentationFunction,71-FO2004,343.513,204.299
C025-W-HO71-P-_W-001-01,SFE03CE816E0CE9310CFDE6C44151ED,signal_generator,ProcessSignalGeneratingFunction,,343.513,192.299
C025-W-HO71-P-_W-001-01,S80DAE0CC5F56A57CCE539996C2823C,instrument,ProcessInstrumentationFunction,71-PIT2016,448.54,212.242
C025-W-HO71-P-_W-001-01,SA7E99DC0CE8F9C4229B81213892A9A,signal_generator,ProcessSignalGeneratingFunction,,431.228,212.242
C025-W-HO71-P-_W-001-01,SB272121541DEC5831125460A56BE4E,instrument,ProcessInstrumentationFunction,71-FO2017,468.0,320.0
C025-W-HO71-P-_W-001-01,SC6E1DDCE5067CC0250C50366105A36,signal_generator,ProcessSignalGeneratingFunction,,455.0,338.0
C025-W-HO71-P-_W-001-01,S112688ECD131628B783D59806132CC,instrument,ProcessInstrumentationFunction,71-FO2002,227.0,550.0
C025-W-HO71-P-_W-001-01,S5B4F721550AE92F6F1EAFAFD0BBD36,signal_generator,ProcessSignalGeneratingFunction,,227.0,536.0
C025-W-HO71-P-_W-001-01,SD8BEA72369156040435A115BF1AE53,instrument,ProcessInstrumentationFunction,71-FO2005,530.0,222.0
C025-W-HO71-P-_W-001-01,S95167C8D92AB4BD046E4D2C8628267,signal_generator,ProcessSignalGeneratingFunction,,530.0,210.0
C025-W-HO71-P-_W-001-01,SF431F7AF71E90039AEEE11731AA25F,instrument,ProcessInstrumentationFunction,71-FO2003,555.0,396.0
C025-W-HO71-P-_W-001-01,SC3A34784D2A87F5450CDB27730AEBC,signal_generator,ProcessSignalGeneratingFunction,,538.0,396.0
C025-W-HO71-P-_W-001-01,SD0F72025A2A9E68DAB4F3FDAF3DF44,instrument,ProcessInstrumentationFunction,71-PT2007,545.0,274.0
C025-W-HO71-P-_W-001-01,S49BA9722779A2A50EE214B9460B275,signal_generator,ProcessSignalGeneratingFunction,,524.0,274.0
C025-W-HO71-P-_W-001-01,S5AC73E0138E99D055D8621C1EC8986,instrument,ProcessInstrumentationFunction,71-PT2014,283.5,302.0
C025-W-HO71-P-_W-001-01,S2B02690C340AC1E931834D5E2B52EE,signal_generator,ProcessSignalGeneratingFunction,,297.0,302.0
C025-W-HO71-P-_W-001-01,S82936FEB505A234EFC83CE21AEC108,instrument,ProcessInstrumentationFunction,71-PI2006,545.0,302.0
C025-W-HO71-P-_W-001-01,S78A3EB21BD882645F28362A0AF078B,signal_generator,ProcessSignalGeneratingFunction,,524.0,302.0
C025-W-HO71-P-_W-001-01,S302EB730F4011B30B567B0F9874634,instrument,ProcessInstrumentationFunction,71-PI2013,283.5,345.0
C025-W-HO71-P-_W-001-01,S3AFD9121C94808C44983C0134323BF,signal_generator,ProcessSignalGeneratingFunction,,297.0,345.0
C025-W-HO71-P-_W-001-01,S6293AB93BAE63B4181C7CCC61DCEB0,instrument,ProcessInstrumentationFunction,71-PIT2015,482.087,539.806
C025-W-HO71-P-_W-001-01,SE776D17278A7FDCF34EA84A1DA15AB,signal_generator,ProcessSignalGeneratingFunction,,499.399,539.806
C025-W-HO71-P-_W-001-01,S147BA95581FD013F50C292E86CE942,instrument,ProcessInstrumentationFunction,,256.0,302.0
C025-W-HO71-P-_W-001-01,SA504C11F1ED4C339F0EA1413E202D1,instrument,ProcessInstrumentationFunction,,474.0,352.0
C025-W-HO71-P-_W-001-01,S70384D745DD9A87959BCC2CA155124,signal_generator,ProcessSignalGeneratingFunction,,455.0,352.0
C025-W-HO71-P-_W-001-01,SCBE8B3F57632F5436C384CB4B66854,instrument,ProcessInstrumentationFunction,,589.0,274.0
C025-W-HO71-P-_W-001-01,S19C653B0F4CE4C81FBB24C7581D246,instrument,ProcessInstrumentationFunction,,469.0,295.0
C025-W-HO71-P-_W-001-01,S9CC53F5013EEFED1E166962123681F,equipment,CustomEquipment,71-SM53A,187.0,129.5
C025-W-HO71-P-_W-001-01,SB2A15618295B474BF8AB5544F430FC,nozzle,Nozzle,,191.0,130.0
C025-W-HO71-P-_W-001-01,SA5510F6C03906C2BF30FF5599262C8,equipment,CustomEquipment,71-SM53C,187.0,489.5
C025-W-HO71-P-_W-001-01,SD8751D60D212AC2660C0C4320C5D4F,nozzle,Nozzle,,191.0,489.5
C025-W-HO71-P-_W-001-01,S11488624CC0303C9286D231045A3C8,equipment,CustomEquipment,71-SM53D,187.0,471.5
C025-W-HO71-P-_W-001-01,SC4CD297C0FD6C8344BDD34B45D2583,nozzle,Nozzle,,191.0,472.0
C025-W-HO71-P-_W-001-01,S79E54D6DB180B6F9CDCA3330C2058A,equipment,CustomEquipment,71-SM53B,187.0,96.5
C025-W-HO71-P-_W-001-01,S3F9D15459154DABBDB6CB52A4482BC,nozzle,Nozzle,,191.0,96.5
C025-W-HO71-P-_W-001-01,SC6DE302F41B5E9663EF76A27A2C1B7,equipment,CustomEquipment,71-SM50,434.0,332.0
C025-W-HO71-P-_W-001-01,SE69970A025957DF190DABEF974CF49,nozzle,Nozzle,N1,414.0,300.0
C025-W-HO71-P-_W-001-01,S9C4261F5A2F6969F8D25B0ACA27E04,nozzle,Nozzle,N4,446.0,357.0
C025-W-HO71-P-_W-001-01,S4FD008377730527CDF53740370331D,nozzle,Nozzle,N3,455.0,340.0
C025-W-HO71-P-_W-001-01,SAE2BB3CD1CFF0BFF28E539D1E345E0,nozzle,Nozzle,N2,399.0,313.0
C025-W-HO71-P-_W-001-01,S4D12FD9C18AEB45D753492E2A292DC,nozzle,Nozzle,,455.0,338.0
C025-W-HO71-P-_W-001-01,S2E2F4FE41C66E74DAD3E5576F77F15,nozzle,Nozzle,,455.0,352.0
C025-W-HO71-P-_W-001-01,S6C41F55A18CAD6FE279C0D6906675C,nozzle,Nozzle,,447.0,300.0
C025-W-HO71-P-_W-001-01,SF580B67DA90ABA64B04AA562D4BF40,equipment,CustomEquipment,71-SM056,363.0,432.0
C025-W-HO71-P-_W-001-01,S3CAFE16E9FD761683F10A4174DE355,nozzle,Nozzle,N1,370.0,424.0
C025-W-HO71-P-_W-001-01,S1C328DC38D7152C9268576E2964BB3,nozzle,Nozzle,N3,354.0,424.0
C025-W-HO71-P-_W-001-01,S8D46B291112CF9142AA3B9581B009D,nozzle,Nozzle,N2,384.0,441.0
C025-W-HO71-P-_W-001-01,SFEAD3EF96DB449AED02FC185BD1C8D,equipment,CustomEquipment,75-SK51,110.0,193.0
C025-W-HO71-P-_W-001-01,S6CCCC122A8B57A0F20566A28D564D8,nozzle,Nozzle,,103.0,218.0
C025-W-HO71-P-_W-001-01,S93859D3359F8AF2FA74C0EB8A8D4F0,equipment,CustomEquipment,75-SK50,117.0,413.0
C025-W-HO71-P-_W-001-01,SABE602F1268644F67366016BBF294E,nozzle,Nozzle,,114.0,408.0
C025-W-HO71-P-_W-001-01,S8BEB53F2A3D0CBE606F9AC274ECCF6,instrument,ProcessInstrumentationFunction,,447.0,295.0
C025-W-HO71-P-_W-001-01,SA52905C6CC5C1B1EC5DB9625E4E8D1,signal_generator,ProcessSignalGeneratingFunction,,447.0,300.0
C025-W-HO71-P-_W-001-01,SFE80627D3B3FB36C8FE058208C27A6,instrument,ProcessInstrumentationFunction,,270.0,302.0
C025-W-HO71-P-_W-001-01,S2F830147D17CC0DACF012A72EE093A,instrument,ProcessInstrumentationFunction,,571.0,274.0
C025-W-HO82-P-_U-001-01,S17689A80297455064CAFB95ACCBB7C,nozzle,Nozzle,,0.0,0.0
C025-W-HO82-P-_U-001-01,S4BE59B5713247D098C5C093F989283,equipment,CustomEquipment,,0.0,0.0
C025-W-HO82-P-_U-001-01,SD5B1F6CF6ED4F1E86CB5D1FDF1E76A,instrument,ProcessInstrumentationFunction,,0.0,0.0
C025-W-HO82-P-_U-001-01,S438A1F4D06F7B168F527107C04D3EC,piping_component,Hose,,0.0,0.0
C025-W-HO82-P-_U-001-01,S605895A3EEC8067589EFBE0B980B54,piping_component,Hose,,0.0,0.0
C025-W-HO82-P-_U-001-01,SC3B8BE1F4AA6DDC71130DF02DE4DED,actuator,ControlledActuator,,0.0,0.0
C025-W-HO82-P-_U-001-01,SED84C87AA0977B1185833AC75ED611,piping_component,CheckValve,,0.0,0.0
C025-W-HO82-P-_U-001-01,S73A92650766D91C607F6A7CD0121DA,piping_component,Silencer,,0.0,0.0
C025-W-HO82-P-_U-001-01,S32D58A529788D18DFD2DF7BB07DFD9,piping_component,BallValve,,0.0,0.0
C025-W-HO82-P-_U-001-01,S4B9B284164D21E8B112FCE35C7C4CF,piping_component,BallValve,,0.0,0.0
C025-W-HO82-P-_U-001-01,SBE66938917608FBE0A35C9BF9ED0E2,instrument,ProcessInstrumentationFunction,,0.0,0.0
C025-W-HO82-P-_U-001-01,SDF364C80F148CB928916D89B681428,piping_component,AngleValve,,0.0,0.0
C025-W-HO82-P-_U-001-01,S232654CDA28F2A04B768A2D9F42041,piping_component,ButterflyValve,,0.0,0.0
C025-W-HO82-P-_U-001-01,S3BC4E9C006C418DB570A59E2063FCE,actuator,ControlledActuator,,0.0,0.0
C025-W-HO82-P-_U-001-01,S9602A6FFA2B401B63A64778B9E9CAB,piping_component,RuptureDisc,,0.0,0.0
C025-W-HO82-P-_U-001-01,SEBA07F3F86F0517881A97477358A2B,pipe_off_page,FlowInPipeOffPageConnector,,0.0,0.0
C025-W-HO82-P-_U-001-01,S585BDA5B3B003CB958303C70994DF3,pipe_off_page,FlowOutPipeOffPageConnector,,0.0,0.0
C025-W-HO82-P-_U-001-01,SDD7B84D556CFB6690A7DB8881AF8C8,piping_component,GateValve,,0.0,0.0
C025-W-HO82-P-_U-001-01,SFC6355FE6470F36919CB35BD2FDDFA,nozzle,Nozzle,,0.0,0.0
C025-W-HO82-P-_U-001-01,S4DF4AAD224E130256C432D29ABA059,instrument,ProcessInstrumentationFunction,,0.0,0.0
C025-W-HO82-P-_U-001-01,SBCCBDCF0A45FD89949C19AD50F86EA,nozzle,Nozzle,,0.0,0.0
C025-W-HO82-P-_U-001-01,S753963A4A04DC9A6D9FC936DDDF0FB,nozzle,Nozzle,,0.0,0.0
C025-W-HO82-P-_U-001-01,SF1DB60E909081399F8C5C0713514ED,nozzle,Nozzle,,0.0,0.0
C025-W-HO82-P-_U-001-01,SE5D7A3A3B020573864491D025BC173,nozzle,Nozzle,,0.0,0.0
C025-W-HO82-P-_U-001-01,S486EBFDBD8489802DEC11E5F772F5D,nozzle,Nozzle,,0.0,0.0
C025-W-HO82-P-_U-001-01,S5BD7E36E9FC7A752B11F99AAE57036,nozzle,Nozzle,,0.0,0.0
C025-W-HO82-P-_U-001-01,SE74937B3268B154A8C6B38B1B2DC09,nozzle,Nozzle,,0.0,0.0
C025-W-HO82-P-_U-001-01,SF25DF6482E553137016D26E79E1B1E,nozzle,Nozzle,,0.0,0.0
C025-W-HO82-P-_U-001-01,SD97608ACC7A27AFFBE9C4F39AB6814,nozzle,Nozzle,,0.0,0.0
C025-W-HO82-P-_U-001-01,SCFA2918448B1B0552C06FF30EEB523,piping_component,PipeReducer,,0.0,0.0
C025-W-HO82-P-_U-001-01,S4ADE023CCFB274C6F3A57110B0F47E,piping_component,PipeReducer,,0.0,0.0
C025-W-HO82-P-_U-001-01,S868828FC8D465FED1A7BA206A7EF84,nozzle,Nozzle,,0.0,0.0
C025-W-HO82-P-_U-001-01,SCC9773C690983FBB006CB33C7B2C2D,piping_component,PipeFitting,,0.0,0.0
C025-W-HO82-P-_U-001-01,S2A2EB300ADA90A053B9694B03BB0C3,nozzle,Nozzle,,0.0,0.0
C025-W-HO82-P-_U-001-01,S31195C10954AD6A2852D588E43ADEC,piping_component,BallValve,,0.0,0.0
C025-W-HO82-P-_U-001-01,S89923854B7DECBAF427CAAD38F9432,instrument,ProcessInstrumentationFunction,,0.0,0.0
C025-W-HO82-P-_U-001-01,S888E8F9907752CD89FFB662EEDBBCB,instrument,ProcessInstrumentationFunction,,0.0,0.0
C025-W-HO82-P-_U-001-01,S193BF196D88C55128E7EA5D51C0032,equipment,CustomEquipment,,0.0,0.0
C025-W-HO82-P-_U-001-01,S1F6DABCA688073BD789AA7D593D4B1,piping_component,FlangedConnection,,0.0,0.0
C025-W-HO82-P-_U-001-01,S7DC9D1F2F27DDF7A32B797D934CD0B,piping_component,FlangedConnection,,0.0,0.0
C025-W-HO82-P-_U-001-01,S2EC65EAD0911930034A6F43ABD79BF,piping_component,Flange,,0.0,0.0
C025-W-HO82-P-_U-001-01,S796976DEB19A3B1C92D1D28ED45B1A,piping_component,CustomPipingComponent,,0.0,0.0
C025-W-HO82-P-_U-001-01,SA60933FF23C955A0F4A0DF7598C65A,piping_component,Flange,,0.0,0.0
C025-W-HO82-P-_U-001-01,SB761B60ECE1948766FFDC1F0D1016F,piping_component,PipeTee,,0.0,0.0
C025-W-HO82-P-_U-001-01,SD5B1F6CF6ED4F1E86CB5D1FDF1E76A1,instrument,ProcessInstrumentationFunction,,0.0,0.0
C025-W-HO82-P-_U-001-01,S58AE7C49F10E54617B041F090AD2A7,instrument_loop,InstrumentationLoopFunction,,456.566,469.0
C025-W-HO82-P-_U-001-01,S4FECDBCE5F9C16E94BE08A673663F1,instrument_loop,InstrumentationLoopFunction,,413.566,483.0
C025-W-HO82-P-_U-001-01,SD5DA17AAA1039DD73D6204100E8A11,instrument_loop,InstrumentationLoopFunction,,406.566,384.0
C025-W-HO82-P-_U-001-01,SD3F76510342C0E7CCEF2ABC50B4092,instrument_loop,InstrumentationLoopFunction,,658.566,384.0
C025-W-HO82-P-_U-001-01,SFD5E55E040F2C06FCBC9A4D0DA9C4A,instrument_loop,InstrumentationLoopFunction,,199.566,467.0
C025-W-HO82-P-_U-001-01,SF95289247346BFC040AE1DFB8008D3,instrument_loop,InstrumentationLoopFunction,,154.566,483.0
C025-W-HO82-P-_U-001-01,S1E304F3800E41EC754D423FF564267,instrument_loop,InstrumentationLoopFunction,,430.566,159.0
C025-W-HO82-P-_U-001-01,SC0F2EAB7D7CB37BF0CA3A8C6540038,instrument_loop,InstrumentationLoopFunction,,183.566,177.0
C025-W-HO82-P-_U-001-01,S447A3430AC0FDABA6DC8D13379DC23,instrument_loop,InstrumentationLoopFunction,,433.0,130.0
C025-W-HO82-P-_U-001-01,S9AD60106B4FC5B4AF2E7EA9E161337,instrument_loop,InstrumentationLoopFunction,,186.0,150.0
C025-W-HO82-P-_U-001-01,S77F60F79FB32A6CC247238D5125559,instrument_loop,InstrumentationLoopFunction,,202.0,446.0
C025-W-HO82-P-_U-001-01,SB6F104DC2ABDB000C7FC89025748F6,instrument_loop,InstrumentationLoopFunction,,459.0,446.0
C025-W-HO82-P-_U-001-01,S56B3C5D9BE0D48372FEEC295AE91EF,instrument_loop,InstrumentationLoopFunction,,367.0,384.0
C025-W-HO82-P-_U-001-01,S108BDF8EE807817492A32EF11253D2,instrument_loop,InstrumentationLoopFunction,,625.0,384.0
C025-W-HO82-P-_U-001-01,SD5737096E6DAD9B9EFF4B640EA490E,instrument_loop,InstrumentationLoopFunction,,357.0,412.0
C025-W-HO82-P-_U-001-01,SED95C8FEFCF1BA3ABFA21B44BFDB1E,instrument_loop,InstrumentationLoopFunction,,616.0,405.0
C025-W-HO82-P-_U-001-01,S1E5B2A81CF8E7DCBCD1A8321CD8AF4,instrument_loop,InstrumentationLoopFunction,,371.0,147.0
C025-W-HO82-P-_U-001-01,SB35BCA1E6E445004D5CD0F3A466D36,instrument_loop,InstrumentationLoopFunction,,130.0,168.0
C025-W-HO82-P-_U-001-01,SDEEBC1E302D427D61097E63D044536,instrument_loop,InstrumentationLoopFunction,,401.0,464.0
C025-W-HO82-P-_U-001-01,SC432BA1A0C3C27F904D377EF718DF6,instrument_loop,InstrumentationLoopFunction,,357.0,423.0
C025-W-HO82-P-_U-001-01,S3DF5AA60763BF6EFACEEC098B1BED4,instrument_loop,InstrumentationLoopFunction,,143.0,464.0
C025-W-HO82-P-_U-001-01,SA8B6827AF04F819DA9C3DFEA0032E2,instrument_loop,InstrumentationLoopFunction,,616.0,420.0
C025-W-HO82-P-_U-001-01,S2C759CADED40B620EC35DB3C07A584,instrument_loop,InstrumentationLoopFunction,,157.0,464.0
C025-W-HO82-P-_U-001-01,S9AC4405554C3D13043C1F2B8B3919B,instrument_loop,InstrumentationLoopFunction,,416.0,464.0
C025-W-HO82-P-_U-001-01,SB8CF52D2127719CFB65A603743AB32,actuating_system,ActuatingSystem,,181.0,424.0
C025-W-HO82-P-_U-001-01,S5BAADE179F1311F78BB2EC06FE4793,actuator,ControlledActuator,,181.0,424.0
C025-W-HO82-P-_U-001-01,SE76A112FC4127F7D04E171CFDD78C2,actuator,OperatedValveReference,,181.0,424.0
C025-W-HO82-P-_U-001-01,SA4CF5181247342E3F77B25C4B1DAC2,actuating_system,ActuatingSystem,,166.0,168.0
C025-W-HO82-P-_U-001-01,SEF83907F1293E69D95A5385243B69C,actuator,ControlledActuator,,166.0,168.0
C025-W-HO82-P-_U-001-01,SD5FD74CB76E5D3532A973DA19BFD8B,actuator,OperatedValveReference,,166.0,168.0
C025-W-HO82-P-_U-001-01,SA49252D97A679A8FA4B4C7D757B57A,actuating_system,ActuatingSystem,,438.0,464.0
C025-W-HO82-P-_U-001-01,S5AA2E3C7D3F52D3BBD14281A27847F,actuator,ControlledActuator,,438.0,464.0
C025-W-HO82-P-_U-001-01,SC0A0A0B52F80F268CA3218C5B58901,actuator,OperatedValveReference,,438.0,464.0
C025-W-HO82-P-_U-001-01,S474AB594348247652329D1500D9FE1,actuating_system,ActuatingSystem,,406.0,110.0
C025-W-HO82-P-_U-001-01,S1BAE03265CE5533D82C137AC52718F,actuator,ControlledActuator,,406.0,110.0
C025-W-HO82-P-_U-001-01,SBF575089682EA7251E2F3F4F6DDFD6,actuator,OperatedValveReference,,406.0,110.0
C025-W-HO82-P-_U-001-01,SE48A69750780E2ACC716ABA6F7C661,actuating_system,ActuatingSystem,,166.0,130.0
C025-W-HO82-P-_U-001-01,SB506FDAA2022850EA21CC746EC432F,actuator,ControlledActuator,,166.0,130.0
C025-W-HO82-P-_U-001-01,S8A9504F32A01487178F22D8478564F,actuator,OperatedValveReference,,166.0,130.0
C025-W-HO82-P-_U-001-01,S771E554CC3E0A9838D4DB1135A8FD7,actuating_system,ActuatingSystem,,406.0,147.0
C025-W-HO82-P-_U-001-01,SE13BCD528BB9094C7EA0848A37B34C,actuator,ControlledActuator,,406.0,147.0
C025-W-HO82-P-_U-001-01,S7D7074D9996CBDAF8D8C0E9838B652,actuator,OperatedValveReference,,406.0,147.0
C025-W-HO82-P-_U-001-01,S8002D5C7928518B266B5B389FEA83F,actuating_system,ActuatingSystem,,181.0,464.0
C025-W-HO82-P-_U-001-01,S7E1F33C7A4E550CD64166EF0097169,actuator,ControlledActuator,,181.0,464.0
C025-W-HO82-P-_U-001-01,S65FA5FDAF2A16BE9F4A5DE9A097ADF,actuator,OperatedValveReference,,181.0,464.0
C025-W-HO82-P-_U-001-01,S55B234D8813122D9296571B301A1B4,actuating_system,ActuatingSystem,,438.0,424.0
C025-W-HO82-P-_U-001-01,SC3B03CF66DAEC90E25EDFABF88EF2F,actuator,ControlledActuator,,438.0,424.0
C025-W-HO82-P-_U-001-01,SE5D8EA83E132334068699CC70CCB15,actuator,OperatedValveReference,,438.0,424.0
C025-W-HO82-P-_U-001-01,SEE95C6F5B6B2FE7EEF605B0949466B,piping_system,PipingNetworkSystem,,393.0,302.0
C025-W-HO82-P-_U-001-01,SBD821CA234B6F1E01A20392C6E8D96,piping_segment,PipingNetworkSegment,"3""-WS-502115-AS200-0",393.0,302.0
C025-W-HO82-P-_U-001-01,S8660940B6F49730FFBCB1F11D9B782,piping_component,RuptureDisc,,367.0,364.0
C025-W-HO82-P-_U-001-01,S1A6F18D616726C9B2B92D1B42885AD,piping_component,FlangedConnection,,419.0,322.5
C025-W-HO82-P-_U-001-01,S6EE6AC3FF57F984F5A8CC1DA0B2A6F,piping_system,PipingNetworkSystem,,344.25,275.25
C025-W-HO82-P-_U-001-01,SBA74DE19A4EFF7591EB7325B140799,piping_segment,PipingNetworkSegment,"3""-WS-502025-AT750-0",342.0,173.25
C025-W-HO82-P-_U-001-01,SCE975B20303257811912A6BD779903,piping_component,CheckValve,50-2086WS,342.0,147.0
C025-W-HO82-P-_U-001-01,S3CE5DFD36EDD60C0BA39A8E79DBB73,piping_component,GateValve,50-2034WS,342.0,129.0
C025-W-HO82-P-_U-001-01,S4D60276095EFAB7B145B9758BF7B14,piping_segment,PipingNetworkSegment,"3""-WS-502025-AT750-0",335.0,377.25
C025-W-HO82-P-_U-001-01,SEE777BA7BF30D34EC4780574374DC3,piping_component,PipeTee,,342.0,364.0
C025-W-HO82-P-_U-001-01,S47553DD59924EF74C15D992E7F78C4,piping_segment,PipingNetworkSegment,"3""-WS-502025-AT750-0",353.5,358.0
C025-W-HO82-P-_U-001-01,S39CC3C5249C714B21EE3AB960A613E,piping_component,Flange,,346.0,363.929
C025-W-HO82-P-_U-001-01,SA1B47A55DEDC02F4D0D417E40BD6A3,piping_component,Flange,,347.0,364.0
C025-W-HO82-P-_U-001-01,SF7AF3D65DF027DB0D9782BDB0DB254,piping_system,PipingNetworkSystem,,372.75,232.25
C025-W-HO82-P-_U-001-01,S1A72C337BE113E3BCD317B5CD5B3BE,piping_segment,PipingNetworkSegment,"4""-WS-502022-AT750-0",343.25,87.25
C025-W-HO82-P-_U-001-01,SB53B064BB7EA0CA275F55C979BB22D,piping_component,PipeTee,,341.5,87.5
C025-W-HO82-P-_U-001-01,SC70F07C2F439D9752F7069E8316F87,piping_segment,PipingNetworkSegment,"4""-WS-502022-AT750-0",134.0,87.5
C025-W-HO82-P-_U-001-01,S3E079F39B133FF22DC0FF81B368486,pipe_off_page,FlowOutPipeOffPageConnector,,57.0,87.0
C025-W-HO82-P-_U-001-01,S10FABF332AA1B93945F1F0EDC38D74,piping_segment,PipingNetworkSegment,"4""-WS-502022-AT750-0",592.75,377.25
C025-W-HO82-P-_U-001-01,SA7620A683BDC27C10AB46E6B78C4C5,piping_component,PipeTee,,600.0,364.0
C025-W-HO82-P-_U-001-01,S9835348CA15619BDF4B6034DD08064,piping_segment,PipingNetworkSegment,"4""-WS-502022-AT750-0",611.5,358.0
C025-W-HO82-P-_U-001-01,S8CA3AFFA4A9BDA94B972B70215953F,piping_component,FlangedConnection,,604.5,364.0
C025-W-HO82-P-_U-001-01,S8FF2819D26A822B503E5E7338941E7,piping_segment,PipingNetworkSegment,"4""-WS-502022-AT750-0",475.0,156.25
C025-W-HO82-P-_U-001-01,SFD18B73F235DE7BC7079A5B48F8815,piping_component,CheckValve,50-2087WS,381.5,87.0
C025-W-HO82-P-_U-001-01,SC65049F63CBB3CF85025D4FB2BAFA5,piping_component,GateValve,50-2035WS,363.0,87.0
C025-W-HO82-P-_U-001-01,SC71D5D3FFBF6A787C8027C836AA5CD,piping_component,PipeReducer,,350.0,87.006
C025-W-HO82-P-_U-001-01,SCD6E3A414F991F98D0D7BD02EFCB25,piping_system,PipingNetworkSystem,,632.5,302.0
C025-W-HO82-P-_U-001-01,S987B99277D4C2900E7F2D17197FE85,piping_segment,PipingNetworkSegment,"3""-WS-502116-AS200-0",632.5,302.0
C025-W-HO82-P-_U-001-01,S977146F131D5F99E506AA78D3C3CC9,piping_component,RuptureDisc,,625.0,364.0
C025-W-HO82-P-_U-001-01,SD7E92CE469E55A817881F3DBC75125,piping_component,FlangedConnection,,640.0,322.5
C025-W-HO82-P-_U-001-01,S5073BD85565C07F865EFC6F33253E8,piping_system,PipingNetworkSystem,,413.749,252.375
C025-W-HO82-P-_U-001-01,S80D5AEB256B86EC67DD0217C202D1D,piping_segment,PipingNetworkSegment,"1.5""-OL-692000-AS200-0",546.5,365.0
C025-W-HO82-P-_U-001-01,SEEFC5B5348BD6EA31C6B8234932C26,piping_component,Flange,,555.0,365.0
C025-W-HO82-P-_U-001-01,S6018BAB813E8D699A4C52ED2B52558,piping_component,BallValve,69-2005OL,550.0,365.0
C025-W-HO82-P-_U-001-01,S3F7F69598897B3A908ECEC9D229F07,piping_component,PipeTee,,538.0,365.0
C025-W-HO82-P-_U-001-01,SF3F1AB3BFAE86630C0FDF282E40460,piping_segment,PipingNetworkSegment,"1.5""-OL-692000-AS200-0",538.0,374.0
C025-W-HO82-P-_U-001-01,S8EB67F7E7F0D26DD7069A432EAEEF0,piping_segment,PipingNetworkSegment,"1.5""-OL-692000-AS200-0",537.997,326.0
C025-W-HO82-P-_U-001-01,S7B1D697B74D1C9F6270F39037E89F7,piping_component,BallValve,69-2004OL,538.0,322.0
C025-W-HO82-P-_U-001-01,SDFB80F262999AEE1AE02ECED63FB2B,piping_component,PipeReducer,,537.994,345.0
C025-W-HO82-P-_U-001-01,S144B13C9C2D6B1CA799D54BE7060BD,piping_segment,PipingNetworkSegment,"1.5""-OL-692000-AS200-0",537.997,130.75
C025-W-HO82-P-_U-001-01,SEA54B4E57D74F9FEC07DCA394EE0F6,piping_component,PipeFitting,,538.0,113.5
C025-W-HO82-P-_U-001-01,S98DAD1FE9AF3D30BE8404099146BE0,piping_component,Hose,,538.0,127.0
C025-W-HO82-P-_U-001-01,S59FE63A04D53B1FAF17027F821E30D,piping_component,PipeReducer,,537.994,148.0
C025-W-HO82-P-_U-001-01,S8D37568AF013FFC20F903CE59CFCAF,piping_segment,PipingNetworkSegment,"1.5""-OL-692000-AS200-0",538.0,356.0
C025-W-HO82-P-_U-001-01,S3C2FC231E9D990A33A6C51D2C7F4ED,piping_segment,PipingNetworkSegment,"1.5""-OL-692000-AS200-0",281.0,369.0
C025-W-HO82-P-_U-001-01,SA4F9545075A6CA875A4EE66CB877A7,piping_component,PipeTee,,281.0,365.0
C025-W-HO82-P-_U-001-01,SB8D67001903B7348DB529B1532C768,piping_segment,PipingNetworkSegment,"1.5""-OL-692000-AS200-0",291.5,365.0
C025-W-HO82-P-_U-001-01,S726EF81E9A5D51E6A34AF51FFAF7E0,piping_component,BallValve,69-2001OL,293.0,365.0
C025-W-HO82-P-_U-001-01,S2959715391D1A4B2D5CCC3C66F5994,piping_component,Flange,,298.0,365.0
C025-W-HO82-P-_U-001-01,S3B69C0C548A945985EAEA922BF30F7,piping_segment,PipingNetworkSegment,"1.5""-OL-692000-AS200-0",409.5,315.25
C025-W-HO82-P-_U-001-01,S518F66462679FC53FD6D8212DE1162,piping_component,BallValve,69-2000OL,281.0,322.0
C025-W-HO82-P-_U-001-01,S5975375CA7407D39256C54E76B5CB9,piping_component,PipeTee,,538.0,296.0
C025-W-HO82-P-_U-001-01,S13C6CED11DB80D33C6AC3243C24378,piping_segment,PipingNetworkSegment,"1.5""-OL-692000-AS200-0",280.997,350.5
C025-W-HO82-P-_U-001-01,SBCAFBFB07D7AEAB9BD340697A1A5A3,piping_component,PipeReducer,,280.994,345.0
C025-W-HO82-P-_U-001-01,SA24410C58051F190C39CE0FF8C9D49,piping_segment,PipingNetworkSegment,"1.5""-OL-692000-AS200-0",538.0,223.0
C025-W-HO82-P-_U-001-01,SFCD4413B57363023CF7022EDCAF31E,piping_system,PipingNetworkSystem,,211.5,488.0
C025-W-HO82-P-_U-001-01,S73756908ABF30A7DBEFE248C0B7AD3,piping_segment,PipingNetworkSegment,"2""-OF-622025-AS200-0",211.5,488.0
C025-W-HO82-P-_U-001-01,S82A4AF35B987B20AE67125124D95AE,piping_system,PipingNetworkSystem,,535.5,494.5
C025-W-HO82-P-_U-001-01,SCCC8DD8FAC5CEE435868D1D2B35FC4,piping_segment,PipingNetworkSegment,"2""-OF-622026-AS200-0",535.5,494.5
C025-W-HO82-P-_U-001-01,S12B661F84396D9BCB24DBA8401DD15,piping_system,PipingNetworkSystem,,244.938,287.0
C025-W-HO82-P-_U-001-01,S711BB8FC4048F482CC1B48BE09D26F,piping_segment,PipingNetworkSegment,"4""-DO-562016-AS200-0",227.375,236.25
C025-W-HO82-P-_U-001-01,S159836D9E120783EE23F35182E3EDF,piping_component,PipeTee,,223.0,206.0
C025-W-HO82-P-_U-001-01,S3C6B30C0ED0F7E3DE9AE763063BCE0,piping_segment,PipingNetworkSegment,"4""-DO-562016-AS200-0",230.0,206.0
C025-W-HO82-P-_U-001-01,S1ABAD3802E4896A4E8C48F6D9F8107,piping_component,FlangedConnection,,232.5,206.0
C025-W-HO82-P-_U-001-01,S8AF87CDBB7D9604912236A54E3C3CB,piping_segment,PipingNetworkSegment,"4""-DO-562016-AS200-0",240.5,334.045
C025-W-HO82-P-_U-001-01,SBB3590F5CA87A228A9BC64A49BBBA3,piping_component,PipeTee,,240.5,327.045
C025-W-HO82-P-_U-001-01,S2A99B6F41C012180FEE67C92220B57,piping_segment,PipingNetworkSegment,"4""-DO-562016-AS200-0",258.5,368.0
C025-W-HO82-P-_U-001-01,S928C1A165772259D05B9F93FD3BC61,piping_segment,PipingNetworkSegment,"4""-DO-562016-AS200-0",234.625,355.0
C025-W-HO82-P-_U-001-01,SB5B1CF0D1DF8FAE15EF50B37048772,piping_component,FlangedConnection,,232.5,355.0
C025-W-HO82-P-_U-001-01,S7BC976BE226FE662783614C2A1C684,piping_segment,PipingNetworkSegment,"4""-DO-562016-AS200-0",262.5,355.0
C025-W-HO82-P-_U-001-01,SD0E46A5B551E45908DB8F8824C6880,piping_component,FlangedConnection,,266.5,355.0
C025-W-HO82-P-_U-001-01,S8E3AF3CDE1431B21B382D7FF8C9B22,piping_component,PipeTee,,258.5,355.0
C025-W-HO82-P-_U-001-01,S411A3912FBC5EDD5FBEB6EB349EB00,piping_segment,PipingNetworkSegment,"4""-DO-562016-AS200-0",240.5,361.5
C025-W-HO82-P-_U-001-01,SD57D421DB44A3A600C002766CC2FCB,piping_component,PipeTee,,240.5,355.0
C025-W-HO82-P-_U-001-01,S30574A04C0722E03BFECF73BCD8006,piping_segment,PipingNetworkSegment,"4""-DO-562016-AS200-0",254.0,335.0
C025-W-HO82-P-_U-001-01,S4A86709A365259644D90A54FF3FE08,piping_system,PipingNetworkSystem,,172.625,174.5
C025-W-HO82-P-_U-001-01,S699645EE7B929183F03596CA00F555,piping_segment,PipingNetworkSegment,"2""-DO-562071-AS200-0",220.0,202.0
C025-W-HO82-P-_U-001-01,S39F20A488A710C772FD46B97B47DB7,piping_segment,PipingNetworkSegment,"2""-DO-562071-AS200-0",217.0,197.0
C025-W-HO82-P-_U-001-01,SE405CD7CE5C2AD5EA2EBBDF82495E3,piping_component,PipeTee,,217.0,198.0
C025-W-HO82-P-_U-001-01,SC14FB0574E79495A1E5B9AAF1D2201,piping_segment,PipingNetworkSegment,"2""-DO-562071-AS200-0",125.25,147.0
C025-W-HO82-P-_U-001-01,S3E5055DEBD445EEA9A3B38BE9F35A5,piping_component,BallValve,56-XV2012,166.0,130.0
C025-W-HO82-P-_U-001-01,S5C88F9EF2998034AEB9F70B325C595,pipe_off_page,FlowOutPipeOffPageConnector,,57.0,130.0
C025-W-HO82-P-_U-001-01,S7337F6583DEA97066EA0F2CCF31870,piping_segment,PipingNetworkSegment,"2""-DO-562071-AS200-0",217.003,161.25
C025-W-HO82-P-_U-001-01,SE991DF0817C9DA80F4D41837A11938,piping_component,PipeFitting,,217.0,130.5
C025-W-HO82-P-_U-001-01,S1D24B31ED397BC8B73ACC65EEB848F,piping_component,Hose,,217.0,144.0
C025-W-HO82-P-_U-001-01,SB4BEA46CEEF47CB924DE7291CD3C8A,piping_component,BallValve,56-2005DO,217.0,178.0
C025-W-HO82-P-_U-001-01,SE48A514BB4E131874D18F8DF33C297,piping_component,PipeReducer,,217.006,192.0
C025-W-HO82-P-_U-001-01,SC2E01F3DF91FA42DAD2385D4ABFF46,piping_system,PipingNetworkSystem,,281.0,474.0
C025-W-HO82-P-_U-001-01,SCD98DC5BEA95ED05425C469DBB68B3,piping_segment,PipingNetworkSegment,,281.0,474.0
C025-W-HO82-P-_U-001-01,S47A235E3C42A058B53163F76409057,piping_component,Silencer,82-GG51A,281.0,473.0
C025-W-HO82-P-_U-001-01,S5E2F454B122500095F03E7144BC555,piping_component,CustomPipingComponent,,281.0,487.0
C025-W-HO82-P-_U-001-01,S216FD39B3A9189276807376FE7F360,piping_system,PipingNetworkSystem,,538.0,474.25
C025-W-HO82-P-_U-001-01,S91EFDC2F0B14B20BF353FC36724931,piping_segment,PipingNetworkSegment,,538.0,474.25
C025-W-HO82-P-_U-001-01,S5603461FF209AA7AFDA0C897F4323A,piping_component,Silencer,82-GG51B,538.0,473.0
C025-W-HO82-P-_U-001-01,S5C621248392D0E285E09E30DECB808,piping_component,CustomPipingComponent,,538.0,487.5
C025-W-HO82-P-_U-001-01,SDE9D35580E58D957924602E398826D,piping_system,PipingNetworkSystem,,265.226,304.693
C025-W-HO82-P-_U-001-01,S59EE1F07546E61B58E2DB8786719F5,piping_segment,PipingNetworkSegment,"3""-WS-502013-AD750-4",265.226,304.693
C025-W-HO82-P-_U-001-01,S6E38A931572FA8BFFF0152CB6FA8EC,pipe_off_page,FlowInPipeOffPageConnector,,59.0,219.0
C025-W-HO82-P-_U-001-01,S8CC00AB1C700510399C57286550A84,piping_component,GateValve,50-2033WS,184.0,219.0
C025-W-HO82-P-_U-001-01,S39F8DC9F8EDD80A441ED321C087F4D,piping_system,PipingNetworkSystem,,284.75,353.5
C025-W-HO82-P-_U-001-01,S1CBCA7B41E57278C44443E66C56457,piping_segment,PipingNetworkSegment,"1""-OF-622006-AS200-0",366.75,353.5
C025-W-HO82-P-_U-001-01,SB1324025E93CA1C5B6FA2A4EADCA88,piping_component,BallValve,62-2028OF,422.0,424.0
C025-W-HO82-P-_U-001-01,S5B3C2948540870328815C3072C0F62,piping_component,BallValve,82-XV2812,438.0,424.0
C025-W-HO82-P-_U-001-01,S34BC9987F3223AAE813F232A628E5C,piping_segment,PipingNetworkSegment,"1""-OF-622006-AS200-0",454.0,415.75
C025-W-HO82-P-_U-001-01,SBFC654918B582917F44B111B4BE547,piping_component,FlangedConnection,,454.0,407.5
C025-W-HO82-P-_U-001-01,S5EA339DC3C13E7724C054F2C7D442B,piping_component,BallValve,62-2029OF,454.0,412.0
C025-W-HO82-P-_U-001-01,S6D46AE326D04C00DAA5FBBCF4872F1,piping_component,PipeTee,,454.0,424.0
C025-W-HO82-P-_U-001-01,SAFA5745EDBF7B999419FDB824BB64C,piping_segment,PipingNetworkSegment,"1""-OF-622006-AS200-0",463.5,424.0
C025-W-HO82-P-_U-001-01,S25302EAE93EBEACD768B40C3419015,piping_segment,PipingNetworkSegment,"1""-OF-622006-AS200-0",106.0,283.0
C025-W-HO82-P-_U-001-01,SDDB2D24EFC1AEBAEECA5F7D6C27BA9,pipe_off_page,FlowInPipeOffPageConnector,,59.0,283.0
C025-W-HO82-P-_U-001-01,S68BBABE509E8A5AE2DB84491F26E1C,piping_component,PipeTee,,153.0,283.0
C025-W-HO82-P-_U-001-01,SDBE82BC7332A5CAAF5B3A465728518,piping_system,PipingNetworkSystem,,190.75,406.375
C025-W-HO82-P-_U-001-01,SF965BCA84B7F30AE81BA1B9EFDE833,piping_segment,PipingNetworkSegment,"1""-OF-622015-AS200-0",175.0,388.75
C025-W-HO82-P-_U-001-01,S43962E61DB424696D0A77F3C63F97C,piping_component,BallValve,62-2026OF,165.0,424.0
C025-W-HO82-P-_U-001-01,S2DFFB0D3E5E880B8CE1EC9DD804D1D,piping_component,BallValve,82-XV2612,181.0,424.0
C025-W-HO82-P-_U-001-01,SFBB65201C147C4B877C40A0A51A47E,piping_component,PipeTee,,197.0,424.0
C025-W-HO82-P-_U-001-01,SDA0AD164C8151E0173764B976C7FE8,piping_segment,PipingNetworkSegment,"1""-OF-622015-AS200-0",206.5,424.0
C025-W-HO82-P-_U-001-01,SAFAD9FCA651EB6C3428D25B9F1E11A,piping_segment,PipingNetworkSegment,"1""-OF-622015-AS200-0",197.0,413.75
C025-W-HO82-P-_U-001-01,S82C9E2FEDEEE9178B97647E93643F3,piping_component,BallValve,62-2027OF,197.0,412.0
C025-W-HO82-P-_U-001-01,S5C1D8B62CEBE6B019F35BDCA728BAC,piping_component,FlangedConnection,,197.0,407.5
C025-W-HO82-P-_U-001-01,S3E97A2E06175DF065702200FEFE496,piping_system,PipingNetworkSystem,,301.0,465.25
C025-W-HO82-P-_U-001-01,SA5516294B9E1E41B3934421D1C3C67,piping_segment,PipingNetworkSegment,,301.0,465.25
C025-W-HO82-P-_U-001-01,S23187F7A4E7C4A9E7DBAEE9B5ABDBF,piping_system,PipingNetworkSystem,,497.688,259.875
C025-W-HO82-P-_U-001-01,S1E9A31069D2F551CCD5A8695459757,piping_segment,PipingNetworkSegment,"4""-DO-562029-AS200-0",506.5,327.0
C025-W-HO82-P-_U-001-01,SBC9AADDC5372C4EE469EB9215CE780,piping_segment,PipingNetworkSegment,"4""-DO-562029-AS200-0",474.0,158.25
C025-W-HO82-P-_U-001-01,SC9CDFE1DB61ACB0DB59E304A33C36F,piping_component,BallValve,56-2006DO,474.0,178.0
C025-W-HO82-P-_U-001-01,S1DEAE33B14E86930D76E14CC746583,piping_component,Hose,,474.0,144.0
C025-W-HO82-P-_U-001-01,SF77243147A6881B65115CE157343E1,piping_component,PipeFitting,,474.0,130.5
C025-W-HO82-P-_U-001-01,S412C5EC903C1CAA64B27D8F2C9B89F,piping_segment,PipingNetworkSegment,"4""-DO-562029-AS200-0",521.375,327.0
C025-W-HO82-P-_U-001-01,S1C4E6FDA2648076C6ACA1B5EC659C7,piping_component,FlangedConnection,,523.5,327.0
C025-W-HO82-P-_U-001-01,S32A3451E9597CB1D271FD2F22A0452,piping_segment,PipingNetworkSegment,"4""-DO-562029-AS200-0",490.875,355.0
C025-W-HO82-P-_U-001-01,S3E95001054940CAC738D1914834A6F,piping_component,FlangedConnection,,488.5,355.0
C025-W-HO82-P-_U-001-01,SA925F020E638A42BD502F535716F12,piping_segment,PipingNetworkSegment,"4""-DO-562029-AS200-0",479.875,230.25
C025-W-HO82-P-_U-001-01,SA143253C1688ABF177B755723BBC52,piping_component,PipeTee,,474.0,198.0
C025-W-HO82-P-_U-001-01,S2F9795EA6C87B9CB2177F05EF6E57B,piping_segment,PipingNetworkSegment,"4""-DO-562029-AS200-0",497.5,334.045
C025-W-HO82-P-_U-001-01,SB0AD376D68748C6C5948A1524230B8,piping_component,PipeTee,,497.5,327.045
C025-W-HO82-P-_U-001-01,SC3B71D5ADED7625402D2077E36E7FE,piping_segment,PipingNetworkSegment,"4""-DO-562029-AS200-0",474.003,194.0
C025-W-HO82-P-_U-001-01,SBAD73D75B5ACADCEF4472FECD97F5D,piping_component,PipeReducer,,474.006,192.0
C025-W-HO82-P-_U-001-01,SD802BCF9613B953B21D9DCCB9ED1DC,piping_segment,PipingNetworkSegment,"4""-DO-562029-AS200-0",515.5,340.545
C025-W-HO82-P-_U-001-01,SBB4B207FC5B438DA0558BCE0ECCB61,piping_component,PipeTee,,515.5,327.045
C025-W-HO82-P-_U-001-01,S175252832B7EE97416A419353B39C6,piping_segment,PipingNetworkSegment,"4""-DO-562029-AS200-0",497.5,361.5
C025-W-HO82-P-_U-001-01,S209C1BC35E0B9D360A2221F6A5D97E,piping_component,PipeTee,,497.5,355.0
C025-W-HO82-P-_U-001-01,S9994509EFD75F1421862101881C860,piping_system,PipingNetworkSystem,,249.5,132.0
C025-W-HO82-P-_U-001-01,S6DA04B793996D5C203A3B7BE37FFFB,piping_segment,PipingNetworkSegment,"2""-DO-562074-AS200-0",249.5,132.0
C025-W-HO82-P-_U-001-01,SB332EC6B083DB4D3F88E95AEAFE6B2,piping_component,BallValve,56-XV2013,406.0,110.0
C025-W-HO82-P-_U-001-01,S60E5FB913F870D714801AECD7E66B6,pipe_off_page,FlowOutPipeOffPageConnector,,57.0,110.0
C025-W-HO82-P-_U-001-01,SC8B814C182DBDD327FD4B4DB70B6C3,piping_system,PipingNetworkSystem,,128.5,305.0
C025-W-HO82-P-_U-001-01,SC2A1F6E765B54000907BC36AA96D6A,piping_segment,PipingNetworkSegment,"3""-WS-502024-AD750-4",128.5,305.0
C025-W-HO82-P-_U-001-01,S4D5EAE4D44C93E6E8F80BDDDA5284D,pipe_off_page,FlowInPipeOffPageConnector,,59.0,263.0
C025-W-HO82-P-_U-001-01,SE85DD76695A3B390C528D13741612C,piping_component,GateValve,50-2032WS,179.0,300.0
C025-W-HO82-P-_U-001-01,SDF00C25A48EEE947B2B958EE47F8DE,piping_system,PipingNetworkSystem,,439.75,250.5
C025-W-HO82-P-_U-001-01,SE42EFA03D85C7D311B59E4228DD17D,piping_segment,PipingNetworkSegment,"1.5""-OL-692001-AS200-0",563.0,369.0
C025-W-HO82-P-_U-001-01,SC01A307AEDED3B7AF9FFD509D10723,piping_component,PipeTee,,563.0,365.0
C025-W-HO82-P-_U-001-01,SAF7FE348A1A84D7FE173D4F11D2765,piping_segment,PipingNetworkSegment,"1.5""-OL-692001-AS200-0",562.997,188.5
C025-W-HO82-P-_U-001-01,SD11094BA1B2E5BCC13DCB5363155F4,piping_component,PipeReducer,,562.994,148.0
C025-W-HO82-P-_U-001-01,S8E2498229D8E40B95AF16BEFD39AB4,piping_segment,PipingNetworkSegment,"1.5""-OL-692001-AS200-0",370.247,329.0
C025-W-HO82-P-_U-001-01,SCD5319FD4035B50A25ADB95F70DD37,piping_component,BallValve,69-2002OL,306.0,322.0
C025-W-HO82-P-_U-001-01,S23A499C3FD96D2DBB737015F61AD9F,piping_component,PipeReducer,,305.994,345.0
C025-W-HO82-P-_U-001-01,SA5BD7C966A4F2A36CFE81E7E6ED7B4,piping_segment,PipingNetworkSegment,"1.5""-OL-692001-AS200-0",306.0,360.5
C025-W-HO82-P-_U-001-01,SD065B566E24CD79172555C43D1D9F5,piping_component,PipeTee,,306.0,365.0
C025-W-HO82-P-_U-001-01,SB86201CE8FBE0AE2568ED9BF9915F3,piping_segment,PipingNetworkSegment,"1.5""-OL-692001-AS200-0",562.997,350.5
C025-W-HO82-P-_U-001-01,S5D8F407B57384190BA9E6527C08423,piping_component,PipeReducer,,562.994,345.0
C025-W-HO82-P-_U-001-01,SBF98B05AB1B60E5EC7897A02B870F0,piping_segment,PipingNetworkSegment,"1.5""-OL-692001-AS200-0",306.0,373.0
C025-W-HO82-P-_U-001-01,S6C2FA11B0179F26F910B13B3DAAF18,piping_segment,PipingNetworkSegment,"1.5""-OL-692001-AS200-0",563.0,321.25
C025-W-HO82-P-_U-001-01,SE14ED39748CAD63E968094384C4E2E,piping_component,BallValve,69-2006OL,563.0,322.0
C025-W-HO82-P-_U-001-01,S86095CDEA9C162DAE8D79C981D8273,piping_component,PipeTee,,563.0,308.0
C025-W-HO82-P-_U-001-01,SFBD69B8B1EBD3E60A1AD12AF54C65C,piping_segment,PipingNetworkSegment,"1.5""-OL-692001-AS200-0",573.5,365.0
C025-W-HO82-P-_U-001-01,S93D6AC475D881B10925EB229FEB41C,piping_component,Flange,,580.0,365.0
C025-W-HO82-P-_U-001-01,S8F5EB81D934D6E912CAFC87CFD2C1D,piping_component,BallValve,69-2007OL,575.0,365.0
C025-W-HO82-P-_U-001-01,S7232CAF986358029521D2226B3E06F,piping_segment,PipingNetworkSegment,"1.5""-OL-692001-AS200-0",563.0,128.0
C025-W-HO82-P-_U-001-01,SBC2A342DA7F39916B9E2129D9E68C6,piping_component,Hose,,563.0,127.0
C025-W-HO82-P-_U-001-01,S2317BB481805FA9C94A9DED7DBDD84,piping_component,PipeFitting,,563.0,113.5
C025-W-HO82-P-_U-001-01,SC84B4310E465ECE5A13E9DDDD9C26F,piping_segment,PipingNetworkSegment,"1.5""-OL-692001-AS200-0",316.5,365.0
C025-W-HO82-P-_U-001-01,S71B8BD886390DF156063AB5C646C90,piping_component,BallValve,69-2003OL,318.0,365.0
C025-W-HO82-P-_U-001-01,S6189DBAE1F83178526CDD74A455228,piping_component,Flange,,323.0,365.0
C025-W-HO82-P-_U-001-01,S50D819A5B5F34FBA43A00C0BE2ECD1,piping_system,PipingNetworkSystem,,617.375,440.876
C025-W-HO82-P-_U-001-01,S5B533A5B6C6906E47FBCFC3533B822,piping_segment,PipingNetworkSegment,"2""-WC-402000-AS200-0",633.25,446.003
C025-W-HO82-P-_U-001-01,SE1EF4F067B0834D8C07684DC823496,piping_component,PipeReducer,,638.0,446.006
C025-W-HO82-P-_U-001-01,S7DA4D8CE8649D2F5918C7F78411BAD,piping_segment,PipingNetworkSegment,"2""-WC-402000-AS200-0",585.5,446.003
C025-W-HO82-P-_U-001-01,SF1B4C362168CE11FE4085E9C9003A3,piping_component,PipeReducer,,588.0,446.006
C025-W-HO82-P-_U-001-01,S48E2CDBA0171046A2A3CEC2E27144D,piping_segment,PipingNetworkSegment,"2""-WC-402000-AS200-0",577.75,446.0
C025-W-HO82-P-_U-001-01,SAE35A37888915C1736828E887EAAC7,piping_component,PipeTee,,580.0,446.0
C025-W-HO82-P-_U-001-01,S2203ECF2F46D5F26CD35338E597CDE,piping_segment,PipingNetworkSegment,"2""-WC-402000-AS200-0",609.25,446.0
C025-W-HO82-P-_U-001-01,SEEE1D128795B7DD45CE4C4B49B2C31,piping_component,BallValve,40-2003WC,609.0,446.0
C025-W-HO82-P-_U-001-01,S3E2B54B6D934132B4B7B29312D2B1A,piping_component,PipeTee,,621.0,446.0
C025-W-HO82-P-_U-001-01,SAD95F0CBF9D1FE550C5F44996CD343,piping_segment,PipingNetworkSegment,"2""-WC-402000-AS200-0",657.0,446.0
C025-W-HO82-P-_U-001-01,S3F0D0059C066E1FA5752B4E9608F76,piping_component,FlangedConnection,,645.5,446.0
C025-W-HO82-P-_U-001-01,SEA55DCF4BD2524926F1AAA12DEF723,piping_component,Hose,,658.0,446.0
C025-W-HO82-P-_U-001-01,SE2C79A48BC4DC6C2747181A7330D3E,piping_component,PipeFitting,,671.5,446.0
C025-W-HO82-P-_U-001-01,SB961452E609E1A967C202743E13C99,piping_segment,PipingNetworkSegment,"2""-WC-402000-AS200-0",580.0,435.75
C025-W-HO82-P-_U-001-01,S312AA4583EDD55987A3CF17D15D6A0,piping_component,BallValve,40-2002WC,580.0,434.0
C025-W-HO82-P-_U-001-01,S53F4EAFE84075CC1BD81661C78ECA4,piping_component,FlangedConnection,,580.0,429.5
C025-W-HO82-P-_U-001-01,SBCBE8D2160AA2A31F9F55637EA79DD,piping_system,PipingNetworkSystem,,369.5,454.125
C025-W-HO82-P-_U-001-01,S1BA69ADA6B90085D961E2ED866635B,piping_segment,PipingNetworkSegment,"1.5""-WC-402001-AS200-0",418.5,470.5
C025-W-HO82-P-_U-001-01,SD89E63957BC85987AC91F3D6157F2D,piping_component,BallValve,40-2005WC,357.0,446.0
C025-W-HO82-P-_U-001-01,S1C660243C58AB9B324D46BC5840CBF,piping_segment,PipingNetworkSegment,"1.5""-WC-402001-AS200-0",334.0,446.003
C025-W-HO82-P-_U-001-01,SA12A64CDAAD6BD01054AAD74F0EE97,piping_component,PipeReducer,,337.0,446.006
C025-W-HO82-P-_U-001-01,S7ECBC07D90B01A6ECB2ED1A44D54BE,piping_segment,PipingNetworkSegment,"1.5""-WC-402001-AS200-0",320.5,446.0
C025-W-HO82-P-_U-001-01,SE4E531EA8A1D8AF7FDE0D8DE8AA3DF,piping_segment,PipingNetworkSegment,"1.5""-WC-402001-AS200-0",327.0,437.75
C025-W-HO82-P-_U-001-01,SB88163429154BE0EC1DC05F472DF25,piping_component,FlangedConnection,,327.0,429.5
C025-W-HO82-P-_U-001-01,S2C8BE282960FB51978D39DCB4B88B8,piping_component,BallValve,40-2004WC,327.0,434.0
C025-W-HO82-P-_U-001-01,SD08D60A50B5A1455B7D86B0DEDB1DB,piping_component,PipeTee,,327.0,446.0
C025-W-HO82-P-_U-001-01,S7AC3D6FA9E7F6E44F3B0B5249A7DFE,piping_system,PipingNetworkSystem,,412.25,399.5
C025-W-HO82-P-_U-001-01,SCFF99AE0D5E9ECC05B8B776447C4A8,piping_segment,PipingNetworkSegment,"3""-WS-502035-AD750-4",412.25,399.5
C025-W-HO82-P-_U-001-01,S6F570AB80C2C491D3F2DCDD64843AE,piping_component,ButterflyValve,50-2330WS,470.0,399.5
C025-W-HO82-P-_U-001-01,S29A9CDB454E059B695E36B259487AF,piping_system,PipingNetworkSystem,,257.0,479.25
C025-W-HO82-P-_U-001-01,SE831B5F20E5584CBF63974069A4A7F,piping_segment,PipingNetworkSegment,,257.0,479.25
C025-W-HO82-P-_U-001-01,SD348FCF0E68AD1681C12362F9693B3,piping_system,PipingNetworkSystem,,558.0,465.5
C025-W-HO82-P-_U-001-01,S787A0E46DFA7AA4954FA16AC66D1AE,piping_segment,PipingNetworkSegment,,558.0,465.5
C025-W-HO82-P-_U-001-01,SF9F0955DE0A86751948C3ED25B5FA4,piping_system,PipingNetworkSystem,,514.0,480.25
C025-W-HO82-P-_U-001-01,SC2B77D54EE44AB667879ADC4D44B73,piping_segment,PipingNetworkSegment,,514.0,480.25
C025-W-HO82-P-_U-001-01,SDDE365912EA016D87A0FED119EC9E2,instrument,ProcessInstrumentationFunction,82-ZL2812,456.566,469.0
C025-W-HO82-P-_U-001-01,SE6C40EF564B13A8899CBB894E3A609,instrument,ProcessInstrumentationFunction,82-HS2812,413.566,483.0
C025-W-HO82-P-_U-001-01,S580B397E178A673426D2E9F6C3FD5C,instrument,ProcessInstrumentationFunction,50-XA2044,406.566,384.0
C025-W-HO82-P-_U-001-01,SF70A09EC8594702BECD7C8B33C5A17,instrument,ProcessInstrumentationFunction,50-XA2045,658.566,384.0
C025-W-HO82-P-_U-001-01,S4838E7616A201AC826B39EEB738214,instrument,ProcessInstrumentationFunction,82-ZL2612,199.566,467.0
C025-W-HO82-P-_U-001-01,SF7D6A815A8E43C2A411FE4C7F7B23A,instrument,ProcessInstrumentationFunction,82-HS2612,154.566,483.0
C025-W-HO82-P-_U-001-01,S38BE56C11392AB20F50465053C7166,instrument,ProcessInstrumentationFunction,56-ZL2013,430.566,159.0
C025-W-HO82-P-_U-001-01,S58CC01D7D586F578E43EC68A25121D,instrument,ProcessInstrumentationFunction,56-ZL2012,183.566,177.0
C025-W-HO82-P-_U-001-01,S77317AE3741CB575112695912A0608,piping_system,PipingNetworkSystem,,438.0,464.0
C025-W-HO82-P-_U-001-01,S69339EE992B428716DA53320A6E798,piping_segment,PipingNetworkSegment,,438.0,464.0
C025-W-HO82-P-_U-001-01,S28654927CF09B0A72B8833D9D9B3F0,piping_component,AngleValve,82-XY2812,438.0,464.0
C025-W-HO82-P-_U-001-01,SA6AB1D1B3D581BA8AEB1761C3C6B21,piping_system,PipingNetworkSystem,,181.0,464.0
C025-W-HO82-P-_U-001-01,SF7D71EDBEA027AF67857770A342AB8,piping_segment,PipingNetworkSegment,,181.0,464.0
C025-W-HO82-P-_U-001-01,S8ED0A8D25CF985C169750B96482D24,piping_component,AngleValve,82-XY2612,181.0,464.0
C025-W-HO82-P-_U-001-01,SC80F26FD78EBEFF16E4A3ECB6691C8,piping_system,PipingNetworkSystem,,406.0,147.0
C025-W-HO82-P-_U-001-01,S28FEB538477FD809E39D9F67D78E24,piping_segment,PipingNetworkSegment,,406.0,147.0
C025-W-HO82-P-_U-001-01,S100F0E6A0BD29A9A1FCBD308090455,piping_component,AngleValve,56-XY2013,406.0,147.0
C025-W-HO82-P-_U-001-01,S2A2F1F51AE3F51BE2C29E51D167140,piping_system,PipingNetworkSystem,,166.0,168.0
C025-W-HO82-P-_U-001-01,S438B3FF7DC83A3A39B6D1B3CEBE0B6,piping_segment,PipingNetworkSegment,,166.0,168.0
C025-W-HO82-P-_U-001-01,S36E80C991F7F535A2C75398F261F39,piping_component,AngleValve,56-XY2012,166.0,168.0
C025-W-HO82-P-_U-001-01,SA6584A00F7667BEB8120DC94D8D7B8,instrument,ProcessInstrumentationFunction,56-ZS2013,433.0,130.0
C025-W-HO82-P-_U-001-01,S1B05124ED028435894BE1C8032064A,actuating_function,ActuatingFunction,,406.0,110.0
C025-W-HO82-P-_U-001-01,S7FD2C88E8DAA87689881EE4C42F00F,instrument,ProcessInstrumentationFunction,56-ZS2012,186.0,150.0
C025-W-HO82-P-_U-001-01,S5ACA3AA5214349D6AD8F91AEC627A8,actuating_function,ActuatingFunction,,166.0,130.0
C025-W-HO82-P-_U-001-01,SF9A4FBEE914B3183AEED0941CE758C,instrument,ProcessInstrumentationFunction,82-ZS2612,202.0,446.0
C025-W-HO82-P-_U-001-01,S9390459518D2A4C0BBE4DEE784A99B,actuating_function,ActuatingFunction,,181.0,424.0
C025-W-HO82-P-_U-001-01,S1685DB653F800FC1CC6B0C8AEEC94F,instrument,ProcessInstrumentationFunction,82-ZS2812,459.0,446.0
C025-W-HO82-P-_U-001-01,S8D63E50350C720BDA05C9EE158AFF3,actuating_function,ActuatingFunction,,438.0,424.0
C025-W-HO82-P-_U-001-01,S7E587FC675E070414459E5DB9366BD,instrument,ProcessInstrumentationFunction,50-PSE2044,367.0,384.0
C025-W-HO82-P-_U-001-01,S78E4FFDA40F4321CBDE3844D52EA19,signal_generator,ProcessSignalGeneratingFunction,,367.0,364.0
C025-W-HO82-P-_U-001-01,S2EC1E038DED8D9B86F2726E979C31D,instrument,ProcessInstrumentationFunction,50-PSE2045,625.0,384.0
C025-W-HO82-P-_U-001-01,S6A176AF2424BA5832A40344B78AF7D,signal_generator,ProcessSignalGeneratingFunction,,625.0,364.0
C025-W-HO82-P-_U-001-01,S29A3768ABDEA292BE2EE1CC5009140,instrument,ProcessInstrumentationFunction,,357.0,412.0
C025-W-HO82-P-_U-001-01,SC61A9B300E400B0B9D903C1CC9E0AB,signal_generator,ProcessSignalGeneratingFunction,,313.0,412.0
C025-W-HO82-P-_U-001-01,S76878A4299207879182E3E315667DC,instrument,ProcessInstrumentationFunction,,616.0,405.0
C025-W-HO82-P-_U-001-01,SA76CE8FE1E61F131078C802BD0EB00,signal_generator,ProcessSignalGeneratingFunction,,570.0,405.0
C025-W-HO82-P-_U-001-01,SA961FEAD0CE28E05C1D23687B303D8,instrument,ProcessInstrumentationFunction,,371.0,147.0
C025-W-HO82-P-_U-001-01,SF1B970F1A2D2EFC39048A5EDEBFB83,actuating_function,ActuatingFunction,,406.0,147.0
C025-W-HO82-P-_U-001-01,S49AA4A1FD9076D4665191EC343A7DE,instrument,ProcessInstrumentationFunction,,130.0,168.0
C025-W-HO82-P-_U-001-01,S34137A62945B59F6149B0EA140DCC4,actuating_function,ActuatingFunction,,166.0,168.0
C025-W-HO82-P-_U-001-01,S5905EBCBDA4AD342CB2A54638133F7,instrument,ProcessInstrumentationFunction,,401.0,464.0
C025-W-HO82-P-_U-001-01,S540A56DB818C7C8721EEA3FF0D744B,instrument,ProcessInstrumentationFunction,,357.0,423.0
C025-W-HO82-P-_U-001-01,SA8B7B2578CE60CC3D0544D2A7D9498,signal_generator,ProcessSignalGeneratingFunction,,313.0,423.0
C025-W-HO82-P-_U-001-01,S67B068F5E658675073C29CFF014D21,instrument,ProcessInstrumentationFunction,,143.0,464.0
C025-W-HO82-P-_U-001-01,S5F980A4E1164F22C483E18AAE114DD,instrument,ProcessInstrumentationFunction,,616.0,420.0
C025-W-HO82-P-_U-001-01,SCFB21D8760BA7C79DDC9313C6190F2,signal_generator,ProcessSignalGeneratingFunction,,570.0,420.0
C025-W-HO82-P-_U-001-01,S897A23604EBE3E0C222DE190D847FB,equipment,CustomEquipment,82-XA50A,265.0,418.5
C025-W-HO82-P-_U-001-01,S7FA56D63AEB943E418E3DB41B444A9,nozzle,Nozzle,N1,223.0,390.75
C025-W-HO82-P-_U-001-01,S96FB8DB0DD65BFDD27BF0054393AC3,nozzle,Nozzle,N3,313.0,399.5
C025-W-HO82-P-_U-001-01,SD607AE577C17E204421F7E6ED4C741,nozzle,Nozzle,N8,257.0,455.0
C025-W-HO82-P-_U-001-01,SF0CD0418912617D872E622BEBD192A,nozzle,Nozzle,N4,217.0,424.0
C025-W-HO82-P-_U-001-01,S9C4DA1FE1770D0C354434D50BB8F18,nozzle,Nozzle,N7,258.5,382.0
C025-W-HO82-P-_U-001-01,S95635918BC30473FD6D22EC29C789D,nozzle,Nozzle,N9,301.0,455.0
C025-W-HO82-P-_U-001-01,S975A79DD7C89D3A3BABF03331A8A88,nozzle,Nozzle,N11,281.0,382.0
C025-W-HO82-P-_U-001-01,S21ED585FEB71DA53033718E043590C,nozzle,Nozzle,N10,281.0,455.0
C025-W-HO82-P-_U-001-01,SE793E95FD444E470C2F8F5CBE12344,nozzle,Nozzle,N12,306.0,382.0
C025-W-HO82-P-_U-001-01,SCD0BA53B327B980C4725F4C04AE947,nozzle,Nozzle,N5,240.5,382.0
C025-W-HO82-P-_U-001-01,SE69E7C5FB735FC643384E437F49AF7,nozzle,Nozzle,N2,313.0,390.5
C025-W-HO82-P-_U-001-01,S2F59A5776717CE11C98A133F901A91,nozzle,Nozzle,N13,313.0,446.0
C025-W-HO82-P-_U-001-01,S70A7C708A9E5ECEAB065DC9A4CC671,nozzle,Nozzle,N6,244.0,455.0
C025-W-HO82-P-_U-001-01,S8751B9DD91587B04FE062DCC5F11F3,nozzle,Nozzle,,313.0,412.0
C025-W-HO82-P-_U-001-01,S3346637BFB70E645D69D0136865880,nozzle,Nozzle,,313.0,423.0
C025-W-HO82-P-_U-001-01,S15F8E2409B56352EDAF02EA8BE5287,equipment,CustomEquipment,82-XA50B,522.0,418.5
C025-W-HO82-P-_U-001-01,SB922E4DC5FE79CC08A09A1095495D5,nozzle,Nozzle,N8,514.0,455.0
C025-W-HO82-P-_U-001-01,SF847B17702E9955FD0A29A81C724F6,nozzle,Nozzle,N5,497.5,382.0
C025-W-HO82-P-_U-001-01,SC710735D040E6803E3A2487955FF33,nozzle,Nozzle,N12,563.0,382.0
C025-W-HO82-P-_U-001-01,SA19CADCF602E9502C19BE4987A8327,nozzle,Nozzle,N6,500.0,455.0
C025-W-HO82-P-_U-001-01,SFFAE8C0DDF4390213B8628211457C8,nozzle,Nozzle,N3,474.0,399.5
C025-W-HO82-P-_U-001-01,S8116F56F806E77C097394E749B48C9,nozzle,Nozzle,N1,474.0,390.5
C025-W-HO82-P-_U-001-01,SA565D6096AFA95E789142CA3D2A594,nozzle,Nozzle,N13,570.0,446.0
C025-W-HO82-P-_U-001-01,SC9C0DA92DCBB7D0DAB869EB8691FAB,nozzle,Nozzle,N4,474.0,424.0
C025-W-HO82-P-_U-001-01,S5A58E84386195F951E76C4DAA0475B,nozzle,Nozzle,N9,558.0,455.0
C025-W-HO82-P-_U-001-01,S23C596DA861C5BFBFE884E53FB2CB3,nozzle,Nozzle,N2,570.0,390.5
C025-W-HO82-P-_U-001-01,S95E3124C9ED77426CCF77F43B01BE5,nozzle,Nozzle,N7,515.5,382.0
C025-W-HO82-P-_U-001-01,S17ABB4D0B8DACE6BCCEC3D1F6FB274,nozzle,Nozzle,N10,538.0,455.0
C025-W-HO82-P-_U-001-01,SA74EE2F1119477B76C664851D03FB3,nozzle,Nozzle,N11,538.0,382.0
C025-W-HO82-P-_U-001-01,S1A3D0294D67BD9074A9EEEDBAE40E2,nozzle,Nozzle,,570.0,405.0
C025-W-HO82-P-_U-001-01,SE727FE7158FC8CBBA3B284E14959F9,nozzle,Nozzle,,570.0,420.0
C025-W-HO82-P-_U-001-01,SC3A66378AD2D5A9496162121A0E431,instrument,ProcessInstrumentationFunction,,157.0,464.0
C025-W-HO82-P-_U-001-01,S5C65A63BE4F6FC2B78DA8CF84E193E,actuating_function,ActuatingFunction,,181.0,464.0
C025-W-HO82-P-_U-001-01,SC376BF08E80667CC9F691FCD0F5477,instrument,ProcessInstrumentationFunction,,416.0,464.0
C025-W-HO82-P-_U-001-01,S995FAECB4B934A01CD1FDE364D3AC3,actuating_function,ActuatingFunction,,438.0,464.0
