drawing,owner_id,kind,from_id,from_node,to_id,to_node
C025-V-HA24-P-_E-001-01,S945068B4C5AE3EDADF1793831FB5D8,signal,SCEFE61451CDD7AA81CE8E80FF2F12A,1,,
C025-V-HA24-P-_E-001-01,S65E9644F796DA2C882B4F7E82E7560,signal,S2E6AB3688B2CADFE694F3FA5854992,1,,
C025-V-HA24-P-_E-001-01,SD03BA43F7BCA6360E09D60BEFB105D,signal,S2E6AB3688B2CADFE694F3FA5854992,2,S4EFEC67917326079B117AC81CEB738,1
C025-V-HA24-P-_E-001-01,S331A9F9F3BD78A9811D0013B67DC45,signal,SCEFE61451CDD7AA81CE8E80FF2F12A,2,S96D48AEE3FBA6C2C5EE009F8F26927,2
C025-V-HA24-P-_E-001-01,S8E7D44E143A82453C1BB328009D7F8,process,S1C26EF1778B86ED7AC56AFE222098D,1,SE6E35107961F3844E08298C5380F02,3
C025-V-HA24-P-_E-001-01,SD5202622C836E7D909C8DC36592BA7,process,S251B759F2D11B566C45D6C6D58ECA5,1,S1C26EF1778B86ED7AC56AFE222098D,2
C025-V-HA24-P-_E-001-01,SB1276FCBE53E581460A5B69EE1B5DA,process,S65FA8A235092168499B6C288A16C0D,1,SE6E35107961F3844E08298C5380F02,2
C025-V-HA24-P-_E-001-01,S1C3AD75CBB8A241E09758D0A27195E,process,SE6E35107961F3844E08298C5380F02,1,S7A9899C71E77054839AA3B524357A4,1
C025-V-HA24-P-_E-001-01,S5356E9834842ED563BC7D2BE99CEC2,process,S510AD4F5F11BDF9DE003CD35E9A74D,1,SEF761B71B92AA7DB8855709CD0BD81,3
C025-V-HA24-P-_E-001-01,SB7827AD83A1CB40A0F4AC4B1092D2E,process,SEF761B71B92AA7DB8855709CD0BD81,1,S1DFB6C9913A1A73C43472B86961F3C,3
C025-V-HA24-P-_E-001-01,SED324E6CFFE8BBE3B3710BE6C7A677,process,SEF761B71B92AA7DB8855709CD0BD81,2,SD8865133F3E7053DF5BC94D3EB6FF2,1
C025-V-HA24-P-_E-001-01,SD1A1B004B07FEBE818E6BE345A58FE,process,S1DFB6C9913A1A73C43472B86961F3C,2,SD2C6F80CEB3918BB82FB3A2ACE3071,1
C025-V-HA24-P-_E-001-01,S6890EDADE405B0BBC8B3A92394BE05,process,S3E0927E9033A42B946F5573AC5583D,1,S510AD4F5F11BDF9DE003CD35E9A74D,3
C025-V-HA24-P-_E-001-01,SE20642C0B6731A27FE099C691ADAA3,process,S6C4DB1333AFEA6EEF749432991EE2A,1,S3E0927E9033A42B946F5573AC5583D,3
C025-V-HA24-P-_E-001-01,S12C36A1753FBD065DDACBC6720C095,process,S510AD4F5F11BDF9DE003CD35E9A74D,2,S6F041F660CC3C365ABEC3A170EEA67,2
C025-V-HA24-P-_E-001-01,S5E2F923CBE9E574BCC68BC2924F581,process,S2F8A2315DBD21C744F2468D476F486,1,SC7E72DAE42B9D7C344DF004E656EEC,2
C025-V-HA24-P-_E-001-01,S24D7404F702E850424E784D39A73BD,process,S9A02DB39A355E958CC487C210229B4,1,S37A6B03833807FF630603E271DF8DC,3
C025-V-HA24-P-_E-001-01,SEAA1417F8D3F261F6FF5FF488F0874,process,S37A6B03833807FF630603E271DF8DC,2,SFD6AD030AFC6DD698E5DDB29AB7B06,1
C025-V-HA24-P-_E-001-01,S298F38704F966CCD8131FFD2FA92B7,process,S1D3A8E8D13243312A7C4703BAD0999,1,S2F8A2315DBD21C744F2468D476F486,2
C025-V-HA24-P-_E-001-01,SFCA9A72A2DC1C079A5AF894BD6DB15,process,S37A6B03833807FF630603E271DF8DC,1,S1D3A8E8D13243312A7C4703BAD0999,2
C025-V-HA24-P-_E-001-01,SE2F405FFD597478DDBDF9B885D006F,process,S3E0927E9033A42B946F5573AC5583D,2,SCD96FB2E61FA636BE0DB0816463DF8,1
C025-V-HA24-P-_E-001-01,SEDAD962ABF4714823A7CF1537722B0,process,S1DFB6C9913A1A73C43472B86961F3C,1,S275800040E2B75F6036517F468FB2D,2
C025-V-HA24-P-_E-001-01,SFBE8FA3D0BD77090595C9965DEBB04,process,S275800040E2B75F6036517F468FB2D,1,S9A02DB39A355E958CC487C210229B4,3
C025-V-HA24-P-_E-001-01,S6542E76590C6C0296B87C93A474441,process,SD921CCB57F4D503100521D357FACC6,2,SC7E72DAE42B9D7C344DF004E656EEC,1
C025-V-HA24-P-_E-001-01,S4851FDF798E9D94FC7FF156D1F4DA6,process,S8D48ABBFD841F6E32D218D6B6CC963,2,SD921CCB57F4D503100521D357FACC6,1
C025-V-HA24-P-_E-001-01,S96069D04275A7C51AF5B4D5DECAD9C,process,S9D2A0D465171D422A1655ADB2BFF9F,2,S8D48ABBFD841F6E32D218D6B6CC963,1
C025-V-HA24-P-_E-001-01,SEC1E906ED020AEFE24BED856C1DAD8,process,S9D2A0D465171D422A1655ADB2BFF9F,1,SCED81C454692D2993C6D1823CBCBF8,1
C025-V-HA24-P-_E-001-01,S2F52ADF8E74584E4F2088654E228F3,process,SC7E72DAE42B9D7C344DF004E656EEC,3,S4A08BA9FA4E234936C55DB6688B0FF,1
C025-V-HA24-P-_E-001-01,SCAC2FF5C36FE73F090AC45DE1FAF16,process,S9A02DB39A355E958CC487C210229B4,2,S9D2A0D465171D422A1655ADB2BFF9F,3
C025-V-HA24-P-_E-001-01,S74DFD35B863CB783163534F7810B94,process,SCE45E133568E25113B0B15C6CB3058,1,S30BB618C0B381DCA79ED167BC69489,1
C025-V-HA24-P-_E-001-01,S55ECEFC495775866F3363928C9D0A1,process,SA0495F63A013B181F680682E34A0C8,1,S53D9E777F32A35F9EE2805DBF38138,2
C025-V-HA24-P-_E-001-01,SED950BD97F62532A4D170CBA0DF24C,process,S75D7F1E7CC17BA3CFDA8406E33C838,1,SAB08D8EF3EA2576D142BDEAD4338C3,1
C025-V-HA24-P-_E-001-01,SE9A29DB2ED04335B25CF6993452386,signal,SFE895A4A02CB06E876F35C73CC290A,2,S4AF961655AC717AF4689A0B5D350BB,1
C025-V-HA24-P-_E-001-01,S8335C16AECED98B5E99B4DD763DFB0,signal,SD0EE04E34C6480DA412C0BF0214372,1,SF09B12B5ECB184E172DBF8385236A4,2
C025-V-HA24-P-_E-001-01,S86A2F7C13A9259813A826072551530,signal,SAD4F85613E904B0C980896E91F06DD,1,S9D619910F4E080D189959A26031866,1
C025-V-HA24-P-_E-001-01,S2BDBD624EF6B40FDBC046B31DB58C8,signal,SD4A89626B8AFD06ACB01EB9A99CB93,1,S36E41A063A5C9395C0DBF8C8F49823,2
C025-V-HA24-P-_E-001-01,SB8AEDDDE920E464E88D6B514E5722B,signal,SEF468677AE3FCF3158875052A6C9FA,1,S1ABC70738D25EA5AF1A3C86F1A99A2,1
C025-V-HA24-P-_E-001-01,S44DCD059B36E2AB138F7025078FD8E,signal,S1ABC70738D25EA5AF1A3C86F1A99A2,2,SD4A89626B8AFD06ACB01EB9A99CB93,2
C025-V-HA24-P-_E-001-01,SCE9C88C6C83D7A15CDBE2D6B76EEDD,signal,SC79F9FC5E8D9AE9976A9175526E240,1,S286F3F09DD43BABDA0112AA3A451A1,1
C025-V-HA24-P-_E-001-01,S250F9731484BD08EF77A841E91D232,signal,SD8B412F29B8B8A7132D2AFC07251F8,1,S286F3F09DD43BABDA0112AA3A451A1,2
C025-V-HA24-P-_E-001-01,S249B229F39FCD7DA63C6882B40D2C2,signal,,,S286F3F09DD43BABDA0112AA3A451A1,3
C025-V-HA24-P-_E-001-01,S2C9DDC7FECCEC95FC97C6C802AFEA0,signal,S245FCF5FE0708B9D62BB9F9032E3B1,1,SD370296807CB072917B3055C617210,1
C025-V-HA24-P-_E-001-01,SCA768FEDEC5FFC7557BC1626CC9C77,signal,S245FCF5FE0708B9D62BB9F9032E3B1,2,,
C025-V-HA24-P-_E-001-01,SF188312F5D6B1749A88867B28202BF,signal,S3C74E74567E4FBFEECC2568E5749CD,1,S245FCF5FE0708B9D62BB9F9032E3B1,3
C025-V-HA24-P-_E-001-01,S78D4969EC8FCEB1DF2783957FEE908,signal,S4EFEC67917326079B117AC81CEB738,2,S9D619910F4E080D189959A26031866,2
C025-V-HA24-P-_E-001-01,SEE2209FA6955A83FC0108DDCF1202A,signal,S5CC2A4673D605D38B888E33EE4C0D5,1,SFE7072D7F7E7D8ED53F27B8CAD38EA,1
C025-V-HA24-P-_E-001-01,S47A9116A25370257032BE8A8465C4D,signal,SFE7072D7F7E7D8ED53F27B8CAD38EA,2,S96D48AEE3FBA6C2C5EE009F8F26927,1
C025-V-HA24-P-_E-001-01,S99CF9C34C50BD312A6A413C0815DAE,signal,S1C8E1C7CE0B1828662D9E2D8C480ED,1,SC51D0D8CEBD621CC8DAC7335C40D22,1
C025-V-HA24-P-_E-001-01,S91EBB10400D4582384DAF4DB342E9D,signal,,,S1C8E1C7CE0B1828662D9E2D8C480ED,2
C025-V-HA24-P-_E-001-01,SFC91A29F5FA0481BE5203EC9CFE0D9,signal,S1C8E1C7CE0B1828662D9E2D8C480ED,3,SCDB71D9BF07C16471E72854E0BBD8E,1
C025-V-HA24-P-_E-001-01,SF264B7AD328385EBF68FC1E5946297,signal,SEC2C454A4FF76A2F3D918B35538599,1,SC51D0D8CEBD621CC8DAC7335C40D22,2
C025-V-HA24-P-_E-001-01,SEF3ED83E35F5FD393F2BA2E3C993FF,signal,SC768A8C3950A2E5FDF401B9E0E9663,1,SEC2C454A4FF76A2F3D918B35538599,2
C025-V-HA24-P-_E-001-01,S539F9EFB71A2E250C6861D9893890F,signal,SF09B12B5ECB184E172DBF8385236A4,1,S1E072418AABA5F921E8B06772F16F1,1
C025-V-HA24-P-_E-001-01,SC88A7BEC2CBF0AB037E5EE3C4946A6,signal,S6F041F660CC3C365ABEC3A170EEA67,1,S1E072418AABA5F921E8B06772F16F1,2
C025-V-HA24-P-_E-001-01,S21B1247DEB23FF67DA05A5E13B2AD9,signal,SA05C5B2FE36B48CCAC0137291C2CA1,1,SADBDF25F2DE8CEF92CA5065D8CFE3D,1
C025-V-HA24-P-_E-001-01,S72AF464B01E356C8E955EA214EB91C,signal,S6DEE36358696508DA65D0AC91A0C05,1,SA05C5B2FE36B48CCAC0137291C2CA1,2
C025-V-HA24-P-_E-001-01,S7C9D0C3AD59A68B715E1A8F65D63F3,signal,S8B6DF0C4876DA7F79D27885EE2ECD8,1,S36E41A063A5C9395C0DBF8C8F49823,1
C025-V-HA24-P-_E-001-01,SDACFA257895A78152313956666D0C6,signal,S53D9E777F32A35F9EE2805DBF38138,1,S3D1CE26C26FCEFB3A1927C1AB3B538,1
C025-V-HA24-P-_E-001-01,SBBEE325DD3B3E8C145364AA8E1EB31,signal,S2F73E2F34CF7ECE96115C938E6CACD,1,SF3ECF5C4049C6B98991DEFA50080FB,1
C025-V-HA24-P-_E-001-01,S87C88924CB4FE5AC572A69038246FA,signal,SAD81F06857B45DD79744A3E6C30B05,1,S2F73E2F34CF7ECE96115C938E6CACD,2
C025-V-HA24-P-_E-001-01,S7BA0153871E222005BDE65DD60D18F,signal,S2F73E2F34CF7ECE96115C938E6CACD,3,S4AF961655AC717AF4689A0B5D350BB,2
C025-V-HA24-P-_E-001-01,S546F5E9FCDA4DB6340AF4D6B9DC7F2,signal,SFE895A4A02CB06E876F35C73CC290A,1,SF68743C2549E6C89B3A85BCFE5EC2F,1
C025-V-HA24-P-_E-001-01,S9052EC62C82A658B8C2E26F2898B3F,signal,S5D3B27D205C3FC196F03858E28BD75,1,SFE895A4A02CB06E876F35C73CC290A,3
C025-V-HA24-P-_E-001-01,S9D3C042180A58894F904D406D01826,signal,SF09B12B5ECB184E172DBF8385236A4,3,SF6C39D06B1CC66846230914282C5E0,1
C025-V-HO27-P-_E-001-01,S5BF1977C57297D12EE2DA66778F7CA,signal,SAC5A35018EE23670D71DDBE21EB28E,1,S8265F3D66D87D73E562B50B676BA21,1
C025-V-HO27-P-_E-001-01,S474E3D6CF5F9BB99478344EBC65FB7,signal,S45E61521D85680804DDD3E2AC294F5,1,,
C025-V-HO27-P-_E-001-01,S3B1AFF7CF83FF4F4AADB3B6A4FB2AC,signal,SFEF2BE7345B11827499C2911081152,1,,
C025-V-HO27-P-_E-001-01,S8159217B59F8A0B4B837193092CE3E,signal,S5426F8A64202B5C086BF5BE95CEBF1,1,S8CB698743DBCD93F67554A6E8AA846,1
C025-V-HO27-P-_E-001-01,S7722CAC05A93F1B55853E83B380174,signal,SAC5A35018EE23670D71DDBE21EB28E,2,,
C025-V-HO27-P-_E-001-01,S1B7EB4BBB408A7E26227FDC46F15F8,signal,SFEF2BE7345B11827499C2911081152,2,SC0AA5356BA4F35509EC96E34887954,2
C025-V-HO27-P-_E-001-01,S444FCEAF70FA9963A4FBA73FBD7403,signal,S7193FDDF138A9797265885FEB6B2C1,1,S2C0C3671B8F2105212F2C7FBE255B8,1
C025-V-HO27-P-_E-001-01,S23C6FB7075F7D9BF78838889B99358,signal,S5426F8A64202B5C086BF5BE95CEBF1,2,,
C025-V-HO27-P-_E-001-01,SCFB36F4F9A27D7BD0296C267E61CCE,signal,S45E61521D85680804DDD3E2AC294F5,2,S6D1F08F1112607803CB8AB3A2E5203,1
C025-V-HO27-P-_E-001-01,S99972376767506320F7E5F1CC91411,process,SF728F94E3DCF234FD93591652DEE69,2,S7193FDDF138A9797265885FEB6B2C1,2
C025-V-HO27-P-_E-001-01,S78F0AAEF8ADD673FAEB624858D689F,process,S8105542B88CE9D3540D1B77690637B,2,S370C168D61779BBB4E38C39CF0C6FE,1
C025-V-HO27-P-_E-001-01,SF15B55236E5EA930876B39D4772F5F,process,S370C168D61779BBB4E38C39CF0C6FE,2,SFEB7645C5F47C017FE36102F7EA678,1
C025-V-HO27-P-_E-001-01,S6C346D53262079A24A6D5A0C544747,process,S12688ABD9AC18C2BA84FCAE88F4795,2,S770E2266F36184C3AEA6D13CDE7974,1
C025-V-HO27-P-_E-001-01,SAEEFA842F73E80C55CE7F2A962AD0A,process,S5BC1D0AC666FDD018C98A1ECF468CB,3,SACF1967571186FDC77A5103A7554E5,1
C025-V-HO27-P-_E-001-01,S5C1EBE81D3E5F82702329A086A6CB7,process,S181B92C61DC1F45145197DA3898C96,2,S502E4E81256849779F2F28252CCB96,1
C025-V-HO27-P-_E-001-01,S62CDC010348C62A0FC125B93745F36,process,SE5A24BC753D6A28D7E2A1CDC22C6FB,2,S5BC1D0AC666FDD018C98A1ECF468CB,2
C025-V-HO27-P-_E-001-01,SF6FD860DC440EAAF324B95380C3FDF,process,S770E2266F36184C3AEA6D13CDE7974,3,S5BC1D0AC666FDD018C98A1ECF468CB,1
C025-V-HO27-P-_E-001-01,S3DD0CEE0138D9274BFA0B5BBB50431,process,S770E2266F36184C3AEA6D13CDE7974,2,SB0B0E891542CCA7EA53002B73FB083,1
C025-V-HO27-P-_E-001-01,S868BF505EB863DE68806D8A263FB74,process,SACF1967571186FDC77A5103A7554E5,3,S181B92C61DC1F45145197DA3898C96,1
C025-V-HO27-P-_E-001-01,S7BA9C6C4B2D731CA6EF4D26BAFF6A9,process,S7D8E1CBE1E156337CEBC0B895B5BB9,1,SACF1967571186FDC77A5103A7554E5,2
C025-V-HO27-P-_E-001-01,SACCBDB4B91D373C318F2F652FAECDF,process,S75B1592F3F64144F2B07E6A976D877,2,S41EEEFC0187616495C8E1B7358070D,1
C025-V-HO27-P-_E-001-01,S5AF86CF3B7F96FD2B0F2B143CC1D9B,process,SC190EB387637863C523F3FB7DF30F3,2,SC12368460796779E0FDF2A674D1B30,1
C025-V-HO27-P-_E-001-01,S7DE813767A6A61E523B2FCF928C9AD,process,SC85B78DFCACA430C78622F34CDFB16,1,S5748D43799EA2111DBBC2ADE47E509,2
C025-V-HO27-P-_E-001-01,SCE72B52DB0CAF18210BB09103217A8,process,SEBC3B85A954DD562BF34C293EBC4C6,2,S423EC23BBA425309C2BEAA2F79E456,2
C025-V-HO27-P-_E-001-01,SBBEE2647BBB7039459981B5354F32B,process,SC599A0AA008D9A8DA6B1B628A05D5B,1,S18160629E77B7CB501AEB5395690EF,3
C025-V-HO27-P-_E-001-01,S6C037A81ECDA7609DD974425851610,process,S2365A97C7D3CF8BA37301260605629,2,S18160629E77B7CB501AEB5395690EF,2
C025-V-HO27-P-_E-001-01,S27647DD6A93467E0FD868AE73FE3E2,process,S868145057AE7C332B0425BE435DDE6,2,SC599A0AA008D9A8DA6B1B628A05D5B,2
C025-V-HO27-P-_E-001-01,S90F1A36D29E71268032C3FC3F32E2F,process,S5748D43799EA2111DBBC2ADE47E509,1,S9CC3663D4B358A3DC766442B924E30,3
C025-V-HO27-P-_E-001-01,S13143162330BF1A15F179E8B0091FF,process,S51E2E26A6FC514D64DF8E23ED3F81D,1,S423EC23BBA425309C2BEAA2F79E456,3
C025-V-HO27-P-_E-001-01,SA83D1C8D5F3260695440282BD4B8CB,process,S423EC23BBA425309C2BEAA2F79E456,1,SA327DD964303880198B8E3C1C3DFA6,2
C025-V-HO27-P-_E-001-01,SC4BB7D84D3AB0B6D2C2406DAF6530C,process,S18160629E77B7CB501AEB5395690EF,1,S5748D43799EA2111DBBC2ADE47E509,3
C025-V-HO27-P-_E-001-01,S45812405A043E23837615834E4155F,process,S9CC3663D4B358A3DC766442B924E30,1,S3F605AD7055F124C8BE92B9B91F376,3
C025-V-HO27-P-_E-001-01,SA1072CCE2AF7106C551A2A3D15881D,process,S101B900724657EE4FA645BBAC0BA9C,2,S868145057AE7C332B0425BE435DDE6,4
C025-V-HO27-P-_E-001-01,SE395C2C00C603F3DDE221C2F811489,process,S3F605AD7055F124C8BE92B9B91F376,1,S51E2E26A6FC514D64DF8E23ED3F81D,3
C025-V-HO27-P-_E-001-01,S69BFBC3F65193A51C749157CD7CE6D,process,S868145057AE7C332B0425BE435DDE6,5,S821FD6007C1DCBE15C5A46E9A73E9C,2
C025-V-HO27-P-_E-001-01,S8C4E8C1E4A886BE02BD4F0C1F19E11,process,SA327DD964303880198B8E3C1C3DFA6,3,SB65F04CA6A4715B3EC5D66B37B0524,1
C025-V-HO27-P-_E-001-01,SA89BBC7D7A23C0E7138D3A246B876B,process,S3FCB4987F6ABC179FA1FD39E11EAEA,2,S9CC3663D4B358A3DC766442B924E30,2
C025-V-HO27-P-_E-001-01,S8CBD22708CFA1DC7BFF6EDECA9C371,process,S51E2E26A6FC514D64DF8E23ED3F81D,2,S4C4252B7892E0A423E12AF9828D138,2
C025-V-HO27-P-_E-001-01,SF18534747443F86FD593BC2FE64FF6,process,S24C2648F40C34FCDB21A313D0BF03F,2,S3F605AD7055F124C8BE92B9B91F376,2
C025-V-HO27-P-_E-001-01,SE1A3C2BA7DA51C027AE48F6468714B,process,S12688ABD9AC18C2BA84FCAE88F4795,1,S868145057AE7C332B0425BE435DDE6,3
C025-V-HO27-P-_E-001-01,S62B25DA7EEDEAAFB5BC66A24E640F5,process,SDF62B4514E3CD016DD21FE7A91E5A5,2,S8944C0DE293C4D97019C725046ADDD,2
C025-V-HO27-P-_E-001-01,SDAD069B92987225FF1E49025370DCC,process,S6C9D14BDA2E1FCCD15BD6009FA9EAA,2,SBA51AD4D277D930EE3C1A1E4457729,1
C025-V-HO27-P-_E-001-01,S623714A7E6CFE4D4D6D6C09C65A461,process,S8944C0DE293C4D97019C725046ADDD,1,S6C9D14BDA2E1FCCD15BD6009FA9EAA,3
C025-V-HO27-P-_E-001-01,S31AAF8A74C6FEF1E3E328F194E0D9E,process,S6C9D14BDA2E1FCCD15BD6009FA9EAA,1,S5DAEAD298A2680116AAF60CE8683DD,1
C025-V-HO27-P-_E-001-01,S7700BDA982B60BED04AF35CD262C86,process,,,,
C025-V-HO27-P-_E-001-01,S2A87C1A8DDB5766DDBE550F9B62463,process,S90ED6DA503988E40DF3A5862CBD8C8,2,SBBB87EFEB75CF84C43B968FD48AE92,1
C025-V-HO27-P-_E-001-01,S3CDE13BB36BFB4CBB5C9F2BFE45575,process,S76456D113294A3F2D9D90A36EAF2DB,2,S901EA7E0FEBD85AF960B2CA0BEB4A4,1
C025-V-HO27-P-_E-001-01,SA944457DA0FAEB6E640A1CE6C5EE6A,process,S27CD0EF5D71AE3550554A06A680494,3,S4DE45F0A3437A0C4E0DFCD6EFAB6D7,1
C025-V-HO27-P-_E-001-01,SC3987F7BC8FD6EB6ED8CA9AA67AAB1,process,S5B753962998770DA28A89269B58363,1,S27CD0EF5D71AE3550554A06A680494,2
C025-V-HO27-P-_E-001-01,S46920247A4E7673B36CD469581A02A,process,SB5074B10A5CD9809F31766360EC40A,2,S135DA2165802F55D688D03C5C53BEF,2
C025-V-HO27-P-_E-001-01,SF3F290CFCCB8C290AD64F0222FFE06,process,S135DA2165802F55D688D03C5C53BEF,1,S27CD0EF5D71AE3550554A06A680494,1
C025-V-HO27-P-_E-001-01,S2AB28C86A7FA398F725BD16DF209EE,process,SFEB7645C5F47C017FE36102F7EA678,2,S75B1592F3F64144F2B07E6A976D877,1
C025-V-HO27-P-_E-001-01,S7CCAB0BB930F1DB0C4D4D872A6AE3E,process,S68EB945FEF122CD918CAF86309883C,1,S1CBD73D6AFC6B7294ED5BABC098289,2
C025-V-HO27-P-_E-001-01,SD8698774C12B0F41CE3BB185A9195C,process,S4028101622400BE2C6CCE8338E6214,1,SDF62B4514E3CD016DD21FE7A91E5A5,1
C025-V-HO27-P-_E-001-01,S9338C26008A01BA2695965D28F7075,process,SAC86BC3F1AF00E819E5C959FC0AF08,1,S805DEB3F2B01A6BE447EF0AE5A8415,3
C025-V-HO27-P-_E-001-01,S87817F5EF288CEE4D8F3051B90E702,process,S1CBD73D6AFC6B7294ED5BABC098289,3,SB9338E4984EA1FCC6FFDCF12D1B53D,1
C025-V-HO27-P-_E-001-01,S7D2096C421CEE2F44799633A998F6A,process,SAC86BC3F1AF00E819E5C959FC0AF08,3,S1CBD73D6AFC6B7294ED5BABC098289,1
C025-V-HO27-P-_E-001-01,S98583BA7F863751C57FF59900A33E2,process,S805DEB3F2B01A6BE447EF0AE5A8415,1,S4028101622400BE2C6CCE8338E6214,2
C025-V-HO27-P-_E-001-01,SE77DCDB62F9DFCBB886A00A588B7B5,process,SDB342B96816E2A772AD87C4F802464,1,S805DEB3F2B01A6BE447EF0AE5A8415,2
C025-V-HO27-P-_E-001-01,S9F2667A7ABB6EE5073467114BD5708,process,SB9338E4984EA1FCC6FFDCF12D1B53D,2,SB5074B10A5CD9809F31766360EC40A,1
C025-V-HO27-P-_E-001-01,S268FDC6BDE80F8565750C333B6435F,process,S3941A9BF0009D84A35409E3F0EA9B5,1,S12688ABD9AC18C2BA84FCAE88F4795,3
C025-V-HO27-P-_E-001-01,S20EA1FE1BC414AE39308956BA73425,process,S542484903B2E5FB34D43B0CA37E8CC,1,SAC86BC3F1AF00E819E5C959FC0AF08,2
C025-V-HO27-P-_E-001-01,S75D6A229F48705E40DB4BE1C3BFAF2,process,S55FF26CA410BB646ADB5751FAD1360,1,S72F177F8417E158865B95A8D334B2F,3
C025-V-HO27-P-_E-001-01,S259E9DBEDC6CDD1C666B8C93518E9E,process,S2522A2197A48B5D8D6257E2EC33165,1,S55FF26CA410BB646ADB5751FAD1360,3
C025-V-HO27-P-_E-001-01,S2446D5DD38937D8787B8ED6056E1B9,process,SA1FBCDFF094B48628EEBB618EB5FCF,2,S72F177F8417E158865B95A8D334B2F,2
C025-V-HO27-P-_E-001-01,SF6E4355E2A2673F1B119E9BDB76481,process,S4DFDB58B265A999A17FB241717C819,1,S9919A6CCD86E3035307526036E8358,2
C025-V-HO27-P-_E-001-01,SFCAEBECDEF42A4D4A519BE0A3DBF16,process,S8105542B88CE9D3540D1B77690637B,1,S542484903B2E5FB34D43B0CA37E8CC,3
C025-V-HO27-P-_E-001-01,S63C7A59AF29725F8759AB79C2A5934,process,SC190EB387637863C523F3FB7DF30F3,3,SA1109D7B9D6CFDA10F620DDA14B26B,1
C025-V-HO27-P-_E-001-01,S39F51BE8496B3291C5A7B387ACA4BB,process,S542484903B2E5FB34D43B0CA37E8CC,2,SC190EB387637863C523F3FB7DF30F3,1
C025-V-HO27-P-_E-001-01,SE5281F41B597A8F7700B09E79074C0,process,S72F177F8417E158865B95A8D334B2F,1,S9919A6CCD86E3035307526036E8358,3
C025-V-HO27-P-_E-001-01,S572187FBC6D51C081CFC64C5D421B3,process,SF5CCB990A0A79957B2C2599CFFDF83,2,S55FF26CA410BB646ADB5751FAD1360,2
C025-V-HO27-P-_E-001-01,S5DDEE8E1FAB3D6B4FBDADBCBE864C6,process,S76456D113294A3F2D9D90A36EAF2DB,1,S2522A2197A48B5D8D6257E2EC33165,3
C025-V-HO27-P-_E-001-01,S12E0A42CF1FBED4C77A1D78E5D4839,process,SE7AB63CF7994DF4603C8BC1ECDA017,1,S76456D113294A3F2D9D90A36EAF2DB,3
C025-V-HO27-P-_E-001-01,S9C51E7C62F7F7A78887E308E3731A5,process,S9919A6CCD86E3035307526036E8358,1,S8105542B88CE9D3540D1B77690637B,3
C025-V-HO27-P-_E-001-01,S810F236D881F6DA10A9ED406E67899,process,S2522A2197A48B5D8D6257E2EC33165,2,SDA789D966EB416076C701FF1AEB6D2,2
C025-V-HO27-P-_E-001-01,SA7ECE69A26A8C1FA448AC9C2DAF333,process,SA327DD964303880198B8E3C1C3DFA6,1,S901EA7E0FEBD85AF960B2CA0BEB4A4,2
C025-V-HO27-P-_E-001-01,SF02E13EB4738F2934F33865C034F72,process,S901EA7E0FEBD85AF960B2CA0BEB4A4,3,S120E427663A88B6BF7133716CAADC7,1
C025-V-HO27-P-_E-001-01,S66281E1B98FD6D6DF388C4287709CB,process,S120E427663A88B6BF7133716CAADC7,3,S90ED6DA503988E40DF3A5862CBD8C8,1
C025-V-HO27-P-_E-001-01,S9EB05D990FD9838F0FC6A2B4DD7ADD,process,S725ADE4F7DE0589374C387846E8E6F,1,S120E427663A88B6BF7133716CAADC7,2
C025-V-HO27-P-_E-001-01,SDD6DDAC8A3439A14EAA83A6E14C409,process,S502E4E81256849779F2F28252CCB96,2,SF9ACFE1EA6B37CF29C7EF6E53E30A0,1
C025-V-HO27-P-_E-001-01,SD4665C6A30D21CAE2E85BEC160A54E,signal,S21CB11B2BC10A42265C8DC015CC401,2,S9FBD09304A2010C234A8C5708EDBCC,3
C025-V-HO27-P-_E-001-01,SD74A663AD5B84B0C2C9476CBE29171,signal,S84F01F46215C2AE5EC6940E45B5B14,1,S9FBD09304A2010C234A8C5708EDBCC,5
C025-V-HO27-P-_E-001-01,SC47AA69737A99AF32446051230D9AC,signal,S3BA04636DD5981F58EA6230C46BC4F,2,S6F7408CC9D6A2AD5B1573B08BF8E39,1
C025-V-HO27-P-_E-001-01,SC2B4D53671D247BCCA949037E6E54D,signal,S16F6D7581D51CA85AB5753F1BB0EAB,2,SDE3EF697249E4CED4E92FE8E025898,1
C025-V-HO27-P-_E-001-01,S8A2282BFD56DC37C09CA4D1163B8C5,signal,S44CB9081BF88DE1E3E2EDD7E865127,1,S631FDFF2BCA361CF02F526686FF1EA,1
C025-V-HO27-P-_E-001-01,S40866D720EF5DB12E6E7D10BD02581,signal,S831E3C8D2670320988AB1212DA71F7,1,S90A95B2009740EE72287CA29892559,3
C025-V-HO27-P-_E-001-01,S18E59DD26FB1F3C65A6F7AE56F7644,signal,S831E3C8D2670320988AB1212DA71F7,2,SA7D5A482E94B0046761DD7D9F4AC58,1
C025-V-HO27-P-_E-001-01,S9CB6B1E5159B01EEEDDBFC2A112B70,signal,SECF74967D5939D1B35E6419024DE78,1,SE434F20B14FA71E9E9E23D615C5DE7,1
C025-V-HO27-P-_E-001-01,S33C8D68AA997DD21027BE59097B817,signal,SCB3FA9E367E1772514D7C103EDE1BF,1,SE434F20B14FA71E9E9E23D615C5DE7,2
C025-V-HO27-P-_E-001-01,S34DBF8326974495DE4D435240964BF,signal,SA98627314AB073663CBFC2D3C00CB9,3,S54AD2BF418455843322C4FD68255A6,1
C025-V-HO27-P-_E-001-01,S8EEFB9B01EFF60A9DBC8C4A4760AEA,signal,SC48621565B6D57F55637C11D10D204,3,S54AD2BF418455843322C4FD68255A6,2
C025-V-HO27-P-_E-001-01,S6E54AA4801CF8B6458B19872DC1E97,signal,S868145057AE7C332B0425BE435DDE6,1,S4623C0847D1C1DC6881837ABDD75F0,1
C025-V-HO27-P-_E-001-01,S43804BD3E9F5FCE290576994399629,signal,SE5A24BC753D6A28D7E2A1CDC22C6FB,1,SA7D5A482E94B0046761DD7D9F4AC58,2
C025-V-HO27-P-_E-001-01,SFECAB88A79175469825A1A0060415D,signal,SDB7D353B175EFE53D4A73DB8C84307,1,S4602D8E4E948C06C554378223E7C12,1
C025-V-HO27-P-_E-001-01,S5E420CF68AB11590A4BB7248A560B6,signal,SDB7D353B175EFE53D4A73DB8C84307,2,S8265F3D66D87D73E562B50B676BA21,2
C025-V-HO27-P-_E-001-01,SD30FBECC9E0E57D81160AF38A2B142,signal,SA42860C118E0D131B66744706BDF6B,1,SC0AA5356BA4F35509EC96E34887954,1
C025-V-HO27-P-_E-001-01,SCC449DDA7A5123DA49E9EFC4D3618E,signal,SA42860C118E0D131B66744706BDF6B,2,S6DA0FE0E4B9CDD01866F8AE6236FB7,1
C025-V-HO27-P-_E-001-01,S721EB7D11CB6DB221F65859B958361,signal,S66995B45AA1A36CB9CCFAD6A4F5615,1,S7EB121CEEAA0C0A533C6DC494E9437,1
C025-V-HO27-P-_E-001-01,S4BDF2BDA06DAAC4EECD312A879D356,signal,SF5CCB990A0A79957B2C2599CFFDF83,1,SEFEC53A000E154EDEBF89B39BBF7AB,2
C025-V-HO27-P-_E-001-01,S174580FFDE7F23CBBE2796CEB56D03,signal,S24C2648F40C34FCDB21A313D0BF03F,1,S68252D4407782FBEDE3EB9221DF892,1
C025-V-HO27-P-_E-001-01,SA1E4FB7E31F5781736BD14E04F5548,signal,S2365A97C7D3CF8BA37301260605629,1,S694D58AE7F83F2DDBA85DDE3B275E3,1
C025-V-HO27-P-_E-001-01,S4172CAF2788A340CBEB12714B7682C,signal,S694D58AE7F83F2DDBA85DDE3B275E3,2,S84F01F46215C2AE5EC6940E45B5B14,2
C025-V-HO27-P-_E-001-01,SDF4F8F1254148DBA84196964A71C43,signal,SF0284D923D5DD4E663860A8F2D59CA,1,S776B097475EADCB5DD89D2FBE34B38,2
C025-V-HO27-P-_E-001-01,S3D79D3B114275085ABA80F02EF820D,signal,S3FCB4987F6ABC179FA1FD39E11EAEA,1,SF0284D923D5DD4E663860A8F2D59CA,2
C025-V-HO27-P-_E-001-01,SDCD67F034BBF78529BA4D1229124E3,signal,SFBCBB7CAFBD57ECE968983243FAC24,1,S8CB698743DBCD93F67554A6E8AA846,2
C025-V-HO27-P-_E-001-01,S4B9D14BD3307C08250F3A267D9EF88,signal,SFBCBB7CAFBD57ECE968983243FAC24,2,SBC5D7881E8E1AEE977A611193AD5DF,1
C025-V-HO27-P-_E-001-01,S88E1D1CC90C0718DEE1058E3FA53A3,signal,S44CB9081BF88DE1E3E2EDD7E865127,2,S6D1F08F1112607803CB8AB3A2E5203,2
C025-V-HO27-P-_E-001-01,SC80C8BF53857CC08E25CF845721328,signal,SDA789D966EB416076C701FF1AEB6D2,1,S9B91AB5EA8905DFDE222EAF6AC3B93,1
C025-V-HO27-P-_E-001-01,SF3D6A5ADEA318F7A5B149FE6C23546,signal,S9B91AB5EA8905DFDE222EAF6AC3B93,2,S16F6D7581D51CA85AB5753F1BB0EAB,3
C025-V-HO27-P-_E-001-01,SD1B6DEE9C7C548E1AF46F7D7E69DD3,signal,SA1FBCDFF094B48628EEBB618EB5FCF,1,S6F7408CC9D6A2AD5B1573B08BF8E39,2
C025-V-HO27-P-_E-001-01,S148304E5871C89021A839989687CDF,signal,,,S6342328471520017A9480C238B75FE,1
C025-V-HO27-P-_E-001-01,S6417F3D4AC34630DCE506A71A8E935,signal,SF728F94E3DCF234FD93591652DEE69,1,S6342328471520017A9480C238B75FE,2
C025-V-HO27-P-_E-001-01,SA12064F972D3979DF1BB2E421014F9,signal,S9FBD09304A2010C234A8C5708EDBCC,4,S6342328471520017A9480C238B75FE,3
C025-V-HO27-P-_E-001-01,SAAC4C4F1CC32C7682965C8E0957C2D,signal,S31343ABC86ADBCA2527B95766C68B2,1,S90A95B2009740EE72287CA29892559,1
C025-V-HO27-P-_E-001-01,S23C227D65081196FC53AA0664ABA15,signal,,,S90A95B2009740EE72287CA29892559,2
C025-V-HO27-P-_E-001-01,S4E8CDECF11607D4DA43378A7ADE2E0,signal,SABA036CBC5E23B7F037F7848061C88,1,SD2121B8218A58335AB8A8D7A7BA874,1
C025-V-HO27-P-_E-001-01,S7D44F1891B5EC96B32FD609895B609,signal,S821FD6007C1DCBE15C5A46E9A73E9C,1,SE2CA2FBBDC5DE259CA447E449B8855,1
C025-V-HO27-P-_E-001-01,S4665C3D6194857E5AE357B63FE8E8C,signal,S21CB11B2BC10A42265C8DC015CC401,1,SE2CA2FBBDC5DE259CA447E449B8855,2
C025-V-HO27-P-_E-001-01,S5517E3CE18EC12A21E42723C517710,signal,S101B900724657EE4FA645BBAC0BA9C,1,SE2CA2FBBDC5DE259CA447E449B8855,3
C025-V-HO27-P-_E-001-01,S1043C730B256EC9986167B8A0EAEB3,signal,S4C4252B7892E0A423E12AF9828D138,1,SD977C2B42E7B87F77A410059A9A54A,1
C025-V-HO27-P-_E-001-01,S4AE2BF7C3D09007FC9B3E7F202D657,signal,SEBC3B85A954DD562BF34C293EBC4C6,1,SD977C2B42E7B87F77A410059A9A54A,2
C025-V-HO27-P-_E-001-01,S2862CE65417E7F55F362A9560D4AAB,signal,S3BA04636DD5981F58EA6230C46BC4F,1,S9FBD09304A2010C234A8C5708EDBCC,1
C025-V-HO27-P-_E-001-01,S5F97C52AAF539E4CABE239442E14D6,signal,S9FBD09304A2010C234A8C5708EDBCC,2,S40364454C61E493943C5AB021192EE,1
C025-V-HO27-P-_E-001-01,SEE853785A50857747F52660A4EECE8,signal,S2D3D1D27B2287BE75F2D6E26594B68,1,S394BE1C3082446F6386858432632F7,3
C025-V-HO27-P-_E-001-01,SEEF58A5FE9D5C03389A5D792D53473,signal,S776B097475EADCB5DD89D2FBE34B38,1,S6E87B8030AEE10C8DEEA2637B3D8B5,1
C025-V-HO27-P-_E-001-01,S7663306D4B1F8899FBAF49A74F4F18,signal,S16F6D7581D51CA85AB5753F1BB0EAB,1,S3D40F9BEA6B86522DCC423E8E2A598,1
C025-V-HO27-P-_E-001-01,S3FC723F994D4697E1E716221227FC0,signal,SD77B482699C7A858E636CA204A7AF4,1,S9D25386B0DDC7CC10D9A4B1EE0ECF3,1
C025-V-HO27-P-_E-001-01,S847C6CE9B2A64CD7696602664B34C1,signal,SFD95707F7FFF054C7FB651A558572A,1,S872AB7442E0E1B242315377D599225,1
C025-V-HO27-P-_E-001-01,S16B49C698BE72CA7359057C12D178A,signal,SC8FF7596690E4390FC4763D2A920CA,1,S170BD9BD04B62F61D7E5452861AA47,1
C025-V-HO27-P-_E-001-01,S80FB70DE094CCC37DDADF5A0F8854B,signal,SFF3200B668A1A6791027E623F07F86,1,S8A99420B85274EBEE00C6EFA1A5E76,1
C025-V-HO27-P-_E-001-01,S4B2E0963242BA0E8F02EAFA987F510,signal,SFBC468C23070822F9F544B35FD8B39,1,S99A1D1CD6204795465AA61B8707E79,1
C025-V-HO27-P-_E-001-01,SCD7BD22B0D4CAC18C1184F21CA5D79,signal,SADCACD5045BBD21AABC578CF498E0C,1,S47CFB396E37E008834814BA95B8C06,1
C025-V-HO27-P-_E-001-01,S4DE77903370644E2E983D39EAEF86B,signal,S754A2BC836ABFD8FE1ADA56843E2CF,1,S2A6D9C47DAB32BE4CCACCE9E2C0BB6,1
C025-V-HO27-P-_E-001-01,S28AA0DB36C3B6E9FB8CDFEB63C87FE,signal,S1FD5DC3F097D2420B40D6AAB7C5B8C,1,S2706AD38187472289B8DE839E1334B,1
C025-V-HO27-P-_E-001-01,S7B7C4B5098BC16ECAA3D5353D74432,signal,S9D25386B0DDC7CC10D9A4B1EE0ECF3,2,S5F54F6339A47013C6ACF4D6E55C231,1
C025-V-HO27-P-_E-001-01,SEC15719D70C48BCFD637989E6F864F,signal,SBB0928CF6F9FAD5244FD2D3B7891B6,1,S9D25386B0DDC7CC10D9A4B1EE0ECF3,3
C025-V-HO27-P-_E-001-01,SE995B7C5BCC5A298F21C43B31B3419,signal,SC1BC27318E58833B4C3FC1C96D8AA4,1,SE4A5B7CF8A648454D4345924B007CE,1
C025-V-HO27-P-_E-001-01,S938136D8095E456B1F66512544287B,signal,SC1BC27318E58833B4C3FC1C96D8AA4,2,S289A4059A901E4FC7FFECCDCF859FE,1
C025-V-HO27-P-_E-001-01,S1B927A926264C91B3C689B4478AC9E,signal,SE00E04A90381EC57770A59E6799476,1,SC1BC27318E58833B4C3FC1C96D8AA4,3
C025-V-HO27-P-_E-001-01,SD9F2722F1457FD2A35DAEA84809787,signal,S57CE682289CFFA41583DF51E54062A,1,SE7AA5C5511F9BB7C85B99376276309,1
C025-V-HO27-P-_E-001-01,S1F33FEADD8ADBDF079516AC63A70E9,signal,S57CE682289CFFA41583DF51E54062A,2,S53EB4B01A3B983153947D78BE78779,1
C025-V-HO27-P-_E-001-01,SF85AB3A73430127D6D42506B41C7BE,signal,S57CE682289CFFA41583DF51E54062A,3,S1F4D50ACEB54D223FCB32C300D0049,1
C025-V-HO27-P-_E-001-01,SF1CB9DCBD3E3814839D36137D24ACA,signal,S20B298B02556031F5021888D17E28C,1,S872AB7442E0E1B242315377D599225,2
C025-V-HO27-P-_E-001-01,S601FFF3CF0258909624224BE2404F7,signal,S872AB7442E0E1B242315377D599225,3,S20F5487DDE424A739FDD44976D9B48,1
C025-V-HO27-P-_E-001-01,S9A5FCFE8AA93FE8F7215467233D4AD,signal,S394BE1C3082446F6386858432632F7,1,S28C22B24BE39E121843E5A24289E31,1
C025-V-HO27-P-_E-001-01,S26229CCFADCBB0887D1DA30421E14D,signal,S394BE1C3082446F6386858432632F7,2,SBBDA6CEB81FAE08710A7024CC08768,1
C025-V-HO27-P-_E-001-01,S9D176D082954EF35C70A5CB21218F0,signal,S366305206B5F57461AB54D688D7A7B,1,S3985D791ABB05EA01AF9CF11BB36AB,1
C025-V-HO27-P-_E-001-01,S52FAB34E47D38D5D3C7CAD8ABDEC8B,signal,S665B17A84BD218E8A3942728E4D321,1,S366305206B5F57461AB54D688D7A7B,2
C025-V-HO27-P-_E-001-01,SF651BAE8E8F33821768FF5FF52A0D0,signal,S366305206B5F57461AB54D688D7A7B,3,SD977C2B42E7B87F77A410059A9A54A,3
C025-V-HO27-P-_E-001-01,SBE870833C36BA11A8EC7B9C0E30E5C,signal,S776B097475EADCB5DD89D2FBE34B38,3,S6D533E5A63745838BA094F1769FF21,1
C025-V-HO27-P-_E-001-01,S1CE359DE9B5EC1AA38A9B69D5B84B5,signal,SEFEC53A000E154EDEBF89B39BBF7AB,1,S12E7D562701339C2659F21676AC886,1
C025-V-HO27-P-_E-001-01,SAC77C188CCF9CC9AA6628AB2A6F696,signal,S7A8D189644D041CA44ECFDD298FD1D,1,S12E7D562701339C2659F21676AC886,2
C025-V-HO27-P-_E-001-01,S74C8EE7CCC6815D8FE6DFC446AA944,signal,S12E7D562701339C2659F21676AC886,3,S70A48D0FA97ECB086CDF2DAAC43A93,1
C025-V-HO27-P-_E-001-01,S333EFA74FA622AE2801DB26FDF6F86,signal,SF8BB1B084AA809FD040724AA89E040,1,SA98627314AB073663CBFC2D3C00CB9,1
C025-V-HO27-P-_E-001-01,S6F1CE5D61654F69B03F4479F0145A0,signal,SA98627314AB073663CBFC2D3C00CB9,2,S3FBCB8D597584D7AEE860EF7E80EDB,1
C025-V-HO27-P-_E-001-01,SC8C3C36C88F7D847A83B1C282C0E3D,signal,SF8BB1B084AA809FD040724AA89E040,2,SC48621565B6D57F55637C11D10D204,2
C025-V-HO27-P-_E-001-01,SCD4A38A4F8E9DB434FC2625A3F570A,signal,SC48621565B6D57F55637C11D10D204,1,SECF74967D5939D1B35E6419024DE78,2
C025-V-HO27-P-_E-001-01,S17E8585580C54BD7E9D76505F0CE97,signal,SECF74967D5939D1B35E6419024DE78,3,S68252D4407782FBEDE3EB9221DF892,2
C025-V-HO27-P-_E-002-01,SDFFD653570F12694092FE8D8A5F32A,signal,S66DF8609FCE26B66FC85AD89F31BD2,1,,
C025-V-HO27-P-_E-002-01,S8035F5125D68ADE64BF3511EA2AFE0,signal,S66DF8609FCE26B66FC85AD89F31BD2,2,S2E6B527BB21A73AD061A686C8DBBAF,2
C025-V-HO27-P-_E-002-01,S22C378A3C7208843F8608B9BB07309,process,SC629E89D06AB534A570E6B4D3504D1,1,S96054B040DA16C89BC52248D07F272,1
C025-V-HO27-P-_E-002-01,S862AD455FDC4CCFDB8CFFB96F65CEA,process,SE922AC835EEB4A8E42E5F7393DC8EF,1,S8EDF930036CBF5493130EDF79AF96A,1
C025-V-HO27-P-_E-002-01,S790FCCBD4EF2C8853A213A35A2F9AD,process,S8D821A4A78CF2F8B004AE57BAA0EFE,1,SF52B2B64BE093507DA6692815AFAB1,1
C025-V-HO27-P-_E-002-01,SDDF439E4C3E5B7FFD2CD2054F9A2BD,process,S71C06626C5C73CE46A2C0F2F5D367B,3,S4A65E33A201CB788FFF4C0DB41AEEF,1
C025-V-HO27-P-_E-002-01,SA254EED1309F49B8840625DD22951D,process,S1F2337B573D27ACDF7A4EE455E3292,2,S9E03C3F71D4EC5BED3EE36B7ACEC3B,2
C025-V-HO27-P-_E-002-01,SDC4465CF289DE7F6C6451B6065C681,process,S9E03C3F71D4EC5BED3EE36B7ACEC3B,1,S71C06626C5C73CE46A2C0F2F5D367B,1
C025-V-HO27-P-_E-002-01,S32144F4E67C4A82E63A41683B83B1E,process,SF98DC54620B54D9AF39C55443967E9,1,S71C06626C5C73CE46A2C0F2F5D367B,2
C025-V-HO27-P-_E-002-01,SA9161D631799EC4919AD243EBF4800,process,S6E550D216A6C9F765AF8C3414CB679,1,SDDFCA2D33964F56690E2E1B7CDEEC5,2
C025-V-HO27-P-_E-002-01,SFECCC5D35F81A7702EC70ECC179EAE,process,SDEC45ABEF4FF1C3891BBAF58784116,1,S6E550D216A6C9F765AF8C3414CB679,3
C025-V-HO27-P-_E-002-01,SB56BD74AB852CFDB37B241578FAD90,process,SDDFCA2D33964F56690E2E1B7CDEEC5,3,S820CE543CDD52A9C4CFD3B8A9DD3B8,1
C025-V-HO27-P-_E-002-01,S63F33941DCE44021EDF41B2C976C8A,process,SE21FEB07C4D4882B8D7DFF540F60FB,2,S6E550D216A6C9F765AF8C3414CB679,2
C025-V-HO27-P-_E-002-01,S97A75EC9BFEA20D9FD4F9EF2B8A73F,process,SA86512BF60DA0A4F2971812C5B04C1,1,S85C4D6929D34A8FACD65A7B8F314CA,3
C025-V-HO27-P-_E-002-01,SC377892BC85251908FA904849BFFF4,process,SDEC45ABEF4FF1C3891BBAF58784116,2,S45A4EEAD22AAE7B2E0BDEF897A2B66,2
C025-V-HO27-P-_E-002-01,S15B6F864EE8176D37A3EA139BB5DD1,process,SDE9DE3FB9329DF8291F4D89078C7EC,2,S85C4D6929D34A8FACD65A7B8F314CA,2
C025-V-HO27-P-_E-002-01,SF6B0E9ED562CB34BC3D2D8E0C57094,process,S85C4D6929D34A8FACD65A7B8F314CA,1,SDEC45ABEF4FF1C3891BBAF58784116,3
C025-V-HO27-P-_E-002-01,SB70343EB4DCC3800651F9BC011A20F,process,S5C6CB10442851D1AD7185075BFEBA3,1,SA86512BF60DA0A4F2971812C5B04C1,3
C025-V-HO27-P-_E-002-01,SA468C5BDAA0C641C44D61872C7BD9E,process,SA86512BF60DA0A4F2971812C5B04C1,2,SAA48589AEAD3B8EA011487E3D7ACB1,1
C025-V-HO27-P-_E-002-01,S795EDB0AEDCE7B226CEA7B0C2C8770,process,S5DE4134C7EA688080603694FFF4E56,1,SAA48589AEAD3B8EA011487E3D7ACB1,2
C025-V-HO27-P-_E-002-01,SC0FB1F3A0FAD6AC98C23EB630DE647,process,SD9B8B34483BB6001D2EB644CE95975,2,S1F2337B573D27ACDF7A4EE455E3292,1
C025-V-HO27-P-_E-002-01,S9515D7F2235EC9C96B26B200A03055,process,SAA48589AEAD3B8EA011487E3D7ACB1,3,SD9B8B34483BB6001D2EB644CE95975,1
C025-V-HO27-P-_E-002-01,S5C79FE3FDD2864F0CF441FBFD7571F,process,SDDFCA2D33964F56690E2E1B7CDEEC5,1,S1F324E8EE42B6849C0AFEDF83E12B2,1
C025-V-HO27-P-_E-002-01,S77D7E7CF7312111921EAA00030D34D,process,S31469F50F119054DEC1D0959B4B3DD,2,SB1797C70D5859C308915B8C37CB268,1
C025-V-HO27-P-_E-002-01,SC8F8607E610DACDBF19AE957C6E8B0,process,SE85B5F7735FA45F7CB14ACFA06657D,1,S9BD336796E9F908829A4D391BD04ED,2
C025-V-HO27-P-_E-002-01,S9211FAA8AC2111AEE4BCB85D22C604,process,S9BD336796E9F908829A4D391BD04ED,1,SA50EFB8C6B2CCF1F755F0DA6172201,2
C025-V-HO27-P-_E-002-01,SD55C109265A17AF62719215035B6BA,process,,,,
C025-V-HO27-P-_E-002-01,SC94DF7F3D73ACA00AD5EB926A79882,process,SA50EFB8C6B2CCF1F755F0DA6172201,3,S31469F50F119054DEC1D0959B4B3DD,1
C025-V-HO27-P-_E-002-01,SA06DF9B57ABC42C44315EF657C802E,process,SAEFB0A39E453B09215D71F355F2D04,1,SA50EFB8C6B2CCF1F755F0DA6172201,1
C025-V-HO27-P-_E-002-01,SFAD08E49DEC89858E825B4467B8ECD,process,S5EA5AA9EAB0ACD17AD16528C49591D,2,S169DC4FF51CB7E5FF4B242973F3B52,2
C025-V-HO27-P-_E-002-01,S841298518C31E29D8042486ACF76B3,process,SF81CDD9C200B8314A2EE232119020A,1,SFEFBBB24F343BAA3C4597E3C6389D2,2
C025-V-HO27-P-_E-002-01,SBCCED081E106DE8156C8C0E9294234,process,SFEFBBB24F343BAA3C4597E3C6389D2,1,SE5227CB18D18E8EB407382EF378639,2
C025-V-HO27-P-_E-002-01,SE3E0821ECEEA076859D8846C13B8CF,process,S2B73663394387AC241CDDF43451E69,1,SFEFBBB24F343BAA3C4597E3C6389D2,3
C025-V-HO27-P-_E-002-01,S9BEAF00B9F4A245A3844232D3C88F2,process,S55FA899883FDA508CF888D784087DD,2,S3F7D3A82CC844E8E88AE08748E8B02,2
C025-V-HO27-P-_E-002-01,SBC78A977BEF8213829BC2026BAF70B,process,S2BED918C3DEA6ACC1402F5B8CE2AEA,2,SEFAD0F4F459A0F77C6CD13FB3F8EC1,1
C025-V-HO27-P-_E-002-01,SF80841FE828450EACD52796F2EF8C6,process,SF3F16F6BD4D4F4E497A5296C3D9D66,1,S2B73663394387AC241CDDF43451E69,2
C025-V-HO27-P-_E-002-01,SC66D65F257B8555D79DF0D9AC8AA28,process,S5020B2B4BE2EFD17D03C07EC1020A1,1,SF3F16F6BD4D4F4E497A5296C3D9D66,2
C025-V-HO27-P-_E-002-01,SDB5A97B133B5DAB5812ECA51C65D88,process,S55FA899883FDA508CF888D784087DD,1,SA7A45F1934A05FCE31910A2053F4C8,3
C025-V-HO27-P-_E-002-01,SF49ECEAEB60686921FB0DDB757533D,process,S1CABADFE6265A61DCBB1AF072CC52B,1,SE1F8E9BB20A2F5AE5F5E72BB40C986,2
C025-V-HO27-P-_E-002-01,S5EB1C792AE775336B7571EB5E3A74B,process,S5160146A9F630B4FA7FE8BD16BE693,1,S5020B2B4BE2EFD17D03C07EC1020A1,2
C025-V-HO27-P-_E-002-01,S17413DC1667C969408A4CB99D2807B,process,SE1F8E9BB20A2F5AE5F5E72BB40C986,1,S2BED918C3DEA6ACC1402F5B8CE2AEA,3
C025-V-HO27-P-_E-002-01,S633A303054FDFEF054713577358D24,process,S2BED918C3DEA6ACC1402F5B8CE2AEA,1,S55FA899883FDA508CF888D784087DD,3
C025-V-HO27-P-_E-002-01,SB05A9F0F236AB45225018E3860391A,process,SA7A45F1934A05FCE31910A2053F4C8,1,S5020B2B4BE2EFD17D03C07EC1020A1,3
C025-V-HO27-P-_E-002-01,S79BA788990C6A4403DE8DB51CA7702,process,SE181ECBF40722F0AC6ACFA12744CA5,3,S80031ECEB59192365B0186F591A081,1
C025-V-HO27-P-_E-002-01,SF7A9A0B295514767BBB52593F884B9,process,S3F0056AE542FBDA9A89D33295C3963,1,SA2DA8DDACAED5C6C641256BDC5052D,2
C025-V-HO27-P-_E-002-01,S44A476E7FFBB359B865673961B9532,process,SDFB4EBB5874A9F468F12952D448181,1,S80031ECEB59192365B0186F591A081,2
C025-V-HO27-P-_E-002-01,SAC40E51893EC3410CCFB2DE3D745CD,process,SA2DA8DDACAED5C6C641256BDC5052D,3,S1D26D60425BD9E1D4B8933ADE0E37B,1
C025-V-HO27-P-_E-002-01,S932D24D5DCB3255E0EE7ED7D9681A6,process,S80031ECEB59192365B0186F591A081,3,SA2DA8DDACAED5C6C641256BDC5052D,1
C025-V-HO27-P-_E-002-01,S1350E26045D909BD3DED9D257C0F3E,process,S7538B58455C771581FA10D85D41987,2,SC735FB9DA0B422AD3E6E4E3466375E,1
C025-V-HO27-P-_E-002-01,S2223980C1AB9E9BCFC254A1F830AEE,process,SE5227CB18D18E8EB407382EF378639,1,S7538B58455C771581FA10D85D41987,3
C025-V-HO27-P-_E-002-01,S126D91C5CB1FE1D1EE37BD585934A3,process,SE2F3134C8C48AA040D9EE43D41F7B5,1,SA4D9F90F79A2571B29E3F680D1A736,2
C025-V-HO27-P-_E-002-01,SD9E4ADA20AA703FFBB7D13E38B4192,process,SC735FB9DA0B422AD3E6E4E3466375E,2,SA2C49F9BDC971D21878FB766F048A2,1
C025-V-HO27-P-_E-002-01,SD1CFE7ED14CC0C6C4555FC0EAEB3CB,process,S150D0AD0B2E77AFDCE64F7DBA42BF9,1,SA4D9F90F79A2571B29E3F680D1A736,3
C025-V-HO27-P-_E-002-01,SE011F1E362B4D42E5986B231F6FE45,process,S55D749C49978285D865D31642D05AD,2,S7538B58455C771581FA10D85D41987,1
C025-V-HO27-P-_E-002-01,SD27F4E4E10F8138B20B74EBFD81ADF,process,SA4D9F90F79A2571B29E3F680D1A736,1,SE5227CB18D18E8EB407382EF378639,3
C025-V-HO27-P-_E-002-01,SBE5A5A1187C44AAE243177FDC5A8A0,process,,,,
C025-V-HO27-P-_E-002-01,S42C83B065393A892193A4A26E6B141,process,S12E565B0F0014112983B7774273E20,1,SB98503C14D3EE001D07C3F5E90D36C,2
C025-V-HO27-P-_E-002-01,S176D94306B2FA633E83F461A8DF1F7,process,SA7A45F1934A05FCE31910A2053F4C8,2,SB98503C14D3EE001D07C3F5E90D36C,1
C025-V-HO27-P-_E-002-01,S5F1C50AC0D1DD44CEF5110AE832A03,process,SB98503C14D3EE001D07C3F5E90D36C,3,SE63B500AC34AB5DC0E9FC7DB75E2F3,1
C025-V-HO27-P-_E-002-01,SB8F18C19FD85B1DE597A5B554670AC,process,S67D4078A319DA76C024234586EE370,2,S1AE19A39344C34B30DA96AF8B7A5F1,1
C025-V-HO27-P-_E-002-01,S8D217353A3773FAE61FAA4E927B053,process,S93C6004980FFDB42778BEF2F9BB68F,2,S1AE19A39344C34B30DA96AF8B7A5F1,2
C025-V-HO27-P-_E-002-01,SADCA8B52F3C9F12D5118A11E8596D4,process,S11070E628D85C6CA49F77438B56D99,3,SC966AF6AD21058E1FF871F119347C8,1
C025-V-HO27-P-_E-002-01,SFD2AA96292F0B129C0423E153F40DE,process,S1AE19A39344C34B30DA96AF8B7A5F1,3,S11070E628D85C6CA49F77438B56D99,1
C025-V-HO27-P-_E-002-01,SADD05A0A47217C3063AB89409B3A9D,process,SEDCDE65376BA1945C4187116750B54,3,S6D71A8757662E0342B6BA19BD25885,1
C025-V-HO27-P-_E-002-01,SE670B87D05B401041DCACA60DCD2CD,process,S96AB7D5F0837690E53DD479AC49389,1,S884A5B469ADD7E24129E5FFA955B54,2
C025-V-HO27-P-_E-002-01,SEAE9235059DB714A8EA6B7624062EC,process,SD1561965BB016D87481CD7CBB771E4,1,SE63B500AC34AB5DC0E9FC7DB75E2F3,3
C025-V-HO27-P-_E-002-01,SC0DD75121D481E0D2AF699B3811513,process,,,,
C025-V-HO27-P-_E-002-01,S26C32FD56E879973624C00728C5826,process,SE63B500AC34AB5DC0E9FC7DB75E2F3,2,S86E361B56DBDDC16D7775EF7CB7F61,1
C025-V-HO27-P-_E-002-01,S6A0FB27D03FD990DD7C75491DFA6A9,process,S884A5B469ADD7E24129E5FFA955B54,3,SF96CDFDAACBF6CC917B97255E6773D,1
C025-V-HO27-P-_E-002-01,S187391CE66908058B07D2B5218F395,process,S86E361B56DBDDC16D7775EF7CB7F61,3,SEDCDE65376BA1945C4187116750B54,1
C025-V-HO27-P-_E-002-01,S3F41D4C0A2FF3C1B1C2358C90E03C9,process,S8B67562B44D26AFEFAD1F5331D4F18,2,S86E361B56DBDDC16D7775EF7CB7F61,2
C025-V-HO27-P-_E-002-01,S883C976DD7F07149AA9A3369772ECB,process,S6D71A8757662E0342B6BA19BD25885,3,S884A5B469ADD7E24129E5FFA955B54,1
C025-V-HO27-P-_E-002-01,SFF1B9B7664605123B9D40B684EE970,process,SDC5A61E39330FD079DC108715E229C,1,SEDCDE65376BA1945C4187116750B54,2
C025-V-HO27-P-_E-002-01,SD7CFF77F543B283462AAAA9C6AC9D7,process,SE181ECBF40722F0AC6ACFA12744CA5,1,S150D0AD0B2E77AFDCE64F7DBA42BF9,2
C025-V-HO27-P-_E-002-01,S1248C13C5ED3CFA9BC46CB7E332479,process,S29ECB2960FA2E16D35606E8A1998EA,2,S38E7C28CC525404F71FE8A3A249591,1
C025-V-HO27-P-_E-002-01,SD0F113773921347CB4B70673057068,process,S11070E628D85C6CA49F77438B56D99,2,S29ECB2960FA2E16D35606E8A1998EA,1
C025-V-HO27-P-_E-002-01,S9BF68516EC25191672698D14760CC2,process,S5691BBA9BA72549D32C3A2764EFD90,1,SE181ECBF40722F0AC6ACFA12744CA5,2
C025-V-HO27-P-_E-002-01,SE476EC2ADCFE925FC04AC6F15F4745,process,S67D4078A319DA76C024234586EE370,1,S68AA5D59F28B951436C1E696777226,3
C025-V-HO27-P-_E-002-01,S54558F774A035E1669DC7C8AFE3077,process,SB699DD9E65726A9BC3826B60217D66,1,SDF02823F8BF56738E84792781EA3D6,2
C025-V-HO27-P-_E-002-01,SB4CFED659B1AEE318511C1C9185C51,process,SDF02823F8BF56738E84792781EA3D6,1,SAB5EE6233C2DB115EC57728CFFB25D,3
C025-V-HO27-P-_E-002-01,S386274440572658366E265F88D2188,process,S68AA5D59F28B951436C1E696777226,1,SD1561965BB016D87481CD7CBB771E4,2
C025-V-HO27-P-_E-002-01,S577CF5C611FD41DDD5C01D78594FA4,process,S950A8CBB3390E6293A14AD2AE13B5C,2,SC9BBFB1700BA91AA47F9C8778B726A,2
C025-V-HO27-P-_E-002-01,S83DC9B0D3341B148233D8F9F9CCAB8,process,SC0D138083EE375A712C7E0F877C57E,1,SAB5EE6233C2DB115EC57728CFFB25D,2
C025-V-HO27-P-_E-002-01,SE48481B2BFC40E311504308FBA936F,process,S950A8CBB3390E6293A14AD2AE13B5C,1,S67D4078A319DA76C024234586EE370,3
C025-V-HO27-P-_E-002-01,SD53884867DE0D3005440D6A066E299,process,S68AA5D59F28B951436C1E696777226,2,S9BA85D1EC6F68B37218FC2E571E3D9,1
C025-V-HO27-P-_E-002-01,S3967545988BBECC321EFACA4185AB1,process,SAB5EE6233C2DB115EC57728CFFB25D,1,S950A8CBB3390E6293A14AD2AE13B5C,3
C025-V-HO27-P-_E-002-01,SA2CB0C07DAE5C089DF4F025206E5E5,process,S7E5B78D1F7CA0D898285518EE15DBE,1,S3262338E95B515F79BFB2FD67CBF52,3
C025-V-HO27-P-_E-002-01,S88F92FE0B99D40601C1975BE8B143D,process,S7E5B78D1F7CA0D898285518EE15DBE,2,SC8F0A9DEDA17B1BE46BDFD0A2920D1,1
C025-V-HO27-P-_E-002-01,SA8DE241DE49753D24092286903405C,process,S8DE45B5EA49866362C6B892F5F81DF,1,S7E5B78D1F7CA0D898285518EE15DBE,3
C025-V-HO27-P-_E-002-01,S3F74FCA4F0667126EF18BF96BD7D09,process,S3262338E95B515F79BFB2FD67CBF52,1,S6D71A8757662E0342B6BA19BD25885,2
C025-V-HO27-P-_E-002-01,S92B3003CDC22B0F15CA060B369D426,process,S507C082BE1EA554858BB1F5376B9F4,1,S3262338E95B515F79BFB2FD67CBF52,2
C025-V-HO27-P-_E-002-01,S3F361D3AEEA7A8D6004579592452D7,process,S553399E39192AE2DD3DEC99EB0CB7C,1,S39F7873A7E3DD35A58CF67235B3E3F,1
C025-V-HO27-P-_E-002-01,S7E6C5ED424D16842D2DD15A07B40C8,process,S303F3D4528E30792A6D033C4EBFDDF,1,S400A5FA08F399556A08437E8083630,1
C025-V-HO27-P-_E-002-01,SB5FAD6317C9A0CCBD18C5C72E776D7,process,S803D41FA2614271C68964F21AF5366,2,S76F1CEF5B3A40D5B3BE4CC6FDACF82,1
C025-V-HO27-P-_E-002-01,SB97188E8ED57E999F5F22B96427B7C,process,S9E3588C995DBDD584F2DD711822D5A,1,SAB8D2C364903534799952A6E281659,1
C025-V-HO27-P-_E-002-01,S2793E693AB22AC8188906390BA3287,process,SC34E2F51B6F88026D697B7E52B91D2,1,SEA837BF218FEB5C7CF54F0053D3A7A,1
C025-V-HO27-P-_E-002-01,S1DE57463CE017C5024E2B36E617B9E,signal,SD3C0431F6000B4842593D04BD6C6CA,1,SD3384E24C143A2FE030E5AE9953341,2
C025-V-HO27-P-_E-002-01,S7A6DADC5088C1D6106C18CA77360E1,signal,S71A7E3F478C546F880688C3A248FCC,1,SB6B2D82518E75ED122C25B0CC84451,2
C025-V-HO27-P-_E-002-01,S9987C2EEEA934DE05440F0DA3067A3,signal,S10F640B85CADE31BC2B036FE65FA31,1,SC22B8BC4A808059EE4EE91EFAFD087,2
C025-V-HO27-P-_E-002-01,SB19EE2D935C58F400B31A71D1E2096,signal,S1E526BC4DC38BD312F8C2DC7C79A1D,1,S9BADA7E0C6AD42AEE3C9F0D04CDB8B,2
C025-V-HO27-P-_E-002-01,S4391DA31638553F171957A74D9876A,signal,S5CCC7528D295C0A1A64B1198C12108,1,SD52E83E4B1B3610558E7CC8982A4E0,2
C025-V-HO27-P-_E-002-01,S6B28D525E15BACC4CE6AE14ECDE8C7,signal,S2BB6F70D2793EE095572E32DAF369A,2,S2E9C31FF5A680B0D7034DE97B67DBB,1
C025-V-HO27-P-_E-002-01,SCC08F3300A0FEB29DF5E24F6DB72EC,signal,S912996FDF090F8925F064F7FE4B6CF,2,S5A0A389F52D8E234E32B9D8ED6A4E1,1
C025-V-HO27-P-_E-002-01,SDD9CC568ED068734959F4BEB719134,signal,S5A0A389F52D8E234E32B9D8ED6A4E1,2,SFB5A8FAE2492FEAC18D69D81F1C255,3
C025-V-HO27-P-_E-002-01,SAF8A8013A7B23DF8DE427591D5468C,signal,SB61448E0110379C15244B4DFEA350B,1,SCCB4621B93B5668B3A9B15FB2B19FA,2
C025-V-HO27-P-_E-002-01,SBFAF0BE562B95A68642A425B8F8C76,signal,S98DE41826A6788104091E654FA988B,3,S8A55526F7EDCDDDD43E29C5103908F,1
C025-V-HO27-P-_E-002-01,S50D7A3E53F4BC55C829B646F0EA89D,signal,S169DC4FF51CB7E5FF4B242973F3B52,1,S5875E1F666D8E2517F67A88657CDAD,1
C025-V-HO27-P-_E-002-01,SE65F3FC1B365E5B796654A94BA0AA3,signal,S26E4A7FD4604FC64D1680119C1B580,2,S793380201B5823C617B58CCA5BF99B,1
C025-V-HO27-P-_E-002-01,S3AB6302E50CF1EE0137D5A4E5AD768,signal,S8B67562B44D26AFEFAD1F5331D4F18,1,S793380201B5823C617B58CCA5BF99B,2
C025-V-HO27-P-_E-002-01,S8DE5871BF4E4741157066A2D47A2F4,signal,,,SFB5A8FAE2492FEAC18D69D81F1C255,1
C025-V-HO27-P-_E-002-01,S3FD9A7832B8C7347FFDD8E9BB5B6B4,signal,SFB5A8FAE2492FEAC18D69D81F1C255,2,S2AE5702656DEB657B713756C12B7D4,1
C025-V-HO27-P-_E-002-01,S3BBE4DA6CAA656BBB14272F3FEE456,signal,S3F7D3A82CC844E8E88AE08748E8B02,1,S2238427FF538D480BBD6B359962670,1
C025-V-HO27-P-_E-002-01,S9025CE457CC10255FB17776AF1D4B9,signal,S14F0F8290A3649AE922D9F6E443217,1,S2238427FF538D480BBD6B359962670,2
C025-V-HO27-P-_E-002-01,S774DFD051BC808903212FF41E5D209,signal,SC3D30FE31F12723AAADDED9F6B8581,2,S71A7E3F478C546F880688C3A248FCC,2
C025-V-HO27-P-_E-002-01,SB42DC5EDAE9DC2F879E0987C17861B,signal,S229F19B849234991A7A13FFEE97CA1,1,S4C4B4B0005E06AB3EDF4563C48DF0A,1
C025-V-HO27-P-_E-002-01,SAE55ADB3FC8BEA772D2A183639009E,signal,SC3D30FE31F12723AAADDED9F6B8581,1,S229F19B849234991A7A13FFEE97CA1,2
C025-V-HO27-P-_E-002-01,S2C53B7B76DDEB0658EA2B0038E610E,signal,SAECE3CBF935EB3DD26C4FFC12E47C4,1,S6ED0C19A28398C63E5E7AA5AF0E552,1
C025-V-HO27-P-_E-002-01,S4ADE37280CFBD83A3E5F53AB1913C8,signal,SF17929823782E31765A9E21FDAA90F,1,S6ED0C19A28398C63E5E7AA5AF0E552,2
C025-V-HO27-P-_E-002-01,S6E4B64B113B9095B30E24EEB84B107,signal,S30FCFA54A4574ADA5B22E1D8F7F615,1,S1DF94DADD30D5A938499DDAE858FBB,1
C025-V-HO27-P-_E-002-01,S43A574669F49A05FFFFABA68023DCE,signal,S5EA5AA9EAB0ACD17AD16528C49591D,1,S30FCFA54A4574ADA5B22E1D8F7F615,2
C025-V-HO27-P-_E-002-01,S4562AE15FCEA1D76F3145489AC534A,signal,S30FCFA54A4574ADA5B22E1D8F7F615,3,,
C025-V-HO27-P-_E-002-01,S692A42879DD834A77F0DD743C3C463,signal,SD99FAFCA3ECC9726FBD02EC3760949,1,SD52E83E4B1B3610558E7CC8982A4E0,1
C025-V-HO27-P-_E-002-01,S58DC57D0CEB8FEDCC40855AFFFF6C5,signal,SE21FEB07C4D4882B8D7DFF540F60FB,1,SD99FAFCA3ECC9726FBD02EC3760949,2
C025-V-HO27-P-_E-002-01,SE98538E4140DC39BAF0A162BD83A73,signal,S45A4EEAD22AAE7B2E0BDEF897A2B66,1,S5E0699D4D92CC86CE30DF0586402C4,1
C025-V-HO27-P-_E-002-01,S769896CB9E43EFDF1B188BFA291934,signal,S9BADA7E0C6AD42AEE3C9F0D04CDB8B,3,S5E0699D4D92CC86CE30DF0586402C4,2
C025-V-HO27-P-_E-002-01,S62A03B41A0E76FF7394400336DE233,signal,S55D749C49978285D865D31642D05AD,1,SB451651A4F3EA061C0ACDB3578B5A2,1
C025-V-HO27-P-_E-002-01,S6B7A218B020966FE6591B9FCD5D65D,signal,SB451651A4F3EA061C0ACDB3578B5A2,2,SD3384E24C143A2FE030E5AE9953341,3
C025-V-HO27-P-_E-002-01,S60005DB58A6E6519197D9AB89AAD2B,signal,SDE9DE3FB9329DF8291F4D89078C7EC,1,SAEDCF0E8300133B012F6D0ACFF1BE8,1
C025-V-HO27-P-_E-002-01,S885241179FF0BF87BCF66481F9D850,signal,SAEDCF0E8300133B012F6D0ACFF1BE8,2,S5875E1F666D8E2517F67A88657CDAD,2
C025-V-HO27-P-_E-002-01,S321661ED062B2E4D03B983AD8FC9DB,signal,SCCB4621B93B5668B3A9B15FB2B19FA,3,SDC87AE7A8188D07927B7DE480375E4,1
C025-V-HO27-P-_E-002-01,SDFAE411D263047A434E3D2A1F6889D,signal,SC9BBFB1700BA91AA47F9C8778B726A,1,SDC87AE7A8188D07927B7DE480375E4,2
C025-V-HO27-P-_E-002-01,S524347F867F613B7B6AF421A83DE66,signal,,,SAC0A8897D32476E6F89A6AD9AF37D5,1
C025-V-HO27-P-_E-002-01,SE8DBDD565539054C715E32498D000D,signal,SAC0A8897D32476E6F89A6AD9AF37D5,2,S4851FC03742186E276BF45B5D6CD50,1
C025-V-HO27-P-_E-002-01,S4B65AC43A77A19E4FA80F18A3CF42B,signal,SD3384E24C143A2FE030E5AE9953341,1,SAC0A8897D32476E6F89A6AD9AF37D5,3
C025-V-HO27-P-_E-002-01,S59C07BCA86DD2331A2CCD0B42104AD,signal,SDF93A0F98A11E14A1FEC169AD76181,1,S888763951CDEEC28C562421E7A837F,2
C025-V-HO27-P-_E-002-01,S85E32A88159E3EB2C5D1009FD693CD,signal,S93C6004980FFDB42778BEF2F9BB68F,1,SDF93A0F98A11E14A1FEC169AD76181,2
C025-V-HO27-P-_E-002-01,SC7EEDDC9ADB7A9B7E5352E03C8D1DB,signal,S98DE41826A6788104091E654FA988B,1,SCB924536CDD1BA122547D850808E9B,1
C025-V-HO27-P-_E-002-01,S3308986C2429079F440BAC0D27B072,signal,S803D41FA2614271C68964F21AF5366,1,SCB924536CDD1BA122547D850808E9B,2
C025-V-HO27-P-_E-002-01,S16BA35E1D8548838B7E6965163A308,signal,S2E6B527BB21A73AD061A686C8DBBAF,1,S2BB6F70D2793EE095572E32DAF369A,1
C025-V-HO27-P-_E-002-01,S13FFDBB349E637764970E8484BD543,signal,S9D27A9FD902D10E5C24DF840FF6E79,1,S33083C41220301E189AA3E14355421,2
C025-V-HO27-P-_E-002-01,SD02466DF05EADF2C54A396F8B26633,signal,S1BFBFBB97F7B5B62AA9F123833BEDB,1,S912996FDF090F8925F064F7FE4B6CF,1
C025-V-HO27-P-_E-002-01,SA4F26AB1727A6F21F6A2BE5E8AA378,signal,S26E4A7FD4604FC64D1680119C1B580,1,SBB493D49384205E40407546241973E,1
C025-V-HO27-P-_E-002-01,S387D6E04D4EE48889FD9BFF4FB5886,signal,SBB493D49384205E40407546241973E,2,,
C025-V-HO27-P-_E-002-01,SBE5012D75CEBA4BEEB1D14D74E006E,signal,S8A62FD332C6F06AD5DEA27E2941C77,1,SBB493D49384205E40407546241973E,3
C025-V-HO27-P-_E-002-01,SC2D0A00EF7F5BE02C536AF3B3F11A6,signal,S90A629016A0ED8FDC6F0A301E4658E,1,SB6B2D82518E75ED122C25B0CC84451,1
C025-V-HO27-P-_E-002-01,S93CD3DA007BA912B24CF2B1A207F60,signal,S77902904AA227C9AF983CFA5A47E7D,1,S98DE41826A6788104091E654FA988B,2
C025-V-HO27-P-_E-002-01,SC5512DAB59DEA5B1E14FAACACECF55,signal,S888763951CDEEC28C562421E7A837F,1,S61409C104834BDFB1F40E86B1113CC,1
C025-V-HO27-P-_E-002-01,S1DF718871D960AB5CC846792F459C5,signal,SCE7D7210798FF2901AC46291937FC1,1,SD52E83E4B1B3610558E7CC8982A4E0,3
C025-V-HO27-P-_E-002-01,S984DB5B51B107B00003EF5D5C623CC,signal,SCF229246B7F435053EE71F2FE8CA75,1,S7E9D10D8B6BCD78D9ACDAD93ECB828,2
C025-V-HO27-P-_E-002-01,SAD3212675E8B5B21EC0F597AC17E3B,signal,S7E9D10D8B6BCD78D9ACDAD93ECB828,1,SA1F7D99C16D55531DED24F6FAE2F99,1
C025-V-HO27-P-_E-002-01,S36E8A14BEA19749DBA32530FC60FF9,signal,SA7D08555BE5E67D78BEF9F9BEF7026,1,S14F0F8290A3649AE922D9F6E443217,2
C025-V-HO27-P-_E-002-01,SEECDEA9EF72DD7C56CFD01B6EEF424,signal,S585F42B5F8DA3DB0EDDB74BE82AD3A,1,S14F0F8290A3649AE922D9F6E443217,3
C025-V-HO27-P-_E-002-01,S62E654009E4AFEA4FE6C50EFD1D103,signal,S62569A63AFFEFB660314412E5F7A44,1,S6B0E72774305C48795A2839452E272,1
C025-V-HO27-P-_E-002-01,S219D7BEADF25BAA04D1B1BC44EC4C8,signal,S62569A63AFFEFB660314412E5F7A44,2,SB5AF39E4F2752E6D4ED14809E281AD,1
C025-V-HO27-P-_E-002-01,S9882928F539276499925E259EE46A9,signal,S62569A63AFFEFB660314412E5F7A44,3,S33083C41220301E189AA3E14355421,1
C025-V-HO27-P-_E-002-01,SC301B61110F26300C4F7F49454056E,signal,S9CC266134E4A30BD09E5FB7A85A84B,1,S888763951CDEEC28C562421E7A837F,3
C025-V-HO27-P-_E-002-01,SDBA1C40095C4AE3E39E0B30F8401DE,signal,SCCB4621B93B5668B3A9B15FB2B19FA,1,S62DFE73DD7A10A5841608063FED29F,1
C025-V-HO27-P-_E-002-01,S1D3B9F660BF3F17C948485C820E074,signal,S620F7CBBA1D6DE2A93777DCC482D35,1,S9BADA7E0C6AD42AEE3C9F0D04CDB8B,1
C025-V-HO27-P-_E-002-01,SDE38ABDDD364F29696BD4124A3B44E,signal,SC22B8BC4A808059EE4EE91EFAFD087,1,S9325E1374231EDEA2CB2ED1B9A932A,1
C025-V-HO27-P-_E-002-01,S57B19395317C08DFCC33773588FB61,signal,SC22B8BC4A808059EE4EE91EFAFD087,3,S1B0918E8341A194ADCC4A93EA5B1C6,1
C025-V-HO27-P-_E-003-01,S5A3CD7040A1ED0E59D2797E193236C,process,S9B849F155A7DFD9801D32749C7A40C,1,S9B849F155A7DFD9801D32749C7A40C1,1
C025-V-HO27-P-_E-003-01,S4BF706B9E995B826CA9B56A9595E45,process,S2EE3F4E48755394568DF6D1E021724,1,S2EE3F4E48755394568DF6D1E0217241,1
C025-V-HO27-P-_E-003-01,SF31EA7A00D6A4C57CBF019C9213527,process,SF0C2E43954E8E3965871C5C25F3175,1,SF0C2E43954E8E3965871C5C25F31751,1
C025-V-HO27-P-_E-003-01,SCF1D2BAACEF511BE0C7147A377E712,process,S8BA9BA1939300BD072469DFB69F647,1,SE1A98016F549FAAA5B5E01139B49C0,2
C025-V-HO27-P-_E-003-01,SA15E612DA85790D3BB16FDE17FDA73,process,S71B05EECF0857BF590E8574CE4D932,1,S8BA9BA1939300BD072469DFB69F647,2
C025-V-HO27-P-_E-003-01,SF5F505452E0E83CF3A7317BE0C7AB8,process,S451899AA8DEF8096B025915C3B8C5B,1,S551DF031790E0F8D2F97122D425C83,2
C025-V-HO27-P-_E-003-01,S685D81298E572E78F1C4AED9EF981E,process,S551DF031790E0F8D2F97122D425C83,1,S71B05EECF0857BF590E8574CE4D932,2
C025-V-HO27-P-_E-003-01,S2EB34B20CE13E4D8066EAC40FC9162,process,SCB6DB8E7F52B9B73109664B7BB1E06,1,S4A35DEDD82A714D86640C21698E53F,2
C025-V-HO27-P-_E-003-01,S1B254D0CEF958D2C9EEC9032C14689,process,SBFE8E5FC69FFBAA9F25D98886194A2,1,S17DE7868732826433DC5CDBE7C8290,2
C025-V-HO27-P-_E-003-01,S128267D1314D7A828A8176F6D99CD7,process,SE1A98016F549FAAA5B5E01139B49C0,1,S7833F1230C6CA5CDDB41DBF790F90D,2
C025-V-HO27-P-_E-003-01,S8E4A54FD76407C9CBAAF52B7E3CFBA,process,SB4D98908CFAEB1AF8082B2AA1A229E,1,SCB6DB8E7F52B9B73109664B7BB1E06,3
C025-V-HO27-P-_E-003-01,S2AE300AAEF6C979FAB1F933C14AC53,process,S4A35DEDD82A714D86640C21698E53F,1,SBFE8E5FC69FFBAA9F25D98886194A2,2
C025-V-HO27-P-_E-003-01,S6B96C5F263EB0790A2F5F7DCFD65A8,process,S8D07F7638B61BCD217D4BED38B3CD3,1,SCB6DB8E7F52B9B73109664B7BB1E06,2
C025-V-HO27-P-_E-003-01,SD6E718F550F99E82C47C15C15433ED,process,SF936672B145F29D0BDFA24511E48AB,1,SB4D98908CFAEB1AF8082B2AA1A229E,3
C025-V-HO27-P-_E-003-01,S3D171A8E58277D8673256055C720A2,process,S17DE7868732826433DC5CDBE7C8290,1,SE1A98016F549FAAA5B5E01139B49C0,3
C025-V-HO27-P-_E-003-01,SF609ADC4069C739472C1DDC0883DA2,process,SB4D98908CFAEB1AF8082B2AA1A229E,2,SDA94E1AB8816B2AF06A263F99B00FE,1
C025-V-HO27-P-_E-003-01,SB331AFE64DD84E407A051EAF6B44C8,process,S9F8ABCF23DDC583BB293766EE59CA9,1,SA85680D2A3A6467B1B41224A63413D,1
C025-V-HO27-P-_E-003-01,S37008FDAAC1B3D60404C41982DD085,process,S7833F1230C6CA5CDDB41DBF790F90D,3,S72A7A017AC97F536A8758720E35E45,1
C025-V-HO27-P-_E-003-01,S5208DB44A87020F773470A594CA9FA,process,S2944E6951429617181B4D1A1FF378B,1,SE8C300EC88A0C337635DF54146EC79,2
C025-V-HO27-P-_E-003-01,S873F718AC59C3CB3002CB22EF53F7A,process,S9DE8893B424A8047629F0A06C7C9C5,1,S2944E6951429617181B4D1A1FF378B,2
C025-V-HO27-P-_E-003-01,SBD056DCE5CC48C335E7CE842524FC0,process,SE8C300EC88A0C337635DF54146EC79,1,SA85680D2A3A6467B1B41224A63413D,3
C025-V-HO27-P-_E-003-01,SC54E4379BA3CB8E2415CA5B4454D95,process,SA85680D2A3A6467B1B41224A63413D,2,S7833F1230C6CA5CDDB41DBF790F90D,1
C025-V-HO27-P-_E-003-01,S5AEF76AF00E65B958B134CFE3176A3,process,SF3B94FDA21C266914DEC93CAEDC849,1,SA7D7E18E24055B1E2131F777C5B020,1
C025-V-HO27-P-_E-003-01,SEF3DF00F0C2DBBB45DAC8911BB8B5D,process,SA7D7E18E24055B1E2131F777C5B020,2,SE04280440E1160CA6EA64C96C43443,1
C025-V-HO27-P-_E-003-01,S1FA36D42EB531046C79C19F3F514F1,process,SA3403508C17002AF288AAA8591FBD8,1,SA98393E3A1A1BA215AE743B40E538A,1
C025-V-HO27-P-_E-003-01,SCFB719721D309BE5B27EE867BFC376,process,S274CA3C0DCF2189638DB529A90057E,1,S609F2899A282437A6CC706C88EE9FD,1
C025-V-HO27-P-_E-003-01,SE9E178E51264F280B63D30D86DCE8A,process,SFEDEDEBE04F5352062A92CD0726E4D,1,S465F5E7B1E39F75FD029F8B9D1CAD4,1
C025-V-HO27-P-_E-003-01,S3ADEB8EBFE5A71334B556401D0AF48,process,SA5CB52EC802F5C483FBBA0758CB293,1,SA18FFCF05BF2274FE861C330E6043A,1
C025-V-HO27-P-_E-003-01,S9E317FF1E270ED947443E670626DC8,process,S8FAAA71F30A98481104F4100652401,1,S9CF8EC23524FB515C021E069283F10,3
C025-V-HO27-P-_E-003-01,SE512EE9B556FD889880F0D403B87EE,process,S9CF8EC23524FB515C021E069283F10,1,S789626C29C6E741A25E26D635E8920,2
C025-V-HO27-P-_E-003-01,SF51C324F2D8F5DDBC51A0C4F3DEF1D,process,,,S8FAAA71F30A98481104F4100652401,3
C025-V-HO27-P-_E-003-01,SBE2FC3D3AAC1FC886EC95D2B80C15C,process,SEB66B4EEE860E3D19967699D6C253C,1,SE585930580D03BF585E7555264862D,2
C025-V-HO27-P-_E-003-01,S8D9433C86AE0E8A7FEF03CE4C8D7E4,process,,,SBF2B2EF3BD717003CB7F51000B34CF,2
C025-V-HO27-P-_E-003-01,S355AF846C0B3E0B5BA41CF80BCD5D8,process,SC77674FE013BC51B7F3084E2B624F6,1,SD812952685FA6DBF790BD08B52BA05,3
C025-V-HO27-P-_E-003-01,SBFD6A6A5B6855E6FDF442B29DCC953,process,SD812952685FA6DBF790BD08B52BA05,1,S596C9A0DE7188706A933EE38E13BFB,3
C025-V-HO27-P-_E-003-01,S8A7172CE3E5C378E999496AC3BA029,process,,,SE53202362FCC49C853B2F66E4344C6,2
C025-V-HO27-P-_E-003-01,SBCD487054CD659667847EDEC60018D,process,SE53202362FCC49C853B2F66E4344C6,1,S299DCD2C1F27DA5F5B072A8D24784E,2
C025-V-HO27-P-_E-003-01,S3C2257E2023FB6B0A8B62C50CC8743,process,S596C9A0DE7188706A933EE38E13BFB,1,S7ACF7873AB8732C641C96069A4BFFA,2
C025-V-HO27-P-_E-003-01,SC714F5BC9540F943AA96A401A704B4,process,SABA716FD85A5CD6473866BBB73FB8B,2,SE53202362FCC49C853B2F66E4344C6,3
C025-V-HO27-P-_E-003-01,S359D452F5D9B4F5CA53EB4832F6BD3,process,S6300A6365381651D18EE09DB8585AB,1,SABA716FD85A5CD6473866BBB73FB8B,1
C025-V-HO27-P-_E-003-01,S3DF2D80A6B088C6D67019FEC47433A,process,,,S8FAAA71F30A98481104F4100652401,2
C025-V-HO27-P-_E-003-01,SC8B4B51B0750EA58F9776A7CD1B40A,process,SF00CEC872C11BE6C4B049F8D61B22C,1,SD69B3ECDCD86CA0B8CE075BA829F9C,2
C025-V-HO27-P-_E-003-01,SEB053E0F25EEF0D628F69A6317E734,process,SD3183F14E121867CBA215E2DD2E429,1,S596C9A0DE7188706A933EE38E13BFB,2
C025-V-HO27-P-_E-003-01,SCF3D6A1CE2FABA3E0BC5C250704951,process,,,SCC758E7F378265C07838305EC3557F,2
C025-V-HO27-P-_E-003-01,SD8B0409033040559A9FA5CAE65A854,process,SE585930580D03BF585E7555264862D,1,S632F3974D51B06660B3DDEF51E5ABA,2
C025-V-HO27-P-_E-003-01,S647CC81A598A08A369E51739406798,process,S5CD005AA2CC6FBC2AB81A8B72DEBAE,1,S3A1C509835BC21D8920AC0F67E461E,2
C025-V-HO27-P-_E-003-01,S14681DBBFEE7026F1F18A1AF05D86A,process,S78B8A5FCEBDC1474994010FCAE2700,1,SF00CEC872C11BE6C4B049F8D61B22C,3
C025-V-HO27-P-_E-003-01,S6F5D80D3A666A928D5AD12A4E186FE,process,S93632E47930E37BF8950221CD75F98,1,SD812952685FA6DBF790BD08B52BA05,2
C025-V-HO27-P-_E-003-01,S7E155D84267AB831782FBCD0B458A2,process,S5F06E3174BB5CC9B2C24C4DD9838CB,1,SF00CEC872C11BE6C4B049F8D61B22C,2
C025-V-HO27-P-_E-003-01,S368B9E51DF926EA64C10C86F25E547,process,SBF2B2EF3BD717003CB7F51000B34CF,1,SBB51C58AF9D45EE9C5121D1F706A9B,3
C025-V-HO27-P-_E-003-01,SEA5EA9CCF14888A1FA041D17C21499,process,SD69B3ECDCD86CA0B8CE075BA829F9C,1,SBF2B2EF3BD717003CB7F51000B34CF,3
C025-V-HO27-P-_E-003-01,SD2FBBFFAA869489119BA0B1F057505,process,S7ACF7873AB8732C641C96069A4BFFA,3,SECD0840AE772D50EEDACE52C85CD33,1
C025-V-HO27-P-_E-003-01,SC5DE3E563E34AC6F686772A5F512BB,process,S789626C29C6E741A25E26D635E8920,3,S632F3974D51B06660B3DDEF51E5ABA,1
C025-V-HO27-P-_E-003-01,SEBD1F7E2096CC400C2DFB18A0F845C,process,SCC758E7F378265C07838305EC3557F,1,SD69B3ECDCD86CA0B8CE075BA829F9C,3
C025-V-HO27-P-_E-003-01,SF95E90766F224E34DEC97D92E021ED,process,S299DCD2C1F27DA5F5B072A8D24784E,1,SCC758E7F378265C07838305EC3557F,3
C025-V-HO27-P-_E-003-01,SD3B4448EA25ED04A3B50E59F1C6CEC,process,SBB51C58AF9D45EE9C5121D1F706A9B,2,S789626C29C6E741A25E26D635E8920,1
C025-V-HO27-P-_E-003-01,S6F0C3420BEBC1D413E307EEEBF5065,process,S632F3974D51B06660B3DDEF51E5ABA,3,S7ACF7873AB8732C641C96069A4BFFA,1
C025-V-HO27-P-_E-003-01,S59A5C1C76EB10967B999BEA041E21A,process,S3A1C509835BC21D8920AC0F67E461E,1,S299DCD2C1F27DA5F5B072A8D24784E,3
C025-V-HO27-P-_E-003-01,S9FDD8AD883944FF07755466715D13D,process,,,S9CF8EC23524FB515C021E069283F10,2
C025-V-HO27-P-_E-003-01,S43DC0F124E9EACB43F29BE7130C987,process,SF872EBAD0BEE2C5F19E0D39AEC0D96,1,SE585930580D03BF585E7555264862D,3
C025-V-HO27-P-_E-003-01,S5EB5DA94B2499A1A64AA65128ADA2B,process,S515C5DE39647516FCB4FF427166488,1,SBB51C58AF9D45EE9C5121D1F706A9B,1
C025-V-HO27-P-_E-003-01,S64BE487431825DC90B9593423B1603,process,S7ABF6F0E026A5A7948EC1BA94A886C,1,S596C9A0DE7188706A933EE38E13BFB,4
C025-V-HO27-P-_E-003-01,S1EC0B04B62A3CBA9C825A5F92266DA,process,SAE663EA5D90E7B5C083B8B54D6AAF4,1,S3A1C509835BC21D8920AC0F67E461E,3
C025-V-HO27-P-_E-003-01,SA3D14004F31D3D5169D8DDBF07B896,process,S284FEB962AAC0A8C7D93E0007DEA07,1,S6C7DECDD6E5C8FCE561AC82217C3AC,1
C025-V-HO27-P-_E-003-01,S34B7A0F73B810BFAF325E4375047AB,process,S9B77121B3FB1D281638D629F5E8449,1,S4F240FC630972710AC7EEDF715886F,1
C025-V-HO27-P-_E-003-01,S9DE013798E166B90E21F34DEE7E609,process,S56BE8E69F2810AB2547B279F915055,3,S7C9C3D06A86138401F13CCF5999037,1
C025-V-HO27-P-_E-003-01,S728913184A1793275A21957521AB5B,process,SCA6C9461A961AD54849AD12C32E461,1,S8D7D3DB7B6CCC35549E278F0A4296D,2
C025-V-HO27-P-_E-003-01,S13C5E68BF89432888F96FC0C0F0415,process,S8D7D3DB7B6CCC35549E278F0A4296D,3,S56BE8E69F2810AB2547B279F915055,1
C025-V-HO27-P-_E-003-01,SE60652301024CF7EA17C0F6FF108B4,process,S56BE8E69F2810AB2547B279F915055,2,S7CA4A501850E49445B5364BBDA7D4E,1
C025-V-HO27-P-_E-003-01,S3C74915E67C6BBC3A51143832516AA,process,SE9D0F312A44CDE0A9C46D1ED56B34F,1,SBD5495FD62DA74CC4E6F1CEECE28E9,2
C025-V-HO27-P-_E-003-01,SE99D97347FA3F2DD6D260A472009EE,process,S8D7D3DB7B6CCC35549E278F0A4296D,1,SE9D0F312A44CDE0A9C46D1ED56B34F,2
C025-V-HO27-P-_E-003-01,SE3BAF4DDE03130B206C644C95C6AA8,process,SBD5495FD62DA74CC4E6F1CEECE28E9,1,S52A1818E576C4A765D381C0AA3E3F4,1
C025-V-HO27-P-_E-003-01,S83492D0B1810CDA686E171422EA85A,process,S1E6B516FC9497A329DBA79E3FA8E91,3,S18F4A41B708AA6D1AF2B9F6B5C9FFD,1
C025-V-HO27-P-_E-003-01,SAD073C0D30CB1C7FB32AA5D4B264AE,process,SE9D0F312A44CDE0A9C46D1ED56B34F,3,S1E6B516FC9497A329DBA79E3FA8E91,1
C025-V-HO27-P-_E-003-01,S3B2625D10A9A5F6816FAFDCDDC7A0E,process,S2C935DFD93E7C0BBA443220D0F4B9C,1,S1E6B516FC9497A329DBA79E3FA8E91,2
C025-V-HO27-P-_E-003-01,S8E12512A36F55BC52D137E862A535D,process,SAFB632B79D7DF3531566AEDDBFB35D,1,S78911DB202F2589C0474E0B78AB563,1
C025-V-HO27-P-_E-003-01,SAB619C7D66BA44D2F2CF4C06516316,process,SBCE7697DA0F73B839FE4991D295C36,1,S81DDAE3BAE3BB020350AB1C083A054,1
C025-V-HO27-P-_E-003-01,SAF5B88479DE1F99AFCE7CC33F9542E,process,S3B9FCC718864F454828CA64CACFE42,1,SC5CF5E4D1A1C7E4A05E4D73ECBB646,1
C025-V-HO27-P-_E-003-01,S7AF2E2D20A54EC09911DDEFEECA4DF,process,S33D7F07409D5BC1E025018C8C639DE,1,SC5CF5E4D1A1C7E4A05E4D73ECBB646,3
C025-V-HO27-P-_E-003-01,S2BF428F82CCC28DB31FED052A1D0A6,process,SC5CF5E4D1A1C7E4A05E4D73ECBB646,2,S3C9C85F75DA273E3C201EE59395846,1
C025-V-HO27-P-_E-003-01,S13F0E35972F7BFBFA9D64921C4BC0A,process,SA649634B2A3DE835E4BB3C7A6F5439,1,SC59D3001E5462D4B7963B4D21E729C,1
C025-V-HO27-P-_E-003-01,SAD997325DE0771080B4E5047693E83,process,S26A526545FD7E30EE269DD6C7E61CB,1,SEE9A0A80611628CBD505AD666064A4,1
C025-V-HO27-P-_E-003-01,S4C25B1FC3C3E5C6F816BE798EF67EF,process,SC7BB84FA690AC9D4888BBC972FCEE9,1,S7C13101E1D8403EEA5088CDD7D54B2,1
C025-V-HO27-P-_E-003-01,S7ACB9C3B8F68CD54867CBA7F500C69,process,SF70080E77C548EE37427870BFCCD6E,1,S75FFB4DA4A747A0D8DC4154183B310,2
C025-V-HO27-P-_E-003-01,S255C93D31A36399A2EFB2BEA0ED8E1,process,S6EA43D2105BC3760D9045648539D50,1,SF70080E77C548EE37427870BFCCD6E,3
C025-V-HO27-P-_E-003-01,S73AAEB85BBC14CFC1B03A406A76DBA,process,SDF3EEEC1989A979A2ED27E36F167B5,1,S9832697BE22FB65D3247C91CF24AE5,2
C025-V-HO27-P-_E-003-01,S51D52EB30EE1FB3073AA0D33278169,process,SE11A4295EA8518C99FE3EFC18C07BE,1,S7EC7D825E6F7890F4519DE6FC3774C,1
C025-V-HO27-P-_E-003-01,SB8E6CFD36B4EAB2FF4BA272317CF55,process,S582905031148CDF518E91406705FBA,1,S313E0EF05EB27103E7D8CFD1DA182B,2
C025-V-HO27-P-_E-003-01,SBF21BFE0B5258389879EE75EE4BCE2,process,S5863ADCFB18A618F2C76F0723B92F8,1,S582905031148CDF518E91406705FBA,2
C025-V-HO27-P-_E-003-01,SE15EF053D9311E6AB45EFD3B87BC8D,process,S738DE6BA5147B717C234039876D1F4,1,S9832697BE22FB65D3247C91CF24AE5,3
C025-V-HO27-P-_E-003-01,S806000E4D17DE9AE5B8256B70FDDE0,process,S9832697BE22FB65D3247C91CF24AE5,1,S513D7EABCEC0EEFF5006FE9CE11A8F,3
C025-V-HO27-P-_E-003-01,SF4C6DD60774C0E919B95564EE97226,process,S513D7EABCEC0EEFF5006FE9CE11A8F,1,SBEED50D5AC28AF22B95A99C1E10311,2
C025-V-HO27-P-_E-003-01,SCFE8679747B5BD4D2139CFC3924DAA,process,S74F848FB8C7C57F497CD8774EEF681,1,S513D7EABCEC0EEFF5006FE9CE11A8F,2
C025-V-HO27-P-_E-003-01,SB83FA51015D74D5E4EF9B54F969554,process,SBF5820472898317DB9EE01B7D6785D,1,SF70080E77C548EE37427870BFCCD6E,2
C025-V-HO27-P-_E-003-01,SF160C1A649452546F812412BBF3013,process,S124E40A9916E07925537FA2AEDB564,1,S75FFB4DA4A747A0D8DC4154183B310,3
C025-V-HO27-P-_E-003-01,SE97F05A032B5604E7C170C59C5F019,process,S313E0EF05EB27103E7D8CFD1DA182B,1,S7EC7D825E6F7890F4519DE6FC3774C,2
C025-V-HO27-P-_E-003-01,S5BD2D7A8FE706DCF5014A0D6EB3E08,process,S7EC7D825E6F7890F4519DE6FC3774C,3,S815482D3163A3068ACEF19EB1672E8,1
C025-V-HO27-P-_E-003-01,SD90B060DCE899041BC3AA0CFF69B8B,process,SBEED50D5AC28AF22B95A99C1E10311,1,S313E0EF05EB27103E7D8CFD1DA182B,3
C025-V-HO27-P-_E-003-01,S8D29DCD4F283D8E71F08BD849AF0CE,process,S75FFB4DA4A747A0D8DC4154183B310,1,SBEED50D5AC28AF22B95A99C1E10311,3
C025-V-HO27-P-_E-003-01,SFD8E24E2B910FCDA901DCD3FA7ABE9,process,SA235DB9DE449DEE69F56131F49D88B,1,SA77999D67F3CE094480AF14B7EC22D,1
C025-V-HO27-P-_E-003-01,S423CDB55B53DB6DB72B91B39E3144C,process,SA77999D67F3CE094480AF14B7EC22D,2,S2B453D457E5CE0BFECBFD39D7D9EF3,1
C025-V-HO27-P-_E-003-01,S6E403338F5542588FB3D60D7E255C4,process,S21AA6A476D9010E283304BE1BB8157,1,S95B89F2201642561989D0CDC72EB83,1
C025-V-HO27-P-_E-003-01,SFA3250167043B5CCCC98B9169556D8,process,S5894E50C648D37A69A4881341C59E4,1,S95B89F2201642561989D0CDC72EB83,2
C025-V-HO27-P-_E-003-01,S4A090E8D6F2A89FA3AC5BECED5DA39,process,S95B89F2201642561989D0CDC72EB83,3,SEA2561CF5738CEDFAC0657D3982C1F,1
C025-V-HO27-P-_E-003-01,S388BC0D56058C307F15652C2AF1F58,process,S3CB3E809A88197ABC40567B8641ACA,1,S139F6757A4FDE2BC2C4614A9D1C9F1,1
C025-V-HO27-P-_E-003-01,S3F96EFF34CEF2ECF3A9AF2C886D712,process,S9069093F51EC3F1AC887AC1FA29D91,1,SCFA034503A5F88AB4E380BF8C33C1E,1
C025-V-HO27-P-_E-003-01,S64423182C7C8A01AE38E239C8D11B9,process,SC0BAD89C1443FE2EB8E56C12AE5056,1,S9CCA9E4CDF0C69813ACAC46795633A,1
C025-V-HO27-P-_E-003-01,SFED9B1651BC9DA1AC828DA2E565EE3,process,S4DB384915DB02150D162ABB2D3EDD4,3,S7174D5FD682CB11719F71CA0AEEC9E,1
C025-V-HO27-P-_E-003-01,SD704C7D32CE5DF77F5B81B40EE8255,process,S21EA29F49E61CD1D2F53F82B93C141,1,S4DB384915DB02150D162ABB2D3EDD4,1
C025-V-HO27-P-_E-003-01,SCC54C862667090503994FD43D6CD90,process,S4DB384915DB02150D162ABB2D3EDD4,2,S2B263CB44D84F90DF80CC26574F51E,1
C025-V-HO27-P-_E-003-01,SB46CB95CAEDFA59F0C0389036144CB,process,S259D8C8805E690A31A5423526FDAC5,2,S11E191940294384EA1ECD9818FEB19,1
C025-V-HO27-P-_E-003-01,SDAA7027EB8D8C1B53362E90B5EBC86,process,S3A20054CD18E6467C4EC0C97859955,3,S259D8C8805E690A31A5423526FDAC5,1
C025-V-HO27-P-_E-003-01,S8CEE38B4B36FA045F7A308270B24E4,process,S3A20054CD18E6467C4EC0C97859955,1,S6AC38DC7D2816B9B510DC2D3363EA2,2
C025-V-HO27-P-_E-003-01,S8E7A159EFAC127E9476128FFA741B0,process,S186E6DAFDA90B07FF6026CB1A717F6,1,S7BAEDC8D2A0C51CD50E10B5123FE5A,2
C025-V-HO27-P-_E-003-01,S30FB4154703385498964E3EBC47954,process,S7BAEDC8D2A0C51CD50E10B5123FE5A,1,S3A20054CD18E6467C4EC0C97859955,2
C025-V-HO27-P-_E-003-01,S17DF4D96DBB3B9BEC32B6EA2B3A580,process,S740E44E9FD8E8268565079404B2A5B,1,S6AC38DC7D2816B9B510DC2D3363EA2,3
C025-V-HO27-P-_E-003-01,SA5BFB0304A1BA019BD11C0061E5259,process,S6AC38DC7D2816B9B510DC2D3363EA2,1,S3F48B44C28BF553DEB2090CB2133D7,1
C025-V-HO27-P-_E-003-01,S60EBE40493068BCCAD67FD5E4FED82,process,S260450B9D0629FD55FA2945E152130,1,SCEB0ACE50A5B10657C580898ED58A6,3
C025-V-HO27-P-_E-003-01,S8C85A0E132994D8180C5B20BD177BD,process,SCEB0ACE50A5B10657C580898ED58A6,1,S723CFDA3FA80EE6C2C26685267FE9F,1
C025-V-HO27-P-_E-003-01,SE62BE99DFF74C20AF3EC510B378CA9,process,S6AB14DB47B333893B4A57B51C5593F,2,S5186E53B24B363B61229A73EF72FFE,1
C025-V-HO27-P-_E-003-01,S5EF633D4D84B17195CE7E943E629AA,process,SCEB0ACE50A5B10657C580898ED58A6,2,S6AB14DB47B333893B4A57B51C5593F,1
C025-V-HO27-P-_E-003-01,S1486F2ECC5E85575B017E4B143B4E5,process,S21BFB7A65C106E1EAF8A8C96F2D696,1,SE0A7C8711516069B4D94356FF2DF32,1
C025-V-HO27-P-_E-003-01,SCA334BE1EBCB61573511A2E1A89402,process,S9738CA579AE30FB1C9BB8F757F8D02,1,S3AD78E91D765240C06377B143EB491,1
C025-V-HO27-P-_E-003-01,S595C3807641EA0211E8DBD4172AA2D,process,S912363DE1AF41CA71504EC8D854DF4,1,S9738CA579AE30FB1C9BB8F757F8D02,2
C025-V-HO27-P-_E-003-01,S151074DA6ED8EF5D246D97F5264ABA,process,SBFEFE9C550B3F094FBA1EB8560A7E1,1,S4A803445ADA0C1CA197777EC77AB9E,1
C025-V-HO27-P-_E-003-01,SF3F4B7A3663E4B0A94621F392AC954,process,S1AC78CE9A3878F57D55A50F0BE8D75,1,S2BA5BF2BCC45D9754E81FB05A45866,1
C025-V-HO27-P-_E-003-01,S928996146EF5D5D8F4E387EF80F02F,process,S6B2A7C2AE39FE7E69C630289A689C1,1,S1AC78CE9A3878F57D55A50F0BE8D75,2
C025-V-HO27-P-_E-003-01,S9C6CDAF13B8E88A9FEE3289ECD66C3,process,S8BBA0E1A691AC9DE8BA2472DCC5EE3,2,S3FD7B54FF45A44CD55AA38EB2A1905,1
C025-V-HO27-P-_E-003-01,S6734E7522723EEEA3D9EC73685312F,process,S8BBA0E1A691AC9DE8BA2472DCC5EE3,1,S941C10EAD3363167C6947011F0A1B5,1
C025-V-HO27-P-_E-003-01,S2E06B0BAB2BABBE8F65A610D67589A,process,SAE249221ED83F486CFC64792163161,1,S8BBA0E1A691AC9DE8BA2472DCC5EE3,3
C025-V-HO27-P-_E-003-01,SF095B2A2605FE01EB7DB0D6B81FEE4,process,S6209A7B9416EB11B0D86B7BDA675F4,1,SDD133FE41CD62C5CEEAC47E6AAD65C,1
C025-V-HO45-P-_F-001-01,S88AA17E2B98E1A6117015D015E2BF5,signal,SA16BEA2893FE61C03D0B13DA6C7EBC,1,,
C025-V-HO45-P-_F-001-01,SBE7C472A7AA370A7D1CECAD1E9CB38,signal,S974675BAEEEB8F0AB5BB92C6A0801A,1,SCC50952E2118FD5CD34242089D7C1F,2
C025-V-HO45-P-_F-001-01,SB47BE50CF38AEE4FEF1B0E5D68E6B6,signal,SEC917559A85F38D8D39F2FB6BB616E,1,,
C025-V-HO45-P-_F-001-01,S95B0214B9FE5E604A27B017BF282E2,signal,SCE927DF262D526514486257B0A9524,1,SABDE72A901660D9D89351910FDA4D3,2
C025-V-HO45-P-_F-001-01,SB0ABEB6E55C8409719C77E6C8B6597,signal,S974675BAEEEB8F0AB5BB92C6A0801A,2,,
C025-V-HO45-P-_F-001-01,S39CD913A8D6B2F096202FB420F7D16,signal,SEC917559A85F38D8D39F2FB6BB616E,2,S221082B5160905259B3B5F38B32F1E,2
C025-V-HO45-P-_F-001-01,S5AE2704B1FD74E733CDB0E2934A0F4,process,SD098F6F68586992F1D90144B4C164D,1,S5742D65BA48D747E18968BE32A33D2,2
C025-V-HO45-P-_F-001-01,S138EA39ABF7CE7441C97F4D5779421,process,S5742D65BA48D747E18968BE32A33D2,1,SF7E4BC49FA690564CD7CB426522BFB,1
C025-V-HO45-P-_F-001-01,SC4F38EBC51F23F2986B698F2B35828,process,S2DEE215DD7F19DBE72BF75B98A371D,1,S5742D65BA48D747E18968BE32A33D2,3
C025-V-HO45-P-_F-001-01,S3286DE0188C158FF0E319F6141626E,process,SF4470797A82D373BEEF833492F5DD5,1,S9B249F251DD4B367F0FD06F2B275C4,1
C025-V-HO45-P-_F-001-01,S190C42B0105F3EF70A8B724733D648,process,S3E1DEC0113B74C8164055C7B02D7FC,2,SC99A6781FF6CE67AAB3ECB432BD20B,1
C025-V-HO45-P-_F-001-01,S4CC135A0779853B562028A1B96FBB2,process,S43B18F06B9242BAA40D6FEB25750AD,1,S43280B247D3F337F28FBF51E8D56FD,1
C025-V-HO45-P-_F-001-01,S5CB9FEAEE6DE31928D5E08C5611944,process,SE3728E5778319305CFF6FD42E43332,1,S2D56A51C02312F9366DF32945F9557,1
C025-V-HO45-P-_F-001-01,S5C2FC6331494CCE01F295A97B9B6E2,process,S2BE11F662F06137B9E9977795B3598,3,S6E1D862E05F290FDDD38D2A660197B,1
C025-V-HO45-P-_F-001-01,SFD20A08DDADC2A87EEC25F88400768,process,SE82C1B4C55438A83A4F3BFE1B36122,1,S2BE11F662F06137B9E9977795B3598,2
C025-V-HO45-P-_F-001-01,S51EB651C8E833ECD332DC042C5D22A,process,S12BCEB84C1FE663AA758E0AE0FEE30,1,S2BE11F662F06137B9E9977795B3598,1
C025-V-HO45-P-_F-001-01,SE5C813EF729D9F08F5E2C106410475,process,S1CE0E5E212516A8AEDB6686B637A24,1,S36E5D7F87809DA36ECBB2DE3C73FF8,2
C025-V-HO45-P-_F-001-01,S3FFD7E74E008C41CF28DC69CECA8D0,process,S36E5D7F87809DA36ECBB2DE3C73FF8,1,S4213567C976E1B9C9973CFB970B6ED,2
C025-V-HO45-P-_F-001-01,S35A2CD087BD4CD25D4B5638D345A2D,process,SFFB8A1DE6E21CD594DBE617CCE5D32,1,S5B504DBFD24D72538150D054BF7BD0,2
C025-V-HO45-P-_F-001-01,S3B5EC1391DAA9151D3F9E468A3B49F,process,S8D3F28F3B997AD380AC48BBEEEE436,1,SFFB8A1DE6E21CD594DBE617CCE5D32,2
C025-V-HO45-P-_F-001-01,SB3099988DF16EDE9C7E80F565C09FC,process,S4213567C976E1B9C9973CFB970B6ED,1,S5B504DBFD24D72538150D054BF7BD0,3
C025-V-HO45-P-_F-001-01,SD2506FDCA2D9868345B291E5CA0898,process,S85B850EA4F9C2CF81D1B6B1BD6FB7C,2,S82962E0DB55CE47430880E2C366AD9,1
C025-V-HO45-P-_F-001-01,SCF4F622BE5A5FFC897D6606FD74D74,process,S3C285E72E7ECE436006A0E659E8AF7,1,S4213567C976E1B9C9973CFB970B6ED,3
C025-V-HO45-P-_F-001-01,S9924D5D6E3772275F9F89C3E81764C,process,S3C285E72E7ECE436006A0E659E8AF7,2,S85B850EA4F9C2CF81D1B6B1BD6FB7C,1
C025-V-HO45-P-_F-001-01,S2BA7C9E2C4662151D1406BFFFCE9B7,process,S5E31F1C2500BBD89652F8875BD0911,1,S3C285E72E7ECE436006A0E659E8AF7,3
C025-V-HO45-P-_F-001-01,SEB2DF38D6E9D62FF0B5D6485788927,process,S5B504DBFD24D72538150D054BF7BD0,1,S431416D43FA1469DC16DB64CABA513,2
C025-V-HO45-P-_F-001-01,S814F4040394EF798426615F1998EB9,process,S431416D43FA1469DC16DB64CABA513,1,S84D2CA92B86D295D13866CF40E5A9A,1
C025-V-HO45-P-_F-001-01,S381E510E5C67FDF6FDE909833FF0EA,process,S2F07E816552FBC6C0084C7EE48EEA4,1,S431416D43FA1469DC16DB64CABA513,3
C025-V-HO45-P-_F-001-01,S2BEB7E5F137689D7104FBE1540671F,process,SA16BEA2893FE61C03D0B13DA6C7EBC,2,SCE927DF262D526514486257B0A9524,2
C025-V-HO45-P-_F-001-01,S6EFE4EAD1ADB57829CDF01C5934A70,process,S331DD93478BF0E2F11ED92D137776F,1,SCA69D9C073DC13943377416C5E61BA,1
C025-V-HO45-P-_F-001-01,SDBD5706F0E50AC5012A6DD634AD15E,process,S5541A16B8BDD10386A3039D003EF79,1,S988B9C146358C2B3AC78EFED7BF9D0,2
C025-V-HO45-P-_F-001-01,S5087302C87D3D9F3F57F6E29091150,process,S988B9C146358C2B3AC78EFED7BF9D0,3,S4F8C6690B9F18DD6BF3FAA7C88EA45,1
C025-V-HO45-P-_F-001-01,SBE1B03660230DDAEEB387C973471D7,process,S6E88CD6716B648F5D7DDD062C2EBF0,2,S988B9C146358C2B3AC78EFED7BF9D0,1
C025-V-HO45-P-_F-001-01,S2387FA13FBC5F6F6F8C6597AA50F63,process,S96374EAB1E601708A1294A801A3325,1,SB8652C2B6510264DF48F785AD7E66C,2
C025-V-HO45-P-_F-001-01,SF11AB25AB69DEDCA9111E6A4E6FEAA,process,SB8ED6C84E5D5FFAC3B056365A19176,1,S96374EAB1E601708A1294A801A3325,3
C025-V-HO45-P-_F-001-01,S7BA00A1BC43073E172C14756910DBF,process,S8F28F9FCC9967AEB2AE9946644182E,3,S3BFC06126A595597BC94CEFCD02268,1
C025-V-HO45-P-_F-001-01,SF508F165E6E7A38B92BE719A6394EA,process,S8F28F9FCC9967AEB2AE9946644182E,2,S70DB8BE98B752EF73AEF65388FFF95,2
C025-V-HO45-P-_F-001-01,S767B624257DCF45C20C4B744BDD239,process,S3BFC06126A595597BC94CEFCD02268,3,SBAB5C81E3E8DB7859A0C415583BB0A,1
C025-V-HO45-P-_F-001-01,S37968C4F40BE28A912C596B4A22FF3,process,SB8652C2B6510264DF48F785AD7E66C,3,S8F28F9FCC9967AEB2AE9946644182E,1
C025-V-HO45-P-_F-001-01,S9F5A61E4C0252718B4673D875EE36A,process,SA46A6C3009E355FF98A8E43C9A4D13,1,SB8ED6C84E5D5FFAC3B056365A19176,2
C025-V-HO45-P-_F-001-01,SA24699959E89AA99092C556517C0D2,process,S93F04E4570903A1525E6FD3173FF29,1,SA46A6C3009E355FF98A8E43C9A4D13,2
C025-V-HO45-P-_F-001-01,S9DF90E46BE73AD439A7AFD30507F96,process,SB788446E1920790ABA1D3F49E27527,1,SB8ED6C84E5D5FFAC3B056365A19176,3
C025-V-HO45-P-_F-001-01,SFE9D1E77CC95FDF4D64B61047270EE,process,S38BEDC3B5FBE07E0B484BBDC392E40,1,S61C3BA4E27D5E522857C64608BB076,1
C025-V-HO45-P-_F-001-01,S2630BA1F1B99C00B1F7FC2308B2A23,process,S3BFC06126A595597BC94CEFCD02268,2,S9F681E84F871110B310DED6527D5DF,1
C025-V-HO45-P-_F-001-01,S201B25F2FD0400E37E6B077FB2BE20,process,S9F681E84F871110B310DED6527D5DF,2,S38BEDC3B5FBE07E0B484BBDC392E40,2
C025-V-HO45-P-_F-001-01,SA069B4B93FBB2570F248F9D2DE5880,process,S5541A16B8BDD10386A3039D003EF79,3,SFEA9BA8C42DD8164CFA9416DE27697,1
C025-V-HO45-P-_F-001-01,SC2DC27102F7307CC764F72705F74BE,process,SEDB0A1BEE5C72028BC4369ECB35570,1,S5541A16B8BDD10386A3039D003EF79,2
C025-V-HO45-P-_F-001-01,S7692C4A750922B10AAC7BA33408761,process,S10BE948B001197031D9F8A2155A344,2,S4FD9FEDB5B2E7E7F3B9B6FB21DCDE5,1
C025-V-HO45-P-_F-001-01,SDBBE0634064C4EF9B2553B980AB3BA,process,SFEA9BA8C42DD8164CFA9416DE27697,2,S10BE948B001197031D9F8A2155A344,1
C025-V-HO45-P-_F-001-01,S9FF2F018032727CCEB52CD8E1735FE,process,S10BE948B001197031D9F8A2155A344,3,SB8652C2B6510264DF48F785AD7E66C,1
C025-V-HO45-P-_F-001-01,S282C669B6C86338631F117ECBC1514,process,S96374EAB1E601708A1294A801A3325,2,S81199A46FE0288EC101F64D518FCB5,3
C025-V-HO45-P-_F-001-01,S9641A7FC4D5418623F370801B40557,process,S771B22C3699397BE025B9DB283FE3B,1,S81199A46FE0288EC101F64D518FCB5,1
C025-V-HO45-P-_F-001-01,SB560D61BEAEAFEF905B99DEB19BBBF,process,S6E88CD6716B648F5D7DDD062C2EBF0,3,S1190CBF8773B777E8C498E56BFBE7F,1
C025-V-HO45-P-_F-001-01,S134371136B69A566F0010DF6AFFB7D,process,S1A6D89B95781EAEA2A05481B82AEA8,2,S6E88CD6716B648F5D7DDD062C2EBF0,1
C025-V-HO45-P-_F-001-01,S89B29EABBE12A3FF0F420F0615788F,process,S81199A46FE0288EC101F64D518FCB5,2,S1A6D89B95781EAEA2A05481B82AEA8,1
C025-V-HO45-P-_F-001-01,SB44E35E50AC21309488546F86B1F93,process,SA615A01D238A68D2B736C9887B1C50,1,S9D772C108B3177791E85F370D1ABB1,1
C025-V-HO45-P-_F-001-01,SA4BC8DC0C241812975D78FECBDE44D,process,S9D772C108B3177791E85F370D1ABB1,2,S30101F540A29D1E12B58625398E0C4,1
C025-V-HO45-P-_F-001-01,SFE26FE70DFD9495F0D76D53E30F82F,process,S30101F540A29D1E12B58625398E0C4,3,S92FFCFB6E035355A85F2D1A59ED255,1
C025-V-HO45-P-_F-001-01,S632F1F17BFEF175C48F1FF6AE262A3,process,S1A8DC3512FB66F333F30CFEE6259A9,1,S49EF424CE2F0BD1EBD3CFE45BA5269,2
C025-V-HO45-P-_F-001-01,S8F551652F270ECD01675A64D297047,process,S49EF424CE2F0BD1EBD3CFE45BA5269,1,S30101F540A29D1E12B58625398E0C4,2
C025-V-HO45-P-_F-001-01,SEE11A019DCC1B53DEC833A6FBB268D,process,SCFFE35F813D94023A0B2FB7674A137,1,S86111185659E5C7E2E849622B26091,1
C025-V-HO45-P-_F-001-01,S9483982A605435F2BA804300D51ACD,process,SA489A5E7DC7E223922888D0B239235,2,SC8CB766D44FDB670D8A5001A3007CA,1
C025-V-HO45-P-_F-001-01,S73FF3AAF6492F583FCA3016E6DBDBB,process,SC8CB766D44FDB670D8A5001A3007CA,2,SC838D87E43C978A184D18DDB621A63,1
C025-V-HO45-P-_F-001-01,S24B439235B7985DF73AB5C22720B17,process,SC8CB766D44FDB670D8A5001A3007CA,3,SDFEB36C398BBFA45D298A25A882E36,1
C025-V-HO45-P-_F-001-01,SA6DB43F0D50E7F59CA0DC0D84A88F6,process,S764F0836D476EBB7C23DCE39E0A96F,1,S5D7E7AEF5DD4A244C3D8818AF3F8B9,2
C025-V-HO45-P-_F-001-01,S7716D703A1A12D2B9CC3D1C2096A15,process,SA9F3CA6F584C938C88BBAC7FA19B14,1,S764F0836D476EBB7C23DCE39E0A96F,3
C025-V-HO45-P-_F-001-01,S991CC2987DA34FA32E65D916EB119E,process,S3067018AFA8B84C47075883E15E2DA,1,S2F48747C2909C443E62537D90AF0DE,2
C025-V-HO45-P-_F-001-01,SC77B8ED9324B4E64CFDB1036060B96,process,,,,
C025-V-HO45-P-_F-001-01,SD2D6BDEC759E1E758E947CF1C52F9A,process,SC4A5418B5886D4745342A4642EFCB2,1,SA9F3CA6F584C938C88BBAC7FA19B14,2
C025-V-HO45-P-_F-001-01,S28FADBB4436F3000E70AB08F50B2FA,process,S3067018AFA8B84C47075883E15E2DA,2,SC4605B013A9DB91DB509F91DBA385D,1
C025-V-HO45-P-_F-001-01,SFDA2362C303749A3C35860370E14D0,process,S2F48747C2909C443E62537D90AF0DE,1,S7554CF43EE3ACE352B12C7B367E720,2
C025-V-HO45-P-_F-001-01,S840710A6C1B1ADB37AC5B1EB7F20C9,process,S764F0836D476EBB7C23DCE39E0A96F,2,S3DDF76E585BCDAE348C33C4FC42C7E,1
C025-V-HO45-P-_F-001-01,S39E335B119A837D7405373FAF0F7FB,process,S5D7E7AEF5DD4A244C3D8818AF3F8B9,3,S3067018AFA8B84C47075883E15E2DA,3
C025-V-HO45-P-_F-001-01,SC371BEC257CC6BB5C6E5F6324CECAF,process,S5D7E7AEF5DD4A244C3D8818AF3F8B9,1,S6525B6D91310B7BB7048A1452E52A0,1
C025-V-HO45-P-_F-001-01,S7F40DA026C0018FB55982723FF4EEE,process,S7554CF43EE3ACE352B12C7B367E720,1,SACEDF50DCC683C5F015688205F1C17,2
C025-V-HO45-P-_F-001-01,SFF2260FE6DEE4D45F408790821B59A,process,S3EE24AE5C5D3D811E0AE4247E20764,1,S77FAF3C7461D4842B44F94F571C590,2
C025-V-HO45-P-_F-001-01,SC1A49B1FB73774B31F1F5351838218,process,SD549B23A146ADCBE82ADD468BCF194,2,S7AE9240C31F165C3214D49243FC374,1
C025-V-HO45-P-_F-001-01,S492F730A36EC93C3052C5BAA73A5ED,process,S3C1045D61896397E0E3FF285D70620,1,SC4A5418B5886D4745342A4642EFCB2,2
C025-V-HO45-P-_F-001-01,SDE14A695120FB2E04DCFE885BF6C0B,process,SD549B23A146ADCBE82ADD468BCF194,1,SA489A5E7DC7E223922888D0B239235,3
C025-V-HO45-P-_F-001-01,SB45D5125C9FC62701ECE490897090A,process,SACEDF50DCC683C5F015688205F1C17,1,SD549B23A146ADCBE82ADD468BCF194,3
C025-V-HO45-P-_F-001-01,S5658F8609DFDA24C00A2CEC88CA96B,process,SA489A5E7DC7E223922888D0B239235,1,S77FAF3C7461D4842B44F94F571C590,3
C025-V-HO45-P-_F-001-01,S9235931680878D623544FDE8B1D2AF,process,S77FAF3C7461D4842B44F94F571C590,1,S3C1045D61896397E0E3FF285D70620,2
C025-V-HO45-P-_F-001-01,S92F9D025877B99B85EF02AB34D3E8F,process,S885C15DA3742A294E167BEC2348058,2,SCAA9394EB9B508439ACB21E7FF19F4,1
C025-V-HO45-P-_F-001-01,S35AB32A53588F801197C1EDF5EAAF3,process,S1EECFBC2B07827C26206025B1DCC60,1,S1E2C8E23B5225B999CC5ACE68799D9,2
C025-V-HO45-P-_F-001-01,SC00EC5E347B6CB61D06C881A772DB6,signal,S382C4E94322CB7562C34F6E355ADFD,1,SF41C7FCCF1B36AF35F4D4AAAFA7E43,1
C025-V-HO45-P-_F-001-01,S4566C0D0E574FEEA532183EFC1A088,signal,S72DE084A4FB3329371902F4057133C,1,SC93FB02B79962043CAEA5FFE6395F9,2
C025-V-HO45-P-_F-001-01,S1102A1A5BE7C40F5931FD83342505A,signal,S521E180F84011A53E4246AB74DD449,2,S94FD0D3BD0EFE185CD7D0E9CAEEB49,1
C025-V-HO45-P-_F-001-01,SDBC861E3D2C91889582934C31E3041,signal,S8E46A79DF74584DCED7ED53701D038,1,S4387259AFAD6576A1D1A8553CCD21A,1
C025-V-HO45-P-_F-001-01,SB59720D7339165B90ABA2D459C8023,signal,SF6B76484F2598BD1FCC1D17823AB76,1,SA75B26A9AE2AFC3297CBB5B3EB2739,1
C025-V-HO45-P-_F-001-01,S3B8EB2B9D41D984E0812A66FE8F2E1,signal,SA81900CD341B510B5466D885A9E73F,1,SFF7C0DBA23816CC6C4D3A15054ABF1,1
C025-V-HO45-P-_F-001-01,SE898E07119AB6CDEC19110B0343183,signal,S5E312D5AA25D82205D45A186284E4B,1,SE5DFB1977E9C62F79CF6C4519A28C8,1
C025-V-HO45-P-_F-001-01,SC350F6821645B87021E070B01162C3,signal,SBF2CE4B15E3CA0C68084C78A125DC5,1,S7FE9F669A29BB1086112DF35A58ADB,1
C025-V-HO45-P-_F-001-01,S5C782A469C9747A75B5D3E41E300AF,signal,S68D5762C0ECD12FB3F7B339E4DFDCE,1,S74C16C9BBADC03A84241D7EA3A62F2,2
C025-V-HO45-P-_F-001-01,SF47C2FE6260AD2911E0BB8FDA00A0D,signal,SE28ADAC4FBEBE2E13923726B6FA600,1,SBFD3E02B849EA4233117F7F59CC8D5,1
C025-V-HO45-P-_F-001-01,S4914C0DD0BDB44E26C42E5AF54DEB0,signal,SB309EE7AC83E92EBBDB4FDE7F4EEE7,1,S86BF78DCB699741F7144582B5CAC7B,1
C025-V-HO45-P-_F-001-01,SFE1DDF935668710202EE4239983B5D,signal,S86BF78DCB699741F7144582B5CAC7B,2,S221082B5160905259B3B5F38B32F1E,1
C025-V-HO45-P-_F-001-01,SFD33F6AF22CB1BD54EA4A6ADA948EB,signal,S521E180F84011A53E4246AB74DD449,1,SCC50952E2118FD5CD34242089D7C1F,1
C025-V-HO45-P-_F-001-01,SA33A74032AB5D1409D0CCF49BD4DDD,signal,S3E1DEC0113B74C8164055C7B02D7FC,1,SA7A8F8153A52C10BA92BD441A353B5,1
C025-V-HO45-P-_F-001-01,S73CED2098B7BC609CA4C8BBCBA5276,signal,S70DB8BE98B752EF73AEF65388FFF95,1,SA7A8F8153A52C10BA92BD441A353B5,2
C025-V-HO45-P-_F-001-01,S19AC9EA70AB326B47C768F0D8923C1,signal,SC93FB02B79962043CAEA5FFE6395F9,1,SABDE72A901660D9D89351910FDA4D3,1
C025-V-HO45-P-_F-001-01,S946D678AD05EC3CE7CF9A115A80D5D,signal,SD99397D8ED064E3C54FD387E1930F8,1,S34F787BCA92CCD4C4248680803757E,1
C025-V-HO45-P-_F-001-01,S5CC4F3B131C563872635FE32031100,signal,S72461AD8057DB4C2438FEDFD305DF3,1,S8E2F026CCD456870117A12BB356CFE,1
C025-V-HO45-P-_F-001-01,S4633129DE2C2DDAAB05DCF3885EE17,signal,S885C15DA3742A294E167BEC2348058,1,S3C70DB43F57D937CA1706DEDFD9A14,1
C025-V-HO45-P-_F-001-01,S44BDF08AC08DE46AF8C3A4C8086F1D,signal,S1E2C8E23B5225B999CC5ACE68799D9,1,S82A3F350D53781F68533318D577D05,1
C025-V-HO45-P-_F-001-01,S485764579859B5E1F3C48CF2BF5F16,signal,S222A5041AE80A24EEC16D10303BA80,1,S7D067F07A02A7B04ECAF3506DDD6FF,1
C025-V-HO45-P-_F-001-01,S155112004A5C1D967E577ED7F54273,signal,S7D067F07A02A7B04ECAF3506DDD6FF,2,SFE3B5F1C2F8EBB24C1FF447F102529,1
C025-V-HO45-P-_F-001-01,S6E3DB2105A1087EE0DB8A90365C9DC,signal,S5E2FDFF90AB991BB45DBE0BD5E1177,1,S7D067F07A02A7B04ECAF3506DDD6FF,3
C025-V-HO45-P-_F-001-01,S72C99EC13327F3050773FB1F9874CE,signal,SD2B2A92F70BAE0D4260854794CCF50,1,S74C16C9BBADC03A84241D7EA3A62F2,1
C025-V-HO45-P-_F-001-01,S19D533E16A6A16984312E165A8EA4A,signal,SBE3C30E5083FCF0560A16129AE73F6,1,S74C16C9BBADC03A84241D7EA3A62F2,3
C025-V-HO63-P-_U-001-01,SAD5CC4AE9493508DBFEF6BBD558F95,process,SC0323843A89E32FB61529ECD746EDC,1,SDBB0C5323DE30001F5E75BF612396B,1
C025-V-HO63-P-_U-001-01,S117669ED34DAA187A1BF53CA4A1CE7,process,S64167975B11179350CAA0EF9D35B1C,1,SAEBF78C86E0CEAACB3529654566890,2
C025-V-HO63-P-_U-001-01,SE622577369FD246BDCACDDDAD064F6,process,SAEBF78C86E0CEAACB3529654566890,1,SC0323843A89E32FB61529ECD746EDC,2
C025-V-HO63-P-_U-001-01,S502964C8A06023DBBB3E4738CAA752,process,SD4A0D33716A97BD5BBC036859F0AAD,1,S7C4D504E045C56B3AD5A0DE8D3579D,2
C025-V-HO63-P-_U-001-01,S79F46731CC5B96E52562C921F58643,process,S8C3FA1325CF38B7FE129368819CF3A,3,SBAC5C285A9DAAB387FF64F26F5E4BA,1
C025-V-HO63-P-_U-001-01,S6131D6D26B13FAB3EB7275E7C94800,process,SBAC5C285A9DAAB387FF64F26F5E4BA,3,S4709F9C05909B055A9311E0AF3D36C,1
C025-V-HO63-P-_U-001-01,S818A536A2DF2BDEF2194EC99DAF904,process,S7042A3E1EEE528418BA0FFB943B7FC,1,S8C3FA1325CF38B7FE129368819CF3A,2
C025-V-HO63-P-_U-001-01,S4B84EB8FF11A8286B2A1AAF6092C7C,process,S326A4CC431782101DA6A869B1EEAEC,3,S8C3FA1325CF38B7FE129368819CF3A,1
C025-V-HO63-P-_U-001-01,S1A98482E530376D6487F7AAF91D93E,process,S39677D52BDB30B7852B1855768116E,1,SBAC5C285A9DAAB387FF64F26F5E4BA,2
C025-V-HO63-P-_U-001-01,SEF471121166B612E17F92337042E70,process,S404767D9FD13DEF634E4E7D67F2E75,1,SD0FF799E2A241A78D1EA5456747200,2
C025-V-HO63-P-_U-001-01,S2BABF3EAB246C198BC925AB61E33E0,process,SD69F9D54E4E6C260F6FF51EBA7E7FE,1,S404767D9FD13DEF634E4E7D67F2E75,2
C025-V-HO63-P-_U-001-01,S6829B406B26DB7617CAE9A182A5983,process,SF4113BD5415CDCDFBA08FA9590B0B4,1,S79532C349EA4CB3862E933D395B6BE,2
C025-V-HO63-P-_U-001-01,SA84751A274BD31DFED1DC1FC675295,process,S79532C349EA4CB3862E933D395B6BE,1,S404767D9FD13DEF634E4E7D67F2E75,3
C025-V-HO63-P-_U-001-01,S8A24CD92A12C0FA94F8CDD05C96604,process,S10B3CF3ADE364C280CA49AF6394940,1,S79532C349EA4CB3862E933D395B6BE,3
C025-V-HO63-P-_U-001-01,SB2DF755CDA5CD2EAB46793E02E4746,process,S338952A0707E56497D55B1F44DF64F,2,S33FA6B1FD9888E1BDDFC8667C4A4E7,1
C025-V-HO63-P-_U-001-01,S886074ECECA9A5B5F1267D610884F7,process,S424C62E5F42DE045D46ECE938C34D8,1,SAED87A5286B14A02CFED9FFBCB2A97,1
C025-V-HO63-P-_U-001-01,SEFF25B1F31FECC09DE89474025B7F8,process,SB320B134F362926FEDD52E6DD18522,1,SA117605DE3F5952C07DF5DDA4DA2E5,2
C025-V-HO63-P-_U-001-01,SDBC583AFBDE292258626A990527B3D,process,SD0FF799E2A241A78D1EA5456747200,1,SBB1157150C345E42951589DCB3658C,3
C025-V-HO63-P-_U-001-01,SE76974120F1EAA57C036400BF3007C,process,S24B4A55A69763217129F3DAB273F5A,2,S7251FC4BF312C93086A23C4703A958,1
C025-V-HO63-P-_U-001-01,SBE75582E03493735156797DAA05928,process,SA3DCBD1B8AF2E37D837C93DF097A91,3,S24B4A55A69763217129F3DAB273F5A,1
C025-V-HO63-P-_U-001-01,S4591CCAC974F3E3325727195D14744,process,SA117605DE3F5952C07DF5DDA4DA2E5,3,SC1A47D810BDA592724451B723E5509,1
C025-V-HO63-P-_U-001-01,S86598EAA25100CB2A50F94147BBDC9,process,S24B4A55A69763217129F3DAB273F5A,3,S326A4CC431782101DA6A869B1EEAEC,1
C025-V-HO63-P-_U-001-01,SE001C9A4C2488AE577FD824694F0EF,process,S7C4D504E045C56B3AD5A0DE8D3579D,3,SA117605DE3F5952C07DF5DDA4DA2E5,1
C025-V-HO63-P-_U-001-01,SD3DBFAD9EEC567E62F1B5FE544FFC4,process,S298C87F2F8E4252A867151E10B1A6F,1,SBB1157150C345E42951589DCB3658C,2
C025-V-HO63-P-_U-001-01,S3F39DA903D0639FA03A0E0B26FF79C,process,S66C7103829ACF3EB9B56D5094C479E,1,SD0FF799E2A241A78D1EA5456747200,3
C025-V-HO63-P-_U-001-01,SF9CD617716B5853357E0A58C733EC9,process,S2037F4898729845E7627AD1B2AAA2A,1,SA3DCBD1B8AF2E37D837C93DF097A91,2
C025-V-HO63-P-_U-001-01,S95F05E791643DD0891E7FB5FE9B0E6,process,SBB1157150C345E42951589DCB3658C,1,S424C62E5F42DE045D46ECE938C34D8,3
C025-V-HO63-P-_U-001-01,S9A06BC12243596BEE5A89676E1B1EC,process,S424C62E5F42DE045D46ECE938C34D8,2,S338952A0707E56497D55B1F44DF64F,1
C025-V-HO63-P-_U-001-01,S6760210503B75F18B1670548AF4890,process,S338952A0707E56497D55B1F44DF64F,3,SA3DCBD1B8AF2E37D837C93DF097A91,1
C025-V-HO63-P-_U-001-01,S7D258E43F9DE69D268CCBAFD89CAC8,process,S326A4CC431782101DA6A869B1EEAEC,2,S7C4D504E045C56B3AD5A0DE8D3579D,1
C025-V-HO63-P-_U-001-01,S455F2AF9CD8F669902C5676BD88855,process,SE7BFFA32BA6EB7DDD7FBE88C01FAB3,1,SC0DB2D43D0B4FAA4ABB47F0741D803,1
C025-V-HO63-P-_U-001-01,S8FF4AF7E29D5594567D9986DC3C0DF,process,SF4BDADCE4AEE1375D4DDD36B5C03AB,3,S846BCF1EF74471C0A432B88CB39B1A,1
C025-V-HO63-P-_U-001-01,S3A54C14E15FC6A6E34D9C55DBC2514,process,S2A0A18984BCC27F7E0169BFA529496,3,SF4BDADCE4AEE1375D4DDD36B5C03AB,1
C025-V-HO63-P-_U-001-01,SD8E67EB505145A9996D0401598B05E,process,SC793FEEC5E752F25B75D9FA81904C1,1,S2A0A18984BCC27F7E0169BFA529496,2
C025-V-HO63-P-_U-001-01,S2378E122A72472FFBAEC8E273B5BE6,process,S2A0A18984BCC27F7E0169BFA529496,1,S8CEA405BEEA438BAC43CC1D75743B3,1
C025-V-HO63-P-_U-001-01,S979DC062CD9E50402D0823A40C1E8F,process,S7893AE11B904ED2716DFCC984B716C,1,SF4BDADCE4AEE1375D4DDD36B5C03AB,2
C025-V-HO63-P-_U-001-01,S26296561D7D158AA5521A69260BC6F,process,SBC1C305509A47DEB2D2CB727EA5E10,1,S7893AE11B904ED2716DFCC984B716C,2
C025-V-HO63-P-_U-001-01,S772247355103DD7B3F500694F35669,process,S4D852BA30D3D31C2344901D6FD18AF,1,S7893AE11B904ED2716DFCC984B716C,3
C025-V-HO64-P-_U-001-01,S492D77ADA114FDB492554A6CA3B4CD,process,S46948407ECC1D7F775D4E2C3F37C0F,1,SBE8D1E9F89CECD9CDFA130CBE89743,2
C025-V-HO64-P-_U-001-01,S66505D9704797007D1E49BF7CD1632,process,SBE8D1E9F89CECD9CDFA130CBE89743,1,S482E110EE8D626E03D9B046F8A2D4F,1
C025-V-HO64-P-_U-001-01,S517C78CEEA3F87B80D1B1BA2AA74D1,process,SE57D75636490651323A1543D7B295E,1,SC26290A6A8BD983742099D80FF3756,1
C025-V-HO64-P-_U-001-01,S8627F42CF99B0F993355D4BEBFC099,process,S494314D7454E8FD0893D5339D9A410,1,S68093291173FE4AD486BCD711724A3,1
C025-V-HO64-P-_U-001-01,S29232FDFF4C07154D5EC45C93662D7,process,S3E26AE157369803F2F3B5AF0C9E921,1,S494314D7454E8FD0893D5339D9A410,2
C025-V-HO64-P-_U-001-01,SCA569C26EC2BB3F224EEF954B87189,process,S426F81F965E18448BFC2A7DB041C06,1,S1E0A0BEAF57C858C1FA64CFA32A215,2
C025-V-HO64-P-_U-001-01,SE55548FEFCBBB7A2697FDF6452751A,process,S1E0A0BEAF57C858C1FA64CFA32A215,1,SB44768B6123FAC48FA939A8BD46A1C,1
C025-V-HO64-P-_U-001-01,SA158AD8CA1C7D80BFF5CA9B1AF88C8,process,SA11E944CFAED359A89F84E52AFC854,1,SC94FF2563708EF6094F639D8933D92,1
C025-V-HO64-P-_U-001-01,S6F43525AB293ECAB06510FF6E714A2,process,SC94FF2563708EF6094F639D8933D92,2,SC6CCBEF1A4D79D9BF52B355A4A3F05,1
C025-V-HO64-P-_U-001-01,S9B8AAF09283E3DA6D82BED338ED723,process,S2FEE50C88EF234869E0CF172D61294,1,S4C2050B7A4BA54AD137361DAA1C54A,1
C025-V-HO64-P-_U-001-01,S93401E20BA029320161346AA0051D9,process,S4C2050B7A4BA54AD137361DAA1C54A,2,S9379F8A61C16103A03373A8AD3EFB2,2
C025-V-HO64-P-_U-001-01,SB88A655C456AF75F6D2C3B4107C661,process,S9379F8A61C16103A03373A8AD3EFB2,1,SAA58B210325367620C6F78EE8B67B7,1
C025-V-HO64-P-_U-001-01,SEC8444C1236C1B5F89505F4A3D0A6A,signal,SA22FC27E7B38DF02D89F3722677C3B,1,S60A821F55D688A7E1D4EAB3E3214FE,1
C025-V-HO64-P-_U-001-01,SB9C5D127B0FA8755CD41D493D57CA5,signal,S142119FD0BF086C5854A1F680B56CF,1,S7BCB5E2CB33FC7EAE791AC36AC1FF6,1
C025-V-HO71-P-_W-001-01,S434C902CC49D4995CCB6025D692801,process,S71DC01CACDA3F53733A8133DC376D9,3,S64B5E36C5E2EE97A9B8C61435978AD,1
C025-V-HO71-P-_W-001-01,S868F727EE583457A81D23432E02877,process,S64B5E36C5E2EE97A9B8C61435978AD,2,SE14823E1EC6E0373F3E2D3BA86AA8A,1
C025-V-HO71-P-_W-001-01,S1C39096AEA1DF22BBD8FAE02B7683A,process,S21657A8600EFA78D151BE4B83C43DB,2,S71DC01CACDA3F53733A8133DC376D9,1
C025-V-HO71-P-_W-001-01,S5DCB83ADE085BEF4F68FE639D2B35E,process,SC4CB25E5AAC12B34CA19F3AEE4CEFD,2,S7FA9D187B1BFCB627558EFA39AD445,1
C025-V-HO71-P-_W-001-01,S4AE45472CD2C70DC1CBD69F7897045,process,S64B5E36C5E2EE97A9B8C61435978AD,3,SC4CB25E5AAC12B34CA19F3AEE4CEFD,1
C025-V-HO71-P-_W-001-01,SB4ED86E89A3AC56D25649CFD95363D,process,S71DC01CACDA3F53733A8133DC376D9,2,SDCFB0CD9D8BB847E3EB4E35B0D482B,1
C025-V-HO71-P-_W-001-01,SD7C72D8D7F77CAB11838E3BBB9DD4A,process,S7FA9D187B1BFCB627558EFA39AD445,2,SADDB9E8C79E8C9CA0E59279BD6BE50,1
C025-V-HO71-P-_W-001-01,S2663DD6A418F900C70949DCF9F6603,process,S7FA9D187B1BFCB627558EFA39AD445,3,SEF430A99007A86990B805705A3891B,1
C025-V-HO71-P-_W-001-01,SB08D65E1657D7CE185954EED035A23,process,SFFEBD94DD33A2CD97B8D301FB18DDD,1,SB19E2D240B9A8BAE6E8D0CA2141BC3,3
C025-V-HO71-P-_W-001-01,SCF11D25246643CC986582D1553BA8D,process,SB19E2D240B9A8BAE6E8D0CA2141BC3,1,SA0F28E1FCF04AB67142C264834321C,2
C025-V-HO71-P-_W-001-01,S10EA1267B4FE08DB7FF56791531CA3,process,S87A036222B0943B6027580FA0E63D8,1,SB9AF02B5EBE3B6392AE3CCA03331AF,3
C025-V-HO71-P-_W-001-01,SCFF7F367A503F7166917E5E8FA04E3,process,S13B806E1EB3B796B295025D6B0AFAD,1,S45E8CD23F81A7A5776B10B08325B81,3
C025-V-HO71-P-_W-001-01,SF9826B7FA04639EFE6F82DA218EAB1,process,S863DC361733D0B59BE201FDBB4EC92,2,SB7634E925395F4684621E0AF7C85E5,1
C025-V-HO71-P-_W-001-01,S9DD21674C0BC8B1FA785FD73FCD4BD,process,S45E8CD23F81A7A5776B10B08325B81,1,S87A036222B0943B6027580FA0E63D8,3
C025-V-HO71-P-_W-001-01,S2CF1949B345E57B0FBEAEB3DC810D0,process,S863DC361733D0B59BE201FDBB4EC92,1,S13B806E1EB3B796B295025D6B0AFAD,3
C025-V-HO71-P-_W-001-01,S88A07A4578D6421D0C6F4EF3AC9F44,process,S87A036222B0943B6027580FA0E63D8,2,S36D3F82CCFE5948CE43BB8CAB6D2BD,1
C025-V-HO71-P-_W-001-01,SA9D339F63AAE63ADF654B83C48315A,process,S45E8CD23F81A7A5776B10B08325B81,2,S57B6BDC0C9C4902DFC66C92DA7D33D,1
C025-V-HO71-P-_W-001-01,S2A3E629579A3844F8ED95C19C4BF85,process,SA0F28E1FCF04AB67142C264834321C,1,S863DC361733D0B59BE201FDBB4EC92,3
C025-V-HO71-P-_W-001-01,S139B4A270F90F1ABE4661A4CFD7778,process,S13B806E1EB3B796B295025D6B0AFAD,2,S8A393A52CF064040556624B33BC038,1
C025-V-HO71-P-_W-001-01,S1B2F4AD228ABEDFBC8766C1447854A,process,SB19E2D240B9A8BAE6E8D0CA2141BC3,2,S707309096BD245562CD94D5C31B968,1
C025-V-HO71-P-_W-001-01,S45040712B5609678E4F925893A9486,process,S83C51EF0986F3BD9DBE48EFA37FE03,3,S5EF5C2E51F759E93753157676C3562,1
C025-V-HO71-P-_W-001-01,SE5F83A86E5BAC95A92DB194878845C,process,S642324293DAE4F11541823D450E356,2,S3F592165627369C92E020DD9F3BCEB,1
C025-V-HO71-P-_W-001-01,S6F21DB0CDE12D72BB566574B2B57C3,process,S642324293DAE4F11541823D450E356,3,SA8385C3F76050FC94A28D6F81A9CFB,1
C025-V-HO71-P-_W-001-01,SAAED979E35D45AE3818F38F7813E13,process,S31699B31A6D81502B89A3B10B5F779,2,S930A87303BDF52E019D6C28DA1DA98,1
C025-V-HO71-P-_W-001-01,SF8B24A3AE63DD71F269E3629C1D7EC,process,S930A87303BDF52E019D6C28DA1DA98,2,S802CB7093A84D92B98423DDCA7A1BE,1
C025-V-HO71-P-_W-001-01,S3A0A0FEA61CCDFB7450D139EA0C173,process,S930A87303BDF52E019D6C28DA1DA98,3,S83C51EF0986F3BD9DBE48EFA37FE03,1
C025-V-HO71-P-_W-001-01,S12D5CD12233575FD407BA13049014D,process,S5EF5C2E51F759E93753157676C3562,2,S642324293DAE4F11541823D450E356,1
C025-V-HO71-P-_W-001-01,S96BD8AA0FB79535758C45F29DFBFB5,process,S83C51EF0986F3BD9DBE48EFA37FE03,2,S5846B5B0AB2197780EB3CFEB18C119,1
C025-V-HO71-P-_W-001-01,S751B83F8474BC0789DD772DEF81F97,process,S6D7100F77DCCED3DB7C3FE9CCFB6D1,1,SD182658699F71AA20C03891F88246B,2
C025-V-HO71-P-_W-001-01,SEE55C1607A5796381D59BBC84063C3,process,SC2A2D19D229E002FF3B99B820C6241,1,S6D7100F77DCCED3DB7C3FE9CCFB6D1,2
C025-V-HO71-P-_W-001-01,S5C09A243FF62897090EC86CC816844,process,SBEF223FB077D2EEAFE49F5E4C645AA,1,SC2A2D19D229E002FF3B99B820C6241,3
C025-V-HO71-P-_W-001-01,S3AD4F295C0A1A43AD1AC51FE687293,process,SA322F4F1D823F386388B5448B83190,2,SC28021F48BF312096A1F5943CFE9A2,1
C025-V-HO71-P-_W-001-01,S84AF01E38EDED81ACC556002C1D416,process,S89DA4637B94382B23B346DBBF1F919,2,S2855D64F98EB9A2FCD6B0404ADEF52,1
C025-V-HO71-P-_W-001-01,S8D78E8430C0DDA3E3699D6684A7331,process,S8C9BF17246B161F5DBF4E01C5ABCCB,2,S4FF5649D855101C35E885A9EE50E2E,1
C025-V-HO71-P-_W-001-01,S65AB5B1FFCEC7195E5D356B827E22A,process,S89DA4637B94382B23B346DBBF1F919,3,S145F51C3153E5BEFFE48EAB4D02930,1
C025-V-HO71-P-_W-001-01,SA91EB7FB10B71CD8573C751A721F0D,process,SA3368EC8AB75F1D616408EEE10FE87,2,SD60587A316D98D141EAF1FB9584403,1
C025-V-HO71-P-_W-001-01,SEDABD0663746BB8B36FAD3DCAD25C1,process,S5F1F7942C6C81DA574A950E32E0D56,2,SE09757E9706BA29B254A80A788C4D8,1
C025-V-HO71-P-_W-001-01,SC978A762F31E6068DD12065562277F,process,SAABEE07875FA3002AB3ED7E83A0D0E,2,S7FFEDA81708EF9F208B67C3D483D8E,1
C025-V-HO71-P-_W-001-01,S3013D79619FFB90D325CC8AD33664D,process,SA322F4F1D823F386388B5448B83190,3,S5F1F7942C6C81DA574A950E32E0D56,1
C025-V-HO71-P-_W-001-01,S47B802E8196FB3B238ED5380DB29A5,process,SB05D91ABDE7445156F86B865631DBE,2,SF3E649126376870354704DBC65DE73,1
C025-V-HO71-P-_W-001-01,S367ED2250D9ED05DD3A65431038F68,process,S1D2F70D2E3C9852EF7473342384D97,3,SA322F4F1D823F386388B5448B83190,1
C025-V-HO71-P-_W-001-01,SBA7E8553D81315DC141531F5BAB234,process,S7B142ACBE0EE242F2D85ADB3A9324E,3,S1D2F70D2E3C9852EF7473342384D97,1
C025-V-HO71-P-_W-001-01,SB292C2AA989E203F66E265606D078B,process,S5F1F7942C6C81DA574A950E32E0D56,3,S89DA4637B94382B23B346DBBF1F919,1
C025-V-HO71-P-_W-001-01,S74BC003633B27CBA0E42372AECDA7B,process,S8C9BF17246B161F5DBF4E01C5ABCCB,3,S5A920367240F5494DDC8053B0C4A0F,1
C025-V-HO71-P-_W-001-01,S1352DB3D30B5E8E27DA3D996826715,process,S5A920367240F5494DDC8053B0C4A0F,2,S893DA5B25D613242A6EA680769C778,1
C025-V-HO71-P-_W-001-01,S74578F8F357EF4F332D26719230B63,process,SAABEE07875FA3002AB3ED7E83A0D0E,3,S265458855CD9E3C532A5E6E4149511,1
C025-V-HO71-P-_W-001-01,S105CDD66C7EB3C0768221A4CDC3D9F,process,S2EF00593945A6CD01D95C2530B3F19,3,S74FABE32B21ABEC7E6AE339D2E280E,1
C025-V-HO71-P-_W-001-01,S47F9184BA46B08597C4D2287DDF013,process,S145F51C3153E5BEFFE48EAB4D02930,2,SB05D91ABDE7445156F86B865631DBE,1
C025-V-HO71-P-_W-001-01,S132AA27CC5DCE31CE03EE0885F28A0,process,SB05D91ABDE7445156F86B865631DBE,3,SAABEE07875FA3002AB3ED7E83A0D0E,1
C025-V-HO71-P-_W-001-01,S698CAFE7D77FE5B44DED86EDC4432B,process,S1D2F70D2E3C9852EF7473342384D97,2,S7FCE2446C3A33D4D165E74D06442B1,1
C025-V-HO71-P-_W-001-01,S5230416C1FE9B084D83DB6B9889A90,process,S2EF00593945A6CD01D95C2530B3F19,2,S765939DA913F8ADFD2986D2F33DB80,1
C025-V-HO71-P-_W-001-01,S48614F64D1D09CFB5C4F84AA03BE48,process,S7B142ACBE0EE242F2D85ADB3A9324E,2,S6899213D0D21E78415D3636E5AEA90,1
C025-V-HO71-P-_W-001-01,S9D71C8B20265FB2BE058EBA7406B07,process,S265458855CD9E3C532A5E6E4149511,3,SF543C88DCE20C64760EE0B79F6AD78,1
C025-V-HO71-P-_W-001-01,S9A48CBAB24B46CBD593A03F71F3325,process,S5A920367240F5494DDC8053B0C4A0F,3,SA3368EC8AB75F1D616408EEE10FE87,1
C025-V-HO71-P-_W-001-01,SB8095CA252F3AB7F98199BB04B04B5,process,SD60587A316D98D141EAF1FB9584403,2,S2EF00593945A6CD01D95C2530B3F19,1
C025-V-HO71-P-_W-001-01,S6DB1652850F77D2C40D05F2D664006,process,S265458855CD9E3C532A5E6E4149511,2,SC4E1FCF2014049D661B76DA99C6D94,1
C025-V-HO71-P-_W-001-01,S89DED86B91466B8A53C877996F1973,process,SBEF223FB077D2EEAFE49F5E4C645AA,2,S7B142ACBE0EE242F2D85ADB3A9324E,1
C025-V-HO71-P-_W-001-01,SC815298BC35878BBEFA08D17BCB764,process,SF543C88DCE20C64760EE0B79F6AD78,2,S8C9BF17246B161F5DBF4E01C5ABCCB,1
C025-V-HO71-P-_W-001-01,SE10AE5F506A2B60F7CEEA1E5BD32D1,process,S5503B5357F6F9D0E2D18B9B852DAF3,2,S57032CE8128AF24B3387CC5BC81829,1
C025-V-HO71-P-_W-001-01,SA1B9DD115D7F7928F043717878983D,process,S4004A8348D710ACB94FFD60084327B,2,S22B48A27EE31A54CD277BCB08612D2,1
C025-V-HO71-P-_W-001-01,S4689E0D1D471D0AB9D449C0596633E,process,SC6CD32326D543586370097BD5688DF,2,SFB790F145EE35997CE918360F93CB3,1
C025-V-HO71-P-_W-001-01,SE78D7A6E428F9339ECA83D19A06DBB,process,SB93D572C069B0CE2FDAEB0876E0FF0,2,S5503B5357F6F9D0E2D18B9B852DAF3,1
C025-V-HO71-P-_W-001-01,S8D0AA9D389180440F0B601CCAD64EF,process,S5503B5357F6F9D0E2D18B9B852DAF3,3,S1384AC5B6AC8EAC853B7C730857A83,1
C025-V-HO71-P-_W-001-01,SB45035DBF1E2292203836A8C13BAF0,process,SFB790F145EE35997CE918360F93CB3,2,S157A94CE0131623D431B2E6EDA417E,1
C025-V-HO71-P-_W-001-01,S5EA4884A7E82F06FD40D987F1675CA,process,S4004A8348D710ACB94FFD60084327B,3,SB93D572C069B0CE2FDAEB0876E0FF0,1
C025-V-HO71-P-_W-001-01,SB18FE40A8F90500FCB2F25F4D91259,process,SFB790F145EE35997CE918360F93CB3,3,S4004A8348D710ACB94FFD60084327B,1
C025-V-HO71-P-_W-001-01,S653AF246D233C618C91399CF4B4EFC,process,S5430B176488227B23056CAD5BAA102,1,SBEF223FB077D2EEAFE49F5E4C645AA,3
C025-V-HO71-P-_W-001-01,S90DB6648470C125EA7259D4A933E89,process,SD328A80DBB856E0413B8DF219C3656,1,S5430B176488227B23056CAD5BAA102,2
C025-V-HO71-P-_W-001-01,SC8DCAF61433B6D32D813E9228D0518,process,S5EAD501EA062CB740D85D9D9D8A8BE,1,SF37D5597CF0EE557C69A76167F3ED1,3
C025-V-HO71-P-_W-001-01,S9B738FA7DEAA8FECEAF944121C8256,process,SF37D5597CF0EE557C69A76167F3ED1,1,SB2D1D1427C4EB2A0DDEC09CAE16FD2,3
C025-V-HO71-P-_W-001-01,SBB73D10D16C865D91CED572F40DBB0,process,SB2D1D1427C4EB2A0DDEC09CAE16FD2,1,S9ED5A15EB9BB6151EEB18C4190C488,3
C025-V-HO71-P-_W-001-01,S7AA77F866CC370A316670B694C1188,process,SB5DE4207EE1E162A9A2B37139AD970,1,S5EAD501EA062CB740D85D9D9D8A8BE,2
C025-V-HO71-P-_W-001-01,S583B7C28632FDFF6BE4F3EC4FA47DE,process,SB5DE4207EE1E162A9A2B37139AD970,2,S9FB4C798A0604484D089D894E7F9A8,1
C025-V-HO71-P-_W-001-01,SDB19EB5948B4FD32C954D010062EAC,process,SD76AF055E2E7C0FA0D232A6386D700,1,SB5DE4207EE1E162A9A2B37139AD970,3
C025-V-HO71-P-_W-001-01,SF3D68CD6A42730009264FB2EB1FD10,process,SF37D5597CF0EE557C69A76167F3ED1,2,SCB42AF8D81D3248BDBE92BF5ED7025,1
C025-V-HO71-P-_W-001-01,SD86FC9610E183D55AB2EB1C4B1ABA5,process,SB2D1D1427C4EB2A0DDEC09CAE16FD2,2,S62025AA29191517C34A6E1BAE65EDC,1
C025-V-HO71-P-_W-001-01,S9155E5D8032E245A9A4EEFCE0BE78A,process,SA46C4E6E9F7629AB723672FEBE1B77,3,SC5349234DE9F000E00B6205A87CCDF,1
C025-V-HO71-P-_W-001-01,S46F519B351ECB1B51F13E3BC14E49F,process,S8EB9EB9D93B97229C4950B28593E03,2,S5F06AD9C3D3B3725B1530C3031559E,1
C025-V-HO71-P-_W-001-01,SCC21F00DC41958AA509349B30A074D,process,SA46C4E6E9F7629AB723672FEBE1B77,2,S8D318F7557A3CDB74C1CBC11772B5B,1
C025-V-HO71-P-_W-001-01,SC98E216DE6C3DABCCE689DF73D0846,process,SD4923B1B69CD3848E437A769BA6AD4,2,SB321B44BDF394A664C07EF8BDC5CFF,1
C025-V-HO71-P-_W-001-01,S96A8B8E3C08B273E86950F9860A82C,process,S4848DF2B31672E2AB1BADA5A1C1FFD,3,SEC98B1BADEF514BE1470E73827045E,1
C025-V-HO71-P-_W-001-01,S4C25CECB41695E34AAFFDA89F67B19,process,SEC98B1BADEF514BE1470E73827045E,2,S22328528FD0E024C24620750418A2A,1
C025-V-HO71-P-_W-001-01,S5BCF5402097996B6200F1366356F55,process,SD4923B1B69CD3848E437A769BA6AD4,3,S3CDCD1744DE6472D01475116C994A9,1
C025-V-HO71-P-_W-001-01,S8BCA08C869FF448FC4BEC67F2A7014,process,SAD2C72653809EEF37DB03CA8B2984C,2,S54F7B67C4D12854552451688091D8D,1
C025-V-HO71-P-_W-001-01,SFC9B115F5F0B9E15CE0269F1AD0DB0,process,SD182658699F71AA20C03891F88246B,1,SB9AF02B5EBE3B6392AE3CCA03331AF,2
C025-V-HO71-P-_W-001-01,S59F562F3F5155E8D364DB1A6DE3120,process,S22328528FD0E024C24620750418A2A,3,S8EB9EB9D93B97229C4950B28593E03,1
C025-V-HO71-P-_W-001-01,S51D1CBDFF5C9958F4B194C49AEA242,process,SAD2C72653809EEF37DB03CA8B2984C,1,S2F294276727B9EED86DD5615047290,2
C025-V-HO71-P-_W-001-01,SB0ECC6523AB2B568777E2534437EB6,process,S8EB9EB9D93B97229C4950B28593E03,3,S76448517FFD0FF18DC97F6D0B54862,1
C025-V-HO71-P-_W-001-01,S53AF8484E2EA632D281F711A201BC2,process,SCFB2097D3DC9BBA5348BADD32333F3,3,SD4923B1B69CD3848E437A769BA6AD4,1
C025-V-HO71-P-_W-001-01,S5FE7724A008734C39AA885FAE9FA5A,process,S31FA0DFCB354C23188F930A01C0509,2,SBB86F571F71A8D335B0846042BAAA4,1
C025-V-HO71-P-_W-001-01,S6AE9EE12E513B2C3DE26D08D5DBB5D,process,SC5349234DE9F000E00B6205A87CCDF,2,S164C876D18B9838EC9896D01E46B9F,1
C025-V-HO71-P-_W-001-01,SE490B8EE690942BF9E23EAA99FDE89,process,S679B0149F6905F56E0210A7345FE6B,2,SCFB2097D3DC9BBA5348BADD32333F3,1
C025-V-HO71-P-_W-001-01,S4B61E015B3A915A26E0B9101D3675C,process,S76448517FFD0FF18DC97F6D0B54862,3,S679B0149F6905F56E0210A7345FE6B,1
C025-V-HO71-P-_W-001-01,S561980E08BB62DCF843A6F11402F40,process,SC5349234DE9F000E00B6205A87CCDF,3,S4848DF2B31672E2AB1BADA5A1C1FFD,1
C025-V-HO71-P-_W-001-01,SE63B24718392766EF6183E4B64EF01,process,S4848DF2B31672E2AB1BADA5A1C1FFD,2,S24813EF8FE5D719BC60629D21E0DE6,1
C025-V-HO71-P-_W-001-01,S7DA49B4D10CCDE5ABF3FE3C20740D8,process,S76448517FFD0FF18DC97F6D0B54862,2,SF8C00873CFA0887B1B88605B2F2E51,1
C025-V-HO71-P-_W-001-01,SE70F6B5890D32DF1D7C82B36924732,process,S22328528FD0E024C24620750418A2A,2,S731986E86688ABBC16FD244A7A6F5E,1
C025-V-HO71-P-_W-001-01,S714F575CECC999FB1A678B4B60828D,process,SCFB2097D3DC9BBA5348BADD32333F3,2,SCC7E83DA366C51F6E914702C980EA8,1
C025-V-HO71-P-_W-001-01,S1031BE5489561EC0DD4EA9DA286E16,process,S31FA0DFCB354C23188F930A01C0509,1,SAD2C72653809EEF37DB03CA8B2984C,3
C025-V-HO71-P-_W-001-01,SD658E9AD643E08857DAA7E033AD303,process,S3CDCD1744DE6472D01475116C994A9,2,SF5F56F6F98F1816728257B197EDB70,1
C025-V-HO71-P-_W-001-01,S1AC4F50D3D69A7FB37E640C5D9F85C,process,SF5F56F6F98F1816728257B197EDB70,3,SF7B769777591B6E4A7BBF59D1C064B,1
C025-V-HO71-P-_W-001-01,SB0759C4EBEF2AACDB677E9ABAA1394,process,S2F294276727B9EED86DD5615047290,3,S2204DEF44A6AECD5D4F9411A90726C,1
C025-V-HO71-P-_W-001-01,SA2FC3C8D0820EB55BBCBA1EDC5AE56,process,SB9AF02B5EBE3B6392AE3CCA03331AF,1,S31FA0DFCB354C23188F930A01C0509,3
C025-V-HO71-P-_W-001-01,SAD1700C6D5C69A12511F2F3A39825F,process,SF5F56F6F98F1816728257B197EDB70,2,SE9ECA6C78550B7D38696420257BDE2,1
C025-V-HO71-P-_W-001-01,S621CA4D23EE8563E7606E7748DB533,process,S2204DEF44A6AECD5D4F9411A90726C,2,SA46C4E6E9F7629AB723672FEBE1B77,1
C025-V-HO71-P-_W-001-01,SDFCCA0014D01221CDC942F38CAE6F0,process,S6C419E8389FEA11D919E417FE1F0E9,2,SD51CCE3BE03D6F01217B5EF8708AB8,1
C025-V-HO71-P-_W-001-01,S43F58C4DA86C141ED897E79CC53C22,process,S6C419E8389FEA11D919E417FE1F0E9,1,S25030BB8F4DF0C5D2701C112AA2B44,2
C025-V-HO71-P-_W-001-01,S7571EC6B2402EB0906CF204C782401,process,SBCB729D2E0B1479FFB0C6A25EA7D51,1,S6C419E8389FEA11D919E417FE1F0E9,3
C025-V-HO71-P-_W-001-01,S5EFCA66B1E8D3F840DA244E4421B5B,process,SBC2E8FE0436E912391B2996DCAE67D,1,S8D68643AAE50FFF4199591D81BBE4F,3
C025-V-HO71-P-_W-001-01,SE8A16C476F8003BAE18CD100B430D3,process,S3B003D0671C2AB5F3BA552E83DC1F0,1,SD182658699F71AA20C03891F88246B,3
C025-V-HO71-P-_W-001-01,S339E8CA5D08A5437CA1091DE908DF7,process,S3B003D0671C2AB5F3BA552E83DC1F0,2,S851AB41F71C65A077A1FB68205D089,1
C025-V-HO71-P-_W-001-01,S19A976808E012910393D2A7B0B83BA,process,S52C1E05DD8B5D7BB8CBEF0D9D137BE,1,S3B003D0671C2AB5F3BA552E83DC1F0,3
C025-V-HO71-P-_W-001-01,S826390A06AA949663AD80CF8897EB7,process,S8D68643AAE50FFF4199591D81BBE4F,2,SB585AA343598CDB412659F4D02821D,1
C025-V-HO71-P-_W-001-01,SA368BC024FC16834CEF2CFED40E5DA,process,S8D68643AAE50FFF4199591D81BBE4F,1,S52C1E05DD8B5D7BB8CBEF0D9D137BE,2
C025-V-HO71-P-_W-001-01,SCBC3638EA5231733B9664F837A4C26,process,SA1907DD48860BC6EB62C2DA94A2917,2,S4077B57EBFBCF50FE19C6B5670A08D,1
C025-V-HO71-P-_W-001-01,SB9726444842A708092694EB19A0C5B,process,SFE9192D065762516EFA3931CFEA6AD,2,S94FE956F4CC7599CD3863C0093CC95,1
C025-V-HO71-P-_W-001-01,SDAD564801B8C36989B165F2A998534,process,S30B35EEC4A908EF063E9DD9BEE16D5,1,S9CE215B4CD49A5AD6D47A2C3F64A1A,3
C025-V-HO71-P-_W-001-01,S8EEBD2A77EB5193967BE5E900BE434,process,S4077B57EBFBCF50FE19C6B5670A08D,3,SFE9192D065762516EFA3931CFEA6AD,1
C025-V-HO71-P-_W-001-01,S8EF9C884D525421611104B2681146C,process,S94FE956F4CC7599CD3863C0093CC95,3,S2F294276727B9EED86DD5615047290,1
C025-V-HO71-P-_W-001-01,S418BBD880B99143D922C2F82C90F0C,process,S9CE215B4CD49A5AD6D47A2C3F64A1A,1,SA6B10C7B3CA27902A08EA2BDD45554,2
C025-V-HO71-P-_W-001-01,S91AE4F57447412828FFC6808AC00B1,process,SA6B10C7B3CA27902A08EA2BDD45554,1,SA1907DD48860BC6EB62C2DA94A2917,3
C025-V-HO71-P-_W-001-01,SA420C3105C320DCF03F986C87892DB,process,S9CE215B4CD49A5AD6D47A2C3F64A1A,2,S4F82F198CDF1C206DDDD694C6C0870,1
C025-V-HO71-P-_W-001-01,S6334163B94DCC532124C72072880E1,process,S4077B57EBFBCF50FE19C6B5670A08D,2,SE30923EA38731F6CCC82A45512D0AF,1
C025-V-HO71-P-_W-001-01,S62D08D5ECBB5121B472D08AF032038,process,SA1907DD48860BC6EB62C2DA94A2917,1,S47CF0C0F88A224C46AB9FE45BB8E03,1
C025-V-HO71-P-_W-001-01,S80C9B88624A127187EF37EBDA7E7E4,process,SEEEC63180E09116ACC940387EFCD97,1,S313D6370CF8AD906D33F2B33F2DD59,3
C025-V-HO71-P-_W-001-01,SD1E2331B1D8E7237269E52BD6C29DF,process,SACE717DEC3BBEE6EF6984A842E137A,1,S25030BB8F4DF0C5D2701C112AA2B44,3
C025-V-HO71-P-_W-001-01,SB9E2B625CB54167192F45E4BD3C729,process,S844183A6AC34571FB3B93E519A0A1D,1,S9B1B34A75B6E6BB17F9AB55767CF14,3
C025-V-HO71-P-_W-001-01,SED78EE6EFCF4A70E619E34A053520B,process,S2447888EB9B00048D3523746433841,2,SA00CE0A7D7B20236D6DA5513F4F8E1,1
C025-V-HO71-P-_W-001-01,SDED5B6AA162AF2F91EF9AA532DB5E9,process,S25030BB8F4DF0C5D2701C112AA2B44,1,SED98CB42BD1254A9A391D23185FE34,3
C025-V-HO71-P-_W-001-01,S5DD66A2955DE7632452CE5847EB9DC,process,SED98CB42BD1254A9A391D23185FE34,2,S2F41C976C85C8E69B3FC6A2AD14A89,1
C025-V-HO71-P-_W-001-01,S438B12E5BCE0297F393B596CB9DDBA,process,S313D6370CF8AD906D33F2B33F2DD59,1,S2447888EB9B00048D3523746433841,3
C025-V-HO71-P-_W-001-01,S9BBD69BC027B716F8BB384EA76AAD5,process,S41ED73153977C29CA3FE88EB1DAFBC,1,S2851A1D0CAA901E583C780A6641927,3
C025-V-HO71-P-_W-001-01,S6879581C3A665105AE2BC1FF0D2FE8,process,SACE717DEC3BBEE6EF6984A842E137A,2,S133B5482B35DAC5800218AF965D1FF,1
C025-V-HO71-P-_W-001-01,SD791A577DAF60854FEE93C3D5181F1,process,S2851A1D0CAA901E583C780A6641927,1,SEEEC63180E09116ACC940387EFCD97,2
C025-V-HO71-P-_W-001-01,SBF060D8D9858ED8BA0A32AD741BD79,process,S9B1B34A75B6E6BB17F9AB55767CF14,2,SE2281BBF220EB6B76E216496351633,1
C025-V-HO71-P-_W-001-01,SF2E01E261745D4B6E2946D21CBC8FF,process,S9B1B34A75B6E6BB17F9AB55767CF14,1,SACE717DEC3BBEE6EF6984A842E137A,3
C025-V-HO71-P-_W-001-01,S42C2BD2CAEFA9975D8271389381745,process,S2851A1D0CAA901E583C780A6641927,2,SFDA21BF6632718E48D81CE866FDD49,1
C025-V-HO71-P-_W-001-01,SD85C359ECED12C85FBA2E35C7ABE75,process,S313D6370CF8AD906D33F2B33F2DD59,2,SE0675C865E8F0612C39E851B6E73B9,1
C025-V-HO71-P-_W-001-01,SD66B5D07E74A3C560E6A5A29969087,process,SED98CB42BD1254A9A391D23185FE34,1,S94FE956F4CC7599CD3863C0093CC95,2
C025-V-HO71-P-_W-001-01,S40FAAE0B6E6F5BFD2DAE2F9BD12088,process,S2447888EB9B00048D3523746433841,1,S844183A6AC34571FB3B93E519A0A1D,2
C025-V-HO71-P-_W-001-01,S91D12F091ACF826CA0A22D4DA44BCC,process,S31699B31A6D81502B89A3B10B5F779,3,SD988813239455D4EBF33999D060095,1
C025-V-HO71-P-_W-001-01,SDA28681ACD5CA7A7838367A3C77560,process,S9ED5A15EB9BB6151EEB18C4190C488,2,SC6CD32326D543586370097BD5688DF,1
C025-V-HO71-P-_W-001-01,S7C775FCEFA1ECCFDA32CA35F336303,process,S21657A8600EFA78D151BE4B83C43DB,3,S31699B31A6D81502B89A3B10B5F779,1
C025-V-HO71-P-_W-001-01,S74F6DEB4022C5C728BE50581D919A4,process,SC6CD32326D543586370097BD5688DF,3,S21657A8600EFA78D151BE4B83C43DB,1
C025-V-HO71-P-_W-001-01,S4ED4ABF17195D015C6773B5D14D962,process,SC2A2D19D229E002FF3B99B820C6241,2,S9ED5A15EB9BB6151EEB18C4190C488,1
C025-V-HO71-P-_W-001-01,SBD90A93991828079AF831D6C97537F,process,S9396A500E13580B2BFD28E68DA4D47,2,S3ECAE88F0B02BF16F2046F97A7061C,1
C025-V-HO71-P-_W-001-01,SD3B9178559DD472BF490565C26472D,process,S9396A500E13580B2BFD28E68DA4D47,1,SA3368EC8AB75F1D616408EEE10FE87,3
C025-V-HO71-P-_W-001-01,SE6386B99BEEA4351633238CF533848,process,SE3C8E742619406C27FB26E3E0176E3,1,S9396A500E13580B2BFD28E68DA4D47,3
C025-W-HO11-P-_E-001-01,SC469B2C5F020321B39AA1B086C7D8D,process,SA329ED2C3C8B57503ECD703757587A,1,SD305F4831618A44625A25144223F91,1
C025-W-HO11-P-_E-001-01,SF00261F46A75849077D9B8823640EF,process,SBD255117923A09EAEDA52F2FCB9F37,1,SBF34107A53FD55677CE4D73A6CB321,1
C025-W-HO11-P-_E-001-01,S97492F4DE97114FFD508EE93E60E10,process,SBF34107A53FD55677CE4D73A6CB321,3,,
C025-W-HO11-P-_E-001-01,S5F6A89DED25CAA341497B301F0A9D7,process,S17581C599CC3068B8653A18B529E82,1,SBF34107A53FD55677CE4D73A6CB321,2
C025-W-HO11-P-_E-001-01,SB178F0A898AA526198D5EDE27CC907,process,SED3FCD06757580038DCF1CF37EF6A7,1,SC1229CFD73FE1C230A7A21A65EEF14,1
C025-W-HO11-P-_E-001-01,S533E72AB851A873D554B90EEB571E3,process,,,S3ACD3DE8D5B4A95A34AD35F70A03B9,3
C025-W-HO11-P-_E-001-01,S21D600AC2297A0066513A612439C94,process,S3ACD3DE8D5B4A95A34AD35F70A03B9,2,,
C025-W-HO11-P-_E-001-01,S1F426AA8E099B9B383E088ED0E3235,process,,,S3ACD3DE8D5B4A95A34AD35F70A03B9,1
C025-W-HO11-P-_E-001-01,S6259A3C1B03F051AF55CB4175CB84D,process,SCE3D9F170FDC9DC6A84C3E98DAC58E,1,S7D4CDA7D5846A0C672455001AC0970,1
C025-W-HO11-P-_E-001-01,S1BE2CE1FD883BDCB3AA4BB0D6C5346,process,SCE2EF44E934A1920D5CF145D53C220,1,SCE3D9F170FDC9DC6A84C3E98DAC58E,2
C025-W-HO11-P-_E-001-01,SD6760D2140F8B4D2EE51B727369CC8,process,S4B668F8050C9093C8678ED0AE449E7,1,SCE2EF44E934A1920D5CF145D53C220,2
C025-W-HO11-P-_E-001-01,S5009E1B31FFCCB17F4EBF26A348728,process,SA5C5B4B275EDC7791343A7C48E3E55,1,SCAE783C8B2D65ACF23534C9CD8E2D5,1
C025-W-HO13-P-_E-004-01,SC3F7952B4B2A1A2C98D56D96C0AB03,signal,S3C565B289815C4A17A4A21FC27A515,1,S8407F97CFF6854B61BD380F2802131,1
C025-W-HO13-P-_E-004-01,S117357581C781464A12EA344A59A94,signal,S5359142AF9E5FD0FE781FB8FF1D6CA,1,,
C025-W-HO13-P-_E-004-01,SC6BFE20C02C7F3778C9720DF222853,signal,S8219F9E23F4371ECF3AD6AA1F330C9,1,S5DC790E6F724C849DFBDE720617B18,1
C025-W-HO13-P-_E-004-01,SEF70E0F3AD01A6EF2E9E20204BB0E9,signal,SC489CF881F3C41B7616CA55651E13F,1,S15DD489595CB0FA5FD6610A4505466,1
C025-W-HO13-P-_E-004-01,SD7711908E1ACCE44F1C6C78EF96550,signal,S5359142AF9E5FD0FE781FB8FF1D6CA,2,,
C025-W-HO13-P-_E-004-01,S73610E2DA2038B78A2FC1C92F09D30,signal,S237867F403A87709FD830FE52FE754,1,SBD1296E10716A85D2F2EDC350FC591,3
C025-W-HO13-P-_E-004-01,SC5555BD2EAE8A70BD7CFBE7676C69B,signal,S5359142AF9E5FD0FE781FB8FF1D6CA,3,S92030A8A28A3B77FF1419D22E52175,2
C025-W-HO13-P-_E-004-01,SEEF6A440BA3B5CD8492851621AA456,signal,S5D1B07430CEE24B4ECAA4A9E2D3B99,1,SDC1038204BB6F2DF319AC4222F06F7,1
C025-W-HO13-P-_E-004-01,SF22526D2D75D777B2B041AAD7F154B,process,S39A64677817DFB00C0FF926B84404D,1,SCB4084D3B1984800A63FF2E4B63547,1
C025-W-HO13-P-_E-004-01,S820F2A9E878D169B2CC27B2265DE06,process,SBE75F5D5529FF09B89FF5166AFC665,1,S79A777E564A43AC2A2683FDE4341C7,1
C025-W-HO13-P-_E-004-01,S1E8B9A52D20049E3FF5D794332CB06,process,S7EBBAE9B814DB63089E5D583BE1520,1,S713936D4C86E6F7CABF83495CA1B32,1
C025-W-HO13-P-_E-004-01,S795A483A33AE934B92A8B2EC7A7B9C,process,S5FC464B9D780BCA33A6092CEC6F19C,3,S63B4560990C2FBF7A8AB14EEB744DF,1
C025-W-HO13-P-_E-004-01,S1A46B2AEFD598ADEC41B78B81830C1,process,S1E6FD2F7E6766EC46A6C3CC66EBA47,2,S5FC464B9D780BCA33A6092CEC6F19C,1
C025-W-HO13-P-_E-004-01,S44789DB8FFF758EAEC121DB81FEA17,process,S1E6FD2F7E6766EC46A6C3CC66EBA47,3,SD8A93D8D16C431EB9332EF1312428D,2
C025-W-HO13-P-_E-004-01,S2A5DE1C5B34E3660174409A3BACAD2,process,SADBBD87DAA6EF420ABFEB38E194E91,2,S1E6FD2F7E6766EC46A6C3CC66EBA47,1
C025-W-HO13-P-_E-004-01,SA9C43FDC630B81FD89FF729CD72CFC,process,SE0414D701ACC3F6B4ACEF2D41E523B,1,S5FC464B9D780BCA33A6092CEC6F19C,2
C025-W-HO13-P-_E-004-01,SC2259892BA5E1862EC90B5848A39ED,process,S7C12F8FE4F4B1CFBEE18F26ED4AD75,3,S4EB9A1B102CC207C103DD16E15439A,1
C025-W-HO13-P-_E-004-01,SA33AD0DF9EE4620644F5F59D3848CC,process,S4C0B1ECD3653EF130917531C933ECB,2,S41893671A28BEBBF455F05CFDA47C5,1
C025-W-HO13-P-_E-004-01,SAD7FE4F0B42E079302AAF24A82EBB8,process,S5496E481C6704F99E58DC630EF2700,1,S7C12F8FE4F4B1CFBEE18F26ED4AD75,2
C025-W-HO13-P-_E-004-01,S848A77DC7091A154FFA5EB1178CA0D,process,S5766097E4C2042213AA77C7B65B029,2,S59856453E2B6D992A3C9B9969F95D6,1
C025-W-HO13-P-_E-004-01,SBAB53F8B88A05428A76200FEA25093,process,SE0414D701ACC3F6B4ACEF2D41E523B,2,SA83C3B533183BC937AF1740E474899,1
C025-W-HO13-P-_E-004-01,SD42A881F66CC3E498889584BDDD512,process,S5496E481C6704F99E58DC630EF2700,2,S48536FDAD25B8D88035A539531758C,1
C025-W-HO13-P-_E-004-01,SED5E5B736D16098B73D3F8CEDC8BB8,process,S597342C922CDC628310F5D4BF211CA,3,S4C0B1ECD3653EF130917531C933ECB,1
C025-W-HO13-P-_E-004-01,S71F74877E740F2EB2D0183A17FB6EE,process,SADBBD87DAA6EF420ABFEB38E194E91,3,SE0414D701ACC3F6B4ACEF2D41E523B,3
C025-W-HO13-P-_E-004-01,SE643FC2913D99E2F4508CB64E8A783,process,S4C0B1ECD3653EF130917531C933ECB,3,SADBBD87DAA6EF420ABFEB38E194E91,1
C025-W-HO13-P-_E-004-01,SDAFC4A29AC1026038861EAE1BB868F,process,SF546D38CBD3090EFC9015A7780DF96,1,S5496E481C6704F99E58DC630EF2700,3
C025-W-HO13-P-_E-004-01,S5FFA87C1543483431DBF91735EBE93,process,S59856453E2B6D992A3C9B9969F95D6,2,S597342C922CDC628310F5D4BF211CA,1
C025-W-HO13-P-_E-004-01,SC164A8435FC70EDB3F2EE0866BB5E2,process,S597342C922CDC628310F5D4BF211CA,2,S17F180EBEE189715B0A5690FF27280,2
C025-W-HO13-P-_E-004-01,SBACA465B78179529C7E0739C2E1332,process,S7C12F8FE4F4B1CFBEE18F26ED4AD75,1,S59856453E2B6D992A3C9B9969F95D6,3
C025-W-HO13-P-_E-004-01,SE3A2418C93A9286D1DE21A073EE4D0,process,S28101262F13C6F2584A58224699705,1,SC7618A5A2C95CCC5707D26C3C2F65D,1
C025-W-HO13-P-_E-004-01,S45C333E1E53AE0939CE6DF7C4B60D6,process,S78D2E2003BDC113821F19F23369707,1,S41860ABA0C6DDBCCAE64B7639289C0,1
C025-W-HO13-P-_E-004-01,S745F50896840145CC055B5087E15E1,process,SB8D37225227BA43E79C5A69994CA55,1,,
C025-W-HO13-P-_E-004-01,S435A2DB0B7586CF74E3556A616C433,process,SE5A8404F40ED8AC53A5AFFE225AABB,1,SBBA7F2A9DB6F06F7AB31720EE2297F,1
C025-W-HO13-P-_E-004-01,S14D21677B0A2320416D772BD463325,process,SD9763F71E36E3BF620761A9F584AD3,1,S77D38C61EFA5B2F1E79248BECFF150,1
C025-W-HO13-P-_E-004-01,SEAB07A8D6E520331C80E1A9FC62012,process,SBD2C86EEE539F846BC020EA60E63D7,1,SCF63995504EF0BE86B459FC5903FCD,1
C025-W-HO13-P-_E-004-01,S2BFB3A8120BFCB8AC0BF71B23910B3,process,SE88FC1B5E745FD99E6E539DB925896,1,S4BD0C7E6654FFF98F374FD7A9E99F3,1
C025-W-HO13-P-_E-004-01,S347FD8A090B2FC4D4F394C95513314,process,S6EEB6FE27F987CBBDEC2799645DDFA,1,S3F9F146C4B19A653E0816AF6AF0CD8,1
C025-W-HO13-P-_E-004-01,SCBDBF4B187EB8A349A06BA4CDC757B,process,S48B437A26ED984BE8041F3D8F8F25A,1,S914AB67F3C17715F8E6406ABF88053,1
C025-W-HO13-P-_E-004-01,SB2D70E6628132759826D25FAF82952,process,SC6B5A42109B699978B7E29F6357CE2,3,S8219F9E23F4371ECF3AD6AA1F330C9,2
C025-W-HO13-P-_E-004-01,S7095B397676C5AAF46E45CA6516CAF,process,S45129FD95A9EE2C780C5B9D52E88F7,1,SEC789509348DA7845C5725B027477E,1
C025-W-HO13-P-_E-004-01,S83F124B10773D0C2501952D5B845EA,process,SC6B5A42109B699978B7E29F6357CE2,1,SEC789509348DA7845C5725B027477E,2
C025-W-HO13-P-_E-004-01,S74018B59F5BFBD87385FACC76B0856,process,SEC789509348DA7845C5725B027477E,3,S6D6ED600077A9203F99B5DB6F5BD8D,2
C025-W-HO13-P-_E-004-01,SCD4F3945FB41EE99F9474A2E74C944,process,SC67970F1AB762A7BD842135D964FC1,1,SC6B5A42109B699978B7E29F6357CE2,2
C025-W-HO13-P-_E-004-01,S40DEF682B2CFCF5EEDB1DC7E9054EA,process,SB6013D29066A4C4CE8BAB5F94A0BB1,1,S10037C64F98356DFFB9AC3D2552C35,2
C025-W-HO13-P-_E-004-01,S9A82CE0D3FD84DF587B521726BD38D,process,SAC0A81F0A1FA29E1FEC58E0FCC469A,1,SB6013D29066A4C4CE8BAB5F94A0BB1,2
C025-W-HO13-P-_E-004-01,SACFD550C40673D0F64BFADA9B72847,process,S486D6655D413B12438478BF86D0179,1,S5E323C10A88F3EA6D8EF4017A5672B,3
C025-W-HO13-P-_E-004-01,SFC76CE3E555B08D9B4DF8D5AB322F0,process,S5E323C10A88F3EA6D8EF4017A5672B,1,SC9BE4BC6BEB17860762183CB6EDEBB,2
C025-W-HO13-P-_E-004-01,SD97DAE45C8B358630E0E47433B1073,process,S5E323C10A88F3EA6D8EF4017A5672B,2,SBE2A1B88B6877175FE31334EB1FAF4,1
C025-W-HO13-P-_E-004-01,S11D59A75AC90FAA2E58E193E7F4528,process,S18496EF35E785047DDD5DF54960C4C,3,SFB7D45E90864681EB0E443821BEE9F,1
C025-W-HO13-P-_E-004-01,S18AD10A9AC498EC56D23417DD47CE3,process,SBBEEF20C96065C1CA00260C5CFA8FB,1,SC9BE4BC6BEB17860762183CB6EDEBB,3
C025-W-HO13-P-_E-004-01,SED2CF5BE87574C00B82B85668ED8EB,process,SC9BE4BC6BEB17860762183CB6EDEBB,1,SFB7D45E90864681EB0E443821BEE9F,2
C025-W-HO13-P-_E-004-01,SF9C88DDB4FD3A85FB9B979B6FE8705,process,SFB7D45E90864681EB0E443821BEE9F,3,S48C2C61144021291FD8967FAEC68E3,1
C025-W-HO13-P-_E-004-01,S395B9390980213298634A0680AAD70,process,SE567164092C308E86DAF9460F26055,1,S1EC8C289706B2AEC4A549CA93EF21D,2
C025-W-HO13-P-_E-004-01,SC02B688EC11B27E63BA32236EE95DB,process,S10037C64F98356DFFB9AC3D2552C35,1,S48C2C61144021291FD8967FAEC68E3,3
C025-W-HO13-P-_E-004-01,S63312CD2A2DAE4464C4DA80B2A1AE0,process,S48C2C61144021291FD8967FAEC68E3,2,S1EC8C289706B2AEC4A549CA93EF21D,1
C025-W-HO13-P-_E-004-01,SA5D62412B804568995C0319C691203,process,S1EC8C289706B2AEC4A549CA93EF21D,3,SF5A6B7273E9D70AFDE9D585826F7DA,1
C025-W-HO13-P-_E-004-01,SDA31313CAB1C47F55F228CA20F73E8,process,S433C1F297BC543ABF09F3A0D4BBFD9,1,SEA1C22115576E528C64216324474C2,3
C025-W-HO13-P-_E-004-01,S3D716DE1DBFC413B588E768144763A,process,SEA1C22115576E528C64216324474C2,1,SAC0A81F0A1FA29E1FEC58E0FCC469A,2
C025-W-HO13-P-_E-004-01,SA72924A2A8E51499D237462C274927,process,S5A6099F9081917688BA65F3D3BBCE1,1,SEA1C22115576E528C64216324474C2,2
C025-W-HO13-P-_E-004-01,S5582422A3B7E3AA4B34C80544CA700,process,S3AD7FB8C21BA120012B57E9D9C39E9,1,S62B64B6A7189D2955272AB1D9958FF,2
C025-W-HO13-P-_E-004-01,SAC2A1F6C2088F2B476877EB18E3AD5,process,SB589B095E621ED8533C21E22C6BE22,2,S7D0C4ECCE0A2760768337EFEA5CACF,2
C025-W-HO13-P-_E-004-01,S9EBB511B150350457B583932995484,process,SFABD9811CDF32EB33293320845EF6F,3,S24F39AB671DDFA9A589086F918CAD6,1
C025-W-HO13-P-_E-004-01,S55881409BAB7991CD4730C11136223,process,SBF9905993CDD9674CF2F665E11FCB7,1,SAFF66F1DB55D693B762FA585EB5EC6,2
C025-W-HO13-P-_E-004-01,SE41936530CBE134037005F906DD3E3,process,S3404641135963E3687BD073E0AB0FB,3,S62B64B6A7189D2955272AB1D9958FF,1
C025-W-HO13-P-_E-004-01,S4CF08279D87452F16D7BD3707DA160,process,S8A95765A632424D2DBF083D3CB969E,2,SD608BBBC444AC7D567EF3CF341D683,1
C025-W-HO13-P-_E-004-01,S69B5336927E24B41A7761ED0C98C98,process,SF5A6B7273E9D70AFDE9D585826F7DA,2,S3404641135963E3687BD073E0AB0FB,1
C025-W-HO13-P-_E-004-01,S46936FA9A7615160A687411EA4F1C4,process,S62B64B6A7189D2955272AB1D9958FF,3,S8A95765A632424D2DBF083D3CB969E,1
C025-W-HO13-P-_E-004-01,S314D5EC348158C726D23160D64145A,process,SD608BBBC444AC7D567EF3CF341D683,3,S7D0C4ECCE0A2760768337EFEA5CACF,1
C025-W-HO13-P-_E-004-01,S1979A75D9D29048B3C6C3A078A82B7,process,S62B64B6A7189D2955272AB1D9958FF,4,S30E71A51EF4E6560652FA047487E67,2
C025-W-HO13-P-_E-004-01,SCD278A1FC8449E354EC53D3281BD64,process,S8A95765A632424D2DBF083D3CB969E,3,SFABD9811CDF32EB33293320845EF6F,1
C025-W-HO13-P-_E-004-01,SAAF3589CB0C5AD9C790EF0D0C6BC56,process,SAFF66F1DB55D693B762FA585EB5EC6,1,S3404641135963E3687BD073E0AB0FB,2
C025-W-HO13-P-_E-004-01,S552CAED4EF951EE26BC29F4960D28E,process,SFE4EC27BFE8D374202FD24F6B7DDE3,2,SFABD9811CDF32EB33293320845EF6F,2
C025-W-HO13-P-_E-004-01,S2416A68CD95A61DFEE23C30C83C52C,process,SB644BBA602BF0F61C09867BC97F8C3,1,SD608BBBC444AC7D567EF3CF341D683,2
C025-W-HO13-P-_E-004-01,SA5BD239DC31D95E7AA7F8C757BCA26,process,S946B56E312F7C0F1093EE11533686F,2,SF5A6B7273E9D70AFDE9D585826F7DA,3
C025-W-HO13-P-_E-004-01,S84F20E3890ED50E3F4BA075630C7D4,process,S7D0C4ECCE0A2760768337EFEA5CACF,3,SE6797E16EDA2250EAF00D0B0996B1B,2
C025-W-HO13-P-_E-004-01,S1E3ED36EDBF20A8D7155C43521D4FC,process,S18496EF35E785047DDD5DF54960C4C,1,S1E3F3A6064AD512A548A8EBA1FA961,3
C025-W-HO13-P-_E-004-01,SF670F4381F9F2ADD31B9B8634AB32C,process,S1E3F3A6064AD512A548A8EBA1FA961,2,S2B4128E6F0C92B5F0DDF1C277862D5,2
C025-W-HO13-P-_E-004-01,SD454A8B95FA406FA117BB05D5BB420,process,S8D5DFDA233B51F2FA5C003E69236F2,1,S18496EF35E785047DDD5DF54960C4C,2
C025-W-HO13-P-_E-004-01,S54BFF19E02758379329D307239D04D,process,S1E3F3A6064AD512A548A8EBA1FA961,1,S1D0B3A5E3519A060FBEB0F3E033BBF,3
C025-W-HO13-P-_E-004-01,SBAB77F2D9B3838F21C7033F5435022,process,SA2955FCE7EE3318E10759341927B99,3,SF43CB12A3D93F2190C4596DCAD0974,1
C025-W-HO13-P-_E-004-01,SF6BFC52E0E1F06353300480FDFB74A,process,S4FAB5AB1389EB2D3F008A65353238B,1,SA2955FCE7EE3318E10759341927B99,2
C025-W-HO13-P-_E-004-01,SFFA798517303DF7836F44EF4EC1062,process,SAFFAB8BFFF9738A18C6380C0CAFDE2,1,SBF9905993CDD9674CF2F665E11FCB7,2
C025-W-HO13-P-_E-004-01,SE5461086C8B24F361F182C91C93231,process,SA2955FCE7EE3318E10759341927B99,1,SAFFAB8BFFF9738A18C6380C0CAFDE2,3
C025-W-HO13-P-_E-004-01,S34C27157D23CB40C6F414070F5B855,process,S99EED39A8FA3DC6054710631AB272C,1,SAFFAB8BFFF9738A18C6380C0CAFDE2,2
C025-W-HO13-P-_E-004-01,SC7BA5FED2BA783A95F716434E38FB3,process,SD99DA454AA59AE80CB9C28597476DF,3,S801381BA4C9F00CC22DF626249B8FF,1
C025-W-HO13-P-_E-004-01,S681B773BB432E776BEB40EE6A5463C,process,SCCA3957363B4B2A85A949552EA6834,1,SCC7CA63395FF05A4C75C16C4CD4EA4,1
C025-W-HO13-P-_E-004-01,S3AF771390AF6E3B959F84B5712C463,process,S1D0B3A5E3519A060FBEB0F3E033BBF,2,S4C366D1679C8E7A070D929188E6968,2
C025-W-HO13-P-_E-004-01,SD68A6418643C521CF3944004DB8039,process,SD99DA454AA59AE80CB9C28597476DF,2,S7A7BFC6DEB07BB5660FB99BB1E6A45,1
C025-W-HO13-P-_E-004-01,SDE98B4EDA33F1700BC97FEBDFF82E9,process,SCC7CA63395FF05A4C75C16C4CD4EA4,2,SD99DA454AA59AE80CB9C28597476DF,1
C025-W-HO13-P-_E-004-01,S4107D4C5BF19029D644775EC92CCC5,process,,,,
C025-W-HO13-P-_E-004-01,S4D1C9FD9AA0B4427A981F5C2411C2C,process,S1D0B3A5E3519A060FBEB0F3E033BBF,1,SCC7CA63395FF05A4C75C16C4CD4EA4,3
C025-W-HO13-P-_E-004-01,S979A98B6E2262B3C886D74AB77C99A,process,SB0AA2A0EA8CF6A40EE6D080A150647,1,S6EA8B66087B9AB904B33777CEEB74C,1
C025-W-HO13-P-_E-004-01,S772CA1F2A4D602D10DB0B8F26EC13E,process,S2EAC73A53EE64607F54090D20BA959,1,S337B90566745F69D30991066229F71,2
C025-W-HO13-P-_E-004-01,S69485FD0F5E63E5D8ED8CD931D5F84,process,S967E8136E9AF6BB735B514B4BFF2CE,1,SD54B717136CF30864A5584EF9E60BE,1
C025-W-HO13-P-_E-004-01,S36204592BB4AC622738A8A84540E7E,process,S4209AAD3765D5317DD4C7E96062EAA,1,SBF79EA087DEBAC478B18793B7C679C,1
C025-W-HO13-P-_E-004-01,SB3AC8656E1348BD2816ED4A032F6E4,signal,S25D3623CAB7BED1B6F35CE01641553,1,SD9428B4BE808A7310009FC6F91B473,1
C025-W-HO13-P-_E-004-01,S485D8A30BF85669A4398EC2638067B,signal,S4A636FBFFF99B186E0DCBA6046D5E8,1,S29DF6878DCA151958EAC467D08F714,1
C025-W-HO13-P-_E-004-01,S973A8E3A7CBE0AA693CC1DF5646192,signal,SAC8AA19092DC4ED2BAEAFE1C381EFA,1,S7D8B64FFC3D4610061EAB1A4D4AB3A,1
C025-W-HO13-P-_E-004-01,SAB8708F89AB978F82DC8DFCF3974A0,signal,SC3A249DD871938137C84102370A9FA,1,S51C51330AD0EB1127751BBFB183612,1
C025-W-HO13-P-_E-004-01,S4222C20321F4C6761EC6B005E0B207,signal,S856B3347D90FA2075523D992ED00BE,1,S159DED4DD9E2FC7128EF67DC38CD87,1
C025-W-HO13-P-_E-004-01,S9EB754D157FC121BC191BF96CE336C,signal,SEBB0463BAB89E5A004881BAEF5DCA2,1,S5A478B439775C006BBFDE4CE5640AA,2
C025-W-HO13-P-_E-004-01,SB58D76B895F1DE5B1DC9BFE5F31288,signal,S2BA482AB8188C4FA42B6BCD1F317C6,1,S2E476280F8372EB1D02A17BD9E48F4,1
C025-W-HO13-P-_E-004-01,SBF6E404DB92FE528843E1DA3E7258D,signal,S7AD2F7EC3407D30A807AB556B006AF,2,S11AC72EB8550EBAAFDBC8A8114E5E9,1
C025-W-HO13-P-_E-004-01,S255A7514130798DB2C8FC8A4E827B9,signal,S53003EAB6DBE6047C96604D8A04000,2,S2AD8B5F006DAF65BBA4C934A5D8F8D,1
C025-W-HO13-P-_E-004-01,SD6530B58B1A5021C23B121F103982D,signal,SF4B45B7013072EB7BF233126B39B06,2,S90E6A8EFB8D3B8C2112E29EF546B9B,1
C025-W-HO13-P-_E-004-01,SF688661D92DD0332BDE5D5D57480F8,signal,SDCF68A34D0E68CB3CA40858FB44C38,2,S60D90A21169A890F1B37388FFFFFCB,1
C025-W-HO13-P-_E-004-01,SABA45B33B10F0334C51514314AECB8,signal,SEF9BCAD7EA79D06C972AB02FDF909E,3,S2F834E22E486A9B64573D6A151C63C,1
C025-W-HO13-P-_E-004-01,SC39BA77C16607A862A8EA42D2A451C,signal,SEA070AE9AD5433BA6427819FA227DE,1,S782D1AC928C9E19B74FE030A83006F,1
C025-W-HO13-P-_E-004-01,S6959E3EBBEE601A6955975E41DFF71,signal,S877E837D5B72712C30D92A23E45EBB,1,S588BCC3E42CCC2F2ACE093C15AB254,1
C025-W-HO13-P-_E-004-01,S28E863FC54C3BB0B953C44FD09DDA5,signal,S877E837D5B72712C30D92A23E45EBB,2,S2D7BCCB18957B80BFEFE2607DB3E29,1
C025-W-HO13-P-_E-004-01,S30C70956B578841207BB95134CBCE8,signal,SA6330649608677FBE236BE36B5B0BB,1,SB9398D27B9AB8DA45AC095630F6CA9,1
C025-W-HO13-P-_E-004-01,S65269ABB81D9435537E5DEF96CE6BE,signal,S258953FA289399EA17DF9302F8CC8D,2,S5E3584D8B5A5FF3168510E0FF6D1DA,1
C025-W-HO13-P-_E-004-01,S7A3F1458B61940982F0DB2DCF6E722,signal,S445B07892E3FBC26EA6EDDB9A27D9D,1,S5E3584D8B5A5FF3168510E0FF6D1DA,2
C025-W-HO13-P-_E-004-01,SE04EFF005FD9B4391DD1B97C75C943,signal,S258953FA289399EA17DF9302F8CC8D,1,S87446CD33FCE2B08BECDED908549AE,1
C025-W-HO13-P-_E-004-01,S3BA7274677028C7B127F831E12ACF3,signal,S2E476280F8372EB1D02A17BD9E48F4,3,S87446CD33FCE2B08BECDED908549AE,2
C025-W-HO13-P-_E-004-01,S9C0AAB2E155846ECCE9F8C351AA77D,signal,S6D75202486D47FB0E3B043BBE7C959,1,S895C90F6BD9A39B583F4CB81291FC5,2
C025-W-HO13-P-_E-004-01,SB2122866C663D3F74E71A3C63EF9D9,signal,SE6797E16EDA2250EAF00D0B0996B1B,1,S2976BC4D9485AB4DF97A8DE1FB0B41,1
C025-W-HO13-P-_E-004-01,SDDD1E52B3032063574A083CE39BC5F,signal,S782D1AC928C9E19B74FE030A83006F,3,S2976BC4D9485AB4DF97A8DE1FB0B41,2
C025-W-HO13-P-_E-004-01,S19619BA78A013069D2A08EC5A35AB7,signal,SB589B095E621ED8533C21E22C6BE22,1,S22814CC2B92F0BDA9ECAB087F73F00,1
C025-W-HO13-P-_E-004-01,S9E09E27ACC3C053281606E84FF33C7,signal,S6D6ED600077A9203F99B5DB6F5BD8D,1,S416DF7B1F6173441996E84F5B242EE,1
C025-W-HO13-P-_E-004-01,S4DA29B35E2BE05698FF9E2E6F38D35,signal,S288FA10EFB86E4A89D05D6BF6FF67A,3,S33E601CF7EBAA6B78ADE3763C3E00D,1
C025-W-HO13-P-_E-004-01,S1A0F41D61A1112A5AE04B63BD300DE,signal,S3D123CE330740FC46B2606D553BD2E,2,S9861D2625344D338BD66620E0CFB01,1
C025-W-HO13-P-_E-004-01,SC7DD2815637AA7F5511EF9ECB30313,signal,S89BEC154CA68FE0368210AEF3579EB,1,S7BE58853107F6B3A39AA39DFC46450,2
C025-W-HO13-P-_E-004-01,SFF18F84ECE06155A0AE9765A764B1A,signal,S288FA10EFB86E4A89D05D6BF6FF67A,1,S5A478B439775C006BBFDE4CE5640AA,1
C025-W-HO13-P-_E-004-01,SCBB3BA34E6A6315EDF5F713A34BB5B,signal,S7CF8AD3C71C5C9739C3EED908AC351,2,S11D51A7C60B1C665C4C500E351C42C,1
C025-W-HO13-P-_E-004-01,S83AB546D7686C56338A02F236EA805,signal,S7CF8AD3C71C5C9739C3EED908AC351,1,S248B74B44A5CEEBD8F86F32DF37034,1
C025-W-HO13-P-_E-004-01,SBFDFE79F753646341CBA67039E907E,signal,SE13BA5B6432D2F485FE52264ACDE8D,3,S248B74B44A5CEEBD8F86F32DF37034,2
C025-W-HO13-P-_E-004-01,SC2EFB851C662C412154DE054477BB7,signal,S2B4128E6F0C92B5F0DDF1C277862D5,1,S7E03034BBFB25916921B04B5E6DB10,1
C025-W-HO13-P-_E-004-01,SD476EA4C905C9269EF8D4801FDA75E,signal,S9C366E11F75F01CCAD52F7C4768D5D,1,SCA37FAAEA131FB286469964A4FD4DD,1
C025-W-HO13-P-_E-004-01,SB28AB0540F18F0F35A41C6EC217CE0,signal,SCA094D96D0D47CEA54ADE41D5CA442,1,SCA37FAAEA131FB286469964A4FD4DD,2
C025-W-HO13-P-_E-004-01,SE2DB6C9732620F6AD77C312A9D3695,signal,S8407F97CFF6854B61BD380F2802131,2,SC3A249DD871938137C84102370A9FA,2
C025-W-HO13-P-_E-004-01,SC8BBCEB371183AA93C0243F84DCA6B,signal,S5948770E18E20140B93E5E5F6D6087,1,S555CE6A876458FF3917D524FF5CF73,1
C025-W-HO13-P-_E-004-01,S801F360110F4C20B0473EC190F6611,signal,S555CE6A876458FF3917D524FF5CF73,2,SBD1296E10716A85D2F2EDC350FC591,1
C025-W-HO13-P-_E-004-01,S9B9C00DABB75F7878E3FCCD229FE85,signal,S92030A8A28A3B77FF1419D22E52175,1,S7D8B64FFC3D4610061EAB1A4D4AB3A,2
C025-W-HO13-P-_E-004-01,SABF37C2EF9046AD59566ABAF6DC384,signal,SF4B45B7013072EB7BF233126B39B06,1,SEDB56FF00F9D61F6108296B3FA0F71,4
C025-W-HO13-P-_E-004-01,S824832730B28AE954CAC120FB27293,signal,S60A65077A1BCA1A9F96450954FDB1D,1,SEF9BCAD7EA79D06C972AB02FDF909E,2
C025-W-HO13-P-_E-004-01,SBD10F367FBE52AE0EB07B5B411172A,signal,SD8A93D8D16C431EB9332EF1312428D,1,S60A65077A1BCA1A9F96450954FDB1D,2
C025-W-HO13-P-_E-004-01,S809FF4F13D169DCF5CC3F551C1ACCC,signal,S946B56E312F7C0F1093EE11533686F,1,SDCF68A34D0E68CB3CA40858FB44C38,1
C025-W-HO13-P-_E-004-01,S1C95D781B02FC6AA63E18FE9F574BA,signal,SDAF28EEA05F20E2A81A857FC21EE54,2,S86F621FAB781674E55B3C65DE4063D,1
C025-W-HO13-P-_E-004-01,S5CD1C392DB0CBF4F84C13F24EF11AD,signal,S2E476280F8372EB1D02A17BD9E48F4,2,S86F621FAB781674E55B3C65DE4063D,2
C025-W-HO13-P-_E-004-01,SAFCCD387DD9F3AF69308C61031AB33,signal,S9D5E03F36205AC7BB93A83CAFBBA2A,1,S7D1665E8E6D4DA5391F5DEDC6BBB04,1
C025-W-HO13-P-_E-004-01,SAB854C9AC7AD1B25DCE373E9536DA5,signal,S29DF6878DCA151958EAC467D08F714,2,S9D5E03F36205AC7BB93A83CAFBBA2A,2
C025-W-HO13-P-_E-004-01,S1DDEE948BF9498D714A404004C0324,signal,S5766097E4C2042213AA77C7B65B029,1,S786522096FA2B200FB20BFBB96DCCE,1
C025-W-HO13-P-_E-004-01,SFAB29C888C1DA99A1B6B4D306A20A9,signal,S83AD294711662C017136A73AB021A3,1,S289C0C2E121069F41887CFB3ECCDCE,1
C025-W-HO13-P-_E-004-01,S8307B454D0D15C86FF7B41B26ED77C,signal,S25D3623CAB7BED1B6F35CE01641553,2,S289C0C2E121069F41887CFB3ECCDCE,2
C025-W-HO13-P-_E-004-01,SD065E77ACD711468F47EB99BDCC384,signal,SEDB56FF00F9D61F6108296B3FA0F71,2,SCB589BEDF572C1C7945DCA58618F99,2
C025-W-HO13-P-_E-004-01,S1544C3A08A1AA031C5F99D2E1B7F7C,signal,S9B2D1E8C2D51AE97779D7E09308A61,1,SA00FDE5203B3955BE31AC4FAE216E3,1
C025-W-HO13-P-_E-004-01,S38EED849B852B3C07BEB2527691184,signal,S811AC741EA0BA4BC1D7FB87F208F8C,2,S3F37A6BC0A88A378491E1F89FE6E47,1
C025-W-HO13-P-_E-004-01,SCC7805978CE5A67DBE828C46765232,signal,SEDB56FF00F9D61F6108296B3FA0F71,3,S3F37A6BC0A88A378491E1F89FE6E47,3
C025-W-HO13-P-_E-004-01,S789722AFF70FE32C32B777F1D2DA98,signal,S811AC741EA0BA4BC1D7FB87F208F8C,1,S696409C3CDEEA5759461C0FE4A09DD,1
C025-W-HO13-P-_E-004-01,SCE563250CC8DEDD70D77D88ACC4F9C,signal,S696409C3CDEEA5759461C0FE4A09DD,2,SEDB56FF00F9D61F6108296B3FA0F71,1
C025-W-HO13-P-_E-004-01,SF47917B7A11E7FFFD0B88B0A7F8CA5,signal,SC29E6DE3A61D8007E9AA31090B1F66,1,S696409C3CDEEA5759461C0FE4A09DD,3
C025-W-HO13-P-_E-004-01,SF80350E1758931191CFC4278C6DE2A,signal,S337B90566745F69D30991066229F71,1,S46D69ACC2FB2CDDDCAC975C3326F4E,1
C025-W-HO13-P-_E-004-01,SBF1BDB631A6FE6E28A179B4F24BC32,signal,S30E71A51EF4E6560652FA047487E67,1,S5E0488513069D86B7D126D18FA1D06,1
C025-W-HO13-P-_E-004-01,S5E5B1B16A4618CFA4DB73E71BB7B48,signal,SFE4EC27BFE8D374202FD24F6B7DDE3,1,S5A67848820219CBDB580510D057583,1
C025-W-HO13-P-_E-004-01,S848A76ECF2E82C928C9B4F86317BCB,signal,S51D0E72157970B5424CC4737A84AE9,1,S1F2720E6165D0D955E3644093CC844,1
C025-W-HO13-P-_E-004-01,S21D343B195A12EC82C3963B5A6E36E,signal,SA6330649608677FBE236BE36B5B0BB,3,S8ACE8ECC284D9FE41574BA3FA8C637,1
C025-W-HO13-P-_E-004-01,SAAF0A242C9AA6856AB34BC6F265A48,signal,S6AE77E069FC03224014EC748A64815,1,SC8A3ED0E2E331D1C7D7F916B2FD1E1,1
C025-W-HO13-P-_E-004-01,SFA933F4F647B897962362AE8E2B242,signal,SB42FE18AC9B0AC0DE42A3D8F8A4BEA,1,SBD1296E10716A85D2F2EDC350FC591,2
C025-W-HO13-P-_E-004-01,SE6A1D0014B4122530CED6C96121309,signal,SEF9BCAD7EA79D06C972AB02FDF909E,1,SA7810615232C065DD2107515CE718F,1
C025-W-HO13-P-_E-004-01,S4ED25C4D1498ABE18BCBDFDCB2CCBA,signal,S781A87BFFEAA25E1F804A075F74F7C,1,S837D4BC7B69920D355D7941F4E2295,1
C025-W-HO13-P-_E-004-01,S3895D5D8FC75CC4E5B3317A2E90A89,signal,S8407F97CFF6854B61BD380F2802131,3,SF1F1400BA0134523FFFBD4EE02117C,1
C025-W-HO13-P-_E-004-01,S4891ECB228A126A51C9278F5BC9D39,signal,SCB589BEDF572C1C7945DCA58618F99,1,SE0028074C5B1FA342544D9BE8F721B,1
C025-W-HO13-P-_E-004-01,S3DD1BD58AC67B8C35487F520367F9B,signal,S17F180EBEE189715B0A5690FF27280,1,S4A9A631F0ABDD4A4E2FA033A1515B4,1
C025-W-HO13-P-_E-004-01,SAFF4ACD2EACC6998C5E3284397028B,signal,S856B3347D90FA2075523D992ED00BE,2,S11D51A7C60B1C665C4C500E351C42C,2
C025-W-HO13-P-_E-004-01,S4A48775250B47644C03B027E208F9D,signal,S856B3347D90FA2075523D992ED00BE,3,S82EABA26854C08160B4A0BE1777135,2
C025-W-HO13-P-_E-004-01,SCAE9DBD34DEA35F7C96D86539FBE52,signal,S1F2720E6165D0D955E3644093CC844,2,S811AC741EA0BA4BC1D7FB87F208F8C,3
C025-W-HO13-P-_E-004-01,S4BADB14CC60F3B6A70BE3B5C837C5C,signal,SF3D8489E994C668690F6596FE15702,3,S877E837D5B72712C30D92A23E45EBB,3
C025-W-HO13-P-_E-004-01,S1FD5942BE4EB09F2A060C83D5B2652,signal,S8370F3342886A4865215B35D8EFB7E,1,S25D3623CAB7BED1B6F35CE01641553,3
C025-W-HO13-P-_E-004-01,S5AE86F3CEDAF25B968EB7F05BB3806,signal,SC29E6DE3A61D8007E9AA31090B1F66,2,S3F37A6BC0A88A378491E1F89FE6E47,2
C025-W-HO13-P-_E-004-01,S870F4E771EC49AAE510CEEAEAAB8FA,signal,,,SC29E6DE3A61D8007E9AA31090B1F66,3
C025-W-HO13-P-_E-004-01,S4FA6BF2DDD44011798960BB91644F3,signal,S53003EAB6DBE6047C96604D8A04000,1,S1FE6B9C56B68E186E1700C311FDEEB,1
C025-W-HO13-P-_E-004-01,SCCDE4EE598F111E9F6220FA33EC996,signal,S786522096FA2B200FB20BFBB96DCCE,2,S53003EAB6DBE6047C96604D8A04000,3
C025-W-HO13-P-_E-004-01,S7C57D661294C704FD87AC816B413F4,signal,S4C366D1679C8E7A070D929188E6968,1,SDAF28EEA05F20E2A81A857FC21EE54,1
C025-W-HO13-P-_E-004-01,S48DA6AC1DEEBC2F626803EECD63FC8,signal,SDAF28EEA05F20E2A81A857FC21EE54,3,S14B120D5DD14E8682F89EDC07D577F,1
C025-W-HO13-P-_E-004-01,S99C7878D8827FC787664B0B5B094F7,signal,SF3D8489E994C668690F6596FE15702,2,S6A297D64638518BA97D5F64588C8CD,2
C025-W-HO13-P-_E-004-01,SC2CF3A79DC7AED615F1876BA3A4FE5,signal,S6A297D64638518BA97D5F64588C8CD,3,S17BD3C7B9A23BD5E310D83AE390066,1
C025-W-HO13-P-_E-004-01,S9812F607F3B11D6D880E01B1BABFAB,signal,S6A297D64638518BA97D5F64588C8CD,1,S7AD2F7EC3407D30A807AB556B006AF,1
C025-W-HO13-P-_E-004-01,S9A26E552222001BD5FE28C3276177F,signal,S7AD2F7EC3407D30A807AB556B006AF,3,S8E0E1B87A84A50B55360223B5F50F0,1
C025-W-HO13-P-_E-004-01,SEF00637CE086EFC9513DC05BEAF635,signal,S34DCC9A106AF660D35A3B0AF6DF936,2,S55BA4C47CE106028E851301F61316F,1
C025-W-HO13-P-_E-004-01,S7B759949CD76B1D04C54DD57747EB9,signal,S699416858E50DEA80245903A247570,1,S34DCC9A106AF660D35A3B0AF6DF936,3
C025-W-HO13-P-_E-004-01,S625E415A6F0B9E2307DA490EEE916D,signal,SE13BA5B6432D2F485FE52264ACDE8D,1,S895C90F6BD9A39B583F4CB81291FC5,1
C025-W-HO13-P-_E-004-01,S1535BEB055EBE9FA04C72E150FAC58,signal,S82EABA26854C08160B4A0BE1777135,1,SE13BA5B6432D2F485FE52264ACDE8D,2
C025-W-HO13-P-_E-004-01,S3B098CAB3730C8793C92EDD096541E,signal,S34DCC9A106AF660D35A3B0AF6DF936,1,S7CF8AD3C71C5C9739C3EED908AC351,3
C025-W-HO13-P-_E-004-01,S468E4FDECF8EE17DF76AF1432BEB05,signal,S2419BAA97549320DDDBE8EA71292D6,1,S288FA10EFB86E4A89D05D6BF6FF67A,2
C025-W-HO13-P-_E-004-01,SA7C2FC91D256A2FBE365F8CAEDB653,signal,S782D1AC928C9E19B74FE030A83006F,2,S258953FA289399EA17DF9302F8CC8D,3
C025-W-HO13-P-_E-004-01,S7A9169BC305B841DA59BB004CB2774,signal,SB2959256BD3F0891850F35AA695A50,1,SF3D8489E994C668690F6596FE15702,1
C025-W-HO13-P-_E-004-01,S7F4EC1250D6683E7EB4F2253CC7558,signal,S7E03034BBFB25916921B04B5E6DB10,2,SA6330649608677FBE236BE36B5B0BB,2
C025-W-HO13-P-_E-004-01,S5B98D551D942A12EEF79EDBA17D3D5,signal,SC181914F0F50C5588D2500B75FD62E,1,SE556F2125A210AD9C81C1B25184498,1
C025-W-HO13-P-_E-004-01,S795D5156CCDFBA3BD70D330EDA326E,signal,SE556F2125A210AD9C81C1B25184498,2,SA06BAE64D3C58DF048FC906CF3CF2B,1
C025-W-HO13-P-_E-004-01,S3E86B7F9BCB0246D75ABCE26626DF3,signal,SE556F2125A210AD9C81C1B25184498,3,S6156EAB61EC77E807A6C2F66137974,1
C025-W-HO13-P-_E-004-01,S47BDB897DAEFF9BD9519A498715AA2,signal,S3D123CE330740FC46B2606D553BD2E,1,S7BE58853107F6B3A39AA39DFC46450,1
C025-W-HO13-P-_E-004-01,S140C12EB71ED05631FA8EA59ED10E8,signal,SAE99DC73BBA5728CF9F28AFF840DB6,1,S3D123CE330740FC46B2606D553BD2E,3
C025-W-HO20-P-_E-001-01,SA172A21B5C822A86A7C4A9841F5BBC,process,S7A129E92F91152B00413A98C7EBDAE,2,S2423E6A8BC694BE0BDFB200EF58BD8,2
C025-W-HO20-P-_E-001-01,S4F38CB1E1B28F10A58F11F4B806F0D,process,S2423E6A8BC694BE0BDFB200EF58BD8,1,S54E86C0AEC091D557C2E08AF2F145F,2
C025-W-HO20-P-_E-001-01,S98EF9C6F33AE5BADC1A165E48B0BDB,process,S9D40C1EEB345787544696CB26FC5BC,2,S3F6408CED47C1A036D99E58597835B,2
C025-W-HO20-P-_E-001-01,S5EE6B20AE971B0C499392E85375968,process,S4DF31DBC34781D3E1A40CFCFE241C1,3,S5DB980D5F65FA7D8EBBE6C8982C790,1
C025-W-HO20-P-_E-001-01,SD587C76B694AFF07AF38B40C77A2CC,process,S86358C2E129532ED975409B998E155,1,S5DB980D5F65FA7D8EBBE6C8982C790,2
C025-W-HO20-P-_E-001-01,S699366EE1A5AF33162F30CFEE13D7B,process,SCC94994F95CB40D99859E1F09E9C4B,2,SF88A64F0797DA181CA8487B591AC51,2
C025-W-HO20-P-_E-001-01,SA9164F43607102CA3254C3DEA3017B,process,S46C30068E9B1E859B6F3A6CA01A513,2,SCAA175B3564EBD2C38E98345922FE2,1
C025-W-HO20-P-_E-001-01,S3D0BECFA2204E6A60D60F03559D336,process,S2DE19D2865F6708B679E3A8AFE8EA5,2,S1525E0455B4D8C85FF5C5A5F0A07E7,1
C025-W-HO20-P-_E-001-01,SF5CB97FEC11B3C7EE7A04FDC8CBD52,process,S46C30068E9B1E859B6F3A6CA01A513,3,S4DF31DBC34781D3E1A40CFCFE241C1,1
C025-W-HO20-P-_E-001-01,S45E0658810E74ADA6052262D7B2DF1,process,S1525E0455B4D8C85FF5C5A5F0A07E7,3,SCC94994F95CB40D99859E1F09E9C4B,1
C025-W-HO20-P-_E-001-01,S73B9626C24F829C15B9B7EB32C1C91,process,S4DF31DBC34781D3E1A40CFCFE241C1,2,S6CBF56C0D27F1937D3D36577095036,2
C025-W-HO20-P-_E-001-01,SC2BE3F30FC793C2E521540EEC72012,process,SCC94994F95CB40D99859E1F09E9C4B,3,S3F6408CED47C1A036D99E58597835B,1
C025-W-HO20-P-_E-001-01,SBC761A2D1852917C92FFFF6C4D9D8E,process,S3F6408CED47C1A036D99E58597835B,3,S46C30068E9B1E859B6F3A6CA01A513,1
C025-W-HO20-P-_E-001-01,S353C274765EAE29D2B339371F6725E,process,S5DB980D5F65FA7D8EBBE6C8982C790,3,S84642BFD8567001485C4DF37DB105C,1
C025-W-HO20-P-_E-001-01,SF53588AD3D818D3E32ABF39F42E179,process,S4F18D8FE8CB1F9D372F8CDA2494DA3,1,SA9B1BA1EDDA6AB76470A589C7B6AB3,3
C025-W-HO20-P-_E-001-01,S679AD3C3087BBDA27F0C6647A01368,process,S4F18D8FE8CB1F9D372F8CDA2494DA3,2,S89BA97BD46985DABF5745BAB26ECA8,1
C025-W-HO20-P-_E-001-01,SBE0A0CFB6EDBDC5C3A49B031CF46CF,process,S37244D26778EF4D666C49012AFCEDD,3,S1BEED268FD05C59CD299AB9DFA0EAB,3
C025-W-HO20-P-_E-001-01,SC3AD474CF8CA9EE3B6EBBB31E84885,process,S1BEED268FD05C59CD299AB9DFA0EAB,1,S4F18D8FE8CB1F9D372F8CDA2494DA3,3
C025-W-HO20-P-_E-001-01,S19AB7986F00BD4CDF2A8D5093FDC3D,process,SC5118EBFC2039B81F7D0D80CE9A5C9,2,S2DE19D2865F6708B679E3A8AFE8EA5,1
C025-W-HO20-P-_E-001-01,SA7B670508E8BB590896F069405AEC8,process,SA3B1901A585808EEC82D4A318D0E88,3,S9A0480B1EA8C2F0AC63BFAD9FC3854,1
C025-W-HO20-P-_E-001-01,S1DE578CC8EFD69E5D85377BFEDFE7E,process,SBC0CD92384C0E67238CBC5D6827EC5,1,SA3B1901A585808EEC82D4A318D0E88,2
C025-W-HO20-P-_E-001-01,S2B7838C64E0E8F2EC8EF093FDAF4BE,process,SA9B1BA1EDDA6AB76470A589C7B6AB3,1,SC5118EBFC2039B81F7D0D80CE9A5C9,3
C025-W-HO20-P-_E-001-01,SD383A5387A75A6845293AF319D1869,process,S9C99D6098C785E03F434103FEB1882,1,SA9B1BA1EDDA6AB76470A589C7B6AB3,2
C025-W-HO20-P-_E-001-01,SBB250C9AB105E6DB3B7E4B162F92A8,process,SCA1FEA9634A6A3938981D30EDFF824,2,S37244D26778EF4D666C49012AFCEDD,1
C025-W-HO20-P-_E-001-01,SEC240B2037399297C0BAFEDB7EE353,process,S1BEED268FD05C59CD299AB9DFA0EAB,2,SE2B37365C87EB6525529586586E449,1
C025-W-HO20-P-_E-001-01,S15D54E12907D512A5A3AD6ECFE41AB,process,S9E229AECBB43A5D271EAE0FE184F01,1,S37244D26778EF4D666C49012AFCEDD,2
C025-W-HO20-P-_E-001-01,SA80CB6EAFE9E974FE6BB2521C03444,process,S61A310AD108D858270FCB8A7F2EC59,2,SC5118EBFC2039B81F7D0D80CE9A5C9,1
C025-W-HO20-P-_E-001-01,S469695822B1377A60BD4CA0253D4F1,process,S2DE19D2865F6708B679E3A8AFE8EA5,3,SA3B1901A585808EEC82D4A318D0E88,1
C025-W-HO20-P-_E-001-01,S50A11FE73625D5DF25425A7C8CB0E2,process,SDA981236D4E4A1C371E33540115198,1,S9CA8E225EA0E9E7A857ED0FE7C37B8,1
C025-W-HO20-P-_E-001-01,SA109872C2294F2A66FDF0E6DAEC7A3,process,S2382FE3F9429694567B56435A48E9E,2,SA6E39073B7DA3218055996AD5C251A,1
C025-W-HO20-P-_E-001-01,SEFB4EF7CD89EC87619BFEA982C13DA,process,S2382FE3F9429694567B56435A48E9E,3,SCA1FEA9634A6A3938981D30EDFF824,1
C025-W-HO20-P-_E-001-01,S7B461A9AAC8770A466306BAD14ED39,process,S43344232A1AD106AD30261B1D016A5,2,S999E8FE14CE71E8082723C52FB1EB3,2
C025-W-HO20-P-_E-001-01,S391D7C0D30AFA33E2675A0A20EC3DC,process,S999E8FE14CE71E8082723C52FB1EB3,1,S3B69ECC9A9520BD952E7297F22E54B,2
C025-W-HO20-P-_E-001-01,S39E74CB62D57F19F7370385D12B0E8,process,SE866B549843DE2A1CCCC1F907CB13A,1,S115359096C83FA0D5C104759226D08,2
C025-W-HO20-P-_E-001-01,SC174C106649D2F42A24D92AF132F6F,process,S1525E0455B4D8C85FF5C5A5F0A07E7,2,SEA19701B09E51D061BE4F4E3487148,1
C025-W-HO20-P-_E-001-01,S7C232D40C5BD6F902148E71EA2C891,process,S8124746EA396BBFB35BE517F4F6CD0,2,SD5000BD70516DFE5D736290373EC01,2
C025-W-HO20-P-_E-001-01,S532A92C6896027AF168384646D5017,process,S7768000FCD77A7F14FB712E1344200,1,SEA19701B09E51D061BE4F4E3487148,2
C025-W-HO20-P-_E-001-01,S4A6B3384F36719717E7FEB1D5D3F05,process,SEA19701B09E51D061BE4F4E3487148,3,S8124746EA396BBFB35BE517F4F6CD0,1
C025-W-HO20-P-_E-001-01,SD456BF5C1A450C6C57CBE966C98A8C,process,SA530C2896DF8BE25F26043D004F45F,2,S262247422BDC56F67D4ABABEC9B42E,2
C025-W-HO20-P-_E-001-01,SEB6CE40CA8AC4EA163465C49EE5558,process,S262247422BDC56F67D4ABABEC9B42E,1,SFBD0E8395E5E814C6B999A08FD3A73,2
C025-W-HO20-P-_E-001-01,S17ADE71841371C6F1BFFE488C414C2,process,S5707B2AF50E1FC6DF501E3D1CE260F,1,SF1FE6A27672FE7EE2FEC20C367BC7C,2
C025-W-HO20-P-_E-001-01,S45C2495B0AE434194FD8E1A9E8CB5B,process,S3B9C76A1DA48F838976A466ADB2B9D,1,S5707B2AF50E1FC6DF501E3D1CE260F,3
C025-W-HO20-P-_E-001-01,SDDDF6758CD2E5E49152F2CC4FBB055,process,SA53C2A99AFD8213C0BA1712CFDF965,2,S3B9C76A1DA48F838976A466ADB2B9D,2
C025-W-HO20-P-_E-001-01,S329EC34A398793904507F6FFF5339F,process,SB0D17A9DC60689678779AFAC124635,1,S61A310AD108D858270FCB8A7F2EC59,1
C025-W-HO20-P-_E-001-01,S831E1F62CE6D2391C9B1E68B04FE2D,process,S2C6357E8DB762102AF9811D9B3F484,1,S9A0480B1EA8C2F0AC63BFAD9FC3854,2
C025-W-HO20-P-_E-001-01,S5857F47838EF13FD9EB4AA86819AD2,process,S88DFE0A80601DDC453DAF222431543,2,S2C6357E8DB762102AF9811D9B3F484,2
C025-W-HO20-P-_E-001-01,S43628554CE11ADBA15695FDC800CE0,process,S4A86360AE9F877992250FE9EA541AD,3,SE8E61A5A26A87E2A72CB1B0F176B07,1
C025-W-HO20-P-_E-001-01,SD38B487BF21E9A0703A7F0B56EC9FD,process,S115359096C83FA0D5C104759226D08,1,SC9557FCED436374DC63C0903C87E84,2
C025-W-HO20-P-_E-001-01,S819C874696FF36B476A8AFEEE9CFAC,process,S9894C9564B275476A07EC6AA5AF12A,1,S4A86360AE9F877992250FE9EA541AD,2
C025-W-HO20-P-_E-001-01,SB345217B5A6C5B5C34C1013B854058,process,SE216AB985B7BAA2467458CC1306EF1,1,S78586C2DF986D5E8E057085A94519F,2
C025-W-HO20-P-_E-001-01,SD0987B5143D0C5AB94D4E496220B02,process,SE8E61A5A26A87E2A72CB1B0F176B07,3,SC9557FCED436374DC63C0903C87E84,1
C025-W-HO20-P-_E-001-01,SBAAAC1434AABAEC84A4813208DA39B,process,SC251EC46998263AFA294BAFDED9674,1,SE8E61A5A26A87E2A72CB1B0F176B07,2
C025-W-HO20-P-_E-001-01,S16B30CAE084AEEF283E65A84347D76,process,SC9557FCED436374DC63C0903C87E84,3,S78586C2DF986D5E8E057085A94519F,3
C025-W-HO20-P-_E-001-01,SD1F1DA9B2EA272A18E56DE7F1874B6,process,S78586C2DF986D5E8E057085A94519F,1,S32ACD8F7A573550999B2D2C2FB635C,2
C025-W-HO20-P-_E-001-01,S88275B7899C3BC13E5ED8A581D1DD8,process,S9CA8E225EA0E9E7A857ED0FE7C37B8,2,SBE7FC82BC046161CBA93E1B974B9E5,2
C025-W-HO20-P-_E-001-01,S900114894BD14E6083647C1C215241,process,SBE7FC82BC046161CBA93E1B974B9E5,1,S978E5ACE383ECABFBAB804A7F42093,2
C025-W-HO20-P-_E-001-01,S5B8CF2D1D9106FC4EBF10B32775043,process,SE866B549843DE2A1CCCC1F907CB13A,3,SE8CCFDDE30AFF8687847FA82058928,1
C025-W-HO20-P-_E-001-01,S9E2C5F0959A7CDC0F984FFD00AAAE6,process,S32ACD8F7A573550999B2D2C2FB635C,1,SE866B549843DE2A1CCCC1F907CB13A,2
C025-W-HO20-P-_E-001-01,S12D2439F035C37558B19C4CA0D6EA8,process,SCFA272A50B4A7AD3AB1FBD3391C1B4,1,S7A129E92F91152B00413A98C7EBDAE,1
C025-W-HO20-P-_E-001-01,S3406CB0141C75ED386E112AF0862EE,process,SDA6D872F8F181E5673E6ADDA3803AB,1,SA53C2A99AFD8213C0BA1712CFDF965,1
C025-W-HO20-P-_E-001-01,SA4ACFE9B538744CCDF9AFFCB781F62,process,S5B23BD108B4757C249B7F955B1AB8C,1,SA530C2896DF8BE25F26043D004F45F,1
C025-W-HO20-P-_E-001-01,SA5C33B92EFD99959BCC2AAC12591E6,process,S9A0480B1EA8C2F0AC63BFAD9FC3854,3,S54E86C0AEC091D557C2E08AF2F145F,1
C025-W-HO20-P-_E-001-01,SEC161775EC16039CEB61974B1FE6F5,process,SA3300C2F30EFCB4316F4141189F510,2,S57FD5F8EFC27C1935088036220986A,1
C025-W-HO20-P-_E-001-01,SC279A792308701DBFD0C0797206243,process,S3B69ECC9A9520BD952E7297F22E54B,3,SFBD0E8395E5E814C6B999A08FD3A73,1
C025-W-HO20-P-_E-001-01,S3BEA5AB2945510A43DDD7D20A7F0AE,process,SF1FE6A27672FE7EE2FEC20C367BC7C,3,S978E5ACE383ECABFBAB804A7F42093,1
C025-W-HO20-P-_E-001-01,S81E3EA0D006EF5EB931796881CEE3B,process,SA3300C2F30EFCB4316F4141189F510,3,SF1FE6A27672FE7EE2FEC20C367BC7C,1
C025-W-HO20-P-_E-001-01,S643CB115ABD1696A2DE14C594BDB24,process,S54E86C0AEC091D557C2E08AF2F145F,3,S3B69ECC9A9520BD952E7297F22E54B,1
C025-W-HO20-P-_E-001-01,SD1492F3EF31330F24937CABD89D4B4,process,SFBD0E8395E5E814C6B999A08FD3A73,3,SA3300C2F30EFCB4316F4141189F510,1
C025-W-HO20-P-_E-001-01,S5D6BB67EBC0BF7C0294F69BB398D4C,process,S978E5ACE383ECABFBAB804A7F42093,3,S4A86360AE9F877992250FE9EA541AD,1
C025-W-HO20-P-_E-001-01,S91AF87B731B8FB5AB1945A055F46B2,process,SEFD78CBF56A8F23121008D9FF23131,1,S5707B2AF50E1FC6DF501E3D1CE260F,2
C025-W-HO20-P-_E-001-01,SC1D89195EA6E94ADD38A7F3CC6C37F,process,SA48517172798EAF285F342F1C59C1D,1,S88DFE0A80601DDC453DAF222431543,1
C025-W-HO20-P-_E-001-01,S446C59F7D51363DCED6770D9176C5F,process,S4031D046B1D6D2822DBC3E97717311,2,SA9A4ACB8C1D7E69201D89E41BBDD04,1
C025-W-HO20-P-_E-001-01,SCE26B78F39115076CBDEABF5F3FF92,process,SD5000BD70516DFE5D736290373EC01,1,S4031D046B1D6D2822DBC3E97717311,1
C025-W-HO20-P-_E-001-01,S17CB08B34586C91D7408504CC7DE2E,process,SD5D34FB709BA5F6B0A3ABADFAB5549,1,S43344232A1AD106AD30261B1D016A5,1
C025-W-HO20-P-_E-001-01,SDA116E6B52706A3FAD8853B502BE26,process,SE2B37365C87EB6525529586586E449,2,S2382FE3F9429694567B56435A48E9E,1
C025-W-HO20-P-_E-001-01,SEEFF4322C473A43F3F7B72F7E8D6FD,process,SAE967B4EBA411867D35AAE1794AD55,3,S181644AE10C299A9CB9BC66F8462AF,1
C025-W-HO20-P-_E-001-01,SAD377B5C56BE1269780EB1A6A78207,process,S59564B1DFD3D625371F7F6972E76AE,2,SE3FE985D036B8C69794D77683CA1F0,1
C025-W-HO20-P-_E-001-01,SA552B031251752FAD87341A3EC9A50,process,S181644AE10C299A9CB9BC66F8462AF,3,S97509BFF65C2316B1BEF4BEFB72292,1
C025-W-HO20-P-_E-001-01,S2896DBCF272DA7524A0CBB62AC2422,process,S66C8C62703D65EFDBCF0DAB54D4B06,1,S59564B1DFD3D625371F7F6972E76AE,3
C025-W-HO20-P-_E-001-01,SA7301B1EE754B4BEBF141BAE1197C7,process,S59564B1DFD3D625371F7F6972E76AE,1,S181644AE10C299A9CB9BC66F8462AF,2
C025-W-HO20-P-_E-001-01,S369B32BC591CBEA67AB8D79C030E30,process,S32AEA2659633D4C787FE5AC7B3FF9B,1,SAE967B4EBA411867D35AAE1794AD55,1
C025-W-HO20-P-_E-001-01,S957503D880848312137D71F709082C,process,SE3FE985D036B8C69794D77683CA1F0,3,S86CDB2B23FF904BECCF91D751D4C6F,1
C025-W-HO20-P-_E-001-01,S895A0402F84F9916197CA4AB4AEF30,process,SAE967B4EBA411867D35AAE1794AD55,2,S510A27B7109DE2B623BDE43DE9DA62,1
C025-W-HO20-P-_E-001-01,S357B8A4EE6A88D3055A65E56F4E525,process,SE3FE985D036B8C69794D77683CA1F0,2,S7064B26A2D6B85733D0CC8BC74B6A5,1
C025-W-HO20-P-_E-001-01,SD2C4DE0E4002C6EA470F4B0F40EE5C,process,SDE7F931EBBE2CBCFE7F5D3A54E2448,3,SD157757BD9654CC9041CB36C933434,1
C025-W-HO20-P-_E-001-01,S1F7550F420189D7D1C6A8A1E569D88,process,SB4FEB047C55AAF95B1E4F69397A4A3,3,S95155C67BB85A83564B83EBF3DDFAC,1
C025-W-HO20-P-_E-001-01,S7DE7EB5973CA456D77611432756750,process,S502CF571AD8AEBF94F0303D611BE7B,1,S86CDB2B23FF904BECCF91D751D4C6F,2
C025-W-HO20-P-_E-001-01,S318B31EB6648E4DBD7162C7ECDDF4A,process,S95155C67BB85A83564B83EBF3DDFAC,3,SDE7F931EBBE2CBCFE7F5D3A54E2448,1
C025-W-HO20-P-_E-001-01,S3F0E3D62BF095FB82ED32639D6ACEF,process,SDE7F931EBBE2CBCFE7F5D3A54E2448,2,S2111AF9A12912214FB73D8F70D628B,1
C025-W-HO20-P-_E-001-01,SC2C23BACE3181AC856A966F2D0E179,process,S7F9EF2C92765889357209ACB4C92E1,1,SAD2AC5C9E2B9080C586A70E96F1A18,2
C025-W-HO20-P-_E-001-01,SAFE5ADDFE96A4FEF2AF6AD9E37A8F4,process,SD984E4BA901D736DEA40A03FF76917,1,SE7422EFBFAA731B6E828D317225C28,2
C025-W-HO20-P-_E-001-01,SC48E3A1E08F5E10722A8CF0D9D7F06,process,S86CDB2B23FF904BECCF91D751D4C6F,3,SB4FEB047C55AAF95B1E4F69397A4A3,1
C025-W-HO20-P-_E-001-01,SABF4F8C89A6618660B5F09278122B6,process,SAD2AC5C9E2B9080C586A70E96F1A18,3,S9D051E9C6B7B3CBF2B4FACCFB78C25,1
C025-W-HO20-P-_E-001-01,S78F0AAEDE81A30B96F24F3561301E6,process,S9D051E9C6B7B3CBF2B4FACCFB78C25,2,SED42FB676AC8781C0FBB2102541FAA,1
C025-W-HO20-P-_E-001-01,S4BE9A8BC81852D3E2D304C64E1F20E,process,S95155C67BB85A83564B83EBF3DDFAC,2,SA6044AB847DFD4339691841B340C12,1
C025-W-HO20-P-_E-001-01,S95B7017DB3FB2002129E0DD516E8C7,process,S2D7E480C930766D84115D030DE5016,3,S6E5D2D38547107D5EE0602BE179B54,1
C025-W-HO20-P-_E-001-01,SDD0DCCE6C8757871BC2BE5D16CDB72,process,S3B8DB2CE7AEE10ACC45D8E57467914,1,SB4FEB047C55AAF95B1E4F69397A4A3,2
C025-W-HO20-P-_E-001-01,S6568DE4C2B7373CCE1AAD102D5A323,process,S2D7E480C930766D84115D030DE5016,2,SD01B3DB20716BB12904F6EB38AE9F4,1
C025-W-HO20-P-_E-001-01,S21BBC18D03430ED047ACDA2A6EA442,process,S6E5D2D38547107D5EE0602BE179B54,2,S250E4BE69EDDB8B05FC9F99ACD1178,1
C025-W-HO20-P-_E-001-01,S84D344D8B5A400682BF0351C4629A7,process,S6E5D2D38547107D5EE0602BE179B54,3,S39F76D8889F5C1D3DA242797D16A50,1
C025-W-HO20-P-_E-001-01,SDC73B5761432E1ED56ECD9B5A15860,process,SD157757BD9654CC9041CB36C933434,2,SC4C07DF16AF9523CFBF43F05CAF056,1
C025-W-HO20-P-_E-001-01,S5B014452375B78E234DFC2ED65CCB8,process,SD157757BD9654CC9041CB36C933434,3,SAD2AC5C9E2B9080C586A70E96F1A18,1
C025-W-HO20-P-_E-001-01,S77836779E1360FBAC45692A1E6F9ED,process,SE7422EFBFAA731B6E828D317225C28,3,S2D7E480C930766D84115D030DE5016,1
C025-W-HO20-P-_E-001-01,S5089B8737EC5E56E3492A06EE765EF,process,S9D051E9C6B7B3CBF2B4FACCFB78C25,3,SE7422EFBFAA731B6E828D317225C28,1
C025-W-HO20-P-_E-001-01,S1C43337DB4092386FF4D8ADAE4E40E,process,S97509BFF65C2316B1BEF4BEFB72292,2,S1005C1478C1F81CE358D1513582E76,1
C025-W-HO20-P-_E-001-01,S26188B6F577504B3279CDEADD294D4,process,S4F82A1B6A9418AA907548D8C7C70A6,3,S30A2C14A61E578D37B58E493C30E13,1
C025-W-HO20-P-_E-001-01,SB978FC684C509AB544FA212423BDF1,process,S30A2C14A61E578D37B58E493C30E13,2,SA2B801A35B3A4722B63C90133BEB6C,1
C025-W-HO20-P-_E-001-01,S164F0EF2C621096D3A28F5E4543DFF,process,S97E6AD6D6251865B49CCA6612757CF,3,S5458F5BD8E70B8DAA90BF4FFB52F18,1
C025-W-HO20-P-_E-001-01,SD29DF6C82733B369F0A546FFA62B24,process,SABB07F158DBBBD457489EE068DF42B,1,SC0C8BD098005A8CA6865C892453883,1
C025-W-HO20-P-_E-001-01,S9E37D5632763C34E5C0F25C5EECE91,process,SC0C8BD098005A8CA6865C892453883,3,S4F82A1B6A9418AA907548D8C7C70A6,1
C025-W-HO20-P-_E-001-01,SA9B923AB13C5713D54E7C6077162D6,process,S4F82A1B6A9418AA907548D8C7C70A6,2,SE399AF729ACD1AF6ACBB0D01BEC902,1
C025-W-HO20-P-_E-001-01,SDEF70EB82CFB89F8064AC559DB52CA,process,,,SE399AF729ACD1AF6ACBB0D01BEC902,2
C025-W-HO20-P-_E-001-01,SA605860AF4A8AA8FC4D73988B24677,process,S30A2C14A61E578D37B58E493C30E13,3,S97E6AD6D6251865B49CCA6612757CF,1
C025-W-HO20-P-_E-001-01,SF4CB68A099E17EEC304440CDBC6F04,process,SC0C8BD098005A8CA6865C892453883,2,S16BD1DA2C07C88B3A767BD5BA2E01A,1
C025-W-HO20-P-_E-001-01,S1CE685D4B03A20CFA1918865F57B05,process,SE399AF729ACD1AF6ACBB0D01BEC902,3,S863455CF8F44E1B9EE84FE02EFF9A0,1
C025-W-HO20-P-_E-001-01,SEB05F4B80F4CEAAF75F421BC2E9B3D,process,S97E6AD6D6251865B49CCA6612757CF,2,SB13ACD54D280B693EAF82BF5499FE7,1
C025-W-HO20-P-_E-001-01,SD1D570F22524396BA8C51516FD7968,signal,S8739117B2D42A9A808D1996C5A2ED3,2,SB0BA00109C196C5E56CB93D125588A,1
C025-W-HO20-P-_E-001-01,SDA94FA6530AFFF1AB6973CA1C9C46E,signal,S667E665C280552245204A716AA76CD,1,S3FB6383476125D40B010AD41F293FA,1
C025-W-HO20-P-_E-001-01,S229AFD46728CF3E615FFE38BCAA589,signal,S15704A6C5F00E24DF28959C1CEF10C,1,S5BCE6B59E3C3B66CC1E5881D06132A,1
C025-W-HO20-P-_E-001-01,S93D21FE7EA73440D302D34D95B7753,signal,SC28645BB501BBB22576D86B18F598E,2,SBCE72903E73AAD8EAF9027CC9BCE3B,1
C025-W-HO20-P-_E-001-01,S348533D7A16FBFC7C29C400177259C,signal,S32B52023296BAD02F753B6407A5BC8,1,SBCE72903E73AAD8EAF9027CC9BCE3B,2
C025-W-HO20-P-_E-001-01,S901572056D91892D003B320A812192,signal,SC28645BB501BBB22576D86B18F598E,1,S8739117B2D42A9A808D1996C5A2ED3,1
C025-W-HO20-P-_E-001-01,S1CB0807C36F3341629486488E03F06,signal,S689455671F9BF57C7A32514E10FCD9,1,S928FD0BF11F0FA2A0C576D2DB92A31,1
C025-W-HO20-P-_E-001-01,S73F347808F0D180F9E91B70FEC8241,signal,S9D40C1EEB345787544696CB26FC5BC,1,S689455671F9BF57C7A32514E10FCD9,2
C025-W-HO20-P-_E-001-01,S7F3B680973AE20B85C674A401DC6FD,signal,SF88A64F0797DA181CA8487B591AC51,1,S846C0A8BA2CFCC023E12C8DDEEC81A,1
C025-W-HO20-P-_E-001-01,S9825B4BCEAF2D5414B609AC85F1170,signal,S871B10EDBD24DF1DA7DCBDBEE0611B,1,S846C0A8BA2CFCC023E12C8DDEEC81A,2
C025-W-HO20-P-_E-001-01,S9191C2C8BF4331836B062E2ED38DF8,signal,S6CBF56C0D27F1937D3D36577095036,1,SF95AC4BD9742654E031985C637E6C8,1
C025-W-HO20-P-_E-001-01,S6A554DB182EF020DA64BF0011FA522,signal,SCBF46454550187B7C3CFB18E603B1D,2,S15704A6C5F00E24DF28959C1CEF10C,2
C025-W-HO20-P-_E-001-01,S865CDB0690DE4D0EB7A179E1B3306A,signal,SC28645BB501BBB22576D86B18F598E,3,S237981D66E8E2E721351AA33624BD3,1
C025-W-HO20-P-_E-001-01,S7218429BBFD8427BCC36FC4A2C0A33,signal,SCBF46454550187B7C3CFB18E603B1D,3,S8B872ED69D0214EC0109BE94159C0A,1
C025-W-HO20-P-_E-001-01,S9E043560DF025D9771551FD98B70BE,signal,S667E665C280552245204A716AA76CD,2,S50E5C95967903C50C95A556EE8F491,1
C025-W-HO20-P-_E-001-01,SA1986888901C23DDB50666BF8ACCB6,signal,SCBF46454550187B7C3CFB18E603B1D,1,S50E5C95967903C50C95A556EE8F491,2
C025-W-HO20-P-_E-001-01,S38C1F7FEC0ABCEEE205D52C8DAE75D,signal,SBCE00183E74D1F8D6B043C410CEB41,1,SB0BA00109C196C5E56CB93D125588A,2
C025-W-HO20-P-_E-002-01,SA4091BF975495064BB2F06DA58774A,signal,S98DDA6E5F48D8510CA06EBD4ACC96F,1,SA2FFBB98C0FBA73CCED3A5E7D08C7E,1
C025-W-HO20-P-_E-002-01,S4FBDBF7AE67EBFFE3AC73671F573A3,signal,S675EEA3EB9308172ADB100914711E2,1,SC7BE6F1B058C950309CBAA98F79A4E,1
C025-W-HO20-P-_E-002-01,S8487728E262F8C56E224138938AADA,signal,S4EFB2560844EBDCC4B0A82B7AE0738,1,,
C025-W-HO20-P-_E-002-01,SFD976BE0A76C71976AD9628DB0D32E,signal,S4EFB2560844EBDCC4B0A82B7AE0738,2,SC2C6F28D12ADAF780CE3655AB27721,2
C025-W-HO20-P-_E-002-01,S2268DC8EB2F0CA7668A5AC843E12D2,signal,S98DDA6E5F48D8510CA06EBD4ACC96F,2,,
C025-W-HO20-P-_E-002-01,S17B1A5781ECB0375893EFA6C8E15A1,signal,S25196B1BCCBD19C4A7D6411E8A2392,1,,
C025-W-HO20-P-_E-002-01,SB54A5B066403C15432A00D69241753,signal,,,SEC0391144704EEC0F22ABFA49C70BA,1
C025-W-HO20-P-_E-002-01,SF36CACFFE24DF2965BA91CBD0133C5,signal,S25196B1BCCBD19C4A7D6411E8A2392,2,SFA213ED11D32CE2A5B7A244AAD6801,2
C025-W-HO20-P-_E-002-01,SD06B8038C45ADB301414FFF498CD0D,process,S5FB00CDAD19B6A4B5E738B21E2E237,2,SD74F70F47DD3675F8B42763B263223,1
C025-W-HO20-P-_E-002-01,S567488952B48EC0006339F3F9E3929,process,SEDD4BF083133347D500689626E78B5,1,SD74F70F47DD3675F8B42763B263223,2
C025-W-HO20-P-_E-002-01,S514EFDEF652CD9E904EDB2330099E0,process,SD74F70F47DD3675F8B42763B263223,3,SD61C1CB671A11306ACCD33AE9E95C6,1
C025-W-HO20-P-_E-002-01,SFB44DB9EA3A25898E643E9CC30541F,process,SB47820C6A040DC9AF15D1D36915317,1,SEDD4BF083133347D500689626E78B5,3
C025-W-HO20-P-_E-002-01,SC0262B7BD9F5CF496E81A4EF916CB6,process,SDA2DF2FE9A1D67B21687F68111B8DE,1,SB22BBC4E59784D357DE2BC1717C086,2
C025-W-HO20-P-_E-002-01,S94B29EF90E7E0B367961FAB7CAEAB4,process,S279FA1807FB59A284C131D60EAA550,1,SBD2E238465228A3A32CB4E8113F289,3
C025-W-HO20-P-_E-002-01,SBC50C7C805F81807C8786C4A757AC4,process,S60467291EA432E16CE46548E3116E5,1,SDA2DF2FE9A1D67B21687F68111B8DE,2
C025-W-HO20-P-_E-002-01,SABF5046E6C8BC3899A35F46F821551,process,SE584D9AEA9F4EB629BE0A5BCA39893,3,SA5835E75C5A76501B7F6A17D7308F1,1
C025-W-HO20-P-_E-002-01,S11F241964AB3039733A0E33A199F0D,process,S279FA1807FB59A284C131D60EAA550,2,SE584D9AEA9F4EB629BE0A5BCA39893,1
C025-W-HO20-P-_E-002-01,S4A434D52A1928557C9E45807A9D349,process,SE2E0AE10C3283D7C587F9611F949D5,1,S6F9CBA7C99F6D3A7F9AEAFF6F61BE3,3
C025-W-HO20-P-_E-002-01,SEF6B98C7928AC9E42A82BCF3EB6E5C,process,S7FBEB3BAB02AA4FF4B8D1A9285B52E,2,SB22BBC4E59784D357DE2BC1717C086,1
C025-W-HO20-P-_E-002-01,S4A428D4566E18DAD33E9BA77049D82,process,S5F028E3878FC6462AD9D035E8644AC,2,S6F9CBA7C99F6D3A7F9AEAFF6F61BE3,1
C025-W-HO20-P-_E-002-01,S834A1C3D5EBE3B3DB3EE2ED5C25EF0,process,S6F9CBA7C99F6D3A7F9AEAFF6F61BE3,2,SDA2DF2FE9A1D67B21687F68111B8DE,3
C025-W-HO20-P-_E-002-01,S93B4CCA68D74C01B60B5F659C36BA4,process,SA65C2680DCEFE0AB134C7D71530484,2,SA5835E75C5A76501B7F6A17D7308F1,2
C025-W-HO20-P-_E-002-01,S1E7D3ECE19F482D9DA56BC866991BA,process,SFE9EEDA51B9A6983B79E5D46243E10,1,S7506773FA87358ADD33ABA4DCCAA56,3
C025-W-HO20-P-_E-002-01,S52D23D9B8273CD0AB17BA6B7DF5BF3,process,SEDD4BF083133347D500689626E78B5,2,SD0752B47AE80BF8A93E2B5B09C52B3,3
C025-W-HO20-P-_E-002-01,S86C2C715E9CBDB24A025EFCD0277DE,process,SE584D9AEA9F4EB629BE0A5BCA39893,2,S7FBEB3BAB02AA4FF4B8D1A9285B52E,1
C025-W-HO20-P-_E-002-01,SA2533BFEF7A29F63C6611399A2D40A,process,SD5B483CA929276921964935B529168,3,S279FA1807FB59A284C131D60EAA550,3
C025-W-HO20-P-_E-002-01,SD1720E9F8248080B3D2B16094C7CB4,process,SBD2E238465228A3A32CB4E8113F289,4,SD5B483CA929276921964935B529168,4
C025-W-HO20-P-_E-002-01,SBCD7C888A03CC6A568DAE9ECF1F579,process,S7506773FA87358ADD33ABA4DCCAA56,2,SA65C2680DCEFE0AB134C7D71530484,3
C025-W-HO20-P-_E-002-01,S15D4576B8D656871B07F8C2575F464,process,SB22BBC4E59784D357DE2BC1717C086,3,SD0752B47AE80BF8A93E2B5B09C52B3,1
C025-W-HO20-P-_E-002-01,S24FBD0B73A4310ABCDC96E288F02D5,process,SD0752B47AE80BF8A93E2B5B09C52B3,2,S6F6C9ABE93E9A8F92BBC34C582445A,1
C025-W-HO20-P-_E-002-01,S2F34EE5FB4416448C26600A208B0C5,process,SA5835E75C5A76501B7F6A17D7308F1,3,S7506773FA87358ADD33ABA4DCCAA56,4
C025-W-HO20-P-_E-002-01,S39843C8F669B25573C6E8AFA71677C,process,SA65C2680DCEFE0AB134C7D71530484,4,SD063B2342BEC6E3A956CA42E961358,1
C025-W-HO20-P-_E-002-01,S98CCA6BB6D535B91E7943053750C8B,process,S5FB00CDAD19B6A4B5E738B21E2E237,3,S2A5CD16285710D5BD98E6A5DEF90C9,1
C025-W-HO20-P-_E-002-01,S91D9212F554CAA7356730EB7DEC948,process,S6F6C9ABE93E9A8F92BBC34C582445A,3,S5FB00CDAD19B6A4B5E738B21E2E237,1
C025-W-HO20-P-_E-002-01,S33405539BA328033C08B3D4C807464,process,SCD3B62633C6FCBCD4E30B656D2CB6B,1,SAFEF888121FD0D05B61C7A3976DB50,2
C025-W-HO20-P-_E-002-01,S331D0F45EC626D530E792E330D9D2C,process,S5A79FC9B3C6C03D8307AED2BB174D3,1,S60467291EA432E16CE46548E3116E5,2
C025-W-HO20-P-_E-002-01,SD1FAB0426CE88DD629960463AAFFB0,process,SBF4792195AD463315BA2ED1B13353E,2,S2C9CEE6775B8798752DE072F9D551F,1
C025-W-HO20-P-_E-002-01,S3129FC3FAF6B327A16A200601DF58B,process,SBF4792195AD463315BA2ED1B13353E,3,S243469A32632B5FAAD18E48E8F056A,1
C025-W-HO20-P-_E-002-01,S3878DBB12B94C91FA2E376C48E9149,process,SD5B483CA929276921964935B529168,2,S5A79FC9B3C6C03D8307AED2BB174D3,2
C025-W-HO20-P-_E-002-01,S136BEC8A95E2012A3B45D85DFDDF9E,process,SAFEF888121FD0D05B61C7A3976DB50,1,S901D6BB912741603F701ED42C6DE9B,1
C025-W-HO20-P-_E-002-01,SA19AAECE5DD76367B4126CAF392C78,process,SAFEF888121FD0D05B61C7A3976DB50,3,S62597145AD6F62F47D5E3D6845FC14,1
C025-W-HO20-P-_E-002-01,SD2DCA4F74EED28858CAA6BF418C2DB,process,S60467291EA432E16CE46548E3116E5,3,S5F028E3878FC6462AD9D035E8644AC,1
C025-W-HO20-P-_E-002-01,S1F10CCC2433DB8BC95DE38E9666F55,process,S5F028E3878FC6462AD9D035E8644AC,3,SA9CAFD7D9816403ECEB6E60516818D,1
C025-W-HO20-P-_E-002-01,S97B19158A81CD02C140CD0B6314B42,process,SE963108D318BCFD1BA9DFE80C00DC3,1,S62597145AD6F62F47D5E3D6845FC14,2
C025-W-HO20-P-_E-002-01,SDFA84A37B3FDD6FA2C38DAA53EA5B9,process,S243469A32632B5FAAD18E48E8F056A,2,SBD2E238465228A3A32CB4E8113F289,2
C025-W-HO20-P-_E-002-01,SBFBA26C624709B5F5D8CE3F25ABE29,process,S243469A32632B5FAAD18E48E8F056A,3,S5A79FC9B3C6C03D8307AED2BB174D3,3
C025-W-HO20-P-_E-002-01,S5A3BE5F02A8AE930757A1D1106FF44,process,S62597145AD6F62F47D5E3D6845FC14,3,SBF4792195AD463315BA2ED1B13353E,1
C025-W-HO20-P-_E-002-01,SA4BF15E3912FF119805A5FAAA68A5F,process,S2A5CD16285710D5BD98E6A5DEF90C9,2,S4479378D0A21CA72A2EF540264F606,2
C025-W-HO20-P-_E-002-01,S43F98A041DCD7D52D4DA0522F4F81A,process,SD5C63665046B9C29F608626BB5885F,1,S1D51F34DA3635D1BA573512292E74F,2
C025-W-HO20-P-_E-002-01,SA4E3FD2FCE7E275E0CF969C72C0968,process,S6F6C9ABE93E9A8F92BBC34C582445A,2,SEC97203908C6B3D7447D14B4067465,1
C025-W-HO20-P-_E-002-01,S837BFFF333C77D6EE4139AD534547B,process,S18A00F14D71FB575C8115647A86D26,1,S732CDB88BD37AC0EABA3717AE21D46,2
C025-W-HO20-P-_E-002-01,S26EC98AEB8DD58360FE6659CB3C2C2,process,SD7F5234D911389915E9601C02988D8,1,SE94CAEDE888F9F856F391523691326,2
C025-W-HO20-P-_E-002-01,S750E0659176075995CF16EE976EFED,process,SEC97203908C6B3D7447D14B4067465,2,S732CDB88BD37AC0EABA3717AE21D46,1
C025-W-HO20-P-_E-002-01,S6BB7CB88A754F9D309D1B75B1C9F84,process,S3504634201A133AF0E27060E6C7625,1,SEC97203908C6B3D7447D14B4067465,3
C025-W-HO20-P-_E-002-01,S2E7D0E2223A7735EE373D870BC222F,process,SE94CAEDE888F9F856F391523691326,1,S3504634201A133AF0E27060E6C7625,2
C025-W-HO20-P-_E-002-01,SCB4A1F428DE047A8EBD74ECB595DB2,process,S732CDB88BD37AC0EABA3717AE21D46,3,S1D51F34DA3635D1BA573512292E74F,1
C025-W-HO20-P-_E-002-01,SD058A69223FAC1C62803ADA5135211,process,S3504634201A133AF0E27060E6C7625,3,SC9990A2D205675150C9ADDD20BC89A,1
C025-W-HO20-P-_E-002-01,SE8177A2E358F06489B2148023176EF,process,S1D51F34DA3635D1BA573512292E74F,3,S851A69F86C37A1BEE5F89C2405F4DF,1
C025-W-HO20-P-_E-002-01,SB119F96EF0C035587A78B3C47DB484,process,S4479378D0A21CA72A2EF540264F606,1,S6DD3B93608BE75697077DC4759B3B9,1
C025-W-HO20-P-_E-002-01,S48CB3C74A6125A683B45F6CDCF4A58,process,S985C1B0C9083915B30FAEB467152C6,1,S3A77CA8DEA4D864591E8AB296447FD,2
C025-W-HO20-P-_E-002-01,SC54CED125925D05CF444BD4ECDF4F4,process,S787C2D1C9540AEF01DCD3BC6483943,1,S985C1B0C9083915B30FAEB467152C6,2
C025-W-HO20-P-_E-002-01,S56D8C7B5E323EE4EE8C2E2A04ADB50,process,S985C1B0C9083915B30FAEB467152C6,3,S59BF04F3304E0CA5B3D30DD3C29B4F,1
C025-W-HO20-P-_E-002-01,S694145A5CFB9446F967C980FE825BF,process,S37A24CE073160C142EF388598102F3,1,S787C2D1C9540AEF01DCD3BC6483943,2
C025-W-HO20-P-_E-002-01,S7C627D96804F9CF8256737DBFE6F15,process,SD4CD154774269371312C90C27C42FD,2,S2214CA1E39896F1DBC41100F73F2C8,1
C025-W-HO20-P-_E-002-01,S741E7363655CA65EC11CB1098D378F,process,S5E5F1AC63F6AF43FBC1C8555FACDDD,2,S1A15D817B03EF2F6BDE56BF897907A,1
C025-W-HO20-P-_E-002-01,S973D205AE5161AB3DEB679D4D0ECB9,process,S7811C75DD37D38E5D7468CC61A9759,1,S5E5F1AC63F6AF43FBC1C8555FACDDD,1
C025-W-HO20-P-_E-002-01,S6588FCA19B4AF01D70C74FD0ADAC0D,process,S1A15D817B03EF2F6BDE56BF897907A,3,SD4CD154774269371312C90C27C42FD,1
C025-W-HO20-P-_E-002-01,S29DE39700B498A4A3481E959063344,process,S29663DBEF8916FE80245C56C9E45E1,2,S5E5F1AC63F6AF43FBC1C8555FACDDD,3
C025-W-HO20-P-_E-002-01,SF1D76C3A4A8A172123922F6BCE3FB9,process,S59BF04F3304E0CA5B3D30DD3C29B4F,2,S29663DBEF8916FE80245C56C9E45E1,1
C025-W-HO20-P-_E-002-01,S31705D53047A633FA7B234636C8A84,process,S3A77CA8DEA4D864591E8AB296447FD,1,S51303A3429E8C01B97CB4B7BAF8E56,3
C025-W-HO20-P-_E-002-01,SAE061B73664223588FBA636F9310D8,process,S3468E14A6313F1C954640F0831BAFA,1,S51303A3429E8C01B97CB4B7BAF8E56,2
C025-W-HO20-P-_E-002-01,SF94F29985B13DCE8084D8E863789EA,process,S51303A3429E8C01B97CB4B7BAF8E56,1,S1A15D817B03EF2F6BDE56BF897907A,2
C025-W-HO20-P-_E-002-01,S2B60EEE3B0FCE24350E3E840D8C773,process,SFD2D87294EDA6F0EF33C8A3972CDB7,1,S6D1461C116D83006FE9DD061228EDA,1
C025-W-HO20-P-_E-002-01,S868F9558EE8E14CA85EC6D32AB0D01,process,SF5B6BE4A79A3AF20CD8CD548732473,2,S4B4A13E82BB65755572E28BDB524B0,1
C025-W-HO20-P-_E-002-01,S5DDCE2BC149B3FDF031EB78EDD586A,process,SFABFAD6FD146A8A2FBF933A115DF92,1,S9DBDD91C4705A0070DF5F7B73537AB,1
C025-W-HO20-P-_E-002-01,S6A51364F301E1683B8E2ADA7C4FE3F,process,S88D7988A279E1FCCCFAB7C608BCD99,1,S965F46B99EA2F9C1AA707A27FF61A9,1
C025-W-HO20-P-_E-002-01,S4D8A9F4795A66DAF7412A49834602D,process,S936379854E27F48884507EB8CB07F3,1,S6FB7528146858FFAC015C0AEB5DEA2,1
C025-W-HO20-P-_E-002-01,SECDD9E26A6382EA1619412ECBBEB48,process,S4CD8F7CA6DB9C395232004F6466D7F,2,SA98D25CB927E8364C9DABF3F2E43D8,1
C025-W-HO20-P-_E-002-01,S4487F2B7AF538076E2746DE5645944,process,S404FA46FBA87D451F2421BBF5B21EF,3,SC2A9A4EA109BCD4FEE053C3B231910,1
C025-W-HO20-P-_E-002-01,S925D3C27511254B8C3B571B343EFA1,process,S9E5CFEAF4FDD17F87B0F5A9B77011E,1,S404FA46FBA87D451F2421BBF5B21EF,1
C025-W-HO20-P-_E-002-01,SCAEE02CBD883539AEE47B30FF9813C,process,SC2A9A4EA109BCD4FEE053C3B231910,3,S4F50DD92AF954E524D1CEED9F23A6E,1
C025-W-HO20-P-_E-002-01,SE53C99EF7C8669454A3427CBD0EDFA,process,S22E98709A444D8763C447D62F37FB6,1,S404FA46FBA87D451F2421BBF5B21EF,2
C025-W-HO20-P-_E-002-01,S39CEFA26CDC48673E3E93657FC99A5,process,S4F50DD92AF954E524D1CEED9F23A6E,2,S8C8A6FE6452E7313615F6057FF5473,1
C025-W-HO20-P-_E-002-01,S209750E4921A43E9C2A37376D48AF8,process,SDC633D292F5EB342461344DE2C1E0A,1,SC2A9A4EA109BCD4FEE053C3B231910,2
C025-W-HO20-P-_E-002-01,SC9C3800E8722423A5793CD0C0B4C00,process,S3D6A0F268F2A3795CA66F9B7A99DCB,1,SDC633D292F5EB342461344DE2C1E0A,2
C025-W-HO20-P-_E-002-01,S9484B2BDB31C3486BD936CD9C61099,process,SF7FE4C613AB1E1398B1DA2F58AFAF6,1,S3FC6BCADA27E52D60F887A851520AE,1
C025-W-HO20-P-_E-002-01,S37E831557026DDD4834AB417AE5900,process,S85284371323538A5AA913791DB9B78,1,S604AF85BA7CB1C34927D2E08547F9C,1
C025-W-HO20-P-_E-002-01,S94DF5B3F77EACCAAA81A27CF8015EE,process,SEC0391144704EEC0F22ABFA49C70BA,2,S3695728B9DB13301EBE2DB86BEBF95,3
C025-W-HO20-P-_E-002-01,S2F11D535D6F0B7C5E4ACF058E336F4,process,S3695728B9DB13301EBE2DB86BEBF95,2,S50B80312D3380945170F5FD5DF4651,1
C025-W-HO20-P-_E-002-01,SEA257C8E772EAC4835506E35A147B6,process,S3695728B9DB13301EBE2DB86BEBF95,1,S675EEA3EB9308172ADB100914711E2,2
C025-W-HO20-P-_E-002-01,S6346A55A53D7447F2D443DDFBE9561,process,S919EE261C338A54FC6135D86C03F70,1,SFE8F49A0B95EA54E32950213B052E9,1
C025-W-HO20-P-_E-002-01,SCA89CF12A3EFF7BB3F82186BF69525,process,SD399D472E9C5389588A0BA1BC41635,1,S90FDBFFAC9E13EA838EB010B7B3598,1
C025-W-HO20-P-_E-002-01,S5F80E66F630CE6CCE080B8EE11AF32,process,SD399D472E9C5389588A0BA1BC41635,3,S206271572DE15E3432AE401632FBEA,1
C025-W-HO20-P-_E-002-01,SF73E6FB32841119DF82FC1050D3275,process,S40252640405A03D443337B174961B5,1,SD399D472E9C5389588A0BA1BC41635,2
C025-W-HO20-P-_E-002-01,S2217816AB9962B956CFB8F067D3561,process,SC328B021FF0A7CBCD63E139B3ABDDE,1,S206271572DE15E3432AE401632FBEA,2
C025-W-HO20-P-_E-002-01,S1F23EDEA7A3BD3F4CFBB3FEE156469,process,S206271572DE15E3432AE401632FBEA,3,SF01C25133F9384A108583D774B6B64,1
C025-W-HO20-P-_E-002-01,SBDFC0BE537E56EA810121009A2F62C,process,S5399C58299D1C5D7718D4745EFBEA6,1,SC328B021FF0A7CBCD63E139B3ABDDE,2
C025-W-HO20-P-_E-002-01,SF54102A2E36917E97A180F90B515A0,process,S682962B1A01E804B5110AD6BE38D30,1,SC328B021FF0A7CBCD63E139B3ABDDE,3
C025-W-HO20-P-_E-002-01,SE9B71DCDCB068E5BB284CD77376AD8,process,SB178D7536542708838760348A81F40,1,S682962B1A01E804B5110AD6BE38D30,2
C025-W-HO20-P-_E-002-01,SB279360E3CC48DBB5DFBB9E7B0605A,process,SBB2027E3599CB25515B44C2E6CE1C3,1,S50186B595AA1B5AEB7BA59B54C54FF,1
C025-W-HO20-P-_E-002-01,SC642BB26DAB40367B62EE5BB477B0C,process,S8F2F7891F5C33EE7B45ABBAD1E680C,2,S75D1C1FA846D5EB012A94852B28A0D,1
C025-W-HO20-P-_E-002-01,S9FA86162667EEF214178C70F876359,process,S505B496B57D829006157E4E4DD13CE,1,S15E13CA90D354304C741F291789A88,3
C025-W-HO20-P-_E-002-01,SAAD80D29D07CEC4C418D0B9C7F0DF9,process,S1BDCA2FCD9FE43E76C76E8946D5F90,2,S9392B8C4D5A7E9BD702B8CB02CB4CC,1
C025-W-HO20-P-_E-002-01,SB3B198C2A0306B9C669E0DE62E723D,process,SDCB8BDA14FEFD4827F101DAE68A85C,2,S3E3F043729F41B6289C37DD741F508,1
C025-W-HO20-P-_E-002-01,SFB17AE0C603B12593ECB4E826CFA42,process,S15E13CA90D354304C741F291789A88,2,SDCB8BDA14FEFD4827F101DAE68A85C,1
C025-W-HO20-P-_E-002-01,S640BC85011855CD765C2C7A678BDDF,process,S5475EFA6F88EB3C2AB23901D985F9A,2,S1BDCA2FCD9FE43E76C76E8946D5F90,1
C025-W-HO20-P-_E-002-01,SF25E5EF52047B209AD14C0D338F3A7,process,S9392B8C4D5A7E9BD702B8CB02CB4CC,2,S77AEEF3DF4CB75B911FD1CFA00BF78,1
C025-W-HO20-P-_E-002-01,S2E261F411E90D8FD3A25E2AB1C2984,process,S15E13CA90D354304C741F291789A88,1,S1BDCA2FCD9FE43E76C76E8946D5F90,3
C025-W-HO20-P-_E-002-01,S7F13CD21CF933DE7C3036B4AA3ECC5,process,S53F6E3B370AE9E962FF1E04E58E6DF,3,S2E6DE508EBA8D69189CAC38B5C8BDD,1
C025-W-HO20-P-_E-002-01,SCE3138FC9643031E4E5ADEC2E06F8F,process,SD2B48D365757C5000B3BEE3692B230,1,SDD99E160CFAEE07E9C849090C5B1A8,1
C025-W-HO20-P-_E-002-01,S66DC1A3DD516A9D557218F591B549A,process,SAA447899F59D2AA6967EE4C46227ED,1,S53F6E3B370AE9E962FF1E04E58E6DF,2
C025-W-HO20-P-_E-002-01,S798E0259D70838B9065EFC1422503D,process,SD430C9C48D145846E6008DB41C090C,1,SAA447899F59D2AA6967EE4C46227ED,2
C025-W-HO20-P-_E-002-01,SDB37EC101E8E14ED7F51974C8FE975,process,SDD99E160CFAEE07E9C849090C5B1A8,3,S53F6E3B370AE9E962FF1E04E58E6DF,1
C025-W-HO20-P-_E-002-01,S11F438B5FD87126B4207BAAE37A8AD,process,SDD99E160CFAEE07E9C849090C5B1A8,2,S9725F9ECFA1494A5F7FA6D199E538A,1
C025-W-HO20-P-_E-002-01,SFA568DE215AD48FA7C787905435A4A,process,S1CFDE23A32834FFAD6A92674F75E7D,2,S626EDAB3FD3AA306D47D43C0DC1D07,1
C025-W-HO20-P-_E-002-01,S780369BBEABDFB755ECB788DD95093,process,S5E90630F5D9C84F5BC92BF65EC952F,1,S68BCC0D03B33768A4EA4FB3F15F1A5,2
C025-W-HO20-P-_E-002-01,S46A947469EFDF83BE16324D92CD055,process,S68BCC0D03B33768A4EA4FB3F15F1A5,1,S124620E6A122B54C8A6E8B6E28BB8A,2
C025-W-HO20-P-_E-002-01,SC77C0DCE9EDB03E49B2C148CFA7332,process,S5475EFA6F88EB3C2AB23901D985F9A,3,SACE6E304080273798A08705AB9F723,1
C025-W-HO20-P-_E-002-01,S63CB08C45AC92F9CC7A589089B7CE2,process,SACE6E304080273798A08705AB9F723,2,S1CFDE23A32834FFAD6A92674F75E7D,1
C025-W-HO20-P-_E-002-01,S3A984A3EB40BBD954CC15D892280F2,process,SACE6E304080273798A08705AB9F723,3,S851815021480EA93211A6D7DF2BC5E,1
C025-W-HO20-P-_E-002-01,SAD87B686875D9D28DC6812D09535D9,process,S124620E6A122B54C8A6E8B6E28BB8A,3,S5475EFA6F88EB3C2AB23901D985F9A,1
C025-W-HO20-P-_E-002-01,S8AE326B1384FD32D69AC3E6586BADA,process,S2E6DE508EBA8D69189CAC38B5C8BDD,2,S124620E6A122B54C8A6E8B6E28BB8A,1
C025-W-HO20-P-_E-002-01,S8F39634C9EECC089E332DF7B0155E9,process,S7B02927C0815088FEF6B9217296CF4,1,S3022515D370D7D913329AD3B304FA8,1
C025-W-HO20-P-_E-002-01,SC809A07101ABB4C410CED5D9834541,signal,S1293187C1C927471B82ABD147903B7,1,SDBC9504833D65115122A748318D8C6,2
C025-W-HO20-P-_E-002-01,SBCACDC7857ABF833614061C01A59E5,signal,S4BAAFF293ED2CC146E21FB104E5F58,1,S71E880EF53DB298AAACAEA713B0C71,3
C025-W-HO20-P-_E-002-01,S431699D1264907374E1993CD9593F1,signal,S7370B7DFE63407EB5507E360DD93A9,1,SA345654FEEF8CD98B26EAF9029D65C,1
C025-W-HO20-P-_E-002-01,SBA18D00C311DB9E8DF283FEF49C068,signal,S7370B7DFE63407EB5507E360DD93A9,2,S7EB2A2640B7D7988384AD0A964A831,1
C025-W-HO20-P-_E-002-01,SBF29FC4418D7990C5DF8E82CC99296,signal,S2369C2D2F5F6A004F0E307B2A55DE9,3,S7370B7DFE63407EB5507E360DD93A9,3
C025-W-HO20-P-_E-002-01,S5E05136114EF1BE85B622A0C46C5C4,signal,SBE17C243AC3A93BDC31C16DA2F4613,1,S2E19D2B1EA56F2783E0E01E1D73ABF,2
C025-W-HO20-P-_E-002-01,SBFD4599FF489B21C4DD35A4F88A03F,signal,S62D069D26C93D51357328122C06CFA,2,SE011F9E123D20DC64A3BFC3188DABB,1
C025-W-HO20-P-_E-002-01,SCD38CE7CF82393FF1967C50FDCA5D7,signal,SB6318FF55343033609F2EBB6ABFF46,1,S959D7B4162690B21309C7F5226A221,1
C025-W-HO20-P-_E-002-01,S4E1BDE38A7F06BA777DA24703E1A28,signal,S432EC8BE7F98B5334F29C8A7405FB3,1,S67F907EF9A1946B39121826FD5E785,1
C025-W-HO20-P-_E-002-01,S637E4A30703FE89B62B89F708FB60B,signal,S4E8EDEF3E4D76A9FD0B3E407897B68,1,S90ED7B4E0324886B7C03FF6E78068B,1
C025-W-HO20-P-_E-002-01,SFF0F901A9EBD4230988BC395D1215B,signal,S4D8C6A7A44EE752D9F65DDDACE88C1,2,S7F678947725BFD86BD8AFB9B817290,1
C025-W-HO20-P-_E-002-01,S2EDB66729C7404EE962D1F7014E5EC,signal,S6373221AE229B0680814A45AAC9A38,1,SC91E06888F3B9A22430F1871F2AD8B,3
C025-W-HO20-P-_E-002-01,SE36C8E41E28A91AA7B089ED8868654,signal,S4CD8F7CA6DB9C395232004F6466D7F,1,SD8393A99EB0624EAD849FE57D90FC5,1
C025-W-HO20-P-_E-002-01,SFA625BC78ED1C2B73EF564A9709CB5,signal,SB939395DBECB1925F08AA087E0A73F,1,S514EAD9482A98F088D8404F80A2051,1
C025-W-HO20-P-_E-002-01,S6E5DED0C8D75D199CCE448D3295B5B,signal,SD059641864B054769A2B4DEE7E9F09,1,SE93FF8091836C9100391AABABCAAE0,1
C025-W-HO20-P-_E-002-01,S42510E7305F5281B3E25BF7E5A075E,signal,S5A55148CF722939D31B321AA264F99,1,SE93FF8091836C9100391AABABCAAE0,2
C025-W-HO20-P-_E-002-01,S53EB0962A4B92E3D6BFAC3FA15F3F8,signal,S7506773FA87358ADD33ABA4DCCAA56,1,S6652D5AF80FEFB1392CD99DA167EB3,1
C025-W-HO20-P-_E-002-01,S327985F3293E36C26479E7F4359211,signal,SA65C2680DCEFE0AB134C7D71530484,1,S6652D5AF80FEFB1392CD99DA167EB3,2
C025-W-HO20-P-_E-002-01,S76E66ABADC095A99D4E1487F789E2B,signal,S4D8C6A7A44EE752D9F65DDDACE88C1,1,S6652D5AF80FEFB1392CD99DA167EB3,3
C025-W-HO20-P-_E-002-01,S3BE817CACA718C0BF0236F4DE843DF,signal,S65E0C6C02F9EFC41F712F48D974AE6,1,SF5DB2F236435A4099EF45F327D15DE,1
C025-W-HO20-P-_E-002-01,S984083C81CC4B38AB94B0D2E42EE2F,signal,SC7BE6F1B058C950309CBAA98F79A4E,2,SF5DB2F236435A4099EF45F327D15DE,2
C025-W-HO20-P-_E-002-01,SD3225131DA60FB6533CFE6A8CEF1C9,signal,S70192B675BA4D2F934937F3D6347D1,1,S3D455FD11C51B820A3A8B1A95B5EA6,2
C025-W-HO20-P-_E-002-01,S850554F1E8254EEE0D49F2102E23E7,signal,SF5B6BE4A79A3AF20CD8CD548732473,1,SD226C4B29DB9876CCFD77D5C99DA17,2
C025-W-HO20-P-_E-002-01,S677159A3D9078587353964409CE467,signal,S959D7B4162690B21309C7F5226A221,2,SFA213ED11D32CE2A5B7A244AAD6801,1
C025-W-HO20-P-_E-002-01,SCB4A3E26E73097F58DE68EA9D8C9A8,signal,S4495FE7CCB00F3A17127B6F20F25FC,1,SE08EE0FF3908E2B1F0E0D183D6A75B,1
C025-W-HO20-P-_E-002-01,S7486D9B842C6C49FC1EEACBBB4F5F3,signal,S4495FE7CCB00F3A17127B6F20F25FC,2,SA2FFBB98C0FBA73CCED3A5E7D08C7E,2
C025-W-HO20-P-_E-002-01,S920F802F9C9855E6A9888CC37FC527,signal,SC2C6F28D12ADAF780CE3655AB27721,1,S2E19D2B1EA56F2783E0E01E1D73ABF,1
C025-W-HO20-P-_E-002-01,S114EF1D062EFA099B53AD51E6E8807,signal,S300383DD6C9524B6FC7E374A5DDD1E,1,SDBC9504833D65115122A748318D8C6,1
C025-W-HO20-P-_E-002-01,S4E3299CFF40176CE6B2CDADB506498,signal,SBD2E238465228A3A32CB4E8113F289,1,S2369C2D2F5F6A004F0E307B2A55DE9,1
C025-W-HO20-P-_E-002-01,SAA267CA31DA90DCF7ADFAE33C5021C,signal,SD5B483CA929276921964935B529168,1,S2369C2D2F5F6A004F0E307B2A55DE9,2
C025-W-HO20-P-_E-002-01,S95BB5FCDE11A43413FB1268928B8AD,signal,SC91E06888F3B9A22430F1871F2AD8B,2,S7657D19F1F25EA48B23EE756546049,1
C025-W-HO20-P-_E-002-01,S745AC67B2F2D47500FD8D3E5CAA60B,signal,S8F2F7891F5C33EE7B45ABBAD1E680C,1,S9DFAF83223E4BFE70A1788EF8BE273,1
C025-W-HO20-P-_E-002-01,SA2FC0E4EF2763EA9DD4E9A9E8FEF37,signal,SAEEF2CC68B6A827C2F30600D2EC6D5,1,S6EA67798C69CBF417003FD992914DF,1
C025-W-HO20-P-_E-002-01,SEA14237036ED4513B56AE694F6D033,signal,SEB57C7E4F0E8B7B8B0BA484F85B390,1,S62D069D26C93D51357328122C06CFA,3
C025-W-HO20-P-_E-002-01,SEB3FE84D665411BFBDCF4771145649,signal,S9C3CDD1ECDB9E226B4A181C7BD37C1,1,S4D8C6A7A44EE752D9F65DDDACE88C1,3
C025-W-HO20-P-_E-002-01,SE4BB1B534FEBCBD98A594B929DC40C,signal,S83325F96DFF6490D5FD2C7C35D005D,1,S2E5A5EA51F9E95BD62D57FF08EC892,3
C025-W-HO20-P-_E-002-01,SADA337C1859115288D9BC0A845D443,signal,S432EC8BE7F98B5334F29C8A7405FB3,2,S45AF4763DE4BB4C22893A676A0F0A4,1
C025-W-HO20-P-_E-002-01,S9C89F0E7A4880171B527623FB67308,signal,SAF1F724216484BB81D280321580368,1,S432EC8BE7F98B5334F29C8A7405FB3,3
C025-W-HO20-P-_E-002-01,S57B086752695FBEA52FA10077B622A,signal,S71E880EF53DB298AAACAEA713B0C71,1,SD226C4B29DB9876CCFD77D5C99DA17,1
C025-W-HO20-P-_E-002-01,S2BCFC45A2E28364E598D1751F9026E,signal,S71E880EF53DB298AAACAEA713B0C71,2,SE6687E516F661BA5258CF2A27347EA,1
C025-W-HO20-P-_E-002-01,S8A6D5F37D47CD775257A974F1498C7,signal,SC91E06888F3B9A22430F1871F2AD8B,1,S3D455FD11C51B820A3A8B1A95B5EA6,1
C025-W-HO20-P-_E-002-01,S51F4C8DB3EA39C5AD206F503FF8B75,signal,S62D069D26C93D51357328122C06CFA,1,S56773D8DF589392AD4E6BFD6D6EF9B,1
C025-W-HO20-P-_E-002-01,S687649E8FF0FDEC9669C7A3E694353,signal,S2E5A5EA51F9E95BD62D57FF08EC892,1,S75C93DAE43C1962620B11F8A06CA88,1
C025-W-HO20-P-_E-002-01,S63D03E13EBBC45A019434C9A0ACE55,signal,S2E5A5EA51F9E95BD62D57FF08EC892,2,S6C61985048AE4BFC59FF60D74036EF,1
C025-W-HO50-P-_F-001-01,SCAC4A17E3871D4DA8FB23F2A82BA8E,signal,,,S36C91BC1F46EEC0E5141FA067E1798,1
C025-W-HO50-P-_F-001-01,S204398701A76888D16123DB83E99E5,signal,,,SEBD3FEAB0A19937927039F04BF35FF,1
C025-W-HO50-P-_F-001-01,S792AD14DE287AF4FE747FF3E6CE973,signal,S7CE2D877B9780EFBA3AD1B9FC46AD9,2,S18128168CC9EC03B0BC333CF55F500,1
C025-W-HO50-P-_F-001-01,S48CB129A11BFF4ACA5EF1F99D6D8E1,signal,S7E9590FAFC7761085F6BBF781AFFA4,1,SDE97D5F6C272DD8DF564A2F3FFD446,1
C025-W-HO50-P-_F-001-01,S6A987C1E93E03ACF6517690BE06A09,process,SEBD3FEAB0A19937927039F04BF35FF,2,S3AF7C6DCC31A3A71C4C557D5727EBF,1
C025-W-HO50-P-_F-001-01,S9B61FEA5A819D497808545B76A374E,process,S21C262E921742420FFBDE54E8CF886,1,S17B49AE85EDC890CD12AC9026CEBB1,1
C025-W-HO50-P-_F-001-01,S376B7733D36C0820A938EB63C4A361,process,SF91674EC78C55D35DDA7301D79A810,1,S72AB8342B10DF61864D5A756831726,2
C025-W-HO50-P-_F-001-01,S410638A185BB951E4446F9432D8888,process,S78B280E7B3657E2601AD8400F5ECB71,1,,
C025-W-HO50-P-_F-001-01,SA4C692B927B569A3362AE1A00F7C2B,process,S7EDA59F83A0A67BAB26B2E411D2D4A,2,S2ABE09B55C353B5B6F73C6F30E88B1,2
C025-W-HO50-P-_F-001-01,S8522CCFED9C17BB1D184524CE38531,process,SD3BD483C1530704D4AA34EBD1DF7BF,1,S7EDA59F83A0A67BAB26B2E411D2D4A,3
C025-W-HO50-P-_F-001-01,SE071E20CB9C28C927A693DFE84B560,process,S7EDA59F83A0A67BAB26B2E411D2D4A,1,S67B4484D80AA04B78DF2D724B9B71E,2
C025-W-HO50-P-_F-001-01,S3FFE5663D82FEEE402283A372A8F29,process,S67B4484D80AA04B78DF2D724B9B71E,1,S5793FE3959B55EAD1B8E09AF72E0A1,1
C025-W-HO50-P-_F-001-01,S1F108B88F8E67D85B99B8A3C473A05,process,S77BA246859345E34A48F28C420DD6D,1,SD3BD483C1530704D4AA34EBD1DF7BF,2
C025-W-HO50-P-_F-001-01,S99592BB7943228A2B22D4E2725FB3F,process,SD2AABA930A952D7D422CA9EA583A51,1,S4440E2715338EFF63A8C44D23EA960,1
C025-W-HO50-P-_F-001-01,SB1EC8BEEC2890587355AE90AE52FCE,process,S8928EB6BB6771B8156B83F8D54E257,2,S40A98C5C771AC731A071CC24599AEA,1
C025-W-HO50-P-_F-001-01,S862AD629F1019572791021C170A582,process,S5AF47958C411A7AA2B945713284EA6,3,S2CA554F903E9BE4870EFDF76576D1F,2
C025-W-HO50-P-_F-001-01,S91ED83CB2F53AEA8CB9F6127BABCAC,process,S360917FFA1F41ED980BEDCD0B4859D,2,SDB14B308E50069CC56CE32EE427EDD,1
C025-W-HO50-P-_F-001-01,S8219EBE21FC069BF5B38E90932E4C8,process,SDB14B308E50069CC56CE32EE427EDD,2,S2CA554F903E9BE4870EFDF76576D1F,1
C025-W-HO50-P-_F-001-01,SF7056EC22B79C32822A10341F60DF6,process,S2CA554F903E9BE4870EFDF76576D1F,3,S4A18CE256E4F928969EC4516283070,1
C025-W-HO50-P-_F-001-01,SD81880D23D6E7C4F58EA3B0AE8C677,process,S5AF47958C411A7AA2B945713284EA6,2,S360917FFA1F41ED980BEDCD0B4859D,1
C025-W-HO50-P-_F-001-01,S36A840948582BA52E72F3B57D22EA0,process,S595D08B244D7C9AAEFC14D863B02C8,3,S5AF47958C411A7AA2B945713284EA6,1
C025-W-HO50-P-_F-001-01,SCA0EE42E43BAC175CB796CBF94C577,process,SF5F69DDFC3CB2907010D0D7AC33B6B,1,S74AFDAE6A319EFD040FA4F861051FE,1
C025-W-HO50-P-_F-001-01,SCDE43C2F8636C583D541722C8B47D4,process,S67B4484D80AA04B78DF2D724B9B71E,3,S87BAA70279FAAF55496930FCEC2015,1
C025-W-HO50-P-_F-001-01,S912B0ACF414D395FDF40AB0B332426,process,S87BAA70279FAAF55496930FCEC2015,3,S4CC4FF127520FF57D14EABCE663DDA,3
C025-W-HO50-P-_F-001-01,SDA520D697DCB42E01DBB23FCC7A020,process,S4CC4FF127520FF57D14EABCE663DDA,2,SF5F69DDFC3CB2907010D0D7AC33B6B,3
C025-W-HO50-P-_F-001-01,S68B361B62E1CA9CC194757978C9106,process,S4CC4FF127520FF57D14EABCE663DDA,1,S35A8DE44952DFB7F6D012A942B139F,2
C025-W-HO50-P-_F-001-01,S6D9F741C1115238F81EC291D5BF28B,process,SA89188723C5BD0ACABE71F38BB65CE,1,SF5F69DDFC3CB2907010D0D7AC33B6B,2
C025-W-HO50-P-_F-001-01,SE4355405C6010A3EF295A01FA2AF94,process,S35A8DE44952DFB7F6D012A942B139F,1,SA89188723C5BD0ACABE71F38BB65CE,2
C025-W-HO50-P-_F-001-01,S6992F89DB035A9C43C7DAF3A668583,process,S87BAA70279FAAF55496930FCEC2015,2,SCD22A8E7FBD973C4F1AEA4286A906F,1
C025-W-HO50-P-_F-001-01,S6398087759A26D493F2FC5E97822CC,process,SCD22A8E7FBD973C4F1AEA4286A906F,3,SB05A66600DA4EA10F811D3EC3AF7E6,1
C025-W-HO50-P-_F-001-01,S9DA98D7413D8170C3AA8F0CFCA4612,process,SCD22A8E7FBD973C4F1AEA4286A906F,2,SC982C84A1407D7A27C3CFF4216A604,1
C025-W-HO50-P-_F-001-01,SA9AB4554994F3F770CE350DD71F25E,process,SDFE43B456029F79C6E35B87F95245A,1,SC982C84A1407D7A27C3CFF4216A604,2
C025-W-HO50-P-_F-001-01,S7F9C4E0F3FE2B0CA34CDD4ABD60BE5,process,S8A9A606566B8899E82997C2EBF845E,2,S595F8FE7C1B52A7703D711D216DF74,2
C025-W-HO50-P-_F-001-01,S8DAEB9568309D0B3185882C8CD2D7E,process,S8A9A606566B8899E82997C2EBF845E,3,S1FBC15EE371D6CF3C037D9B66874B9,1
C025-W-HO50-P-_F-001-01,S554A5286BE945909CB7AC4076B97C3,process,SA3991A76C491B105B1DA4B52594A9F,3,SB7E21DCA9C09EA9729A021DFB68B2C,1
C025-W-HO50-P-_F-001-01,S14215DD105828AE950B6CC15BA5F61,process,S1FBC15EE371D6CF3C037D9B66874B9,3,SF872A49AC97EC98F63A6947C050CE2,1
C025-W-HO50-P-_F-001-01,S12AFC343FF8D8668584C0EEDB2E314,process,SD409410B163257835617541A83B9B7,1,SDFE43B456029F79C6E35B87F95245A,2
C025-W-HO50-P-_F-001-01,S8BA95EBE08F9C82008690F0253D2A4,process,SD5A08F0CC2050B2A20D60E783C5C28,1,SA3991A76C491B105B1DA4B52594A9F,2
C025-W-HO50-P-_F-001-01,S26205E08BCEA892AF67F5A92EA1F2D,process,SE742BB3822A7CD086F09EFB40486A0,3,S491F04AA9710EAABBDCE26AE5507F5,1
C025-W-HO50-P-_F-001-01,S5E7B9D574CE9D4C7986B5BC513BE11,process,S1FBC15EE371D6CF3C037D9B66874B9,2,S5D8A4451841F20BCEE14536A76C5DA,2
C025-W-HO50-P-_F-001-01,S34ABFB8AAABAB19F9F2501220AC5D4,process,SB7E21DCA9C09EA9729A021DFB68B2C,3,S8A9A606566B8899E82997C2EBF845E,1
C025-W-HO50-P-_F-001-01,S2026284D8E8E29E5891645101E9931,process,S491F04AA9710EAABBDCE26AE5507F5,2,S325F2FD86574EF4A9848D4CBA4D719,1
C025-W-HO50-P-_F-001-01,S7B2E5A950F346BC547421AAAA4B28A,process,S491F04AA9710EAABBDCE26AE5507F5,3,SA3991A76C491B105B1DA4B52594A9F,1
C025-W-HO50-P-_F-001-01,S76F8368C7D3585793673526425D633,process,SC982C84A1407D7A27C3CFF4216A604,3,SE742BB3822A7CD086F09EFB40486A0,1
C025-W-HO50-P-_F-001-01,S5F1F3AB9785424A1C6E4B8D292ABEF,process,SE742BB3822A7CD086F09EFB40486A0,2,SFC3410065E4DC7B3FC5CD4E2DF3B25,1
C025-W-HO50-P-_F-001-01,SDBD75FD9CEB6C9EF653777FEF40D48,process,SAFC6AC0FB242FAFFD49FB5FE1FEAF2,2,SD0F7B81B1181893EF3F75305A9C233,1
C025-W-HO50-P-_F-001-01,S4263DD277A7F5C6CCCF914BFC3D15F,process,S74AFDAE6A319EFD040FA4F861051FE,2,S4A18CE256E4F928969EC4516283070,3
C025-W-HO50-P-_F-001-01,SBCF6A14224550CA22C67743C251ECD,process,S4A18CE256E4F928969EC4516283070,2,SFABCC279DF7D35016FFD365D8375A9,1
C025-W-HO50-P-_F-001-01,SA7C7BB8FB6CACD74BA584052D578EA,process,S25046973DE48E7989415C138C1DDDA,1,S553B9F21A3C5F9AE53FAB819AC18B8,3
C025-W-HO50-P-_F-001-01,S1073849C43213E23EF21F9C56D2CA8,process,SAFC6AC0FB242FAFFD49FB5FE1FEAF2,1,SB7E21DCA9C09EA9729A021DFB68B2C,2
C025-W-HO50-P-_F-001-01,S7C85B6BCE4D77C2020B3C5C4835477,process,SCC4B2F78F600492741C5EA716EBC6A,1,S25046973DE48E7989415C138C1DDDA,2
C025-W-HO50-P-_F-001-01,SAAB88E2DF9A1C99B60F7093BA20717,process,S8928EB6BB6771B8156B83F8D54E257,1,S595D08B244D7C9AAEFC14D863B02C8,2
C025-W-HO50-P-_F-001-01,S3A9CD3E6EBBA153F50FC4ABBCEE003,process,S9E9F38B3D6F4574FD677F1C20E2B3D,1,SA1BD56989169506E61A248F18BA398,1
C025-W-HO50-P-_F-001-01,SCE8100BBF80DE122ECBDE19E61B0EB,process,S553B9F21A3C5F9AE53FAB819AC18B8,1,S8928EB6BB6771B8156B83F8D54E257,3
C025-W-HO50-P-_F-001-01,S868B2FB812D274700B5975BB49AF11,process,S553B9F21A3C5F9AE53FAB819AC18B8,2,S62FA7835667563D555FEA347D3D12B,2
C025-W-HO50-P-_F-001-01,SD5BE69123C52B1214F6CFC9F6A2F91,process,S595D08B244D7C9AAEFC14D863B02C8,1,SAFC6AC0FB242FAFFD49FB5FE1FEAF2,3
C025-W-HO50-P-_F-001-01,S36629080356479DFDC5402BEC825DA,process,S5780C11B50551B77DE4A19A0A96E15,1,SB55AE7F7D484FBC5E3B5C49C95D6F61,1
C025-W-HO50-P-_F-001-01,SA82749E7CC2056DDEFD798377582BD,process,S80CB71E3009443FBD631E0655A86681,1,,
C025-W-HO50-P-_F-001-01,SDDC12DC9965CD496A8C09645143BE4,process,S58110B9CE2347DC1CC8E7DFBBD9C11,1,S9D1B1A5840F6FE101A01B7B818006E,1
C025-W-HO50-P-_F-001-01,S8B29CB8862FDD81A5302CF1B3A7790,process,S36C91BC1F46EEC0E5141FA067E1798,2,S113BAE5CBE4A8F68943E3395CBBF63,1
C025-W-HO50-P-_F-001-01,SF79B50461F4573AFD68E91CDFAAC92,process,S306190EF377A6F4EA60A4BD944C54D,1,SF00B428FC65BC0DA751477BE0CCBEC1,1
C025-W-HO50-P-_F-001-01,S13EDEC9BCE184AF92F84A777C35C8E,process,S4CE20FABC734D3225AD452DB596A0D,1,S5956C29E01FD8E4B7157E23BADC6D7,1
C025-W-HO50-P-_F-001-01,S538CC2600E94B8C79D18574255F4F8,process,SAC9BBCF4A3D83B84C249AEE60E14A5,1,S49FD42163E91ACD6EC57EFE27A6BEE,2
C025-W-HO50-P-_F-001-01,SB7E2A91486DE3CD5427D1BB2F5C4C6,process,SDB4DB6753A1F5B7929E8E5066B0ED6,1,SA39C1AF9C7FBCCC2CE7FBC9DF19DAE,1
C025-W-HO50-P-_F-001-01,S909163A22638B9F974286A57FFD696,signal,S410D6F918381073C5283D9CA5A7D5D,3,S52E08940A90F86C29B5734F85CC86A,1
C025-W-HO50-P-_F-001-01,SBDE39B1F3D1CC23ECBD5648B6C7ABB,signal,S9B57F1E7C286C72AFF8DEC30B779BC,1,S828687D93AAF1CECE8689B4DE5A151,1
C025-W-HO50-P-_F-001-01,S7BC17E5C460654C867F057C4011F17,signal,S410D6F918381073C5283D9CA5A7D5D,5,SC31E0F68616E753CA6D01A9C4E9C83,1
C025-W-HO50-P-_F-001-01,SEA39C15FD38AD2B254B860BD65163A,signal,SB5A172B88206B8C733EB3D262E71AF,1,S9B57F1E7C286C72AFF8DEC30B779BC,5
C025-W-HO50-P-_F-001-01,S57FD8975E1EB4895E5481E84F0C437,signal,S70C7DFF0C366831BB03273AD7A100E,1,S410D6F918381073C5283D9CA5A7D5D,1
C025-W-HO50-P-_F-001-01,SF8656A8D7B6109A2693C8576F75B7C,signal,S7CEE044AB91DF918DF9DCA00CE6692,1,S9B57F1E7C286C72AFF8DEC30B779BC,3
C025-W-HO50-P-_F-001-01,SCDC70C746275DA58D7EEFF90A3ED5E,signal,S4B84467B02EBF29008F42D945552D5,1,SCAD75F055A776C42E0EA1EEB78E4AC,1
C025-W-HO50-P-_F-001-01,S1F55056FB09BA51DF80CB84415EEAA,signal,S64876857D087B0106DDBD37808E110,2,S4B84467B02EBF29008F42D945552D5,2
C025-W-HO50-P-_F-001-01,S4F861CD3B7AF34B22E211F246D8EF1,signal,SCD1434353665A6811C87CA614D7FC1,1,S14620C5DA486634CD5045137BA5D4F,1
C025-W-HO50-P-_F-001-01,S492B24B821A4F9262E9DF8AE6D1A05,signal,SCA9FCDAD1E1A1BC523AA58376A5640,1,S410D6F918381073C5283D9CA5A7D5D,6
C025-W-HO50-P-_F-001-01,SB7EA3BEE574D5D24B0E3E3B13C6DD7,signal,S3B83FFA043B109F901217703817687,1,S9B57F1E7C286C72AFF8DEC30B779BC,6
C025-W-HO50-P-_F-001-01,S516925365D786ADF5FBF2CC92CBE68,signal,S8BE0D5E01E903D5183871389D26523,2,S35A6D49B74283099E75F81E948BE55,1
C025-W-HO50-P-_F-001-01,SCEDC993915F8D2C95003FFE28B3A75,signal,SCAD75F055A776C42E0EA1EEB78E4AC,3,S35A6D49B74283099E75F81E948BE55,2
C025-W-HO50-P-_F-001-01,S775C90E348E2771494C991F3B4E97B,signal,S3A591789ED7AED641595953216D7B5,3,SDEB2D84FA902FEDB93BD29072DD9DB,2
C025-W-HO50-P-_F-001-01,SB8FE4217550F125685D15DCB4F8FD2,signal,,,S3A591789ED7AED641595953216D7B5,1
C025-W-HO50-P-_F-001-01,S7A8E956642CEACCA262317147DC8DB,signal,S7E9590FAFC7761085F6BBF781AFFA4,2,S3A591789ED7AED641595953216D7B5,2
C025-W-HO50-P-_F-001-01,SDF5571BA203EB11062607AF2201570,signal,SA4255B101FFF9C30AC61E552517515,1,S6EB360275612FEDF633127154819C8,1
C025-W-HO50-P-_F-001-01,SF35907BACFD244E01C23F02AA5139C,signal,SF615A2C68A91831985A4C985F791CB,2,SD7AF0A6FE5D5758400B014D482E738,1
C025-W-HO50-P-_F-001-01,S8EE2E6AB5E1F0DA051650DEEF6C5DD,signal,S915A65A2E7A821CFB082A4377432CA,1,S8B2EBBB7262AA72D8343F1AE70C381,1
C025-W-HO50-P-_F-001-01,S729FB5A58AE17508EA64E26706D78C,signal,S5906D24F6A70D8EF7F1760DDBEF988,1,S915A65A2E7A821CFB082A4377432CA,2
C025-W-HO50-P-_F-001-01,S3DC69FBAAAD64FC6FD23445328B0A3,signal,S915A65A2E7A821CFB082A4377432CA,3,S3D85581B73B99001E90BAE007BDDCE,1
C025-W-HO50-P-_F-001-01,S85C7578E025054C1A839648ACD46FA,signal,SAFC992597E832FF64FB79D6C336BCC,1,S7F8FDCBE0BE284FBED37D6C9D53BBF,1
C025-W-HO50-P-_F-001-01,S3BC8FDB3599B05E135604CC5E0C03B,signal,S7F8FDCBE0BE284FBED37D6C9D53BBF,2,S14620C5DA486634CD5045137BA5D4F,2
C025-W-HO50-P-_F-001-01,SAD47AD9A2E85BBDBD4A333564D379B,signal,S633B83A08422B8359ECD0790B65D28,1,S7F8FDCBE0BE284FBED37D6C9D53BBF,3
C025-W-HO50-P-_F-001-01,SB66F2CC34CFA9ABB95893FF7C86EEA,signal,SFD8CED0F44461551E2BB6D8B4D49B8,1,S454A0E549BF43E1DE936C7579B0243,1
C025-W-HO50-P-_F-001-01,S56CCB7DB2EBF5055C38482066DB7D8,signal,S3D85581B73B99001E90BAE007BDDCE,2,S454A0E549BF43E1DE936C7579B0243,2
C025-W-HO50-P-_F-001-01,S26E82CEC2109F6486651370FE7E3EC,signal,SC27294B40E1E30645CEC57ECAD2036,1,SCD1434353665A6811C87CA614D7FC1,2
C025-W-HO50-P-_F-001-01,SDE69AF6F319168E051C3F6F9B0575C,signal,S95ABF0E0C4D42AE597406E7807BEFF,1,SA9AA9C2FC16E5BE14C17762987B507,1
C025-W-HO50-P-_F-001-01,SC269E88920BAC8814619E6AE9614FD,signal,S2ABE09B55C353B5B6F73C6F30E88B1,1,S95ABF0E0C4D42AE597406E7807BEFF,2
C025-W-HO50-P-_F-001-01,S9BA73A4075109F8169F47610553A55,signal,SB456E9EDB5956BC81E5F8738B2C048,1,S5E3A7FE2589B446994E4372D7CC24B,1
C025-W-HO50-P-_F-001-01,S7544004A37CC6029565CB6C3E32014,signal,S5D8A4451841F20BCEE14536A76C5DA,1,SB456E9EDB5956BC81E5F8738B2C048,2
C025-W-HO50-P-_F-001-01,SDE30C8A16512259F0795E23FEDC8A5,signal,S7CE2D877B9780EFBA3AD1B9FC46AD9,1,S8BE0D5E01E903D5183871389D26523,1
C025-W-HO50-P-_F-001-01,SC12326D37FC9FD358AC076297FC4AF,signal,,,S8BE0D5E01E903D5183871389D26523,3
C025-W-HO50-P-_F-001-01,SB86F38D215DC64740F2193DC6452B6,signal,S595F8FE7C1B52A7703D711D216DF74,1,S64876857D087B0106DDBD37808E110,1
C025-W-HO50-P-_F-001-01,S3ABEED6D729A1E048DC604726727C7,signal,S72AB8342B10DF61864D5A756831726,1,SF37710CB86E2E2DDC7908F969CE39A,1
C025-W-HO50-P-_F-001-01,S9B28550B3D7F0B346F4B8609F88908,signal,S49FD42163E91ACD6EC57EFE27A6BEE,1,S26816B543934B2FC283B01FE03D79C,1
C025-W-HO50-P-_F-001-01,S5A1FCEE7D7336202622C652FA75291,signal,S16C5AE5CAF4072F2E4264030761CD2,1,SEC6D7C25136DAE46C27B0F60A52057,1
C025-W-HO50-P-_F-001-01,S96D692903FA5167C971F45806D57F4,signal,S62FA7835667563D555FEA347D3D12B,1,S16C5AE5CAF4072F2E4264030761CD2,2
C025-W-HO50-P-_F-001-01,S3AA7D99D8C06073A494B691D2EEF91,signal,SB3CD92F9EE3F3EF201514EBA0EC9D7,1,S9B57F1E7C286C72AFF8DEC30B779BC,2
C025-W-HO50-P-_F-001-01,S8B576BBF6E9C26E77DD894E459445C,signal,S9B57F1E7C286C72AFF8DEC30B779BC,4,S4F536CACCC867DE9FE54871EBDFA46,3
C025-W-HO50-P-_F-001-01,S58D8CF71AD7C011D05AA99A50BEEA7,signal,S8CB4C16E1EF234202DB442BAD2B0D9,1,SA02FBD69DA5BB6C093F57337C906C3,1
C025-W-HO50-P-_F-001-01,SFF136A7A2FAB82EECE7AAF0B8BF24C,signal,S7FBA7729B502A9C736F94ED049EB9A,2,SC6F7B6B774609E26F358122EDEC0CC,1
C025-W-HO50-P-_F-001-01,S674D87550251929D89AE328FFDBF73,signal,SF615A2C68A91831985A4C985F791CB,1,S9C2954526A3FA7B4A17936ECEAE3BA,1
C025-W-HO50-P-_F-001-01,S9362553A3205F4C413222AA41BE03F,signal,S4F536CACCC867DE9FE54871EBDFA46,1,S683E04F82A195EF792E0540CD6BA0E,1
C025-W-HO50-P-_F-001-01,SD981B2E06F643FE8CF72EEC0961684,signal,S6EB360275612FEDF633127154819C8,2,SE626F9C4B62C14EAC595FD1F88BA11,1
C025-W-HO50-P-_F-001-01,S4268D2904DC99129C2EC6BBB1421CA,signal,SA02FBD69DA5BB6C093F57337C906C3,3,S96B2DACF098ACCBA72985FC97D031D,1
C025-W-HO50-P-_F-001-01,SB0453C21DF2060FFE351FB7C8CA3F4,signal,S6F202F609F098479ADE0AADBF50621,1,S608EF781BA44C68E21EDC598396D7C,2
C025-W-HO50-P-_F-001-01,SE14A4745168CCEA3B6F2C9D889DDC1,signal,S608EF781BA44C68E21EDC598396D7C,1,S410D6F918381073C5283D9CA5A7D5D,2
C025-W-HO50-P-_F-001-01,SD4BAB7BED006FA8885792F65431A03,signal,S15CC534E4CC2DC3E768454EAB81108,1,S410D6F918381073C5283D9CA5A7D5D,4
C025-W-HO50-P-_F-001-01,S93E19F4E797946EF58744B9D22EC90,signal,S74A067CDC0AD3CE3DC3D7A41215EEB,1,S7FBA7729B502A9C736F94ED049EB9A,1
C025-W-HO50-P-_F-001-01,SFCD39F2C86664000C24C9D45BD9F24,signal,S7FBA7729B502A9C736F94ED049EB9A,3,S865FE118864F8251A92AC87430EED8,1
C025-W-HO50-P-_F-001-01,S236857BAE0B7DF95B3924B4768C0CB,signal,S608EF781BA44C68E21EDC598396D7C,3,S14D5ED673E067DED2C39AD196A4CC4,1
C025-W-HO50-P-_F-001-01,S237F601DAD8582E9ADDA4A6BCA2CE0,signal,SA02FBD69DA5BB6C093F57337C906C3,2,SBAE2B35213F11A40D7BF03FF1F75BB,1
C025-W-HO50-P-_F-001-01,S1AD76A1764A11C72D0ABCF3E588EF2,signal,SCAD75F055A776C42E0EA1EEB78E4AC,2,SDEB2D84FA902FEDB93BD29072DD9DB,1
C025-W-HO50-P-_F-001-01,S7C3A44295AAA597EEF026D142BB4AD,signal,S4F536CACCC867DE9FE54871EBDFA46,2,SEE0ED5CC9810E24A261E6C3B927F21,1
C025-W-HO63-P-_U-005-01,S93C348574B77B82BFAF03EB6613F0F,signal,S26B35C426E383E288FE5E189D47C2B,1,,
C025-W-HO63-P-_U-005-01,S6D569F0514B9BD49034AF1D3533DA7,signal,S26B35C426E383E288FE5E189D47C2B,2,SE35A4A0408D36DDA21739EDBC9CFC9,1
C025-W-HO63-P-_U-005-01,S61A13DACE69CF5E9688326182EC73C,process,SEEC469659CC430E7374546BF1433E0,2,S65E6DDBA47D64B059E94E74A942F71,1
C025-W-HO63-P-_U-005-01,S2DF76EFFD78B5302EA199151DE01D1,process,S2B842F4359E8AB0F28B05B05FF1B05,1,S9E868C0D4CBFA3E34F85448CAA37E2,3
C025-W-HO63-P-_U-005-01,S257B9F34E5DFB23131B0996AC72C93,process,S23EC26DB894F9E16815C832194E311,2,S16297B4A74DEE1BE4F61B59C25F83C,1
C025-W-HO63-P-_U-005-01,S6081F7103132CBFD310DE2F9A5101A,process,S74DFE93CFCD8E4D55DC03837443212,1,S2B842F4359E8AB0F28B05B05FF1B05,2
C025-W-HO63-P-_U-005-01,SB3F589F7BDA37EF0D014709FA45AFA,process,SB7CB3C728C0DEAD40A1D1292D17721,1,SD52A16AD290740D1400557AB23C8E1,2
C025-W-HO63-P-_U-005-01,SB6DD462FC0C47E97FB617135735CEC,process,S9E868C0D4CBFA3E34F85448CAA37E2,2,S4879182DAD18351B1CFC416B5E91AC,1
C025-W-HO63-P-_U-005-01,SF8BD3CEA899713AF6F51CEA984B42F,process,S1DE947F5C0FC0CD3A017C8E284AB6E,2,SE8FAA083AD6F4C9CE02A79EB474D1A,1
C025-W-HO63-P-_U-005-01,SB7B5582E6315FCD005CD825112D134,process,SEEC469659CC430E7374546BF1433E0,3,SF8C07481D868AB0954D6B06641C196,1
C025-W-HO63-P-_U-005-01,S74FDA4BA1755E80B98C2CC71445F8E,process,SE8FAA083AD6F4C9CE02A79EB474D1A,3,S1184664F77BF8130A838BEB4DA4458,1
C025-W-HO63-P-_U-005-01,S3F1874510F434578950A3B030FF56F,process,S4879182DAD18351B1CFC416B5E91AC,2,SEEC469659CC430E7374546BF1433E0,1
C025-W-HO63-P-_U-005-01,S460407AB96BDCDDE0ECD2677480500,process,SF8C07481D868AB0954D6B06641C196,2,S23EC26DB894F9E16815C832194E311,1
C025-W-HO63-P-_U-005-01,SBBEEA847CA648F7CFEED42FB24A913,process,S20BCA6605F0F74663B250C3819012F,3,S90802C9B076440B7B3A64B89562A8E,1
C025-W-HO63-P-_U-005-01,S710F5A9198E3AE376113CBEB3960F2,process,S90802C9B076440B7B3A64B89562A8E,3,S1DE947F5C0FC0CD3A017C8E284AB6E,1
C025-W-HO63-P-_U-005-01,S8BB86EBA7B39D471BBD34FA497DE92,process,S16297B4A74DEE1BE4F61B59C25F83C,2,S20BCA6605F0F74663B250C3819012F,1
C025-W-HO63-P-_U-005-01,S10D24743B408B7BA09C87F82B6C9B0,process,S9C9022243BBC9769DC29E84EA116C7,1,S74DFE93CFCD8E4D55DC03837443212,2
C025-W-HO63-P-_U-005-01,S520A7D46CBF9467F7179A8108BCCD6,process,SD52A16AD290740D1400557AB23C8E1,1,S9C9022243BBC9769DC29E84EA116C7,2
C025-W-HO63-P-_U-005-01,S1E84F9E0493933C2FE48DB1D413AE3,process,S74DFE93CFCD8E4D55DC03837443212,3,S25D145952568DFC0C109128835D5E6,1
C025-W-HO63-P-_U-005-01,SE09ADC21CFD79FB3B0848A7C4F9AC1,process,S25D145952568DFC0C109128835D5E6,3,S2B5DCD403BB6320AA3583CFDA7A85A,1
C025-W-HO63-P-_U-005-01,SB391BDAEF660FC887838E53E9966F7,process,S25D145952568DFC0C109128835D5E6,2,SADEE292AC846E078790085055BA8D4,1
C025-W-HO63-P-_U-005-01,S25570FFA354095F6CC52F471303F4A,process,SE8FAA083AD6F4C9CE02A79EB474D1A,2,S53E776088AE20DD53CA800EB03EF6F,1
C025-W-HO63-P-_U-005-01,S3FD80DFFEC19C878DC610C9F1C5862,process,S8D3130754F51B817AEEAF4EE7607C2,3,S6EDA9EA0874614951F0E60FD06A2FE,1
C025-W-HO63-P-_U-005-01,SB1909733E4CD82AA5F62142865A236,process,S33FB08D5177CEB9BCCF7B214F884C8,2,S5D8BB6C33F151284F2DF597E337803,1
C025-W-HO63-P-_U-005-01,S3A740D6629C4FE29F4C6F41D829F86,process,S5D8BB6C33F151284F2DF597E337803,2,S7355CCAF296B1DB27AEA779D349407,1
C025-W-HO63-P-_U-005-01,S6202BB64EAAFAE356EC4777F9A0850,process,S20BCA6605F0F74663B250C3819012F,2,S33FB08D5177CEB9BCCF7B214F884C8,1
C025-W-HO63-P-_U-005-01,S6F09CB7610159E4091D6DBE7E434E0,process,SF8C07481D868AB0954D6B06641C196,3,S6F30F1FEFCFB977DC8BD25878C98B2,1
C025-W-HO63-P-_U-005-01,S8CE716DC6E2C45DE31CD3759D0856D,process,S6F30F1FEFCFB977DC8BD25878C98B2,3,S111220FF24916AF780FE8D814FE23A,1
C025-W-HO63-P-_U-005-01,S6A205D109714E405EE64BA1BB68058,process,S111220FF24916AF780FE8D814FE23A,2,S816454CA76D7ECEC8CC99AF20906D7,1
C025-W-HO63-P-_U-005-01,SC8528B3613441FA7F381C008153629,process,S33FB08D5177CEB9BCCF7B214F884C8,3,SC6DFCADA7E6C09E3FC4050AE88D0EB,1
C025-W-HO63-P-_U-005-01,S89E207F2FEC6CF74AA5B3BBFBFED39,process,SFC72A4AA9EE7776F397BAB3576CE8B,2,SC4D6485D48ACB5F5881F34B2CC4395,1
C025-W-HO63-P-_U-005-01,S477436C30C31F4280CC808A8ABF4C3,process,SA3C94DDB9E9EF7BB6E72F1F66C472C,2,S2AFEB5A42EFBDEF6A4019781150CE6,1
C025-W-HO63-P-_U-005-01,S954AC2645DBAAF7E9E7C94E895BF4F,process,S16297B4A74DEE1BE4F61B59C25F83C,3,SD919278C866FEB12B2F1D3BB60870C,1
C025-W-HO63-P-_U-005-01,SE4F89B4FA76F0A146E1995922371A9,process,SD919278C866FEB12B2F1D3BB60870C,3,SFF9B3AA433A31BBBEF6A601569548F,1
C025-W-HO63-P-_U-005-01,S103F81662A062A027DF41CC00D14C5,process,S1DD6EA9A84A94F4F6F10446B10129D,2,SA1EC1E5F5FAE089275CD95CE5146BF,1
C025-W-HO63-P-_U-005-01,SEED9C2E0FC5166F8C2F46DC904B3DD,process,SA1EC1E5F5FAE089275CD95CE5146BF,2,SD9DF1019DA334331EF5CBA31657A8B,1
C025-W-HO63-P-_U-005-01,SF3A0C97AEE898D2C5591C4B4AD348C,process,S2B842F4359E8AB0F28B05B05FF1B05,3,S1DD6EA9A84A94F4F6F10446B10129D,1
C025-W-HO63-P-_U-005-01,S5E5B220AF237970D166D2649A377E4,process,S3D0241F1709BAB9BD9DEA6E359F0EF,2,SF667481F4106DAEAC57309DAE25976,1
C025-W-HO63-P-_U-005-01,S2690CF5D7E18C4CA6CE90466BBE7CE,process,S90802C9B076440B7B3A64B89562A8E,2,S3D0241F1709BAB9BD9DEA6E359F0EF,1
C025-W-HO63-P-_U-005-01,S555FD8D84C3F0135219A3B3E196BEB,process,S4879182DAD18351B1CFC416B5E91AC,3,S8D3130754F51B817AEEAF4EE7607C2,1
C025-W-HO63-P-_U-005-01,S61EB987772BA2D0157383BD891B0CB,process,S8D3130754F51B817AEEAF4EE7607C2,2,SC7F42E996BED0E91A2E82CE822FBEE,1
C025-W-HO63-P-_U-005-01,S4468E0476865E289626C33817ECE2D,process,SC7F42E996BED0E91A2E82CE822FBEE,2,S8A0853DBA4789DF76B5ECCA5D3132D,1
C025-W-HO63-P-_U-005-01,S13D3D81213130A72F458A0D807809B,process,SD919278C866FEB12B2F1D3BB60870C,2,SF6C730DBABE35A69BC51CD881AF57E,1
C025-W-HO63-P-_U-005-01,S4F44B8E5F3E50BF48D263BAF8DE532,process,S977D893C110C6FF9AE8D0559DB63DA,2,S8170E3F3ADEB904AE68AFB8BEE98E7,1
C025-W-HO63-P-_U-005-01,S44DE027B5EDB0FFD479DBB0CB707FB,process,SF6C730DBABE35A69BC51CD881AF57E,3,S977D893C110C6FF9AE8D0559DB63DA,1
C025-W-HO63-P-_U-005-01,S872D7B1553668F8F07FAC95D0F548F,process,SFFD1C865529D1CD513F0C02F1D1CCF,1,SF6C730DBABE35A69BC51CD881AF57E,2
C025-W-HO63-P-_U-005-01,SAA9471604CCA2F8F37F376B001959A,process,S9E868C0D4CBFA3E34F85448CAA37E2,1,SFDEA009733AB41D85AD1FD2D0E0313,1
C025-W-HO63-P-_U-005-01,S2F888433402F244E10D74FA0DE15E2,process,SC0D3307233C901B139B1866F3C852C,2,SFC72A4AA9EE7776F397BAB3576CE8B,1
C025-W-HO63-P-_U-005-01,SD06EC5E743DD527A5E629BB7FAF63D,process,SFC72A4AA9EE7776F397BAB3576CE8B,3,SDA7693DCF3D47B1A01FD8FD29E460B,1
C025-W-HO63-P-_U-005-01,S588235348F687AC85C857869111EAC,process,S80EFE67F2086720E7CBFCFBA04A743,3,SACDDD5E8EA9903AA9FCA730A36493E,1
C025-W-HO63-P-_U-005-01,S6093D3DF94CB00D2BFBFC301881E1A,process,S977D893C110C6FF9AE8D0559DB63DA,3,SC0D3307233C901B139B1866F3C852C,1
C025-W-HO63-P-_U-005-01,S94A0E58A48277C7A4B6A236A7F1E2A,process,SC0D3307233C901B139B1866F3C852C,3,S918C4678D97B8B8CAD55E11E882961,1
C025-W-HO63-P-_U-005-01,S4A5BFCD2EF19C27D1ACC1BB49E559F,process,SA3C94DDB9E9EF7BB6E72F1F66C472C,3,S214950F68A0BA603B0B9F7A4A18EE1,1
C025-W-HO63-P-_U-005-01,SC3F1C19EF47B04140A18F9F7793FAA,process,S80EFE67F2086720E7CBFCFBA04A743,2,S82418D8FD928A5F580E43710FD42EF,1
C025-W-HO63-P-_U-005-01,SD53579EA233FEE56291EF954FDCAEC,process,S214950F68A0BA603B0B9F7A4A18EE1,2,S80EFE67F2086720E7CBFCFBA04A743,1
C025-W-HO63-P-_U-005-01,SCC7291B929F28AFC90A23E4B9B8EF2,process,S23EC26DB894F9E16815C832194E311,3,SA3C94DDB9E9EF7BB6E72F1F66C472C,1
C025-W-HO63-P-_U-005-01,SE975CE7728748EE3A0C2E32EFAE091,process,S1DD6EA9A84A94F4F6F10446B10129D,3,SCEF9398B216D1446CA7FAB7F371B94,1
C025-W-HO63-P-_U-005-01,S8342555F924F85FCF3308479E6FE5A,process,S6F30F1FEFCFB977DC8BD25878C98B2,2,SBBC1F35E1108B28593E8B03310418A,1
C025-W-HO63-P-_U-005-01,S441241EE47081A9147A7B495B22019,signal,SE49D1F5A827E8345C7ECD8331515C8,1,S90410346B94E3D0CCF749F318D6AFA,1
C025-W-HO63-P-_U-005-01,S92DE49543773B14821FE0FBBB74E08,signal,S305319F6367E9A1C498F7A83EDEB24,1,S84EE222997BD29A8240CA2B00D25AB,1
C025-W-HO63-P-_U-005-01,S8D37654DB8A5B4677DD4B5A78C0E2D,signal,SE35A4A0408D36DDA21739EDBC9CFC9,2,SE49D1F5A827E8345C7ECD8331515C8,2
C025-W-HO63-P-_U-005-01,S1EF4844D1A55BE0BCEF9A89ADF0102,signal,SF18605432B227408035AF6AF08317A,1,S305319F6367E9A1C498F7A83EDEB24,3
C025-W-HO63-P-_U-005-01,S61C7351154A23530D6FB499E269CDE,signal,S305319F6367E9A1C498F7A83EDEB24,2,SA4ACEC05BC53A20491E19203C5F33C,1
C025-W-HO64-P-_U-001-01,S6204DD02D047C9BA086E9F7E064E98,signal,S4C46B23387791395D76B4F0AB42E1B,1,,
C025-W-HO64-P-_U-001-01,S19F5D3A9488E6E1EB2F1384014A3BE,signal,S4EB7E24CE921F651B0D1C770E9FE62,1,S84744B36786FD9126C2A155056464F,2
C025-W-HO64-P-_U-001-01,S65D97346AEE4E597A8EDA5B72442EC,signal,S4C46B23387791395D76B4F0AB42E1B,2,SEB4436AE0491FF9E224DE1120CC970,2
C025-W-HO64-P-_U-001-01,S34DE203842ED9570C1987415AC5C08,signal,S4EB7E24CE921F651B0D1C770E9FE62,2,,
C025-W-HO64-P-_U-001-01,SEE83709476A6B6DF270661CB1E8D28,process,S9FEB1BCB4BE87C4F2A3EF47E5F03AE,2,S509357B28E556A08B2ED2960F62C47,1
C025-W-HO64-P-_U-001-01,S9D3D0C5ABC7E8332B7767ADAEDE6B0,process,S2BA748AB8D513E219ED16EBC7EA17B,2,S4D10D7E8C5216E58BF5EB4980E7CDB,1
C025-W-HO64-P-_U-001-01,SB7F8FFA07ECDCB1BA5EA3625C27AFE,process,S4C47A1F086B60F9F44F9EE19562DBA,1,SBC4835D7CE316448F3F81C22AA6B2F,3
C025-W-HO64-P-_U-001-01,SA1111DD99F042AD0A29C74364ACB12,process,S3D8E207F2959E413912742B1B65238,3,SC7DC8DB1998BDD9554EF9A98294D07,1
C025-W-HO64-P-_U-001-01,S7B6A8D5A897BA0CC085E783AED6AAB,process,SC7DC8DB1998BDD9554EF9A98294D07,2,S3275119EE17A6E3D56B20B643CBEF0,1
C025-W-HO64-P-_U-001-01,SEFCE6D11B3387B02603FCA7094A7BC,process,SBC4835D7CE316448F3F81C22AA6B2F,2,S3D8E207F2959E413912742B1B65238,1
C025-W-HO64-P-_U-001-01,S21DC1B833970E93991543545BEB552,process,S3275119EE17A6E3D56B20B643CBEF0,2,SBFF7357079D37496AA4635456A284D,1
C025-W-HO64-P-_U-001-01,SA1BB43A48D338C366A6B42091CD08B,process,SE587C4D2409A89E57267294E1AEFCE,2,S5B6B26F387D5735CFF28DC9D90A3E9,1
C025-W-HO64-P-_U-001-01,S1F8BA7AE9A8BA5DF88DBA71ACC95BC,process,SA7E2CB901C7F497E1F1E5C52472388,2,,
C025-W-HO64-P-_U-001-01,S90B7A31144202EEA853DF864BA8815,process,S74AF459D6902A880117DC418572BAE,3,S9FEB1BCB4BE87C4F2A3EF47E5F03AE,1
C025-W-HO64-P-_U-001-01,S71E0472929427E07DAEEFCD0C390E0,process,S6661F927C600208B8BD9DB213B9798,2,SCF25144020DDB7FC14C2888955021E,1
C025-W-HO64-P-_U-001-01,SE5CA58ED8E9D2B369A85E890B2BAB0,process,S9FEB1BCB4BE87C4F2A3EF47E5F03AE,3,SDC2E7A8E2126389BA973A343BC7394,1
C025-W-HO64-P-_U-001-01,S20737FE47B255CE438420D584CA932,process,SDC2E7A8E2126389BA973A343BC7394,2,S6661F927C600208B8BD9DB213B9798,1
C025-W-HO64-P-_U-001-01,S52A1A1D73508414FD33928D2FC494E,process,S40202D56D5D2A8B8AE269D849100CD,3,SADA355923D50A0FAA9CF5E86D63B0D,1
C025-W-HO64-P-_U-001-01,S3512CA690A16BF6CF00795610CE4C0,process,SBD8FC0329F49C12AF9D9286C03CDC4,3,S7EDC7C75A3844E35C50AC1D1275CB6,1
C025-W-HO64-P-_U-001-01,SDEB24E44336F092F632405C26AF6F2,process,S7EDC7C75A3844E35C50AC1D1275CB6,2,S40202D56D5D2A8B8AE269D849100CD,1
C025-W-HO64-P-_U-001-01,SBBC0AA2C1AAEF7487ED637DA8CFEF3,process,S40202D56D5D2A8B8AE269D849100CD,2,SCC15C6926B5E7B84025E70F8755076,1
C025-W-HO64-P-_U-001-01,SF6E0195A04BFE67A1537C1BB00FC56,process,SBC4835D7CE316448F3F81C22AA6B2F,1,S808EFDEA2CE4116D88E8C3787BBA6F,1
C025-W-HO64-P-_U-001-01,SA02C68A5714A33CAAA798F61B655A3,process,S17F02B6402F15C31B2FD9BF9164616,1,S4C47A1F086B60F9F44F9EE19562DBA,3
C025-W-HO64-P-_U-001-01,S75B1BCC1BB06862D8699FE6B06EE4B,process,S4B77B3FA9D512D40633755A912366D,2,SA601973349BDE77568512DA3460327,1
C025-W-HO64-P-_U-001-01,S53538B68B1198BE31BCE675991AFEC,process,SDF398EA1151ED2143C60582DEE698E,1,SBD8FC0329F49C12AF9D9286C03CDC4,2
C025-W-HO64-P-_U-001-01,S6701F6742C4E6848AA167B5618AD65,process,S7AAFF6FF94339EEEB9374B187CE3CA,3,SC50FE318F3AE3C4CC2F7A7F1848AFF,1
C025-W-HO64-P-_U-001-01,S63F0D096CE0F3839D47BF6B49BE2D3,process,S74AF459D6902A880117DC418572BAE,2,SFA994E3A6B45BFFD588589989108F0,1
C025-W-HO64-P-_U-001-01,S62B8DA32401278098CFBF67E2007F8,process,SAF71D647BC4F516A9FD48B07331F9F,1,SDBD201685864084FCFADCB63CAEB13,3
C025-W-HO64-P-_U-001-01,SD5A16EE0718D3FF03AD557948FF730,process,SDBD201685864084FCFADCB63CAEB13,1,SFE5075BF05FB7D4D1534872D6FB6F1,3
C025-W-HO64-P-_U-001-01,SAE6B95509325586BAF003C728869BF,process,SBD8FC0329F49C12AF9D9286C03CDC4,1,SAF71D647BC4F516A9FD48B07331F9F,3
C025-W-HO64-P-_U-001-01,S4C390C465504683C395CF210FC4308,process,S68AA01CD1C0E7138CCEA3C92F95CF9,1,SAF71D647BC4F516A9FD48B07331F9F,2
C025-W-HO64-P-_U-001-01,SBD6A90AB0050C0E42516C82AD5178E,process,SC50FE318F3AE3C4CC2F7A7F1848AFF,2,S4B77B3FA9D512D40633755A912366D,1
C025-W-HO64-P-_U-001-01,SC7F6EB36DE4E60F6A8B7634260F1E0,process,S4C47A1F086B60F9F44F9EE19562DBA,2,S74AF459D6902A880117DC418572BAE,1
C025-W-HO64-P-_U-001-01,S6B0F249F99974474019D9A42EEE3B8,process,SFE5075BF05FB7D4D1534872D6FB6F1,1,S17F02B6402F15C31B2FD9BF9164616,2
C025-W-HO64-P-_U-001-01,S60C273BD59C76CF659C8ED6067F801,process,SFA994E3A6B45BFFD588589989108F0,2,S7AAFF6FF94339EEEB9374B187CE3CA,1
C025-W-HO64-P-_U-001-01,S9B7FBA9AB699F76970DF5BC00A3380,process,SFE5075BF05FB7D4D1534872D6FB6F1,2,S2BA748AB8D513E219ED16EBC7EA17B,1
C025-W-HO64-P-_U-001-01,S8947BA279500E499A1719A3015A80C,process,SD94CE77B0EC484CF4F89FDC7B93ADE,2,S9FCE7A9F5E472D7B9076CD39F5C724,1
C025-W-HO64-P-_U-001-01,S4EAB801DCC1F43CAC9BCE2F8CE911D,process,S2BA748AB8D513E219ED16EBC7EA17B,3,SD94CE77B0EC484CF4F89FDC7B93ADE,1
C025-W-HO64-P-_U-001-01,S9905576733D43B2B3A1DE52CEC7545,process,S3275119EE17A6E3D56B20B643CBEF0,3,SE674E93AD6A5AE8409CAA6FAE57682,1
C025-W-HO64-P-_U-001-01,SF942C7A3959EAD3C0DC7D2F785FAD9,process,SFB3701A9A2339D5089EF7CB3B8B2CE,2,S95508F3B52FAD19051BCF143AE9AE8,1
C025-W-HO64-P-_U-001-01,S5BDC44A58590540A3CC5893EB19353,process,S7AAFF6FF94339EEEB9374B187CE3CA,2,SFB3701A9A2339D5089EF7CB3B8B2CE,1
C025-W-HO64-P-_U-001-01,S393254A27E4C884727D411B965885A,process,S17E1CD9364BC2A41CE4B02E4127090,1,S95508F3B52FAD19051BCF143AE9AE8,2
C025-W-HO64-P-_U-001-01,S665437D3F65DB7EDCAE1EE6563858C,process,S95508F3B52FAD19051BCF143AE9AE8,3,SDF391C4B26B3B7CB91D645EF094C24,1
C025-W-HO64-P-_U-001-01,S40DBFDE5D55614D073BDB4C00F34EB,process,S59A5E699EBA3B1FC0291BE7CC4CB59,2,SAC81BC079B847BBBC3B911C1C20191,1
C025-W-HO64-P-_U-001-01,S1FAFCA99E9936EEC42F8BFD7B0A587,process,SAA79FCE57C5B695865B78DC864958A,2,S824A12EAAEF95B28187839FBCFC031,1
C025-W-HO64-P-_U-001-01,SE4522FBFAB336FFD95961EFD91F398,process,SFA994E3A6B45BFFD588589989108F0,3,SCAD62C27F3CB7EC3F1896E97A6B61E,1
C025-W-HO64-P-_U-001-01,SD155EB359A649D4CF0EA88F51B5BC2,process,SCAD62C27F3CB7EC3F1896E97A6B61E,3,S2992AFD15FB350AC1DE2ED42F5A807,1
C025-W-HO64-P-_U-001-01,SCCE160859DE5B614BB0C322D867040,process,S17F02B6402F15C31B2FD9BF9164616,3,S55F32BCB1D1638BF7DE903929232ED,1
C025-W-HO64-P-_U-001-01,S4D5399D8486D3C0E675F79CF66BC83,process,S6661F927C600208B8BD9DB213B9798,3,SDB79F46D5EB988606A47BE89F319CD,1
C025-W-HO64-P-_U-001-01,SCF30CD8E501F30FEB307156D220BA0,process,S83836C97BA5B4625F9181A9F61FB6A,1,S75A9F4BAAE8721B1C1D2FF9A35B470,3
C025-W-HO64-P-_U-001-01,S5ABA5A7DF62ED4D142E0E679D46BB9,process,S75A9F4BAAE8721B1C1D2FF9A35B470,1,S7EDC7C75A3844E35C50AC1D1275CB6,3
C025-W-HO64-P-_U-001-01,S6C832537208A0B53DEE6E264381709,process,S371E0369B45932CC9E540754EDFDDE,1,S953867527E632CE3205C90764EE3BF,3
C025-W-HO64-P-_U-001-01,SB194485546A4C225B1269E406ADFDC,process,S508152896EE2E6022B1DDE83F38A64,1,S3F27DD8F4B0F1F23DE88E63752C2AB,3
C025-W-HO64-P-_U-001-01,S3C90856A709DC9B64A71577ADB6CBF,process,S953867527E632CE3205C90764EE3BF,2,SF1EFBCF7B5AFFBF656C78A3A564490,2
C025-W-HO64-P-_U-001-01,S356E9A21AD5C4CDC2455975B244E61,process,S508152896EE2E6022B1DDE83F38A64,2,SCFE0B4DD833564B5B41B327172B2C6,2
C025-W-HO64-P-_U-001-01,S4919FF4915AB78008B4A14F65735BD,process,S953867527E632CE3205C90764EE3BF,1,SA7E2CB901C7F497E1F1E5C52472388,3
C025-W-HO64-P-_U-001-01,S6C53E3474549D33F67C876F9A72E0D,process,SB1E89EAC11FFCAA85DC5412CA9E6F9,2,S75A9F4BAAE8721B1C1D2FF9A35B470,2
C025-W-HO64-P-_U-001-01,SA56D95D07E21022AD3FF784F6A6AE8,process,S9E4D122D818013E188E634D2260B9C,1,S371E0369B45932CC9E540754EDFDDE,2
C025-W-HO64-P-_U-001-01,S1C1E8109C4D53BB79CEBECD2ECACBF,process,S3F27DD8F4B0F1F23DE88E63752C2AB,1,S371E0369B45932CC9E540754EDFDDE,3
C025-W-HO64-P-_U-001-01,S7614C541DB584CE7717F4E7D2F0C6D,process,SB8661D924106F6F1CF5AEB5AAECFF1,2,S3F27DD8F4B0F1F23DE88E63752C2AB,2
C025-W-HO64-P-_U-001-01,S26702B0C19EE395ADE18A64CB4E5CC,process,S95B31ADE9D1280AFB11F86D9C90367,1,S508152896EE2E6022B1DDE83F38A64,3
C025-W-HO64-P-_U-001-01,S2ECB6C7F865F8B2CF4FFB12D3DDC67,process,SA7E2CB901C7F497E1F1E5C52472388,1,S83836C97BA5B4625F9181A9F61FB6A,2
C025-W-HO64-P-_U-001-01,S2C34E363C51F57ED26D15C9043EBCB,process,S43D0C3828AB5E9EFEB52DB42F42636,3,S8CB7987B720391E24EECC217E60349,1
C025-W-HO64-P-_U-001-01,SF746F1C129477769B7588F03FCFAA3,process,S43D0C3828AB5E9EFEB52DB42F42636,2,S33FC96750C47BE523A5C5356700E6C,1
C025-W-HO64-P-_U-001-01,S2A258476A67B6E810577A24FFF8E8C,process,SDBD201685864084FCFADCB63CAEB13,2,S43D0C3828AB5E9EFEB52DB42F42636,1
C025-W-HO64-P-_U-001-01,S57AE2AFBBE814B16EAAFE416575CFA,process,S33FC96750C47BE523A5C5356700E6C,2,S5B60AE5BB68E3D08D01AF86A30BE85,1
C025-W-HO64-P-_U-001-01,SF48D91DF5D49629E93760B88EBC852,process,S3D8E207F2959E413912742B1B65238,2,S818D88AE9C72681C6EA3FE81EBAEC5,1
C025-W-HO64-P-_U-001-01,SE0665C10BB61598103912BAFF13E1C,process,S2D62738535BB933ED6944B8E13382A,3,SE587C4D2409A89E57267294E1AEFCE,1
C025-W-HO64-P-_U-001-01,S9E859E42E6C71CFDC7BF27B7035845,process,S2733E5521BC177A00E38E14E8F247F,2,S822182F304660F799F8AA17193A132,1
C025-W-HO64-P-_U-001-01,SFEFFD426FB3DEC11B6161561E0B5E4,process,SE587C4D2409A89E57267294E1AEFCE,3,S2733E5521BC177A00E38E14E8F247F,1
C025-W-HO64-P-_U-001-01,S69815D0F4C6A990952417485FE3E53,process,SCC15C6926B5E7B84025E70F8755076,2,S2D62738535BB933ED6944B8E13382A,1
C025-W-HO64-P-_U-001-01,S100A77D5D281B42121D7B89B31BF5D,process,SCAD62C27F3CB7EC3F1896E97A6B61E,2,S59A5E699EBA3B1FC0291BE7CC4CB59,1
C025-W-HO64-P-_U-001-01,S9E2CB03D5B21E96A665E9D4B339890,process,SAA79FCE57C5B695865B78DC864958A,3,S35F341C05FE607D403061D112F3648,1
C025-W-HO64-P-_U-001-01,S1A230A11490AE42B0421BFFFA09AC2,process,S59A5E699EBA3B1FC0291BE7CC4CB59,3,SAA79FCE57C5B695865B78DC864958A,1
C025-W-HO64-P-_U-001-01,S112057D5EB44B5ABDC0C40DF5A41D6,process,SC50FE318F3AE3C4CC2F7A7F1848AFF,3,SD068A62AAD449D91D6E77E2DA5A53D,1
C025-W-HO64-P-_U-001-01,SC899DADECFEA00DC327018BFED4DD4,process,S2D62738535BB933ED6944B8E13382A,2,SD00B45169231BBBF4D1FD4C48A8F15,1
C025-W-HO64-P-_U-001-01,SB463B1A30B528CFFFF948863CCF1DC,process,SCC15C6926B5E7B84025E70F8755076,3,S3E372CC365596E3F2924530AE0957F,1
C025-W-HO64-P-_U-001-01,SCD9F24588607ADFCB0BFE845579C9F,process,S656618E40F306F7EFF9CA4D0461058,2,SF806C724BE6647D96BCABBA407F533,1
C025-W-HO64-P-_U-001-01,SDE82152745134D134460BE89E2ADE8,process,SB6FB04D9914C76456EB412C1AE6B0F,1,SF806C724BE6647D96BCABBA407F533,3
C025-W-HO64-P-_U-001-01,S38DBBE6DB8BF40728F42D6B5F0E357,process,SD71AB05D2535F48117795899662EC8,1,SF1E9F1A79EC817AB6060C36DB68B7B,1
C025-W-HO64-P-_U-001-01,SF3A3D8046A043140E72FA5CA79F688,process,S7E88470682DC7160522D21257FB9DD,1,S656618E40F306F7EFF9CA4D0461058,3
C025-W-HO64-P-_U-001-01,S17D68FF26195B00D88743E3250B745,process,SF806C724BE6647D96BCABBA407F533,2,SB000E0B17F69DC8B27ADCF1A24DCC1,1
C025-W-HO64-P-_U-001-01,S647A3EC65CEB886F69A9BE5B79619E,process,SF1E9F1A79EC817AB6060C36DB68B7B,2,SF9F721876813A58D6BABA5ECD7D3D4,1
C025-W-HO64-P-_U-001-01,S18A5DC2473404B42C5E383ACA80780,process,SF1E9F1A79EC817AB6060C36DB68B7B,3,S656618E40F306F7EFF9CA4D0461058,1
C025-W-HO64-P-_U-001-01,S462AABA73776F6AA85FC6D3DE43804,process,S8312A88F2D105241696FDC45F90855,3,S412F587AED38AB584FEC1452C0373F,1
C025-W-HO64-P-_U-001-01,SD7598E8F7B536D31A2D30E4CB039D1,process,SA939BF32CB10F7235559A4744E4764,1,SBD57F2D7361F64311BA1B7065BFAC3,2
C025-W-HO64-P-_U-001-01,SF462D31011CB9BF3D9DE61ABDD0B17,process,SBD57F2D7361F64311BA1B7065BFAC3,1,S412F587AED38AB584FEC1452C0373F,2
C025-W-HO64-P-_U-001-01,S81B9764F8777C4A2545D2AE1514FC1,process,S412F587AED38AB584FEC1452C0373F,3,SB1077E28D1BED5823A34507690FA7D,1
C025-W-HO64-P-_U-001-01,S3E8E3579ABDF88367055F1CB664C10,process,SC6AF2BE857527EEA516F8AD97AD02C,1,S8312A88F2D105241696FDC45F90855,1
C025-W-HO64-P-_U-001-01,S8C1B61ED17167DFBCC34C32B8A0335,process,S325A24439DDB51C664791B5EE60E29,1,S8312A88F2D105241696FDC45F90855,2
C025-W-HO64-P-_U-001-01,S3DCC69FBE42D1CDAA97172F12DD14D,process,SD4F72D0212F2F7E5E812D5DAF8D2E8,1,SBD57F2D7361F64311BA1B7065BFAC3,3
C025-W-HO64-P-_U-001-01,SA4972A1CCA3C9AAAEE3BA902D8BA8F,process,SB1077E28D1BED5823A34507690FA7D,2,SEFFF1FFFD298BA3BF304FFDFA95A60,1
C025-W-HO64-P-_U-001-01,S109364B5ED0B40A2E53F6EE01F6878,signal,S8B2DD347D98924743243E450D77794,2,SC1C54383585091E9D7FCF07B7A5CB3,1
C025-W-HO64-P-_U-001-01,S111FE68E369DDE56646F5F7F77D40C,signal,SE3DA4FB872D5E1B97F173740EB9AEC,2,SD1C2E46885F87BF8E1311627577306,1
C025-W-HO64-P-_U-001-01,SCA58250CEF4E0A7CB2B2D78D410BD7,signal,S580EFA6A7A6F1A56B698E08A2472EF,2,S95A32C6863BCD4318A0FF9C8497494,1
C025-W-HO64-P-_U-001-01,S9323BF43347DB96C482BA6CCFCD400,signal,S2844B94B73AC0758FAF7C3417B5F61,3,S5E483B75B776B5580435D03A1B941E,1
C025-W-HO64-P-_U-001-01,S6FDF21EB5B49B7088C5CCDFC473532,signal,SD9B0AB6E1C0C01E5138B6096553E64,1,S8720CE83F7A011EB8D45615EBDE564,3
C025-W-HO64-P-_U-001-01,S6052507FE0F8EC848B56824782A0EF,signal,SDE8B54738139B4F852C8AEDD7214FC,1,SF22919E7C13AC0ED2CC78347F56194,1
C025-W-HO64-P-_U-001-01,SE21CA38AD5A3AA6BDDDC322509709E,signal,SEB4436AE0491FF9E224DE1120CC970,1,S580EFA6A7A6F1A56B698E08A2472EF,1
C025-W-HO64-P-_U-001-01,S3CE67D06E78468E8729CAD3A0A7B69,signal,S84744B36786FD9126C2A155056464F,1,S197E62F3A4AAB81FD3C2067D12A27B,1
C025-W-HO64-P-_U-001-01,SCFF1AB86F2A14874CB46EFAC5BD161,signal,SBA90D868A2E2AFBEFF70F174B56AC5,1,S197E62F3A4AAB81FD3C2067D12A27B,2
C025-W-HO64-P-_U-001-01,S5E638CA620FDB4FB39AD6394073979,signal,S8720CE83F7A011EB8D45615EBDE564,1,S7E692EB6B2017930B1E24A591C42A0,1
C025-W-HO64-P-_U-001-01,S2CD827917C06479946B2A166D0A662,signal,SB1E89EAC11FFCAA85DC5412CA9E6F9,1,S7E692EB6B2017930B1E24A591C42A0,2
C025-W-HO64-P-_U-001-01,SFEF0B07196D3FF40CE1F63F46491B5,signal,SB8661D924106F6F1CF5AEB5AAECFF1,1,SE3DA4FB872D5E1B97F173740EB9AEC,1
C025-W-HO64-P-_U-001-01,S99D0C50A0E5391FCC5B5C9C0737FCA,signal,S76395A6BE970634FF3DB951CDC8F2D,1,S8B2DD347D98924743243E450D77794,1
C025-W-HO64-P-_U-001-01,S7D942F39006F9524369E203A51C6B8,signal,SCFE0B4DD833564B5B41B327172B2C6,1,SCCAC57D0D3528BEBA6DAEB4C9A6F86,1
C025-W-HO64-P-_U-001-01,S112DCD3EA445E85A602AB2C26BE5C1,signal,SF1EFBCF7B5AFFBF656C78A3A564490,1,S48BFE936C94B1B994665E6CA7DDD9F,1
C025-W-HO64-P-_U-001-01,S7C22777DF8623E14A60965558262CD,signal,S8720CE83F7A011EB8D45615EBDE564,2,SFBCFC625FDD5EB9B223ACE71F0F27D,1
C025-W-HO64-P-_U-001-01,SCEBF4518BC085B3C9AE57E8220BF90,signal,SED1DA5A7748504646B936AEDC126E8,2,SCDE8F5D1DCED766A2ED988B646DCC5,1
C025-W-HO64-P-_U-001-01,S6AD9368FCE5D3CDC92192A49E15B80,signal,S2844B94B73AC0758FAF7C3417B5F61,1,S2EBD488455441E2A57E3759557E907,1
C025-W-HO64-P-_U-001-01,S36643A0E27B987099589A3680CF2CC,signal,S27CE0038EDE014FC0822216A2F99EE,1,S2844B94B73AC0758FAF7C3417B5F61,2
C025-W-HO64-P-_U-001-01,SD7A13A14E6C6D6DD1DFA1AF4FD2043,signal,S6903C59EC08D7B00591B85E7CC94A9,1,SED1DA5A7748504646B936AEDC126E8,1
C025-W-HO64-P-_U-001-01,SFBE5CB0D5A0B05150AA25643779F74,signal,SED1DA5A7748504646B936AEDC126E8,3,S64BB9C39EECB8F93754D585B0CE8BB,1
C025-W-HO64-P-_U-001-01,S722B3E639276BCE1A61CD59C2DD1B7,signal,S8B2DD347D98924743243E450D77794,3,SF22919E7C13AC0ED2CC78347F56194,2
C025-W-HO71-P-_W-001-01,S5D310638B4C924CF5AF63ABDBCBA5E,signal,S66D69583E498FB59F7287F17BDE9A3,1,,
C025-W-HO71-P-_W-001-01,SE5F2169ECCC438A0023135592960DA,signal,S504F268DE6BE638CEC635F78E79D07,1,,
C025-W-HO71-P-_W-001-01,S957D74CEE250CA0D11C0032CB72E0E,signal,SDF734AAED52C7FE968DA9F7B634AE4,1,SA7EE561ED07FCE45B75E801CF8007E,1
C025-W-HO71-P-_W-001-01,S445685B101E1A5B7090A0222CED4BD,signal,SC979378939B00BFC350FF3D30A121E,1,S9D74BED6106E54971CAACCA5701998,1
C025-W-HO71-P-_W-001-01,S9C21914046ADE5A57A32E8F1526817,process,S9C4261F5A2F6969F8D25B0ACA27E04,1,S591ECB3996EF1EF164D081C07B76A3,1
C025-W-HO71-P-_W-001-01,S3C19394D94365256DD81424D2AC56F,process,S47ADCA34B887A220D8EBBA962EC968,1,S55E6D28AEDF780829A692600442584,1
C025-W-HO71-P-_W-001-01,SFE26ED5AD44B2852410012579AEB28,process,S9AD40917F8B1D624EEE02B41816608,1,S467C938E3513604DAEEE997C806E0E,1
C025-W-HO71-P-_W-001-01,S93F63AFD4564A40C38795F37787DA1,process,S52469BC60FF0832C16554CF4FBBEF2,2,S20F1BC00ACB79FCDBC69E57F1C387A,2
C025-W-HO71-P-_W-001-01,S11025F5452617EDD9A38B09041B6AA,process,S66D69583E498FB59F7287F17BDE9A3,2,SF95416893A92A95B01770CA377DF7B,1
C025-W-HO71-P-_W-001-01,SF19AE26D579DA969D791D7C4199FCD,process,S52469BC60FF0832C16554CF4FBBEF2,3,SC9DFAA773921273B99578FE1FDF86F,1
C025-W-HO71-P-_W-001-01,SF0F7922187223FC1B56C2F75641361,process,SF95416893A92A95B01770CA377DF7B,3,S52469BC60FF0832C16554CF4FBBEF2,1
C025-W-HO71-P-_W-001-01,S8A9345343FCE41E159E593A4CD1467,process,SF95416893A92A95B01770CA377DF7B,2,SDF734AAED52C7FE968DA9F7B634AE4,2
C025-W-HO71-P-_W-001-01,SED7A1F9B65F72E5CCE6B17E3D37DDD,process,S4FD008377730527CDF53740370331D,1,SF7BE79F7D3F83F1A8142DE4D87C186,1
C025-W-HO71-P-_W-001-01,S67A722F8C81476B45AAB3855A1AC40,process,SF6928E1C6766E5E6FD93BDFA066CAE,1,S1D1B54984573D56D2E442E7855F1EB,1
C025-W-HO71-P-_W-001-01,SD5C81B6AE66D9B4A19DF94C12DD5E6,process,S1C328DC38D7152C9268576E2964BB3,1,S8DA487C15328B5EECBD9EA0315B87E,1
C025-W-HO71-P-_W-001-01,S81FDC9059B6C96A678C3821D642669,process,SB4BD176A3622B14CE256290044D4B5,1,S73E1598248483D73591A30B3C7DC60,2
C025-W-HO71-P-_W-001-01,S10A599DD0ED9355EEF298D893AA0E8,process,S73E1598248483D73591A30B3C7DC60,1,SB9FE1DD64914C47FC3CF0E164B554C,1
C025-W-HO71-P-_W-001-01,S1719AF53E33B82CD577E4CB4193CAC,process,S566F2D74E4D13A391154FD1CAC32E2,1,SD2625141CB33B3DB0FDF3FF341B748,2
C025-W-HO71-P-_W-001-01,S57DC89E69BB5E9A39F8576A748BF60,process,S10C1D74CEFFAFD74BAA8AF206126A7,2,S352026079F872AB555CDD425596A7C,1
C025-W-HO71-P-_W-001-01,SFA75A1ED8A9023B06910D2BF597600,process,SB037C7EC6D7A5509721F253DA182FF,2,S6E0243E88571FBC10EC107FBA8EEE7,1
C025-W-HO71-P-_W-001-01,S4EB45BB906D772701C6F3459B619C8,process,SB2ED90B3DDA14D5AE8A6E54747C4D9,3,S9161DDBA23380B62977BA23115BD5B,1
C025-W-HO71-P-_W-001-01,SD081B25618CD50D83CE1D1D0098E08,process,S22AE2470826EEC80392B898780FB44,2,S20EFD61525EF25731CF08CD0E0277F,1
C025-W-HO71-P-_W-001-01,S61265223B9094FDF51DB4CEA76D7E2,process,S20EFD61525EF25731CF08CD0E0277F,2,S1AFFCE26104A48E3A78948C605F110,1
C025-W-HO71-P-_W-001-01,S93BFA23B32E6E795E9B90094A7F3B0,process,S1AFFCE26104A48E3A78948C605F110,2,S3BEF0A3505AEC76EFB0C60BA097771,1
C025-W-HO71-P-_W-001-01,SE45EB849CF2D34B9FCCCFFB88B9C66,process,SF90A84E08F3F2DEE394F50B577F9A7,2,S7A18377E58D7B79A6CCF67C3594D58,1
C025-W-HO71-P-_W-001-01,S51A91FEC7E750E80D42BF456A3583D,process,S6CCCC122A8B57A0F20566A28D564D8,1,S4ABE5AE3E78B6F2812763A86B71749,3
C025-W-HO71-P-_W-001-01,SD94F38F7C30CF0466F09DB018822FA,process,S4ABE5AE3E78B6F2812763A86B71749,1,S5D37765689F158A4C4E140AF8447DF,2
C025-W-HO71-P-_W-001-01,S1AF6F6D158A98773C3F716BADE02F8,process,S5D37765689F158A4C4E140AF8447DF,1,SC7103E3EF01544EF7C92CFB8DE8C99,2
C025-W-HO71-P-_W-001-01,SE622CF0B8D8DDC33DD3FC3FA2D101D,process,S4ABE5AE3E78B6F2812763A86B71749,2,SB25A4CACF02FADB50CD4B4FB92D17B,1
C025-W-HO71-P-_W-001-01,SF50EA4799767E90125DF07584B57E0,process,SB25A4CACF02FADB50CD4B4FB92D17B,2,SD7418600D5722D6B33A26472B21A5F,1
C025-W-HO71-P-_W-001-01,SE858285A1829E726536E8EF452A891,process,S3F9D15459154DABBDB6CB52A4482BC,1,SCA4E9281E65A692E72F0DEDA1DC3D9,3
C025-W-HO71-P-_W-001-01,S22389EACACC2B11AC1DAC97E5E31AC,process,S76C3D8EF8519E366F9D4E6802F1AF7,2,S7F3FB95ECCADEE406CC3C19F0AFD38,1
C025-W-HO71-P-_W-001-01,S2F0F542652768A383B60E0F3BF0534,process,S7F3FB95ECCADEE406CC3C19F0AFD38,2,SB2A15618295B474BF8AB5544F430FC,1
C025-W-HO71-P-_W-001-01,SBC645DC877DFF3E78BC8EC7F564CE6,process,SCA4E9281E65A692E72F0DEDA1DC3D9,1,SE67488AE3FE9CCB9E7DED70B82C352,2
C025-W-HO71-P-_W-001-01,SA3EE7EBDC2BE78C70A0553A3F7F67B,process,SF90A84E08F3F2DEE394F50B577F9A7,1,S4343A4679CDDBFAE847287CB439D5D,2
C025-W-HO71-P-_W-001-01,SF24A8FE826CCC7B75F37D6DA190445,process,S504B74A64C1878F6505E67AD4CB675,1,SCA4E9281E65A692E72F0DEDA1DC3D9,2
C025-W-HO71-P-_W-001-01,S1CED129A9B08C1B90197355EF5B5A6,process,SE67488AE3FE9CCB9E7DED70B82C352,1,S76C3D8EF8519E366F9D4E6802F1AF7,3
C025-W-HO71-P-_W-001-01,S2DCCA9C975175986FB41F5A631573E,process,S76C3D8EF8519E366F9D4E6802F1AF7,1,SF90A84E08F3F2DEE394F50B577F9A7,3
C025-W-HO71-P-_W-001-01,S9CB10A33257425F2F5F691B294656B,process,SC4CD297C0FD6C8344BDD34B45D2583,1,S91C6B172BEC6947542CB112302C380,2
C025-W-HO71-P-_W-001-01,S57C5250533EC1013D9869F2A7AC16D,process,SA8AC0FEC2F910C47C276D3FF13440E,2,SD8751D60D212AC2660C0C4320C5D4F,1
C025-W-HO71-P-_W-001-01,S2B9BBC2570358BC6958A15D625C1A8,process,S4F06601F817948C95F4AEA049C0DB9,3,SA8AC0FEC2F910C47C276D3FF13440E,1
C025-W-HO71-P-_W-001-01,SFDD2A1F0F03F60F1C6326F26D77889,process,S91C6B172BEC6947542CB112302C380,1,S4F06601F817948C95F4AEA049C0DB9,2
C025-W-HO71-P-_W-001-01,SDECA462479C263B850E5643B93BB67,process,S8779EC9D2D1E7CDF4F6FC7BE457BF5,3,S4F06601F817948C95F4AEA049C0DB9,1
C025-W-HO71-P-_W-001-01,S29E9FA6AF638D67FDBBF6B0EF0E3DB,process,S973A5F43B7529526BC431D1D58D928,2,S33213275E90E05921664ED79CD4E05,1
C025-W-HO71-P-_W-001-01,S2F7D7F9567759B5C833218DA0E3F20,process,SEC06B8F049313493E6405952DB0641,1,SB2650AADADBDA1A04AF930AF838546,3
C025-W-HO71-P-_W-001-01,SCF1BDF5A69BBB7BDE6BB46E5369A2C,process,SB2650AADADBDA1A04AF930AF838546,2,S3CAFE16E9FD761683F10A4174DE355,1
C025-W-HO71-P-_W-001-01,SAAF8101E26FEAFF113ECB78CFB01A0,process,S4F5B8FAFA1A38A414F9F2D5F2AB643,2,SB2650AADADBDA1A04AF930AF838546,1
C025-W-HO71-P-_W-001-01,SC4F8EFE542B00F63A15993416F5C7C,process,SC276F642C4A1E9DC01852EDD408B69,1,SD60FE6B21B64897CB0FFA9380926C1,2
C025-W-HO71-P-_W-001-01,SE20254C3C0EE8A607FE266A220A8C8,process,SA5C4BDB26E4D6CA0E3CF42A4E47418,1,S20EFD61525EF25731CF08CD0E0277F,3
C025-W-HO71-P-_W-001-01,S4BC4BBD6C2D5265F1B57E613352AA8,process,S314287D65DCB6420E6380A572FEF82,1,SA5C4BDB26E4D6CA0E3CF42A4E47418,2
C025-W-HO71-P-_W-001-01,S8DCC8A9EB47A75A8AB19D447D26B70,process,SB7C46B2D2E0C07EE6B0E8414639FEE,1,S314287D65DCB6420E6380A572FEF82,2
C025-W-HO71-P-_W-001-01,S99C2315B0F9FDF4897F2900EE5379E,process,SE07DA715E236A76C11CB1AD6DF9C20,1,SAE29395BDA702638AF82EF6FB3BE2A,3
C025-W-HO71-P-_W-001-01,S859776A778BC15C9F6C504138AAA40,process,SD60FE6B21B64897CB0FFA9380926C1,1,S99EF8157B7BF3EE89439146ACC1495,2
C025-W-HO71-P-_W-001-01,SC4F12EBA9B900F476FEEB3E989436E,process,S59A4A7FAEE5774564600BB886005EB,2,,
C025-W-HO71-P-_W-001-01,S6649D8E6219191E22DE45BF705417B,process,SAE29395BDA702638AF82EF6FB3BE2A,2,S59A4A7FAEE5774564600BB886005EB,1
C025-W-HO71-P-_W-001-01,S9912E41E06D7625F44EC6AF7E7A01B,process,SAE29395BDA702638AF82EF6FB3BE2A,1,SD60FE6B21B64897CB0FFA9380926C1,3
C025-W-HO71-P-_W-001-01,S7AA247CB80410AA54EB8939BC5B756,process,S8876C37E54C8AB6FC2805F5F3A7485,2,SA55B8ADDE66DC394A74BD884FAF7B5,1
C025-W-HO71-P-_W-001-01,SB51BDB8091B585ADEB81AA52B41513,process,SE4381C9F8539708050CDA1085119A9,2,S8876C37E54C8AB6FC2805F5F3A7485,1
C025-W-HO71-P-_W-001-01,SCB3FD1FA1E675958013EAB89ED5D40,process,SBDC858F79D7F0E51C6F858A238CC9E,1,SA6593F44633AC09F78B9E77A627C96,2
C025-W-HO71-P-_W-001-01,SCB0E9D7207A521D5016606D417AA08,process,SA6593F44633AC09F78B9E77A627C96,1,S968083DDB282D39EBC8C0E613D3908,2
C025-W-HO71-P-_W-001-01,S90A64CD892827261D2C889EB37D211,process,SC35F355E0501D6CA5CC93804DB2AFD,2,S9E8DA1C2C94CDE1CC11903012002F4,1
C025-W-HO71-P-_W-001-01,SF7178A19E7C1D7F2C0EA812824CBD5,process,S968083DDB282D39EBC8C0E613D3908,1,SC35F355E0501D6CA5CC93804DB2AFD,3
C025-W-HO71-P-_W-001-01,SF5604301038BE3C9DCD396F1547217,process,SDE6E1BB5B68CBF936313213096E516,1,SC2ECAFE1984E34BE0B350D92F5633A,2
C025-W-HO71-P-_W-001-01,SCE49AB8DA9416D83E1A58750D6151C,process,S44C2A8814D4010CC581A90BA5A2A48,1,S97B271E13CFD901D330614E45F8E2F,2
C025-W-HO71-P-_W-001-01,S7E51544E4DC4CFE156E5C6B0893CE5,process,S97B271E13CFD901D330614E45F8E2F,1,SDE6E1BB5B68CBF936313213096E516,2
C025-W-HO71-P-_W-001-01,S2393729C24823FC9C6AFFFE7B615DD,process,SC35F355E0501D6CA5CC93804DB2AFD,1,SA48315E916F6A6CB443216C9AF6FCA,2
C025-W-HO71-P-_W-001-01,SD57D51C6136A1C82FDF4A049EC60E2,process,SB4BD176A3622B14CE256290044D4B5,3,SABE602F1268644F67366016BBF294E,1
C025-W-HO71-P-_W-001-01,SFB11EDD55DB11B0F877F86D98431C5,process,SA48315E916F6A6CB443216C9AF6FCA,1,SB4BD176A3622B14CE256290044D4B5,2
C025-W-HO71-P-_W-001-01,S4168BB222D9BE6D8E3184CCAE6EDD2,process,SE7F06B4B47F8CE73DAA8985BEEBBD6,1,SA81D8589DAF8C4D8BE6E3A653EE723,2
C025-W-HO71-P-_W-001-01,SB1FC8B5B5006C9ACC4559CD4CA52E5,process,SA81D8589DAF8C4D8BE6E3A653EE723,1,SCAC917C136B7527BE0EA34B6988717,2
C025-W-HO71-P-_W-001-01,S3A6296CE7C1A873A8032E323A9FCD8,process,SFD907803F634627E62F92B6D6798F7,3,S4F5B8FAFA1A38A414F9F2D5F2AB643,1
C025-W-HO71-P-_W-001-01,S5265AB96904B850554B0594C4F8DB5,process,S4F5B8FAFA1A38A414F9F2D5F2AB643,3,SE69970A025957DF190DABEF974CF49,1
C025-W-HO71-P-_W-001-01,SFDF03C108CE5968F0FDFEFCE23E862,process,SBAC18D2A3A806CA1AC6572DCD5D62F,1,SA5C4BDB26E4D6CA0E3CF42A4E47418,3
C025-W-HO71-P-_W-001-01,S656D0F6695DB19CEF2B5180514EBF2,process,S5AE067E3AF0E29565FB435EF684743,1,SBAC18D2A3A806CA1AC6572DCD5D62F,2
C025-W-HO71-P-_W-001-01,SA7858CC43F11BF0EDAC17A28EB23BB,process,S88CD6EE96CADBBEA8B04605FEDF8E0,2,S8AFF05C1BB67BF3A7EBB33F0337735,1
C025-W-HO71-P-_W-001-01,SFB5CB43534BCB1BDD8C2007456C4F4,process,S8AFF05C1BB67BF3A7EBB33F0337735,3,S69E317B3D2F73EF44A1A1CF32F65AB,1
C025-W-HO71-P-_W-001-01,SFBF654FA44FA83E121EFDF8E4917F0,process,S8AFF05C1BB67BF3A7EBB33F0337735,2,SF8C7666B0D0C0B2A4380DA7BAB5B42,1
C025-W-HO71-P-_W-001-01,SB3037E79EEBB1BBDCF0A53EE19685B,process,SF8C7666B0D0C0B2A4380DA7BAB5B42,2,,
C025-W-HO71-P-_W-001-01,S55D4B9C0DA7D9D01E819786456D53F,process,S1EACC8167D7CD71DB4BC31ED5D83A8,1,S8D08BA5AACA0526A0A9FD82FDDEE4D,3
C025-W-HO71-P-_W-001-01,S425552C7414DBB421C7CC003C6D892,process,S8D08BA5AACA0526A0A9FD82FDDEE4D,1,S24604A05A7624D6CF98EF2ACC12F13,2
C025-W-HO71-P-_W-001-01,SEC5ECA21949DAA6052FC79AF9E2A0A,process,SB037C7EC6D7A5509721F253DA182FF,1,S88CD6EE96CADBBEA8B04605FEDF8E0,3
C025-W-HO71-P-_W-001-01,SFA4FA937BA6883579A1A90CD311AD6,process,S22AE2470826EEC80392B898780FB44,1,SAB4ED04573EE8E8B9EBDE14F465E50,3
C025-W-HO71-P-_W-001-01,SA226AF3B0DA63522EA9AB28BC1C04B,process,SD0E669139F25CB49FC7FF3C6DAB558,2,S1EACC8167D7CD71DB4BC31ED5D83A8,3
C025-W-HO71-P-_W-001-01,S79FB88109C08608A02045D2351AB74,process,S294EDF6C8BCF08239D9E4073EFDC69,1,SC2ECAFE1984E34BE0B350D92F5633A,3
C025-W-HO71-P-_W-001-01,SA33B04BDD8ADBE415490D53626C16A,process,S4061144104D9FB2745BB4EFCD95B54,2,S382550E5C674ADA3C360F1BC8F8ED4,1
C025-W-HO71-P-_W-001-01,SC161E56EE262378EBAE6C56656D6C5,process,S973A5F43B7529526BC431D1D58D928,1,S69182202A2895A1094C98D36E65B5B,3
C025-W-HO71-P-_W-001-01,S5A6F611EB5F97A5ADCA3CA0D8A39FF,process,S4061144104D9FB2745BB4EFCD95B54,1,SDBE1D1CBD3D27DC8AE952A010E25D4,2
C025-W-HO71-P-_W-001-01,SE48A4A20190B089B40A880B7BF46D3,process,S24604A05A7624D6CF98EF2ACC12F13,1,S99EF8157B7BF3EE89439146ACC1495,3
C025-W-HO71-P-_W-001-01,S9A30142C3BDD90D850C16B09F0454D,process,S382550E5C674ADA3C360F1BC8F8ED4,3,S4061144104D9FB2745BB4EFCD95B54,3
C025-W-HO71-P-_W-001-01,SF743DC5E93DA9B594186B9C38893BB,process,SCD5280D682A896DF2116A0FCCC978F,1,S8D08BA5AACA0526A0A9FD82FDDEE4D,2
C025-W-HO71-P-_W-001-01,SF3C315DAA3A3D8C9D606E36370BBAB,process,S10C1D74CEFFAFD74BAA8AF206126A7,1,SFD907803F634627E62F92B6D6798F7,2
C025-W-HO71-P-_W-001-01,S4352CC3DEB972EB96ABAE6A2A961F5,process,SDBE1D1CBD3D27DC8AE952A010E25D4,3,SB037C7EC6D7A5509721F253DA182FF,3
C025-W-HO71-P-_W-001-01,S36FB70BF7C10602D2EAF157F649926,process,SCE4B376870F32CB992964EBE75B3CE,1,S382550E5C674ADA3C360F1BC8F8ED4,2
C025-W-HO71-P-_W-001-01,SA23C8EE746BB0390651D80C4004124,process,SD2625141CB33B3DB0FDF3FF341B748,1,S973A5F43B7529526BC431D1D58D928,3
C025-W-HO71-P-_W-001-01,S57B3E36CFD90D1A8F2CAE4ABF5ED7D,process,SD0E669139F25CB49FC7FF3C6DAB558,1,S1EACC8167D7CD71DB4BC31ED5D83A8,2
C025-W-HO71-P-_W-001-01,S5EBCDDD0CD2DAC2502EDFA1339C056,process,S88CD6EE96CADBBEA8B04605FEDF8E0,1,S294EDF6C8BCF08239D9E4073EFDC69,3
C025-W-HO71-P-_W-001-01,S991837846609AAFB9BC6F78A2A14A9,process,SE917D92A2E8A237197FEE2CC53BDED,1,SD0E669139F25CB49FC7FF3C6DAB558,3
C025-W-HO71-P-_W-001-01,S99AEF0537EA3F454204F2335F1ED2F,process,SAB4ED04573EE8E8B9EBDE14F465E50,1,SD2625141CB33B3DB0FDF3FF341B748,3
C025-W-HO71-P-_W-001-01,S7869CC3EBDEC710F2E42E468402535,process,SFD907803F634627E62F92B6D6798F7,1,SE917D92A2E8A237197FEE2CC53BDED,3
C025-W-HO71-P-_W-001-01,S53D93B9191A71D824E5960E9D63620,process,SC2ECAFE1984E34BE0B350D92F5633A,1,S10C1D74CEFFAFD74BAA8AF206126A7,3
C025-W-HO71-P-_W-001-01,S928E1E04A9E5F28756E6F16EE9C065,process,S69182202A2895A1094C98D36E65B5B,1,SCE4B376870F32CB992964EBE75B3CE,3
C025-W-HO71-P-_W-001-01,S4CF2A5DE10D10AB2551C6F302004E2,process,S99EF8157B7BF3EE89439146ACC1495,1,S22AE2470826EEC80392B898780FB44,3
C025-W-HO71-P-_W-001-01,SEDFD69BFA623F828BB22107EB6B621,process,SDE6E1BB5B68CBF936313213096E516,3,S30BDFF83C74EF89AAF1CE4581813E9,1
C025-W-HO71-P-_W-001-01,S18A3A1BE0CE322A1B2FCE0169449CC,process,S28B773B4D4BB272D0D2BA3B8CEE408,2,S50F131AF1B7C832727BD351CD4C5FC,1
C025-W-HO71-P-_W-001-01,SA7668810458F06E798BB8A83D30B52,process,S30BDFF83C74EF89AAF1CE4581813E9,3,S28B773B4D4BB272D0D2BA3B8CEE408,1
C025-W-HO71-P-_W-001-01,S1D3F76E154A16B4A832D9179906DA0,process,SEFF28E7BD7D4151FCC56E1C0480773,2,SF5B0D67D63528446FA3B733A4E1AFA,1
C025-W-HO71-P-_W-001-01,S30437B33A931702FBCCAF968AF61D0,process,SBDC858F79D7F0E51C6F858A238CC9E,2,SE4381C9F8539708050CDA1085119A9,1
C025-W-HO71-P-_W-001-01,SF1F1EB638463A6D5096B09D339B8CA,process,SE4381C9F8539708050CDA1085119A9,3,SEFF28E7BD7D4151FCC56E1C0480773,1
C025-W-HO71-P-_W-001-01,SACC2E4832B6C8067E63E5F7865BCBC,process,SE4CCA300931B363751F084D6BC1919,1,SBDC858F79D7F0E51C6F858A238CC9E,3
C025-W-HO71-P-_W-001-01,S23C8742A049C53A93D09AA1D6C4CC7,process,S94A67498829B37A6A73688AAD21D7E,2,S592889E3EFB75DF369FD6470EDF07F,1
C025-W-HO71-P-_W-001-01,S8F7F4A4FD519FAF89566D5E1097A11,process,SF8139C2EFA3B5275BF0914382D9BA4,2,S94A67498829B37A6A73688AAD21D7E,1
C025-W-HO71-P-_W-001-01,S9B809AF80D6A0B8263B2C4940BCF15,process,S953AA6EE3AC8BFB33DA5A16C91670A,2,SCC05D61F21C0BA167C8FF2553CDB54,1
C025-W-HO71-P-_W-001-01,S30EA8685A453F479CF018E301E6600,process,SCAC917C136B7527BE0EA34B6988717,3,S953AA6EE3AC8BFB33DA5A16C91670A,1
C025-W-HO71-P-_W-001-01,SCA96C86C89982BD96F62EBBE1ACE42,process,S294EDF6C8BCF08239D9E4073EFDC69,2,SCAC917C136B7527BE0EA34B6988717,1
C025-W-HO71-P-_W-001-01,S314FEAC9A43CA1C94816F2BB58FF18,process,SDA116E0D294BFD3BE53B0FE99DBDC3,1,SE917D92A2E8A237197FEE2CC53BDED,2
C025-W-HO71-P-_W-001-01,SD03617A123F77E49CAB38F3F56B23D,process,S24604A05A7624D6CF98EF2ACC12F13,3,SEC06B8F049313493E6405952DB0641,2
C025-W-HO71-P-_W-001-01,S629907325AA5847EB7FFAB14E02D54,process,SEC06B8F049313493E6405952DB0641,3,SAE2BB3CD1CFF0BFF28E539D1E345E0,1
C025-W-HO71-P-_W-001-01,S6D1BE46C48BF5A23B55D19BC99A5CE,process,S69A14D7DCD7D61FEF3B0A10289AA42,1,S3030A1D96ADB56DEF66F95DCDF1953,2
C025-W-HO71-P-_W-001-01,SFE6D315F98BCD722D1A91F525F5B48,process,S3030A1D96ADB56DEF66F95DCDF1953,1,S30BDFF83C74EF89AAF1CE4581813E9,2
C025-W-HO71-P-_W-001-01,SB122165A2CBB70EC5D001CEEE78A4E,process,S1DBF5FC7827EC8B95A123FB9039BA4,1,SF8139C2EFA3B5275BF0914382D9BA4,3
C025-W-HO71-P-_W-001-01,S5F5AB6F7E21696141F3AFE292510B2,process,SF8139C2EFA3B5275BF0914382D9BA4,1,SAB4ED04573EE8E8B9EBDE14F465E50,2
C025-W-HO71-P-_W-001-01,SBCF2ED3BF4D52320E4E95B9CFBC05C,process,SFFA21958DCAC995C9F03E120676B82,1,S1DBF5FC7827EC8B95A123FB9039BA4,2
C025-W-HO71-P-_W-001-01,S44A68B980522F932E4232CDE42925D,process,SCE4B376870F32CB992964EBE75B3CE,2,SB102FBE93201F8905F5711C348B2EC,1
C025-W-HO71-P-_W-001-01,S1407BA4184FD6D5AA05EC7E038B193,process,S8779EC9D2D1E7CDF4F6FC7BE457BF5,1,S69182202A2895A1094C98D36E65B5B,2
C025-W-HO71-P-_W-001-01,S264FFB119408739C2F25C1C4BCB0AF,process,S4343A4679CDDBFAE847287CB439D5D,1,SBAF3DDE790BA6DA21C7C7AF9A54B20,3
C025-W-HO71-P-_W-001-01,S8C39E9B20F31BF130ECD5460D30616,process,SE4CCA300931B363751F084D6BC1919,3,S8779EC9D2D1E7CDF4F6FC7BE457BF5,2
C025-W-HO71-P-_W-001-01,S9F8C21EEFACE10C74333A68244B52E,process,SB2ED90B3DDA14D5AE8A6E54747C4D9,1,SE4CCA300931B363751F084D6BC1919,2
C025-W-HO71-P-_W-001-01,S9AB94A66BD13DCC26DEB0E6F88C4C8,process,SDBE1D1CBD3D27DC8AE952A010E25D4,1,S4343A4679CDDBFAE847287CB439D5D,3
C025-W-HO71-P-_W-001-01,S2146A6C8EE3613F0DAF0FB727256D4,process,SBAF3DDE790BA6DA21C7C7AF9A54B20,1,SB2ED90B3DDA14D5AE8A6E54747C4D9,2
C025-W-HO71-P-_W-001-01,SC8EA58C2D1BA60A27CD75A7DDA0F37,process,SC7103E3EF01544EF7C92CFB8DE8C99,3,SA733D251E20E569141AEABBA4DF3D7,1
C025-W-HO71-P-_W-001-01,S89D147E41A4DE27C88AEC4BCCA5090,process,SBAF3DDE790BA6DA21C7C7AF9A54B20,2,S8679E2A00256F67B0B9812819ACE9F,1
C025-W-HO71-P-_W-001-01,SDE870F0F412FE22B8AC5F7F8E1D31D,process,S8679E2A00256F67B0B9812819ACE9F,3,SC7103E3EF01544EF7C92CFB8DE8C99,1
C025-W-HO71-P-_W-001-01,S8FDEF406725A2B2D3A437D4A3DCE13,process,S3571EE36EC10BC5174C674CE474409,1,S8679E2A00256F67B0B9812819ACE9F,2
C025-W-HO71-P-_W-001-01,S82F3A15BE2BC255014999D9D7EFC90,process,SA733D251E20E569141AEABBA4DF3D7,2,S56D3090142AF438EC0EF904A788B47,1
C025-W-HO71-P-_W-001-01,SAF196BE7E9672ADF95C6A01C484404,process,S8D46B291112CF9142AA3B9581B009D,1,S2187DA36DC40ACA2DB3984857951F6,1
C025-W-HO71-P-_W-001-01,SDCD66FA203C468BFDD8FD380AC9DD4,process,S86F5DB0E2D77A36968A3F93641BE1A,1,S971EE2AF848F484A8ADCCFF38A88DD,3
C025-W-HO71-P-_W-001-01,SD09FBFD31D02A7BA55D795D352D459,process,S504F268DE6BE638CEC635F78E79D07,2,S86F5DB0E2D77A36968A3F93641BE1A,2
C025-W-HO71-P-_W-001-01,SFA2B7372ADA6AE06827FA83A2181C9,process,S86F5DB0E2D77A36968A3F93641BE1A,3,SC979378939B00BFC350FF3D30A121E,2
C025-W-HO71-P-_W-001-01,SAD22749AC9939A3FA8A400E2C3C961,process,S971EE2AF848F484A8ADCCFF38A88DD,2,S12FAD660597953A67545D6583012FB,1
C025-W-HO71-P-_W-001-01,SEC2C3C6A97F1D33959A53059B55A30,process,S5CBF674E7B9BA376FEF9F7D9945BE6,2,S971EE2AF848F484A8ADCCFF38A88DD,1
C025-W-HO71-P-_W-001-01,S4FC240435EE64603B9DB4DDA09CA97,signal,S579311BBD2299A0119E9391DB1CBF2,1,SC7CCA68768B34476C7FE964B602545,1
C025-W-HO71-P-_W-001-01,SD39ED42E60E97CD14775440304B67A,signal,S80DAE0CC5F56A57CCE539996C2823C,2,SB52C34E4FD6F438CFDD37DC3A98189,1
C025-W-HO71-P-_W-001-01,SA6AE886C1B3179504EAABD8AAE12BB,signal,S2F830147D17CC0DACF012A72EE093A,2,SFECF5EC260C0957D6EE68E4E4C804A,1
C025-W-HO71-P-_W-001-01,S1B029B3F7467C768855FEB74FA57B0,signal,S8A2692C3C7B756C5B7F2E5B36AEDB8,1,SB2ABEC049EDB2499A82686B07CB268,1
C025-W-HO71-P-_W-001-01,S2008D446AF1F176477BDA13ACB1926,signal,S6293AB93BAE63B4181C7CCC61DCEB0,1,SBE55D77957CBDB0FE02A7A9F2DA0CC,1
C025-W-HO71-P-_W-001-01,SDF2685C22555F608D7738654C9E6B9,signal,S7FDFD1E969A32196632A2CE50077B8,1,SD156FD8E702FFFD56D86632649752F,1
C025-W-HO71-P-_W-001-01,S9A368822DE8AD67C430FC2583C7419,signal,S20F1BC00ACB79FCDBC69E57F1C387A,1,S80DAE0CC5F56A57CCE539996C2823C,1
C025-W-HO71-P-_W-001-01,S99D24C33CE176AD51DAA978794F044,signal,S4D12FD9C18AEB45D753492E2A292DC,1,SB272121541DEC5831125460A56BE4E,1
C025-W-HO71-P-_W-001-01,S6E4A69EEEF33E6CA2ED2D08EA47092,signal,S87C0BB5CF5F986054EF5398B33E67C,1,S112688ECD131628B783D59806132CC,1
C025-W-HO71-P-_W-001-01,SE1A09486101B3A43B7B4ABD002589A,signal,SE50233BF9A1ECDBA20214217FB5D71,1,SD8BEA72369156040435A115BF1AE53,1
C025-W-HO71-P-_W-001-01,SB7D47A0AEC2E76C7039AF9F90729BE,signal,S1ACB241671E0089D0AD75C5BED498F,1,SF431F7AF71E90039AEEE11731AA25F,1
C025-W-HO71-P-_W-001-01,S78F8899C8FB4C445C03EA55AC5D379,signal,S8DA63C5A838B946F1468E81DBB0CBD,1,SD0F72025A2A9E68DAB4F3FDAF3DF44,1
C025-W-HO71-P-_W-001-01,S7D6D491341A3C25B928E0EC83C2047,signal,S2F830147D17CC0DACF012A72EE093A,3,SD0F72025A2A9E68DAB4F3FDAF3DF44,2
C025-W-HO71-P-_W-001-01,S339ECF5FAB0983CE77EE16D1BB7938,signal,S45D4901BB514F943B0E341E0079E05,1,S5AC73E0138E99D055D8621C1EC8986,1
C025-W-HO71-P-_W-001-01,S5031206A091020A5AEB8C582C70656,signal,SFE80627D3B3FB36C8FE058208C27A6,3,S5AC73E0138E99D055D8621C1EC8986,2
C025-W-HO71-P-_W-001-01,SC492ACF33C7AC0AD5D6545C9E8B685,signal,S9A640BC8B170E5174900E60657E11C,1,S82936FEB505A234EFC83CE21AEC108,1
C025-W-HO71-P-_W-001-01,SC839D713933380B1CA406BEDDD4442,signal,SCE823397DA5743960CAE5B30A6A1AA,1,S302EB730F4011B30B567B0F9874634,1
C025-W-HO71-P-_W-001-01,S79B390268C4378D5EF2777E448F015,signal,S5CBF674E7B9BA376FEF9F7D9945BE6,1,S6293AB93BAE63B4181C7CCC61DCEB0,2
C025-W-HO71-P-_W-001-01,S7F16CA71E98C87C057E60B1D81F3FE,signal,S147BA95581FD013F50C292E86CE942,1,SFE80627D3B3FB36C8FE058208C27A6,2
C025-W-HO71-P-_W-001-01,S32EABDB744DF2DED7043412FCC8681,signal,S2E2F4FE41C66E74DAD3E5576F77F15,1,SA504C11F1ED4C339F0EA1413E202D1,1
C025-W-HO71-P-_W-001-01,S8E5FD7682F383C6A2082A5504831AF,signal,SCBE8B3F57632F5436C384CB4B66854,1,S2F830147D17CC0DACF012A72EE093A,1
C025-W-HO71-P-_W-001-01,S2545909856DED698FE3DA3A987EE12,signal,S8BEB53F2A3D0CBE606F9AC274ECCF6,1,S19C653B0F4CE4C81FBB24C7581D246,1
C025-W-HO71-P-_W-001-01,S172CB0F5E6CF4354A71B1642F8A64A,signal,S8BEB53F2A3D0CBE606F9AC274ECCF6,2,S452C50078DDD646B1D444E8943E41F,1
C025-W-HO71-P-_W-001-01,S14C3660A4A1C55681A82F6C8FFFEBF,signal,S6C41F55A18CAD6FE279C0D6906675C,1,S8BEB53F2A3D0CBE606F9AC274ECCF6,3
C025-W-HO71-P-_W-001-01,S7B6C431F08AAB9FA9D9E570309CD3D,signal,SFE80627D3B3FB36C8FE058208C27A6,1,SEBC27D8ECF44A4E8DCC7F81C0623C0,1
C025-W-HO82-P-_U-001-01,SECC5DE6E6110C99C4392F615F96366,signal,S8ED0A8D25CF985C169750B96482D24,1,,
C025-W-HO82-P-_U-001-01,S31BD72432487F9B5B3D4585BF769EB,signal,S28654927CF09B0A72B8833D9D9B3F0,1,,
C025-W-HO82-P-_U-001-01,SE7AB47F09FE22A9482BDB3D75DE7D6,signal,S28654927CF09B0A72B8833D9D9B3F0,2,SC3B03CF66DAEC90E25EDFABF88EF2F,1
C025-W-HO82-P-_U-001-01,SC1DE56213EB0E5B85658AEEF94B1B2,signal,S36E80C991F7F535A2C75398F261F39,1,,
C025-W-HO82-P-_U-001-01,SFAB0572DC58FF020530155FC15EC66,signal,S36E80C991F7F535A2C75398F261F39,2,SB506FDAA2022850EA21CC746EC432F,2
C025-W-HO82-P-_U-001-01,S723B1E7A10FA641A2B1270B4F03E0E,signal,S100F0E6A0BD29A9A1FCBD308090455,1,,
C025-W-HO82-P-_U-001-01,S332E40311E606D48E34A0317CBE485,signal,S100F0E6A0BD29A9A1FCBD308090455,2,S1BAE03265CE5533D82C137AC52718F,2
C025-W-HO82-P-_U-001-01,S4053E6334986EDB684B6D266072488,signal,S8ED0A8D25CF985C169750B96482D24,2,S5BAADE179F1311F78BB2EC06FE4793,2
C025-W-HO82-P-_U-001-01,SBD821CA234B6F1E01A20392C6E8D96,process,S628AD3975C7B35A64ED12130ECD67A,2,,
C025-W-HO82-P-_U-001-01,SBA74DE19A4EFF7591EB7325B140799,process,SEE777BA7BF30D34EC4780574374DC3,3,SB53B064BB7EA0CA275F55C979BB22D,1
C025-W-HO82-P-_U-001-01,S4D60276095EFAB7B145B9758BF7B14,process,SE69E7C5FB735FC643384E437F49AF7,1,SEE777BA7BF30D34EC4780574374DC3,1
C025-W-HO82-P-_U-001-01,S47553DD59924EF74C15D992E7F78C4,process,SEE777BA7BF30D34EC4780574374DC3,2,S628AD3975C7B35A64ED12130ECD67A,1
C025-W-HO82-P-_U-001-01,S1A72C337BE113E3BCD317B5CD5B3BE,process,SC71D5D3FFBF6A787C8027C836AA5CD,1,SB53B064BB7EA0CA275F55C979BB22D,2
C025-W-HO82-P-_U-001-01,SC70F07C2F439D9752F7069E8316F87,process,SB53B064BB7EA0CA275F55C979BB22D,3,S3E079F39B133FF22DC0FF81B368486,1
C025-W-HO82-P-_U-001-01,S10FABF332AA1B93945F1F0EDC38D74,process,S23C596DA861C5BFBFE884E53FB2CB3,1,SA7620A683BDC27C10AB46E6B78C4C5,3
C025-W-HO82-P-_U-001-01,S9835348CA15619BDF4B6034DD08064,process,SA7620A683BDC27C10AB46E6B78C4C5,2,S8006CE09CA153E7A597D31A28727DC,1
C025-W-HO82-P-_U-001-01,S8FF2819D26A822B503E5E7338941E7,process,SA7620A683BDC27C10AB46E6B78C4C5,1,SC71D5D3FFBF6A787C8027C836AA5CD,2
C025-W-HO82-P-_U-001-01,S987B99277D4C2900E7F2D17197FE85,process,S8006CE09CA153E7A597D31A28727DC,2,,
C025-W-HO82-P-_U-001-01,S80D5AEB256B86EC67DD0217C202D1D,process,SEEFC5B5348BD6EA31C6B8234932C26,1,S3F7F69598897B3A908ECEC9D229F07,1
C025-W-HO82-P-_U-001-01,SF3F1AB3BFAE86630C0FDF282E40460,process,S3F7F69598897B3A908ECEC9D229F07,2,SA74EE2F1119477B76C664851D03FB3,1
C025-W-HO82-P-_U-001-01,S8EB67F7E7F0D26DD7069A432EAEEF0,process,S5975375CA7407D39256C54E76B5CB9,1,SDFB80F262999AEE1AE02ECED63FB2B,2
C025-W-HO82-P-_U-001-01,S144B13C9C2D6B1CA799D54BE7060BD,process,SEA54B4E57D74F9FEC07DCA394EE0F6,1,S59FE63A04D53B1FAF17027F821E30D,2
C025-W-HO82-P-_U-001-01,S8D37568AF013FFC20F903CE59CFCAF,process,SDFB80F262999AEE1AE02ECED63FB2B,1,S3F7F69598897B3A908ECEC9D229F07,3
C025-W-HO82-P-_U-001-01,S3C2FC231E9D990A33A6C51D2C7F4ED,process,S975A79DD7C89D3A3BABF03331A8A88,1,SA4F9545075A6CA875A4EE66CB877A7,3
C025-W-HO82-P-_U-001-01,SB8D67001903B7348DB529B1532C768,process,SA4F9545075A6CA875A4EE66CB877A7,2,S2959715391D1A4B2D5CCC3C66F5994,1
C025-W-HO82-P-_U-001-01,S3B69C0C548A945985EAEA922BF30F7,process,SBCAFBFB07D7AEAB9BD340697A1A5A3,1,S5975375CA7407D39256C54E76B5CB9,2
C025-W-HO82-P-_U-001-01,S13C6CED11DB80D33C6AC3243C24378,process,SA4F9545075A6CA875A4EE66CB877A7,1,SBCAFBFB07D7AEAB9BD340697A1A5A3,2
C025-W-HO82-P-_U-001-01,SA24410C58051F190C39CE0FF8C9D49,process,S59FE63A04D53B1FAF17027F821E30D,1,S5975375CA7407D39256C54E76B5CB9,3
C025-W-HO82-P-_U-001-01,S73756908ABF30A7DBEFE248C0B7AD3,process,,,S70A7C708A9E5ECEAB065DC9A4CC671,1
C025-W-HO82-P-_U-001-01,SCCC8DD8FAC5CEE435868D1D2B35FC4,process,,,SA19CADCF602E9502C19BE4987A8327,1
C025-W-HO82-P-_U-001-01,S711BB8FC4048F482CC1B48BE09D26F,process,SBB3590F5CA87A228A9BC64A49BBBA3,1,S159836D9E120783EE23F35182E3EDF,3
C025-W-HO82-P-_U-001-01,S3C6B30C0ED0F7E3DE9AE763063BCE0,process,S159836D9E120783EE23F35182E3EDF,1,S1ABAD3802E4896A4E8C48F6D9F8107,1
C025-W-HO82-P-_U-001-01,S8AF87CDBB7D9604912236A54E3C3CB,process,SD57D421DB44A3A600C002766CC2FCB,1,SBB3590F5CA87A228A9BC64A49BBBA3,2
C025-W-HO82-P-_U-001-01,S2A99B6F41C012180FEE67C92220B57,process,S9C4DA1FE1770D0C354434D50BB8F18,1,S8E3AF3CDE1431B21B382D7FF8C9B22,3
C025-W-HO82-P-_U-001-01,S928C1A165772259D05B9F93FD3BC61,process,SD57D421DB44A3A600C002766CC2FCB,2,SB5B1CF0D1DF8FAE15EF50B37048772,1
C025-W-HO82-P-_U-001-01,S7BC976BE226FE662783614C2A1C684,process,SD0E46A5B551E45908DB8F8824C6880,1,S8E3AF3CDE1431B21B382D7FF8C9B22,2
C025-W-HO82-P-_U-001-01,S411A3912FBC5EDD5FBEB6EB349EB00,process,SCD0BA53B327B980C4725F4C04AE947,1,SD57D421DB44A3A600C002766CC2FCB,3
C025-W-HO82-P-_U-001-01,S30574A04C0722E03BFECF73BCD8006,process,S8E3AF3CDE1431B21B382D7FF8C9B22,1,SBB3590F5CA87A228A9BC64A49BBBA3,3
C025-W-HO82-P-_U-001-01,S699645EE7B929183F03596CA00F555,process,SE405CD7CE5C2AD5EA2EBBDF82495E3,1,S159836D9E120783EE23F35182E3EDF,2
C025-W-HO82-P-_U-001-01,S39F20A488A710C772FD46B97B47DB7,process,SE48A514BB4E131874D18F8DF33C297,1,SE405CD7CE5C2AD5EA2EBBDF82495E3,2
C025-W-HO82-P-_U-001-01,SC14FB0574E79495A1E5B9AAF1D2201,process,SE405CD7CE5C2AD5EA2EBBDF82495E3,3,S5C88F9EF2998034AEB9F70B325C595,1
C025-W-HO82-P-_U-001-01,S7337F6583DEA97066EA0F2CCF31870,process,SE991DF0817C9DA80F4D41837A11938,1,SE48A514BB4E131874D18F8DF33C297,2
C025-W-HO82-P-_U-001-01,SCD98DC5BEA95ED05425C469DBB68B3,process,S21ED585FEB71DA53033718E043590C,1,S5E2F454B122500095F03E7144BC555,1
C025-W-HO82-P-_U-001-01,S91EFDC2F0B14B20BF353FC36724931,process,S17ABB4D0B8DACE6BCCEC3D1F6FB274,1,S5C621248392D0E285E09E30DECB808,1
C025-W-HO82-P-_U-001-01,S59EE1F07546E61B58E2DB8786719F5,process,S6E38A931572FA8BFFF0152CB6FA8EC,1,S8116F56F806E77C097394E749B48C9,1
C025-W-HO82-P-_U-001-01,S1CBCA7B41E57278C44443E66C56457,process,S68BBABE509E8A5AE2DB84491F26E1C,1,S6D46AE326D04C00DAA5FBBCF4872F1,3
C025-W-HO82-P-_U-001-01,S34BC9987F3223AAE813F232A628E5C,process,SBFC654918B582917F44B111B4BE547,1,S6D46AE326D04C00DAA5FBBCF4872F1,2
C025-W-HO82-P-_U-001-01,SAFA5745EDBF7B999419FDB824BB64C,process,S6D46AE326D04C00DAA5FBBCF4872F1,1,SC9C0DA92DCBB7D0DAB869EB8691FAB,1
C025-W-HO82-P-_U-001-01,S25302EAE93EBEACD768B40C3419015,process,SDDB2D24EFC1AEBAEECA5F7D6C27BA9,1,S68BBABE509E8A5AE2DB84491F26E1C,3
C025-W-HO82-P-_U-001-01,SF965BCA84B7F30AE81BA1B9EFDE833,process,S68BBABE509E8A5AE2DB84491F26E1C,2,SFBB65201C147C4B877C40A0A51A47E,1
C025-W-HO82-P-_U-001-01,SDA0AD164C8151E0173764B976C7FE8,process,SFBB65201C147C4B877C40A0A51A47E,3,SF0CD0418912617D872E622BEBD192A,1
C025-W-HO82-P-_U-001-01,SAFAD9FCA651EB6C3428D25B9F1E11A,process,SFBB65201C147C4B877C40A0A51A47E,2,S5C1D8B62CEBE6B019F35BDCA728BAC,1
C025-W-HO82-P-_U-001-01,SA5516294B9E1E41B3934421D1C3C67,process,,,S95635918BC30473FD6D22EC29C789D,1
C025-W-HO82-P-_U-001-01,S1E9A31069D2F551CCD5A8695459757,process,SBB4B207FC5B438DA0558BCE0ECCB61,1,SB0AD376D68748C6C5948A1524230B8,3
C025-W-HO82-P-_U-001-01,SBC9AADDC5372C4EE469EB9215CE780,process,SBAD73D75B5ACADCEF4472FECD97F5D,2,SF77243147A6881B65115CE157343E1,1
C025-W-HO82-P-_U-001-01,S412C5EC903C1CAA64B27D8F2C9B89F,process,S1C4E6FDA2648076C6ACA1B5EC659C7,1,SBB4B207FC5B438DA0558BCE0ECCB61,3
C025-W-HO82-P-_U-001-01,S32A3451E9597CB1D271FD2F22A0452,process,S209C1BC35E0B9D360A2221F6A5D97E,1,S3E95001054940CAC738D1914834A6F,1
C025-W-HO82-P-_U-001-01,SA925F020E638A42BD502F535716F12,process,SB0AD376D68748C6C5948A1524230B8,2,SA143253C1688ABF177B755723BBC52,1
C025-W-HO82-P-_U-001-01,S2F9795EA6C87B9CB2177F05EF6E57B,process,S209C1BC35E0B9D360A2221F6A5D97E,3,SB0AD376D68748C6C5948A1524230B8,1
C025-W-HO82-P-_U-001-01,SC3B71D5ADED7625402D2077E36E7FE,process,SA143253C1688ABF177B755723BBC52,2,SBAD73D75B5ACADCEF4472FECD97F5D,1
C025-W-HO82-P-_U-001-01,SD802BCF9613B953B21D9DCCB9ED1DC,process,S95E3124C9ED77426CCF77F43B01BE5,1,SBB4B207FC5B438DA0558BCE0ECCB61,2
C025-W-HO82-P-_U-001-01,S175252832B7EE97416A419353B39C6,process,SF847B17702E9955FD0A29A81C724F6,1,S209C1BC35E0B9D360A2221F6A5D97E,2
C025-W-HO82-P-_U-001-01,S6DA04B793996D5C203A3B7BE37FFFB,process,SA143253C1688ABF177B755723BBC52,3,S60E5FB913F870D714801AECD7E66B6,1
C025-W-HO82-P-_U-001-01,SC2A1F6E765B54000907BC36AA96D6A,process,S4D5EAE4D44C93E6E8F80BDDDA5284D,1,S7FA56D63AEB943E418E3DB41B444A9,1
C025-W-HO82-P-_U-001-01,SE42EFA03D85C7D311B59E4228DD17D,process,SC710735D040E6803E3A2487955FF33,1,SC01A307AEDED3B7AF9FFD509D10723,1
C025-W-HO82-P-_U-001-01,SAF7FE348A1A84D7FE173D4F11D2765,process,S86095CDEA9C162DAE8D79C981D8273,3,SD11094BA1B2E5BCC13DCB5363155F4,1
C025-W-HO82-P-_U-001-01,S8E2498229D8E40B95AF16BEFD39AB4,process,S86095CDEA9C162DAE8D79C981D8273,2,S23A499C3FD96D2DBB737015F61AD9F,1
C025-W-HO82-P-_U-001-01,SA5BD7C966A4F2A36CFE81E7E6ED7B4,process,S23A499C3FD96D2DBB737015F61AD9F,2,SD065B566E24CD79172555C43D1D9F5,1
C025-W-HO82-P-_U-001-01,SB86201CE8FBE0AE2568ED9BF9915F3,process,SC01A307AEDED3B7AF9FFD509D10723,3,S5D8F407B57384190BA9E6527C08423,1
C025-W-HO82-P-_U-001-01,SBF98B05AB1B60E5EC7897A02B870F0,process,SD065B566E24CD79172555C43D1D9F5,3,SE793E95FD444E470C2F8F5CBE12344,1
C025-W-HO82-P-_U-001-01,S6C2FA11B0179F26F910B13B3DAAF18,process,S5D8F407B57384190BA9E6527C08423,2,S86095CDEA9C162DAE8D79C981D8273,1
C025-W-HO82-P-_U-001-01,SFBD69B8B1EBD3E60A1AD12AF54C65C,process,S93D6AC475D881B10925EB229FEB41C,1,SC01A307AEDED3B7AF9FFD509D10723,2
C025-W-HO82-P-_U-001-01,S7232CAF986358029521D2226B3E06F,process,SD11094BA1B2E5BCC13DCB5363155F4,2,S2317BB481805FA9C94A9DED7DBDD84,1
C025-W-HO82-P-_U-001-01,SC84B4310E465ECE5A13E9DDDD9C26F,process,SD065B566E24CD79172555C43D1D9F5,2,S6189DBAE1F83178526CDD74A455228,1
C025-W-HO82-P-_U-001-01,S5B533A5B6C6906E47FBCFC3533B822,process,S3E2B54B6D934132B4B7B29312D2B1A,3,SE1EF4F067B0834D8C07684DC823496,1
C025-W-HO82-P-_U-001-01,S7DA4D8CE8649D2F5918C7F78411BAD,process,SAE35A37888915C1736828E887EAAC7,1,SF1B4C362168CE11FE4085E9C9003A3,2
C025-W-HO82-P-_U-001-01,S48E2CDBA0171046A2A3CEC2E27144D,process,SA565D6096AFA95E789142CA3D2A594,1,SAE35A37888915C1736828E887EAAC7,2
C025-W-HO82-P-_U-001-01,S2203ECF2F46D5F26CD35338E597CDE,process,SF1B4C362168CE11FE4085E9C9003A3,1,S3E2B54B6D934132B4B7B29312D2B1A,2
C025-W-HO82-P-_U-001-01,SAD95F0CBF9D1FE550C5F44996CD343,process,SE1EF4F067B0834D8C07684DC823496,2,SE2C79A48BC4DC6C2747181A7330D3E,1
C025-W-HO82-P-_U-001-01,SB961452E609E1A967C202743E13C99,process,SAE35A37888915C1736828E887EAAC7,3,S53F4EAFE84075CC1BD81661C78ECA4,1
C025-W-HO82-P-_U-001-01,S1BA69ADA6B90085D961E2ED866635B,process,SA12A64CDAAD6BD01054AAD74F0EE97,2,S3E2B54B6D934132B4B7B29312D2B1A,1
C025-W-HO82-P-_U-001-01,S1C660243C58AB9B324D46BC5840CBF,process,SD08D60A50B5A1455B7D86B0DEDB1DB,3,SA12A64CDAAD6BD01054AAD74F0EE97,1
C025-W-HO82-P-_U-001-01,S7ECBC07D90B01A6ECB2ED1A44D54BE,process,S2F59A5776717CE11C98A133F901A91,1,SD08D60A50B5A1455B7D86B0DEDB1DB,2
C025-W-HO82-P-_U-001-01,SE4E531EA8A1D8AF7FDE0D8DE8AA3DF,process,SB88163429154BE0EC1DC05F472DF25,1,SD08D60A50B5A1455B7D86B0DEDB1DB,1
C025-W-HO82-P-_U-001-01,SCFF99AE0D5E9ECC05B8B776447C4A8,process,S96FB8DB0DD65BFDD27BF0054393AC3,1,SFFAE8C0DDF4390213B8628211457C8,1
C025-W-HO82-P-_U-001-01,SE831B5F20E5584CBF63974069A4A7F,process,SD607AE577C17E204421F7E6ED4C741,1,,
C025-W-HO82-P-_U-001-01,S787A0E46DFA7AA4954FA16AC66D1AE,process,,,S5A58E84386195F951E76C4DAA0475B,1
C025-W-HO82-P-_U-001-01,SC2B77D54EE44AB667879ADC4D44B73,process,SB922E4DC5FE79CC08A09A1095495D5,1,,
C025-W-HO82-P-_U-001-01,S8E7D21ED043638A23B65FC107132C5,signal,SC376BF08E80667CC9F691FCD0F5477,2,SE6C40EF564B13A8899CBB894E3A609,1
C025-W-HO82-P-_U-001-01,SEAC90BCB5956C782F962D15D03D3C6,signal,SF70A09EC8594702BECD7C8B33C5A17,1,S2EC1E038DED8D9B86F2726E979C31D,1
C025-W-HO82-P-_U-001-01,S11FD346D665B346ACD38CF3B805D97,signal,S4838E7616A201AC826B39EEB738214,1,SF9A4FBEE914B3183AEED0941CE758C,1
C025-W-HO82-P-_U-001-01,SCF4993BC8A11859488392D00C8092E,signal,SC3A66378AD2D5A9496162121A0E431,2,SF7D6A815A8E43C2A411FE4C7F7B23A,1
C025-W-HO82-P-_U-001-01,S73F54387D5D9DB6DC618A997500218,signal,SA6584A00F7667BEB8120DC94D8D7B8,2,S38BE56C11392AB20F50465053C7166,1
C025-W-HO82-P-_U-001-01,SEC8DE125F6A383B11C38BA8E37B1AA,signal,SA6584A00F7667BEB8120DC94D8D7B8,1,S1BAE03265CE5533D82C137AC52718F,1
C025-W-HO82-P-_U-001-01,SE2D1C2AF94491C0C5A83D3FA6B0E8D,signal,S7FD2C88E8DAA87689881EE4C42F00F,1,SB506FDAA2022850EA21CC746EC432F,1
C025-W-HO82-P-_U-001-01,SDBDA822BD952FBDD6DDF6F2B6CF1EB,signal,S7FD2C88E8DAA87689881EE4C42F00F,2,S58CC01D7D586F578E43EC68A25121D,1
C025-W-HO82-P-_U-001-01,S2A638BB0AAFF89CD1DC40B6A87C5F8,signal,SF9A4FBEE914B3183AEED0941CE758C,2,S5BAADE179F1311F78BB2EC06FE4793,1
C025-W-HO82-P-_U-001-01,SCE1A32DD2377103A7AB2B0D0E03212,signal,SC3B03CF66DAEC90E25EDFABF88EF2F,2,S1685DB653F800FC1CC6B0C8AEEC94F,1
C025-W-HO82-P-_U-001-01,S4216421DA2DB0050C34D3EFD999E6E,signal,S1685DB653F800FC1CC6B0C8AEEC94F,2,SDDE365912EA016D87A0FED119EC9E2,1
C025-W-HO82-P-_U-001-01,S68811F687148B0FE822C180DC9A689,signal,S580B397E178A673426D2E9F6C3FD5C,1,S7E587FC675E070414459E5DB9366BD,1
C025-W-HO82-P-_U-001-01,SB13FAC2AD8E6E5F0220572D08F4427,signal,S8660940B6F49730FFBCB1F11D9B782,1,S7E587FC675E070414459E5DB9366BD,2
C025-W-HO82-P-_U-001-01,S49E688AAB0EF09B1D5A0E94EE6765E,signal,S977146F131D5F99E506AA78D3C3CC9,1,S2EC1E038DED8D9B86F2726E979C31D,2
C025-W-HO82-P-_U-001-01,S59DF150A18CEA422AF008A8A3AF179,signal,S8751B9DD91587B04FE062DCC5F11F3,1,S29A3768ABDEA292BE2EE1CC5009140,1
C025-W-HO82-P-_U-001-01,S3D0F6A29A6EE85310BFCEF4A04B4A8,signal,S1A3D0294D67BD9074A9EEEDBAE40E2,1,S76878A4299207879182E3E315667DC,1
C025-W-HO82-P-_U-001-01,SFCEDFF65BD644C1E7706D80F49EBB0,signal,SA961FEAD0CE28E05C1D23687B303D8,1,SE13BCD528BB9094C7EA0848A37B34C,1
C025-W-HO82-P-_U-001-01,S71BCCD5FE858A4CB23FC87ECE8BA53,signal,SEF83907F1293E69D95A5385243B69C,1,S49AA4A1FD9076D4665191EC343A7DE,1
C025-W-HO82-P-_U-001-01,SC0665622AE5500ECF3F065F87CF582,signal,S3346637BFB70E645D69D0136865880,1,S540A56DB818C7C8721EEA3FF0D744B,1
C025-W-HO82-P-_U-001-01,SDBAF8F111EC52672571BF7DF7527CE,signal,SE727FE7158FC8CBBA3B284E14959F9,1,S5F980A4E1164F22C483E18AAE114DD,1
C025-W-HO82-P-_U-001-01,S322E05DA20A9F8F632D6B7DC6626C8,signal,SC3A66378AD2D5A9496162121A0E431,1,S67B068F5E658675073C29CFF014D21,1
C025-W-HO82-P-_U-001-01,SC55D3CC42F5341403BE7BDFFAAA3A4,signal,S7E1F33C7A4E550CD64166EF0097169,1,SC3A66378AD2D5A9496162121A0E431,3
C025-W-HO82-P-_U-001-01,S6BF1FA689C1DC07A4F783B4188F0CB,signal,SC376BF08E80667CC9F691FCD0F5477,1,S5905EBCBDA4AD342CB2A54638133F7,1
C025-W-HO82-P-_U-001-01,SE2FD1340B2407D8C2A0DFC335DC80F,signal,S5AA2E3C7D3F52D3BBD14281A27847F,1,SC376BF08E80667CC9F691FCD0F5477,3
